snapshot_pct,snapshot_step,direction,bin,dataset_index,exposure_step,exposure_status,baseline_p0,baseline_p0_completion_length,prompt_token_count,delta_R,delta_T,delta_C
25,934,A-bin/B-base,"(.75,1)",0,595,exposed,0.875,1030.75,71.0,0.0,0.0625,0.0
25,934,B-bin/A-base,"(.75,1)",0,595,exposed,0.8125,1172.3125,71.0,0.0625,0.125,0.125
25,934,A-bin/B-base,"(0,.25]",1,2096,unexposed,0.3125,1645.75,63.0,0.25,0.125,0.25
25,934,B-bin/A-base,"(.25,.5]",1,2096,unexposed,0.25,1879.5625,63.0,0.3125,0.3125,0.3125
25,934,A-bin/B-base,"(0,.25]",2,1399,unexposed,0.4375,1460.5,93.0,0.25,0.1875,0.1875
25,934,B-bin/A-base,"(.25,.5]",2,1399,unexposed,0.125,1825.5625,93.0,0.5625,0.5625,0.25
25,934,A-bin/B-base,"(.5,.75]",3,2059,unexposed,0.6875,1083.4375,86.0,0.1875,0.25,0.0
25,934,B-bin/A-base,"(.5,.75]",3,2059,unexposed,0.5625,1172.25,86.0,0.3125,0.3125,0.125
25,934,A-bin/B-base,"(0,.25]",4,1217,unexposed,0.375,1507.125,58.0,-0.125,0.1875,-0.125
25,934,B-bin/A-base,"(.25,.5]",4,1217,unexposed,0.125,1654.0,58.0,0.125,0.25,0.125
25,934,A-bin/B-base,"(.25,.5]",5,2667,unexposed,0.625,1427.4375,97.0,0.0,0.0,-0.0625
25,934,B-bin/A-base,"(.5,.75]",5,2667,unexposed,0.375,1634.625,97.0,0.25,0.25,0.0625
25,934,A-bin/B-base,"(.5,.75]",6,1939,unexposed,0.625,1401.1875,89.0,0.1875,0.3125,0.0
25,934,B-bin/A-base,"(.5,.75]",6,1939,unexposed,0.6875,1305.875,89.0,0.125,0.1875,0.0
25,934,A-bin/B-base,0,7,2767,unexposed,0.0,1893.0,138.0,0.1875,0.1875,0.25
25,934,B-bin/A-base,0,7,2767,unexposed,0.0,2048.0,138.0,0.1875,0.3125,0.25
25,934,A-bin/B-base,"(0,.25]",8,2957,unexposed,0.125,1784.875,142.0,-0.125,-0.125,0.0
25,934,B-bin/A-base,"(0,.25]",8,2957,unexposed,0.1875,1672.875,142.0,-0.1875,-0.1875,-0.125
25,934,A-bin/B-base,"(0,.25]",9,383,exposed,0.0,1866.375,100.0,0.0,0.25,0.0
25,934,B-bin/A-base,0,9,383,exposed,0.1875,1572.0625,100.0,-0.1875,0.0,-0.25
25,934,A-bin/B-base,0,10,3352,unexposed,0.0625,1940.875,108.0,-0.0625,-0.0625,-0.125
25,934,B-bin/A-base,"(0,.25]",10,3352,unexposed,0.0,2048.0,108.0,0.0,0.0625,-0.0625
25,934,A-bin/B-base,0,11,2995,unexposed,0.0625,2035.8125,131.0,0.0,0.0625,0.1875
25,934,B-bin/A-base,"(0,.25]",11,2995,unexposed,0.0,2048.0,131.0,0.0625,0.125,0.25
25,934,A-bin/B-base,"(.25,.5]",12,364,exposed,0.625,1292.3125,72.0,0.375,0.375,0.1875
25,934,B-bin/A-base,"(.5,.75]",12,364,exposed,0.4375,1645.625,72.0,0.5625,0.5625,0.125
25,934,A-bin/B-base,"(0,.25]",13,2544,unexposed,0.0625,1785.625,100.0,0.375,0.5,0.1875
25,934,B-bin/A-base,"(0,.25]",13,2544,unexposed,0.1875,1532.6875,100.0,0.25,0.3125,0.125
25,934,A-bin/B-base,"(0,.25]",14,1373,unexposed,0.1875,1726.4375,62.0,0.3125,0.3125,0.0
25,934,B-bin/A-base,"(0,.25]",14,1373,unexposed,0.25,1774.9375,62.0,0.25,0.375,0.125
25,934,A-bin/B-base,0,15,175,exposed,0.0,1529.0625,102.0,0.0,-0.1875,0.0
25,934,B-bin/A-base,0,15,175,exposed,0.0,2048.0,102.0,0.0,0.3125,0.0
25,934,A-bin/B-base,"(0,.25]",16,2651,unexposed,0.125,1822.25,88.0,0.375,0.4375,0.375
25,934,B-bin/A-base,"(0,.25]",16,2651,unexposed,0.125,1954.625,88.0,0.375,0.5625,0.375
25,934,A-bin/B-base,"(0,.25]",17,2342,unexposed,0.0625,1853.25,112.0,0.1875,0.4375,0.0625
25,934,B-bin/A-base,"(0,.25]",17,2342,unexposed,0.125,1746.8125,112.0,0.125,0.25,0.0625
25,934,A-bin/B-base,"(0,.25]",18,120,exposed,0.0,1827.125,96.0,0.125,0.1875,0.0625
25,934,B-bin/A-base,0,18,120,exposed,0.1875,1855.0625,96.0,-0.0625,0.125,-0.125
25,934,A-bin/B-base,"(0,.25]",19,1169,unexposed,0.1875,1857.5625,96.0,0.25,0.375,0.25
25,934,B-bin/A-base,"(0,.25]",19,1169,unexposed,0.25,1682.4375,96.0,0.1875,0.25,0.125
25,934,A-bin/B-base,"(.75,1)",20,3184,unexposed,0.875,1112.375,105.0,0.0625,0.0625,0.0
25,934,B-bin/A-base,"(.75,1)",20,3184,unexposed,0.8125,1204.5,105.0,0.125,0.125,0.0
25,934,A-bin/B-base,"(0,.25]",21,3351,unexposed,0.125,1961.875,83.0,0.375,0.5,0.375
25,934,B-bin/A-base,"(0,.25]",21,3351,unexposed,0.125,1898.875,83.0,0.375,0.4375,0.5
25,934,A-bin/B-base,0,22,1803,unexposed,0.0,1864.125,91.0,0.125,-0.0625,0.1875
25,934,B-bin/A-base,0,22,1803,unexposed,0.0,1954.3125,91.0,0.125,0.0,0.0
25,934,A-bin/B-base,"(.5,.75]",23,731,exposed,0.5,1621.5625,89.0,0.125,0.1875,-0.0625
25,934,B-bin/A-base,"(.25,.5]",23,731,exposed,0.5625,1362.3125,89.0,0.0625,0.1875,0.0625
25,934,A-bin/B-base,"(.5,.75]",24,2313,unexposed,0.5625,1407.875,113.0,0.125,0.25,0.0625
25,934,B-bin/A-base,"(.5,.75]",24,2313,unexposed,0.625,1240.75,113.0,0.0625,0.1875,0.125
25,934,A-bin/B-base,"(.25,.5]",25,56,exposed,0.3125,1633.5,126.0,0.4375,0.3125,0.3125
25,934,B-bin/A-base,"(.25,.5]",25,56,exposed,0.375,1810.6875,126.0,0.375,0.3125,0.25
25,934,A-bin/B-base,"(.5,.75]",26,3693,unexposed,0.625,1271.6875,87.0,0.0625,0.125,0.0
25,934,B-bin/A-base,"(.5,.75]",26,3693,unexposed,0.6875,1458.375,87.0,0.0,0.1875,-0.1875
25,934,A-bin/B-base,"(0,.25]",27,878,exposed,0.0625,1834.3125,119.0,0.1875,0.3125,0.125
25,934,B-bin/A-base,"(0,.25]",27,878,exposed,0.0625,1859.6875,119.0,0.1875,0.5,0.1875
25,934,A-bin/B-base,"(.5,.75]",28,3730,unexposed,0.5625,1603.25,85.0,0.3125,0.3125,0.0
25,934,B-bin/A-base,"(.5,.75]",28,3730,unexposed,0.5625,1536.3125,85.0,0.3125,0.3125,0.0
25,934,A-bin/B-base,"(0,.25]",29,3359,unexposed,0.1875,1770.3125,87.0,-0.0625,0.125,-0.1875
25,934,B-bin/A-base,"(0,.25]",29,3359,unexposed,0.125,1885.6875,87.0,0.0,0.125,-0.0625
25,934,A-bin/B-base,"(0,.25]",30,1559,unexposed,0.0625,1941.375,87.0,0.125,0.25,0.0625
25,934,B-bin/A-base,"(0,.25]",30,1559,unexposed,0.0625,1867.8125,87.0,0.125,0.125,0.125
25,934,A-bin/B-base,"(.25,.5]",31,855,exposed,0.125,1845.8125,96.0,0.25,0.6875,0.1875
25,934,B-bin/A-base,"(0,.25]",31,855,exposed,0.375,1534.75,96.0,0.0,0.3125,-0.0625
25,934,A-bin/B-base,"(0,.25]",32,1729,unexposed,0.25,1870.875,147.0,0.3125,0.3125,0.1875
25,934,B-bin/A-base,"(0,.25]",32,1729,unexposed,0.0625,1888.4375,147.0,0.5,0.5,0.4375
25,934,A-bin/B-base,"(.5,.75]",33,1041,unexposed,0.375,1641.75,100.0,0.5,0.625,0.0
25,934,B-bin/A-base,"(.25,.5]",33,1041,unexposed,0.75,1288.125,100.0,0.125,0.1875,-0.0625
25,934,A-bin/B-base,"(.5,.75]",34,2508,unexposed,0.625,1442.875,75.0,0.25,0.3125,0.0
25,934,B-bin/A-base,"(.5,.75]",34,2508,unexposed,0.625,1314.5625,75.0,0.25,0.3125,0.0
25,934,A-bin/B-base,"(.5,.75]",35,1065,unexposed,0.5625,1403.75,81.0,0.1875,0.375,0.0625
25,934,B-bin/A-base,"(.5,.75]",35,1065,unexposed,0.625,1163.4375,81.0,0.125,0.0625,0.125
25,934,A-bin/B-base,"(.5,.75]",36,3571,unexposed,0.8125,1162.4375,79.0,0.0625,0.125,0.0
25,934,B-bin/A-base,"(.75,1)",36,3571,unexposed,0.75,1131.8125,79.0,0.125,0.125,0.0
25,934,A-bin/B-base,"(.25,.5]",37,2128,unexposed,0.6875,1380.4375,112.0,0.125,0.1875,0.0
25,934,B-bin/A-base,"(.5,.75]",37,2128,unexposed,0.5,1404.5,112.0,0.3125,0.25,0.25
25,934,A-bin/B-base,"(0,.25]",38,2222,unexposed,0.0,1821.75,103.0,0.0625,0.25,0.125
25,934,B-bin/A-base,0,38,2222,unexposed,0.125,1872.625,103.0,-0.0625,0.125,0.0
25,934,A-bin/B-base,"(.25,.5]",39,2399,unexposed,0.4375,1700.625,106.0,0.25,0.5,-0.0625
25,934,B-bin/A-base,"(.25,.5]",39,2399,unexposed,0.5,1625.3125,106.0,0.1875,0.4375,0.0
25,934,A-bin/B-base,0,40,2176,unexposed,0.125,1762.75,75.0,0.1875,0.25,0.25
25,934,B-bin/A-base,"(0,.25]",40,2176,unexposed,0.0,2048.0,75.0,0.3125,0.5625,0.375
25,934,A-bin/B-base,"(.75,1)",41,1097,unexposed,0.75,1156.125,102.0,0.1875,0.125,0.0625
25,934,B-bin/A-base,"(.5,.75]",41,1097,unexposed,0.8125,1124.875,102.0,0.125,0.0625,0.0625
25,934,A-bin/B-base,0,42,124,exposed,0.0625,1877.3125,98.0,0.125,0.0625,0.3125
25,934,B-bin/A-base,"(0,.25]",42,124,exposed,0.0,1959.375,98.0,0.1875,0.125,0.25
25,934,A-bin/B-base,0,43,3568,unexposed,0.0625,1643.6875,86.0,0.125,0.4375,-0.0625
25,934,B-bin/A-base,"(0,.25]",43,3568,unexposed,0.0,1732.0,86.0,0.1875,0.4375,0.1875
25,934,A-bin/B-base,"(.5,.75]",44,1681,unexposed,0.75,1112.875,100.0,0.125,0.125,0.125
25,934,B-bin/A-base,"(.5,.75]",44,1681,unexposed,0.625,1358.1875,100.0,0.25,0.3125,0.0625
25,934,A-bin/B-base,"(.5,.75]",45,1410,unexposed,0.5,1503.1875,115.0,-0.125,0.1875,-0.3125
25,934,B-bin/A-base,"(.25,.5]",45,1410,unexposed,0.625,1377.9375,115.0,-0.25,0.125,-0.375
25,934,A-bin/B-base,"(.25,.5]",46,1204,unexposed,0.375,1342.4375,75.0,0.0625,0.0625,-0.1875
25,934,B-bin/A-base,"(.25,.5]",46,1204,unexposed,0.5,1503.1875,75.0,-0.0625,0.0,-0.3125
25,934,A-bin/B-base,"(.25,.5]",47,1093,unexposed,0.75,1556.6875,87.0,0.0625,0.125,-0.0625
25,934,B-bin/A-base,"(.5,.75]",47,1093,unexposed,0.5,1485.625,87.0,0.3125,0.375,0.125
25,934,A-bin/B-base,"(.5,.75]",48,817,exposed,0.6875,1172.625,81.0,0.25,0.25,0.0
25,934,B-bin/A-base,"(.5,.75]",48,817,exposed,0.6875,1375.8125,81.0,0.25,0.25,0.0625
25,934,A-bin/B-base,"(.5,.75]",49,2630,unexposed,0.875,930.3125,88.0,0.0625,0.0625,0.125
25,934,B-bin/A-base,"(.75,1)",49,2630,unexposed,0.6875,1306.75,88.0,0.25,0.1875,0.1875
25,934,A-bin/B-base,0,50,1370,unexposed,0.0,1970.125,106.0,0.0,0.375,0.0
25,934,B-bin/A-base,0,50,1370,unexposed,0.0,1680.9375,106.0,0.0,0.0625,0.0
25,934,A-bin/B-base,"(.5,.75]",51,3474,unexposed,0.5,1554.0,95.0,0.125,0.3125,-0.0625
25,934,B-bin/A-base,"(.25,.5]",51,3474,unexposed,0.625,1560.125,95.0,0.0,0.1875,-0.0625
25,934,A-bin/B-base,"(.5,.75]",52,689,exposed,0.5,1294.3125,81.0,0.125,0.3125,0.0625
25,934,B-bin/A-base,"(.25,.5]",52,689,exposed,0.6875,1408.875,81.0,-0.0625,0.125,-0.0625
25,934,A-bin/B-base,"(.5,.75]",53,2253,unexposed,0.75,1220.5,92.0,0.0,0.0625,-0.125
25,934,B-bin/A-base,"(.5,.75]",53,2253,unexposed,0.75,1056.4375,92.0,0.0,0.0,-0.0625
25,934,A-bin/B-base,"(0,.25]",54,1788,unexposed,0.1875,1640.125,100.0,0.0625,0.3125,0.125
25,934,B-bin/A-base,"(0,.25]",54,1788,unexposed,0.1875,1457.625,100.0,0.0625,0.125,0.0
25,934,A-bin/B-base,"(.5,.75]",55,1296,unexposed,0.8125,1173.25,67.0,0.0625,0.0625,0.0625
25,934,B-bin/A-base,"(.75,1)",55,1296,unexposed,0.75,1243.0,67.0,0.125,0.0,0.125
25,934,A-bin/B-base,"(.5,.75]",56,757,exposed,0.6875,1353.0625,93.0,0.1875,0.25,0.0
25,934,B-bin/A-base,"(.5,.75]",56,757,exposed,0.6875,1217.875,93.0,0.1875,0.1875,0.0625
25,934,A-bin/B-base,"(0,.25]",57,764,exposed,0.3125,1567.875,92.0,0.125,0.125,0.0625
25,934,B-bin/A-base,"(.25,.5]",57,764,exposed,0.1875,1696.5,92.0,0.25,0.1875,0.125
25,934,A-bin/B-base,"(.25,.5]",58,1873,unexposed,0.5625,1430.4375,107.0,-0.0625,0.1875,-0.125
25,934,B-bin/A-base,"(.5,.75]",58,1873,unexposed,0.375,1602.875,107.0,0.125,0.25,-0.0625
25,934,A-bin/B-base,"(.25,.5]",59,809,exposed,0.3125,1553.375,121.0,0.125,0.1875,0.125
25,934,B-bin/A-base,"(.25,.5]",59,809,exposed,0.3125,1537.375,121.0,0.125,0.125,0.1875
25,934,A-bin/B-base,"(0,.25]",60,481,exposed,0.125,1797.375,89.0,0.0,0.1875,0.125
25,934,B-bin/A-base,"(0,.25]",60,481,exposed,0.25,1812.75,89.0,-0.125,0.0625,0.0
25,934,A-bin/B-base,"(.25,.5]",61,576,exposed,0.125,1842.875,132.0,0.25,0.25,0.125
25,934,B-bin/A-base,"(0,.25]",61,576,exposed,0.5,1564.125,132.0,-0.125,-0.125,-0.0625
25,934,A-bin/B-base,"(.25,.5]",62,302,exposed,0.4375,1501.375,72.0,0.375,0.375,0.3125
25,934,B-bin/A-base,"(.25,.5]",62,302,exposed,0.375,1399.4375,72.0,0.4375,0.4375,0.4375
25,934,A-bin/B-base,0,63,797,exposed,0.0,2008.375,119.0,0.0,0.1875,0.0
25,934,B-bin/A-base,0,63,797,exposed,0.0,2048.0,119.0,0.0,0.3125,0.0
25,934,A-bin/B-base,"(.25,.5]",64,3703,unexposed,0.5,1495.125,89.0,0.25,0.4375,0.125
25,934,B-bin/A-base,"(.25,.5]",64,3703,unexposed,0.4375,1600.125,89.0,0.3125,0.4375,0.125
25,934,A-bin/B-base,"(.25,.5]",65,1501,unexposed,0.375,1678.0625,78.0,0.5,0.5,0.1875
25,934,B-bin/A-base,"(.25,.5]",65,1501,unexposed,0.4375,1411.6875,78.0,0.4375,0.375,0.3125
25,934,A-bin/B-base,"(0,.25]",66,39,exposed,0.0,1903.375,103.0,0.3125,0.375,0.1875
25,934,B-bin/A-base,0,66,39,exposed,0.125,1926.9375,103.0,0.1875,0.375,0.125
25,934,A-bin/B-base,"(0,.25]",67,1330,unexposed,0.0625,1993.375,113.0,0.0,0.3125,-0.125
25,934,B-bin/A-base,"(0,.25]",67,1330,unexposed,0.1875,1881.1875,113.0,-0.125,0.0625,-0.125
25,934,A-bin/B-base,"(.25,.5]",68,3495,unexposed,0.25,1842.5625,89.0,0.1875,0.1875,0.375
25,934,B-bin/A-base,"(0,.25]",68,3495,unexposed,0.4375,1749.4375,89.0,0.0,0.0,0.0625
25,934,A-bin/B-base,"(.5,.75]",69,3105,unexposed,0.5625,1369.5625,67.0,0.25,0.3125,0.1875
25,934,B-bin/A-base,"(.5,.75]",69,3105,unexposed,0.625,1351.75,67.0,0.1875,0.25,0.125
25,934,A-bin/B-base,"(.5,.75]",70,2025,unexposed,0.9375,821.875,67.0,0.0625,0.0625,0.0
25,934,B-bin/A-base,"(.75,1)",70,2025,unexposed,0.75,1077.5,67.0,0.25,0.1875,0.125
25,934,A-bin/B-base,"(.5,.75]",71,736,exposed,0.75,858.5,100.0,0.0625,0.0625,0.0
25,934,B-bin/A-base,"(.5,.75]",71,736,exposed,0.75,899.9375,100.0,0.0625,0.125,-0.0625
25,934,A-bin/B-base,"(0,.25]",72,199,exposed,0.25,1594.4375,117.0,0.4375,0.3125,0.375
25,934,B-bin/A-base,"(0,.25]",72,199,exposed,0.25,1688.6875,117.0,0.4375,0.375,0.4375
25,934,A-bin/B-base,"(.25,.5]",73,568,exposed,0.8125,1218.875,102.0,-0.0625,0.1875,-0.25
25,934,B-bin/A-base,"(.75,1)",73,568,exposed,0.5,1351.4375,102.0,0.25,0.375,0.0
25,934,A-bin/B-base,"(.25,.5]",74,994,unexposed,0.6875,1433.5,89.0,0.0,0.0,-0.0625
25,934,B-bin/A-base,"(.5,.75]",74,994,unexposed,0.4375,1423.6875,89.0,0.25,0.1875,0.25
25,934,A-bin/B-base,"(.25,.5]",75,819,exposed,0.3125,1765.875,88.0,0.625,0.625,0.3125
25,934,B-bin/A-base,"(.25,.5]",75,819,exposed,0.5,1507.5,88.0,0.4375,0.375,0.0
25,934,A-bin/B-base,"(0,.25]",76,2871,unexposed,0.0625,1876.0625,67.0,0.125,0.25,-0.125
25,934,B-bin/A-base,"(0,.25]",76,2871,unexposed,0.0625,1902.375,67.0,0.125,0.25,-0.125
25,934,A-bin/B-base,"(0,.25]",77,1542,unexposed,0.5,1306.5,81.0,0.25,0.1875,0.125
25,934,B-bin/A-base,"(.25,.5]",77,1542,unexposed,0.1875,1744.625,81.0,0.5625,0.4375,0.375
25,934,A-bin/B-base,"(0,.25]",78,2244,unexposed,0.125,1331.9375,92.0,0.1875,0.1875,0.125
25,934,B-bin/A-base,"(0,.25]",78,2244,unexposed,0.1875,1515.4375,92.0,0.125,0.25,0.0625
25,934,A-bin/B-base,"(.75,1)",79,2577,unexposed,0.75,1011.0625,61.0,0.25,0.1875,0.0625
25,934,B-bin/A-base,"(.5,.75]",79,2577,unexposed,0.9375,671.5,61.0,0.0625,0.0625,0.0625
25,934,A-bin/B-base,"(0,.25]",80,251,exposed,0.1875,1815.3125,91.0,0.1875,0.5625,-0.0625
25,934,B-bin/A-base,"(0,.25]",80,251,exposed,0.0625,1800.6875,91.0,0.3125,0.5,0.0625
25,934,A-bin/B-base,"(0,.25]",81,2717,unexposed,0.0625,1754.125,131.0,0.3125,0.25,0.375
25,934,B-bin/A-base,"(0,.25]",81,2717,unexposed,0.25,1773.9375,131.0,0.125,0.375,0.0625
25,934,A-bin/B-base,"(.25,.5]",82,123,exposed,0.375,1516.8125,77.0,0.0625,0.3125,0.0
25,934,B-bin/A-base,"(.25,.5]",82,123,exposed,0.375,1556.3125,77.0,0.0625,0.1875,0.125
25,934,A-bin/B-base,"(.25,.5]",83,3463,unexposed,0.375,1629.75,95.0,0.25,0.1875,0.0625
25,934,B-bin/A-base,"(.25,.5]",83,3463,unexposed,0.375,1643.6875,95.0,0.25,0.1875,-0.0625
25,934,A-bin/B-base,"(.25,.5]",84,2997,unexposed,0.125,1834.625,90.0,0.4375,0.375,0.375
25,934,B-bin/A-base,"(0,.25]",84,2997,unexposed,0.3125,1757.375,90.0,0.25,0.375,0.1875
25,934,A-bin/B-base,"(.25,.5]",85,390,exposed,0.4375,1584.875,95.0,0.0625,0.125,0.0
25,934,B-bin/A-base,"(.25,.5]",85,390,exposed,0.3125,1810.6875,95.0,0.1875,0.3125,0.125
25,934,A-bin/B-base,"(.25,.5]",86,367,exposed,0.625,1425.25,73.0,0.25,0.3125,0.125
25,934,B-bin/A-base,"(.5,.75]",86,367,exposed,0.5,1348.125,73.0,0.375,0.3125,0.125
25,934,A-bin/B-base,"(0,.25]",87,2892,unexposed,0.25,1394.1875,83.0,0.1875,0.0,0.25
25,934,B-bin/A-base,"(0,.25]",87,2892,unexposed,0.25,1666.25,83.0,0.1875,0.1875,-0.0625
25,934,A-bin/B-base,"(.25,.5]",88,2531,unexposed,0.5,1156.75,66.0,-0.1875,0.1875,-0.1875
25,934,B-bin/A-base,"(.25,.5]",88,2531,unexposed,0.4375,1386.1875,66.0,-0.125,0.3125,-0.1875
25,934,A-bin/B-base,"(0,.25]",89,1105,unexposed,0.1875,1820.0,92.0,0.125,0.3125,0.0
25,934,B-bin/A-base,"(0,.25]",89,1105,unexposed,0.125,1921.0,92.0,0.1875,0.5,0.0
25,934,A-bin/B-base,"(0,.25]",90,847,exposed,0.0625,1830.625,82.0,0.1875,0.3125,0.0625
25,934,B-bin/A-base,"(0,.25]",90,847,exposed,0.0625,1744.5,82.0,0.1875,0.25,0.125
25,934,A-bin/B-base,"(0,.25]",91,3041,unexposed,0.125,1928.5625,108.0,0.3125,0.5625,0.3125
25,934,B-bin/A-base,"(0,.25]",91,3041,unexposed,0.125,1938.6875,108.0,0.3125,0.5625,0.0
25,934,A-bin/B-base,"(0,.25]",92,3214,unexposed,0.3125,1770.1875,101.0,-0.125,0.125,-0.1875
25,934,B-bin/A-base,"(.25,.5]",92,3214,unexposed,0.125,1737.6875,101.0,0.0625,0.375,0.0625
25,934,A-bin/B-base,"(.5,.75]",93,2614,unexposed,0.375,1637.5,78.0,0.4375,0.4375,0.0625
25,934,B-bin/A-base,"(.25,.5]",93,2614,unexposed,0.75,1292.1875,78.0,0.0625,0.125,-0.1875
25,934,A-bin/B-base,"(.5,.75]",94,2192,unexposed,0.5625,1430.5,62.0,0.375,0.375,0.0625
25,934,B-bin/A-base,"(.5,.75]",94,2192,unexposed,0.5625,1469.5625,62.0,0.375,0.375,0.125
25,934,A-bin/B-base,"(0,.25]",95,610,exposed,0.0,1839.625,92.0,0.0,0.25,0.0
25,934,B-bin/A-base,0,95,610,exposed,0.125,1845.875,92.0,-0.125,0.3125,-0.125
25,934,A-bin/B-base,"(.75,1)",96,2987,unexposed,0.6875,1254.4375,98.0,0.3125,0.3125,0.25
25,934,B-bin/A-base,"(.5,.75]",96,2987,unexposed,0.8125,1279.3125,98.0,0.1875,0.1875,0.125
25,934,A-bin/B-base,0,97,315,exposed,0.0,1943.5625,135.0,0.0625,0.4375,0.125
25,934,B-bin/A-base,0,97,315,exposed,0.0,1900.375,135.0,0.0625,0.375,0.125
25,934,A-bin/B-base,"(.25,.5]",98,2219,unexposed,0.375,1332.1875,113.0,0.3125,0.125,0.375
25,934,B-bin/A-base,"(.25,.5]",98,2219,unexposed,0.3125,1704.625,113.0,0.375,0.3125,0.375
25,934,A-bin/B-base,0,99,2965,unexposed,0.0,1956.1875,123.0,0.125,0.125,0.0625
25,934,B-bin/A-base,0,99,2965,unexposed,0.0,2048.0,123.0,0.125,0.25,0.0625
25,934,A-bin/B-base,"(.25,.5]",100,2174,unexposed,0.25,1596.0,83.0,0.25,0.1875,0.25
25,934,B-bin/A-base,"(0,.25]",100,2174,unexposed,0.375,1725.4375,83.0,0.125,0.125,-0.0625
25,934,A-bin/B-base,"(0,.25]",101,2112,unexposed,0.3125,1613.0625,136.0,0.3125,0.375,0.0
25,934,B-bin/A-base,"(.25,.5]",101,2112,unexposed,0.25,1615.3125,136.0,0.375,0.375,0.125
25,934,A-bin/B-base,"(0,.25]",102,2739,unexposed,0.375,1595.75,97.0,0.125,0.0625,0.0
25,934,B-bin/A-base,"(.25,.5]",102,2739,unexposed,0.1875,1837.875,97.0,0.3125,0.4375,0.125
25,934,A-bin/B-base,0,103,824,exposed,0.0,2048.0,131.0,0.0625,0.1875,0.0
25,934,B-bin/A-base,0,103,824,exposed,0.0,1974.1875,131.0,0.0625,0.0625,0.0625
25,934,A-bin/B-base,"(.5,.75]",104,1749,unexposed,0.4375,1691.5625,72.0,0.25,0.375,-0.0625
25,934,B-bin/A-base,"(.25,.5]",104,1749,unexposed,0.75,1237.375,72.0,-0.0625,0.0,0.0
25,934,A-bin/B-base,"(.5,.75]",105,1613,unexposed,0.5625,1454.6875,61.0,0.125,0.1875,0.0
25,934,B-bin/A-base,"(.5,.75]",105,1613,unexposed,0.5625,1228.375,61.0,0.125,0.1875,0.0
25,934,A-bin/B-base,"(.5,.75]",106,492,exposed,0.8125,1186.1875,70.0,-0.25,-0.1875,-0.0625
25,934,B-bin/A-base,"(.75,1)",106,492,exposed,0.75,1110.0625,70.0,-0.1875,-0.0625,-0.1875
25,934,A-bin/B-base,"(0,.25]",107,2541,unexposed,0.125,1691.0625,121.0,0.125,0.125,0.0625
25,934,B-bin/A-base,"(0,.25]",107,2541,unexposed,0.125,1855.0625,121.0,0.125,0.375,-0.0625
25,934,A-bin/B-base,"(.25,.5]",108,2893,unexposed,0.1875,1713.25,86.0,0.375,0.375,0.25
25,934,B-bin/A-base,"(0,.25]",108,2893,unexposed,0.3125,1395.4375,86.0,0.25,0.1875,0.125
25,934,A-bin/B-base,"(.25,.5]",109,2397,unexposed,0.625,1327.4375,75.0,-0.0625,0.0625,-0.1875
25,934,B-bin/A-base,"(.5,.75]",109,2397,unexposed,0.5,1525.0625,75.0,0.0625,0.25,-0.1875
25,934,A-bin/B-base,"(.5,.75]",110,3389,unexposed,0.4375,1443.3125,98.0,0.25,0.375,-0.125
25,934,B-bin/A-base,"(.25,.5]",110,3389,unexposed,0.5625,1244.375,98.0,0.125,0.3125,-0.0625
25,934,A-bin/B-base,"(.75,1)",111,3703,unexposed,0.625,1245.375,83.0,0.3125,0.3125,0.125
25,934,B-bin/A-base,"(.5,.75]",111,3703,unexposed,0.8125,1155.3125,83.0,0.125,0.125,0.125
25,934,A-bin/B-base,"(.25,.5]",112,3659,unexposed,0.625,1207.5,112.0,0.125,0.0625,0.0625
25,934,B-bin/A-base,"(.5,.75]",112,3659,unexposed,0.5,1331.9375,112.0,0.25,0.1875,0.1875
25,934,A-bin/B-base,"(.5,.75]",113,1977,unexposed,0.75,975.25,86.0,-0.25,-0.0625,-0.4375
25,934,B-bin/A-base,"(.5,.75]",113,1977,unexposed,0.5625,1274.3125,86.0,-0.0625,0.0625,-0.125
25,934,A-bin/B-base,"(.75,1)",114,712,exposed,0.8125,1154.875,61.0,0.1875,0.1875,0.0625
25,934,B-bin/A-base,"(.75,1)",114,712,exposed,0.8125,1039.3125,61.0,0.1875,0.125,0.0625
25,934,A-bin/B-base,"(.25,.5]",115,475,exposed,0.25,1790.6875,84.0,0.25,0.1875,0.1875
25,934,B-bin/A-base,"(0,.25]",115,475,exposed,0.5,1635.8125,84.0,0.0,-0.125,0.0
25,934,A-bin/B-base,0,116,395,exposed,0.0,2006.1875,132.0,0.0,0.5,-0.0625
25,934,B-bin/A-base,0,116,395,exposed,0.0,1803.5625,132.0,0.0,0.3125,0.0
25,934,A-bin/B-base,0,117,2801,unexposed,0.0,2048.0,126.0,0.0,0.25,-0.0625
25,934,B-bin/A-base,0,117,2801,unexposed,0.0,2048.0,126.0,0.0,0.25,-0.0625
25,934,A-bin/B-base,"(0,.25]",118,3502,unexposed,0.0,1720.1875,79.0,0.0625,0.3125,0.0
25,934,B-bin/A-base,0,118,3502,unexposed,0.0625,1437.1875,79.0,0.0,0.0,0.0625
25,934,A-bin/B-base,"(.25,.5]",119,1625,unexposed,0.25,1812.75,72.0,0.25,0.4375,0.0
25,934,B-bin/A-base,"(0,.25]",119,1625,unexposed,0.375,1805.5625,72.0,0.125,0.3125,-0.25
25,934,A-bin/B-base,"(.25,.5]",120,427,exposed,0.25,1649.1875,97.0,0.125,0.375,0.125
25,934,B-bin/A-base,"(0,.25]",120,427,exposed,0.375,1407.3125,97.0,0.0,0.125,0.0625
25,934,A-bin/B-base,0,121,3324,unexposed,0.0625,1994.5625,98.0,-0.0625,-0.125,-0.3125
25,934,B-bin/A-base,"(0,.25]",121,3324,unexposed,0.0,1941.5,98.0,0.0,-0.125,0.0
25,934,A-bin/B-base,"(0,.25]",122,1758,unexposed,0.125,1872.1875,108.0,0.0625,0.375,0.0
25,934,B-bin/A-base,"(0,.25]",122,1758,unexposed,0.0625,1887.6875,108.0,0.125,0.4375,0.0625
25,934,A-bin/B-base,"(0,.25]",123,1131,unexposed,0.125,1805.5625,100.0,0.375,0.3125,0.1875
25,934,B-bin/A-base,"(0,.25]",123,1131,unexposed,0.1875,1950.5,100.0,0.3125,0.375,0.1875
25,934,A-bin/B-base,"(.25,.5]",124,256,exposed,0.4375,1638.8125,96.0,0.0,0.1875,-0.0625
25,934,B-bin/A-base,"(.25,.5]",124,256,exposed,0.3125,1603.875,96.0,0.125,0.25,0.0625
25,934,A-bin/B-base,"(.5,.75]",125,404,exposed,0.8125,1134.4375,66.0,0.0,0.0,0.0
25,934,B-bin/A-base,"(.75,1)",125,404,exposed,0.5625,1457.5,66.0,0.25,0.125,0.1875
25,934,A-bin/B-base,"(.75,1)",126,553,exposed,0.75,1332.125,62.0,0.125,0.1875,-0.125
25,934,B-bin/A-base,"(.5,.75]",126,553,exposed,0.8125,1196.625,62.0,0.0625,0.125,-0.0625
25,934,A-bin/B-base,"(.5,.75]",127,2792,unexposed,0.5,1561.0,107.0,0.25,0.25,0.0625
25,934,B-bin/A-base,"(.25,.5]",127,2792,unexposed,0.5625,1617.5625,107.0,0.1875,0.25,-0.0625
25,934,A-bin/B-base,"(0,.25]",128,3467,unexposed,0.1875,1837.0,108.0,0.1875,0.375,0.0
25,934,B-bin/A-base,"(0,.25]",128,3467,unexposed,0.125,1827.375,108.0,0.25,0.5625,0.0625
25,934,A-bin/B-base,0,129,2670,unexposed,0.0625,1892.5625,76.0,0.0,0.25,0.0
25,934,B-bin/A-base,"(0,.25]",129,2670,unexposed,0.0,2038.375,76.0,0.0625,0.4375,0.0625
25,934,A-bin/B-base,"(.75,1)",130,2949,unexposed,0.8125,1001.5625,100.0,-0.0625,0.0625,-0.0625
25,934,B-bin/A-base,"(.75,1)",130,2949,unexposed,0.9375,795.6875,100.0,-0.1875,-0.0625,-0.125
25,934,A-bin/B-base,"(0,.25]",131,567,exposed,0.1875,1965.9375,134.0,0.125,0.3125,0.1875
25,934,B-bin/A-base,"(0,.25]",131,567,exposed,0.125,1903.125,134.0,0.1875,0.3125,0.25
25,934,A-bin/B-base,"(.5,.75]",132,2756,unexposed,0.4375,1413.5,67.0,0.375,0.375,0.1875
25,934,B-bin/A-base,"(.25,.5]",132,2756,unexposed,0.75,1213.0,67.0,0.0625,0.1875,0.125
25,934,A-bin/B-base,"(.25,.5]",133,3420,unexposed,0.375,1758.6875,86.0,0.4375,0.5625,0.125
25,934,B-bin/A-base,"(.25,.5]",133,3420,unexposed,0.4375,1500.875,86.0,0.375,0.4375,0.1875
25,934,A-bin/B-base,"(0,.25]",134,1395,unexposed,0.0,1623.375,96.0,0.0,0.1875,0.0
25,934,B-bin/A-base,0,134,1395,unexposed,0.0625,1590.4375,96.0,-0.0625,0.1875,0.0
25,934,A-bin/B-base,"(.5,.75]",135,1720,unexposed,0.75,1226.875,75.0,0.25,0.25,0.125
25,934,B-bin/A-base,"(.5,.75]",135,1720,unexposed,0.6875,1189.625,75.0,0.3125,0.25,0.25
25,934,A-bin/B-base,"(0,.25]",136,3349,unexposed,0.125,1894.6875,95.0,0.3125,0.4375,-0.0625
25,934,B-bin/A-base,"(0,.25]",136,3349,unexposed,0.25,1808.5,95.0,0.1875,0.375,0.0625
25,934,A-bin/B-base,"(.5,.75]",137,2702,unexposed,0.3125,1774.0,95.0,0.1875,0.3125,0.0
25,934,B-bin/A-base,"(.25,.5]",137,2702,unexposed,0.5625,1373.4375,95.0,-0.0625,0.125,-0.0625
25,934,A-bin/B-base,"(0,.25]",138,69,exposed,0.0625,2040.0,85.0,0.0625,0.1875,-0.0625
25,934,B-bin/A-base,"(0,.25]",138,69,exposed,0.1875,1819.25,85.0,-0.0625,0.0,0.125
25,934,A-bin/B-base,0,139,717,exposed,0.125,1923.9375,118.0,0.375,0.4375,0.0625
25,934,B-bin/A-base,"(0,.25]",139,717,exposed,0.0,2048.0,118.0,0.5,0.625,0.375
25,934,A-bin/B-base,"(.25,.5]",140,3548,unexposed,0.25,1818.5,98.0,0.375,0.4375,0.4375
25,934,B-bin/A-base,"(0,.25]",140,3548,unexposed,0.3125,1824.5625,98.0,0.3125,0.375,0.3125
25,934,A-bin/B-base,"(0,.25]",141,2344,unexposed,0.3125,1295.6875,73.0,0.25,0.1875,0.125
25,934,B-bin/A-base,"(.25,.5]",141,2344,unexposed,0.1875,1803.5,73.0,0.375,0.75,0.125
25,934,A-bin/B-base,0,142,2983,unexposed,0.0625,1951.25,96.0,-0.0625,0.125,-0.125
25,934,B-bin/A-base,"(0,.25]",142,2983,unexposed,0.0,1982.75,96.0,0.0,0.125,-0.0625
25,934,A-bin/B-base,"(.25,.5]",143,1988,unexposed,0.4375,1596.25,89.0,-0.3125,-0.1875,-0.375
25,934,B-bin/A-base,"(.25,.5]",143,1988,unexposed,0.3125,1628.6875,89.0,-0.1875,-0.125,-0.3125
25,934,A-bin/B-base,"(0,.25]",144,2233,unexposed,0.1875,1844.875,130.0,0.625,0.5625,0.375
25,934,B-bin/A-base,"(0,.25]",144,2233,unexposed,0.25,1823.5,130.0,0.5625,0.5,0.3125
25,934,A-bin/B-base,"(.5,.75]",145,341,exposed,0.375,1507.3125,77.0,0.375,0.375,0.25
25,934,B-bin/A-base,"(.25,.5]",145,341,exposed,0.6875,1390.75,77.0,0.0625,0.1875,-0.0625
25,934,A-bin/B-base,"(0,.25]",146,2855,unexposed,0.0625,1781.75,93.0,0.4375,0.4375,0.3125
25,934,B-bin/A-base,"(0,.25]",146,2855,unexposed,0.25,1853.3125,93.0,0.25,0.5,0.0625
25,934,A-bin/B-base,"(.75,1)",147,3479,unexposed,0.6875,1145.5,76.0,0.125,0.1875,0.0
25,934,B-bin/A-base,"(.5,.75]",147,3479,unexposed,0.8125,1146.3125,76.0,0.0,0.0625,-0.0625
25,934,A-bin/B-base,"(.5,.75]",148,1844,unexposed,0.1875,1751.75,70.0,0.5625,0.625,0.25
25,934,B-bin/A-base,"(0,.25]",148,1844,unexposed,0.5625,1222.4375,70.0,0.1875,0.3125,0.0
25,934,A-bin/B-base,"(.5,.75]",149,2777,unexposed,0.5,1480.6875,67.0,0.3125,0.375,-0.0625
25,934,B-bin/A-base,"(.25,.5]",149,2777,unexposed,0.5625,1539.8125,67.0,0.25,0.3125,0.1875
25,934,A-bin/B-base,"(.5,.75]",150,1598,unexposed,0.4375,1392.5625,75.0,0.3125,0.4375,0.0625
25,934,B-bin/A-base,"(.25,.5]",150,1598,unexposed,0.75,1070.625,75.0,0.0,0.1875,-0.125
25,934,A-bin/B-base,"(.25,.5]",151,806,exposed,0.5625,1342.3125,75.0,-0.1875,0.25,-0.4375
25,934,B-bin/A-base,"(.5,.75]",151,806,exposed,0.5,1214.375,75.0,-0.125,0.125,-0.1875
25,934,A-bin/B-base,"(.5,.75]",152,297,exposed,0.5625,1406.5625,65.0,0.1875,0.375,0.0
25,934,B-bin/A-base,"(.5,.75]",152,297,exposed,0.6875,1462.625,65.0,0.0625,0.25,-0.0625
25,934,A-bin/B-base,"(.25,.5]",153,301,exposed,0.4375,1424.3125,92.0,0.0,0.3125,0.0
25,934,B-bin/A-base,"(.25,.5]",153,301,exposed,0.3125,1429.8125,92.0,0.125,0.25,0.125
25,934,A-bin/B-base,"(.25,.5]",154,1899,unexposed,0.4375,1612.3125,97.0,0.25,0.1875,0.1875
25,934,B-bin/A-base,"(.25,.5]",154,1899,unexposed,0.3125,1864.9375,97.0,0.375,0.375,0.1875
25,934,A-bin/B-base,"(.25,.5]",155,1281,unexposed,0.125,1567.5625,88.0,0.4375,0.3125,0.375
25,934,B-bin/A-base,"(0,.25]",155,1281,unexposed,0.375,1622.3125,88.0,0.1875,0.25,0.25
25,934,A-bin/B-base,"(.5,.75]",156,2984,unexposed,0.6875,1453.3125,99.0,0.0625,0.1875,-0.0625
25,934,B-bin/A-base,"(.5,.75]",156,2984,unexposed,0.5625,1530.9375,99.0,0.1875,0.375,-0.125
25,934,A-bin/B-base,"(.25,.5]",157,2537,unexposed,0.5,1607.5625,91.0,0.25,0.3125,0.125
25,934,B-bin/A-base,"(.25,.5]",157,2537,unexposed,0.3125,1775.5625,91.0,0.4375,0.5,0.375
25,934,A-bin/B-base,"(.25,.5]",158,1296,unexposed,0.0625,1989.875,76.0,0.4375,0.5,0.125
25,934,B-bin/A-base,"(0,.25]",158,1296,unexposed,0.4375,1519.5625,76.0,0.0625,0.125,0.0
25,934,A-bin/B-base,"(0,.25]",159,13,exposed,0.0625,1804.5,74.0,0.1875,0.3125,0.1875
25,934,B-bin/A-base,"(0,.25]",159,13,exposed,0.0625,1836.0625,74.0,0.1875,0.375,0.1875
25,934,A-bin/B-base,0,160,2266,unexposed,0.0,1828.3125,99.0,0.0,0.4375,0.0
25,934,B-bin/A-base,0,160,2266,unexposed,0.0,1536.25,99.0,0.0,0.375,0.0
25,934,A-bin/B-base,"(.75,1)",161,2400,unexposed,0.6875,1223.5,70.0,0.0625,0.1875,0.0
25,934,B-bin/A-base,"(.5,.75]",161,2400,unexposed,0.875,938.5625,70.0,-0.125,0.0625,-0.125
25,934,A-bin/B-base,"(0,.25]",162,3224,unexposed,0.1875,1715.9375,95.0,0.0,0.375,0.0
25,934,B-bin/A-base,"(0,.25]",162,3224,unexposed,0.0625,1676.6875,95.0,0.125,0.4375,0.0625
25,934,A-bin/B-base,"(.25,.5]",163,3446,unexposed,0.625,1459.8125,113.0,-0.0625,0.0625,-0.1875
25,934,B-bin/A-base,"(.5,.75]",163,3446,unexposed,0.5,1436.875,113.0,0.0625,0.125,-0.125
25,934,A-bin/B-base,"(.5,.75]",164,760,exposed,0.5,1236.4375,83.0,0.125,0.25,0.0
25,934,B-bin/A-base,"(.25,.5]",164,760,exposed,0.5625,1059.75,83.0,0.0625,0.125,-0.0625
25,934,A-bin/B-base,0,165,643,exposed,0.0,1823.125,107.0,0.125,-0.125,0.125
25,934,B-bin/A-base,0,165,643,exposed,0.0,2048.0,107.0,0.125,0.25,0.0625
25,934,A-bin/B-base,"(0,.25]",166,619,exposed,0.125,1957.125,123.0,0.125,0.125,0.25
25,934,B-bin/A-base,"(0,.25]",166,619,exposed,0.125,2016.0,123.0,0.125,0.25,-0.125
25,934,A-bin/B-base,0,167,3511,unexposed,0.0,1537.75,101.0,0.0,0.1875,0.0
25,934,B-bin/A-base,0,167,3511,unexposed,0.0,1496.9375,101.0,0.0,0.1875,0.0
25,934,A-bin/B-base,"(.75,1)",168,172,exposed,0.875,1116.75,108.0,-0.1875,0.0,-0.125
25,934,B-bin/A-base,"(.75,1)",168,172,exposed,0.8125,1108.625,108.0,-0.125,0.0,-0.1875
25,934,A-bin/B-base,"(0,.25]",169,2014,unexposed,0.0,1840.9375,73.0,0.375,0.375,0.3125
25,934,B-bin/A-base,0,169,2014,unexposed,0.125,1885.375,73.0,0.25,0.375,0.25
25,934,A-bin/B-base,"(.5,.75]",170,4,exposed,0.5625,1456.5,57.0,0.25,0.25,0.125
25,934,B-bin/A-base,"(.5,.75]",170,4,exposed,0.5625,1562.75,57.0,0.25,0.3125,0.125
25,934,A-bin/B-base,0,171,3438,unexposed,0.0625,1976.0625,77.0,0.25,0.4375,0.25
25,934,B-bin/A-base,"(0,.25]",171,3438,unexposed,0.0,2030.75,77.0,0.3125,0.5,0.1875
25,934,A-bin/B-base,"(.5,.75]",172,129,exposed,0.5625,1423.625,74.0,0.25,0.375,0.0625
25,934,B-bin/A-base,"(.5,.75]",172,129,exposed,0.5625,1329.6875,74.0,0.25,0.3125,0.0
25,934,A-bin/B-base,"(0,.25]",173,911,exposed,0.0,2048.0,93.0,0.125,0.125,0.1875
25,934,B-bin/A-base,0,173,911,exposed,0.125,1948.1875,93.0,0.0,-0.0625,-0.0625
25,934,A-bin/B-base,"(.5,.75]",174,1321,unexposed,0.5,1379.3125,78.0,0.125,0.125,-0.0625
25,934,B-bin/A-base,"(.25,.5]",174,1321,unexposed,0.625,1264.125,78.0,0.0,0.0625,-0.125
25,934,A-bin/B-base,"(0,.25]",175,258,exposed,0.1875,2000.875,171.0,0.0625,0.1875,-0.1875
25,934,B-bin/A-base,"(0,.25]",175,258,exposed,0.0625,2029.6875,171.0,0.1875,0.3125,-0.125
25,934,A-bin/B-base,1,176,1708,unexposed,0.8125,1097.875,61.0,0.1875,0.1875,0.0625
25,934,B-bin/A-base,"(.75,1)",176,1708,unexposed,1.0,752.125,61.0,0.0,0.0,0.0
25,934,A-bin/B-base,"(.25,.5]",177,1555,unexposed,0.3125,1706.5,98.0,0.0625,0.375,0.0
25,934,B-bin/A-base,"(.25,.5]",177,1555,unexposed,0.375,1477.375,98.0,0.0,0.125,-0.1875
25,934,A-bin/B-base,"(.25,.5]",178,3597,unexposed,0.5,1719.25,125.0,0.0625,0.125,-0.0625
25,934,B-bin/A-base,"(.25,.5]",178,3597,unexposed,0.5,1457.5,125.0,0.0625,0.125,-0.125
25,934,A-bin/B-base,"(.25,.5]",179,1570,unexposed,0.5625,1309.0,94.0,0.0625,0.1875,0.0
25,934,B-bin/A-base,"(.5,.75]",179,1570,unexposed,0.3125,1586.5,94.0,0.3125,0.5,-0.0625
25,934,A-bin/B-base,"(.75,1)",180,254,exposed,0.75,1104.5625,80.0,0.25,0.25,0.0625
25,934,B-bin/A-base,"(.5,.75]",180,254,exposed,0.875,937.25,80.0,0.125,0.125,0.0625
25,934,A-bin/B-base,"(0,.25]",181,935,unexposed,0.0625,1973.9375,89.0,0.0625,0.0625,0.0625
25,934,B-bin/A-base,"(0,.25]",181,935,unexposed,0.125,1865.4375,89.0,0.0,-0.0625,-0.1875
25,934,A-bin/B-base,"(0,.25]",182,708,exposed,0.0625,1799.75,107.0,0.375,0.3125,0.3125
25,934,B-bin/A-base,"(0,.25]",182,708,exposed,0.25,1517.25,107.0,0.1875,0.25,0.1875
25,934,A-bin/B-base,"(0,.25]",183,3495,unexposed,0.0625,1904.875,106.0,0.25,0.375,0.1875
25,934,B-bin/A-base,"(0,.25]",183,3495,unexposed,0.0625,1859.0,106.0,0.25,0.3125,0.25
25,934,A-bin/B-base,0,184,496,exposed,0.125,1623.125,119.0,0.0625,0.125,0.1875
25,934,B-bin/A-base,"(0,.25]",184,496,exposed,0.0,1981.5625,119.0,0.1875,0.5,0.25
25,934,A-bin/B-base,"(.75,1)",185,1472,unexposed,0.875,1054.4375,75.0,0.0,0.0625,-0.0625
25,934,B-bin/A-base,"(.75,1)",185,1472,unexposed,0.8125,1029.125,75.0,0.0625,0.125,0.0
25,934,A-bin/B-base,"(.5,.75]",186,1175,unexposed,0.625,1354.0,77.0,0.0,0.1875,-0.1875
25,934,B-bin/A-base,"(.5,.75]",186,1175,unexposed,0.625,1354.9375,77.0,0.0,0.1875,-0.3125
25,934,A-bin/B-base,"(0,.25]",187,3231,unexposed,0.0,1958.3125,105.0,0.0,0.125,-0.0625
25,934,B-bin/A-base,0,187,3231,unexposed,0.0625,1997.9375,105.0,-0.0625,0.125,-0.0625
25,934,A-bin/B-base,"(.75,1)",188,1286,unexposed,0.9375,778.3125,70.0,0.0,0.0625,-0.0625
25,934,B-bin/A-base,"(.75,1)",188,1286,unexposed,0.875,905.625,70.0,0.0625,0.125,-0.0625
25,934,A-bin/B-base,"(0,.25]",189,668,exposed,0.1875,1783.75,83.0,0.0625,-0.0625,-0.3125
25,934,B-bin/A-base,"(0,.25]",189,668,exposed,0.25,1745.625,83.0,0.0,-0.125,-0.125
25,934,A-bin/B-base,"(0,.25]",190,250,exposed,0.0,1938.375,68.0,0.1875,0.5625,0.1875
25,934,B-bin/A-base,0,190,250,exposed,0.125,1619.0625,68.0,0.0625,0.3125,-0.0625
25,934,A-bin/B-base,0,191,2307,unexposed,0.0,1931.5,98.0,0.0,0.0625,0.0
25,934,B-bin/A-base,0,191,2307,unexposed,0.0,1903.4375,98.0,0.0,0.125,0.0
25,934,A-bin/B-base,"(0,.25]",192,1084,unexposed,0.3125,1645.1875,100.0,-0.0625,-0.0625,0.0625
25,934,B-bin/A-base,"(.25,.5]",192,1084,unexposed,0.25,1871.625,100.0,0.0,0.0625,-0.125
25,934,A-bin/B-base,"(.25,.5]",193,876,exposed,0.1875,1734.3125,91.0,0.1875,0.1875,0.0625
25,934,B-bin/A-base,"(0,.25]",193,876,exposed,0.5,1577.5625,91.0,-0.125,0.0625,-0.125
25,934,A-bin/B-base,"(0,.25]",194,2585,unexposed,0.25,1450.875,109.0,0.3125,0.25,0.25
25,934,B-bin/A-base,"(0,.25]",194,2585,unexposed,0.25,1501.875,109.0,0.3125,0.375,0.25
25,934,A-bin/B-base,"(.5,.75]",195,2837,unexposed,0.6875,1385.5625,81.0,0.25,0.25,0.0
25,934,B-bin/A-base,"(.5,.75]",195,2837,unexposed,0.5625,1599.4375,81.0,0.375,0.375,0.0625
25,934,A-bin/B-base,"(.25,.5]",196,858,exposed,0.625,1368.125,61.0,0.3125,0.25,0.0625
25,934,B-bin/A-base,"(.5,.75]",196,858,exposed,0.5,1406.625,61.0,0.4375,0.375,0.1875
25,934,A-bin/B-base,"(0,.25]",197,305,exposed,0.3125,1821.375,86.0,-0.1875,-0.0625,-0.25
25,934,B-bin/A-base,"(.25,.5]",197,305,exposed,0.1875,1984.625,86.0,-0.0625,0.125,0.0
25,934,A-bin/B-base,"(0,.25]",198,1072,unexposed,0.125,1956.0,93.0,0.0,0.0625,0.1875
25,934,B-bin/A-base,"(0,.25]",198,1072,unexposed,0.1875,1862.6875,93.0,-0.0625,0.0625,0.125
25,934,A-bin/B-base,"(0,.25]",199,2556,unexposed,0.0,2048.0,109.0,0.0625,0.25,0.0625
25,934,B-bin/A-base,0,199,2556,unexposed,0.1875,1824.9375,109.0,-0.125,0.0625,-0.25
25,934,A-bin/B-base,"(.25,.5]",200,3609,unexposed,0.6875,1400.375,109.0,0.0625,0.1875,-0.0625
25,934,B-bin/A-base,"(.5,.75]",200,3609,unexposed,0.375,1619.0625,109.0,0.375,0.4375,0.125
25,934,A-bin/B-base,"(0,.25]",201,1506,unexposed,0.0625,1857.8125,96.0,0.25,0.375,0.25
25,934,B-bin/A-base,"(0,.25]",201,1506,unexposed,0.0625,1793.6875,96.0,0.25,0.3125,0.25
25,934,A-bin/B-base,"(.75,1)",202,609,exposed,0.875,1148.6875,67.0,0.0,0.0,-0.0625
25,934,B-bin/A-base,"(.75,1)",202,609,exposed,0.875,925.1875,67.0,0.0,0.0625,-0.125
25,934,A-bin/B-base,"(.75,1)",203,1054,unexposed,0.8125,967.875,69.0,0.125,0.1875,0.0
25,934,B-bin/A-base,"(.75,1)",203,1054,unexposed,0.8125,993.4375,69.0,0.125,0.125,0.0
25,934,A-bin/B-base,"(0,.25]",204,2260,unexposed,0.375,1654.0,76.0,0.1875,0.375,0.0625
25,934,B-bin/A-base,"(.25,.5]",204,2260,unexposed,0.25,1780.1875,76.0,0.3125,0.5,0.125
25,934,A-bin/B-base,"(0,.25]",205,437,exposed,0.25,1774.4375,103.0,-0.125,0.375,-0.125
25,934,B-bin/A-base,"(0,.25]",205,437,exposed,0.125,1740.5,103.0,0.0,0.375,0.0
25,934,A-bin/B-base,"(0,.25]",206,3683,unexposed,0.4375,1816.375,97.0,0.0,0.0625,0.0625
25,934,B-bin/A-base,"(.25,.5]",206,3683,unexposed,0.25,1840.125,97.0,0.1875,0.25,-0.0625
25,934,A-bin/B-base,"(.25,.5]",207,2090,unexposed,0.5625,1437.0,58.0,0.0625,0.1875,-0.0625
25,934,B-bin/A-base,"(.5,.75]",207,2090,unexposed,0.5,1390.875,58.0,0.125,0.25,0.0
25,934,A-bin/B-base,"(.5,.75]",208,1607,unexposed,0.75,1210.6875,87.0,0.125,0.1875,0.0
25,934,B-bin/A-base,"(.5,.75]",208,1607,unexposed,0.6875,1224.125,87.0,0.1875,0.25,0.0625
25,934,A-bin/B-base,"(.5,.75]",209,2724,unexposed,0.5,1451.375,66.0,0.3125,0.3125,0.125
25,934,B-bin/A-base,"(.25,.5]",209,2724,unexposed,0.5625,1519.9375,66.0,0.25,0.1875,0.3125
25,934,A-bin/B-base,"(.25,.5]",210,1448,unexposed,0.25,1849.1875,68.0,0.4375,0.375,0.0625
25,934,B-bin/A-base,"(0,.25]",210,1448,unexposed,0.3125,1819.5625,68.0,0.375,0.375,0.3125
25,934,A-bin/B-base,"(0,.25]",211,1498,unexposed,0.125,1667.9375,116.0,0.0625,0.125,0.0
25,934,B-bin/A-base,"(0,.25]",211,1498,unexposed,0.0625,1580.9375,116.0,0.125,0.1875,-0.125
25,934,A-bin/B-base,0,212,1457,unexposed,0.0,2048.0,131.0,0.0,0.0625,-0.1875
25,934,B-bin/A-base,0,212,1457,unexposed,0.0,2016.1875,131.0,0.0,0.0,-0.0625
25,934,A-bin/B-base,"(.5,.75]",213,1604,unexposed,0.625,1350.625,92.0,0.1875,0.1875,0.0
25,934,B-bin/A-base,"(.5,.75]",213,1604,unexposed,0.5625,1609.6875,92.0,0.25,0.3125,0.0625
25,934,A-bin/B-base,"(0,.25]",214,1143,unexposed,0.0,1747.25,62.0,0.0625,0.0,0.0625
25,934,B-bin/A-base,0,214,1143,unexposed,0.0625,1876.0,62.0,0.0,0.0625,0.0
25,934,A-bin/B-base,"(.25,.5]",215,1018,unexposed,0.75,1359.8125,63.0,-0.125,0.0625,-0.1875
25,934,B-bin/A-base,"(.5,.75]",215,1018,unexposed,0.5,1537.625,63.0,0.125,0.25,-0.125
25,934,A-bin/B-base,"(.5,.75]",216,2440,unexposed,0.5,1525.4375,129.0,0.0625,0.0625,-0.25
25,934,B-bin/A-base,"(.25,.5]",216,2440,unexposed,0.75,1315.875,129.0,-0.1875,-0.1875,-0.4375
25,934,A-bin/B-base,"(0,.25]",217,1509,unexposed,0.0625,2034.75,73.0,0.125,0.125,0.0625
25,934,B-bin/A-base,"(0,.25]",217,1509,unexposed,0.1875,1936.4375,73.0,0.0,0.0,0.0
25,934,A-bin/B-base,"(0,.25]",218,2873,unexposed,0.125,1485.8125,71.0,-0.0625,0.0625,-0.125
25,934,B-bin/A-base,"(0,.25]",218,2873,unexposed,0.125,1703.5,71.0,-0.0625,0.375,-0.125
25,934,A-bin/B-base,"(0,.25]",219,1347,unexposed,0.0,2011.25,107.0,0.25,0.125,0.1875
25,934,B-bin/A-base,0,219,1347,unexposed,0.0625,1810.375,107.0,0.1875,-0.0625,0.0625
25,934,A-bin/B-base,"(0,.25]",220,1322,unexposed,0.125,1988.4375,83.0,0.0625,0.125,0.0
25,934,B-bin/A-base,"(0,.25]",220,1322,unexposed,0.0625,2003.1875,83.0,0.125,0.125,0.0625
25,934,A-bin/B-base,"(.75,1)",221,1757,unexposed,0.875,870.75,69.0,0.125,0.125,0.0625
25,934,B-bin/A-base,"(.75,1)",221,1757,unexposed,0.875,993.8125,69.0,0.125,0.125,0.0
25,934,A-bin/B-base,"(0,.25]",222,1488,unexposed,0.4375,1378.5,87.0,0.125,0.25,0.125
25,934,B-bin/A-base,"(.25,.5]",222,1488,unexposed,0.25,1590.5,87.0,0.3125,0.25,0.25
25,934,A-bin/B-base,"(0,.25]",223,91,exposed,0.0625,1962.75,94.0,0.0625,0.125,-0.0625
25,934,B-bin/A-base,"(0,.25]",223,91,exposed,0.125,1682.375,94.0,0.0,-0.0625,0.0625
25,934,A-bin/B-base,0,224,1009,unexposed,0.0,2048.0,79.0,0.125,0.375,0.0
25,934,B-bin/A-base,0,224,1009,unexposed,0.0,1893.4375,79.0,0.125,0.1875,0.1875
25,934,A-bin/B-base,"(0,.25]",225,2450,unexposed,0.0,1948.625,130.0,0.25,0.375,0.125
25,934,B-bin/A-base,0,225,2450,unexposed,0.0625,1857.6875,130.0,0.1875,0.3125,0.1875
25,934,A-bin/B-base,"(0,.25]",226,3522,unexposed,0.4375,1657.375,77.0,0.25,0.3125,0.1875
25,934,B-bin/A-base,"(.25,.5]",226,3522,unexposed,0.1875,1777.4375,77.0,0.5,0.5625,0.5625
25,934,A-bin/B-base,"(.5,.75]",227,2849,unexposed,0.75,1430.4375,113.0,-0.0625,-0.0625,0.0625
25,934,B-bin/A-base,"(.5,.75]",227,2849,unexposed,0.625,1375.0625,113.0,0.0625,0.125,0.0
25,934,A-bin/B-base,"(0,.25]",228,3601,unexposed,0.0,1344.6875,81.0,0.0,-0.0625,0.0
25,934,B-bin/A-base,0,228,3601,unexposed,0.125,1573.4375,81.0,-0.125,-0.1875,-0.125
25,934,A-bin/B-base,"(0,.25]",229,1813,unexposed,0.0625,1289.375,87.0,0.125,0.0625,0.0625
25,934,B-bin/A-base,"(0,.25]",229,1813,unexposed,0.1875,1276.1875,87.0,0.0,0.0,0.0
25,934,A-bin/B-base,"(0,.25]",230,1389,unexposed,0.0625,1925.1875,102.0,0.0625,0.125,0.125
25,934,B-bin/A-base,"(0,.25]",230,1389,unexposed,0.125,1755.5,102.0,0.0,-0.0625,0.125
25,934,A-bin/B-base,"(0,.25]",231,2900,unexposed,0.125,1946.1875,124.0,-0.125,-0.125,0.125
25,934,B-bin/A-base,"(0,.25]",231,2900,unexposed,0.0625,1970.875,124.0,-0.0625,-0.0625,0.125
25,934,A-bin/B-base,0,232,847,exposed,0.0,1599.3125,128.0,0.0,0.0625,0.0
25,934,B-bin/A-base,0,232,847,exposed,0.0,1655.25,128.0,0.0,0.125,0.0
25,934,A-bin/B-base,"(.25,.5]",233,1627,unexposed,0.375,1238.625,88.0,0.0,0.25,-0.0625
25,934,B-bin/A-base,"(.25,.5]",233,1627,unexposed,0.5,1151.6875,88.0,-0.125,0.1875,-0.25
25,934,A-bin/B-base,0,234,1370,unexposed,0.0,1945.125,98.0,0.0625,0.0625,0.0625
25,934,B-bin/A-base,0,234,1370,unexposed,0.0,1985.5,98.0,0.0625,0.0625,0.0625
25,934,A-bin/B-base,"(0,.25]",235,1588,unexposed,0.125,1694.5625,112.0,0.0,0.125,-0.1875
25,934,B-bin/A-base,"(0,.25]",235,1588,unexposed,0.0625,2043.5625,112.0,0.0625,0.375,0.0
25,934,A-bin/B-base,"(.75,1)",236,1467,unexposed,0.75,1109.8125,84.0,0.1875,0.1875,0.125
25,934,B-bin/A-base,"(.5,.75]",236,1467,unexposed,0.9375,934.5,84.0,0.0,0.0,-0.0625
25,934,A-bin/B-base,"(0,.25]",237,606,exposed,0.0,1923.875,150.0,0.0,-0.0625,-0.0625
25,934,B-bin/A-base,0,237,606,exposed,0.0625,2047.4375,150.0,-0.0625,0.0,-0.0625
25,934,A-bin/B-base,"(.25,.5]",238,799,exposed,0.4375,1424.0,102.0,0.4375,0.375,0.1875
25,934,B-bin/A-base,"(.25,.5]",238,799,exposed,0.375,1491.5625,102.0,0.5,0.4375,0.0625
25,934,A-bin/B-base,"(0,.25]",239,438,exposed,0.125,1933.0,106.0,0.0625,0.375,0.0625
25,934,B-bin/A-base,"(0,.25]",239,438,exposed,0.25,1749.6875,106.0,-0.0625,0.25,-0.1875
25,934,A-bin/B-base,"(.25,.5]",240,3233,unexposed,0.625,1340.5625,78.0,0.3125,0.375,-0.0625
25,934,B-bin/A-base,"(.5,.75]",240,3233,unexposed,0.5,1492.0625,78.0,0.4375,0.4375,0.125
25,934,A-bin/B-base,"(.5,.75]",241,101,exposed,0.3125,1792.1875,90.0,0.4375,0.5625,0.125
25,934,B-bin/A-base,"(.25,.5]",241,101,exposed,0.625,1465.5,90.0,0.125,0.1875,0.125
25,934,A-bin/B-base,"(.5,.75]",242,3039,unexposed,0.375,1757.375,97.0,0.25,0.25,0.125
25,934,B-bin/A-base,"(.25,.5]",242,3039,unexposed,0.75,1358.625,97.0,-0.125,-0.1875,-0.125
25,934,A-bin/B-base,"(0,.25]",243,1654,unexposed,0.0625,1970.375,110.0,0.25,0.3125,0.375
25,934,B-bin/A-base,"(0,.25]",243,1654,unexposed,0.0625,1519.875,110.0,0.25,0.0,0.25
25,934,A-bin/B-base,"(.75,1)",244,445,exposed,0.75,1341.0625,70.0,0.125,0.25,-0.0625
25,934,B-bin/A-base,"(.5,.75]",244,445,exposed,0.875,960.3125,70.0,0.0,0.125,-0.0625
25,934,A-bin/B-base,"(.25,.5]",245,90,exposed,0.375,1599.1875,78.0,0.3125,0.3125,0.125
25,934,B-bin/A-base,"(.25,.5]",245,90,exposed,0.375,1647.4375,78.0,0.3125,0.25,0.1875
25,934,A-bin/B-base,"(0,.25]",246,1277,unexposed,0.0625,2038.0625,82.0,0.25,0.6875,0.1875
25,934,B-bin/A-base,"(0,.25]",246,1277,unexposed,0.0625,2002.25,82.0,0.25,0.625,0.1875
25,934,A-bin/B-base,0,247,1273,unexposed,0.0,1724.9375,130.0,0.0625,0.0,0.125
25,934,B-bin/A-base,0,247,1273,unexposed,0.0,1839.625,130.0,0.0625,0.0,0.0625
25,934,A-bin/B-base,0,248,3313,unexposed,0.0,2008.75,88.0,0.0,0.25,-0.0625
25,934,B-bin/A-base,0,248,3313,unexposed,0.0,1942.375,88.0,0.0,0.125,-0.0625
25,934,A-bin/B-base,"(.5,.75]",249,2230,unexposed,0.75,1165.9375,114.0,0.25,0.25,0.125
25,934,B-bin/A-base,"(.5,.75]",249,2230,unexposed,0.625,1329.0625,114.0,0.375,0.375,0.125
25,934,A-bin/B-base,0,250,1701,unexposed,0.125,1707.8125,82.0,0.0625,0.1875,-0.125
25,934,B-bin/A-base,"(0,.25]",250,1701,unexposed,0.0,1759.1875,82.0,0.1875,0.375,0.125
25,934,A-bin/B-base,"(0,.25]",251,1384,unexposed,0.125,1651.9375,91.0,0.0,0.1875,0.125
25,934,B-bin/A-base,"(0,.25]",251,1384,unexposed,0.1875,1826.5625,91.0,-0.0625,0.125,-0.0625
25,934,A-bin/B-base,"(.5,.75]",252,2760,unexposed,0.8125,1088.6875,80.0,0.125,0.1875,-0.0625
25,934,B-bin/A-base,"(.75,1)",252,2760,unexposed,0.5625,1490.5,80.0,0.375,0.4375,0.125
25,934,A-bin/B-base,0,253,2753,unexposed,0.125,1964.6875,111.0,0.0625,0.1875,0.1875
25,934,B-bin/A-base,"(0,.25]",253,2753,unexposed,0.0,2048.0,111.0,0.1875,0.3125,0.5
25,934,A-bin/B-base,"(.25,.5]",254,3239,unexposed,0.25,1636.75,115.0,0.5,0.4375,0.3125
25,934,B-bin/A-base,"(0,.25]",254,3239,unexposed,0.3125,1820.4375,115.0,0.4375,0.4375,0.375
25,934,A-bin/B-base,"(.5,.75]",255,484,exposed,0.6875,1392.125,72.0,0.0625,0.125,0.0625
25,934,B-bin/A-base,"(.5,.75]",255,484,exposed,0.625,1249.0,72.0,0.125,0.125,0.0625
45,1681,A-bin/B-base,"(.75,1)",0,595,exposed,0.875,1030.75,71.0,0.125,0.125,0.0625
45,1681,B-bin/A-base,"(.75,1)",0,595,exposed,0.8125,1172.3125,71.0,0.1875,0.1875,0.1875
45,1681,A-bin/B-base,"(0,.25]",1,2096,unexposed,0.3125,1645.75,63.0,0.5,0.375,0.375
45,1681,B-bin/A-base,"(.25,.5]",1,2096,unexposed,0.25,1879.5625,63.0,0.5625,0.5625,0.4375
45,1681,A-bin/B-base,"(0,.25]",2,1399,exposed,0.4375,1460.5,93.0,0.25,0.1875,0.1875
45,1681,B-bin/A-base,"(.25,.5]",2,1399,exposed,0.125,1825.5625,93.0,0.5625,0.5625,0.25
45,1681,A-bin/B-base,"(.5,.75]",3,2059,unexposed,0.6875,1083.4375,86.0,0.125,0.125,-0.0625
45,1681,B-bin/A-base,"(.5,.75]",3,2059,unexposed,0.5625,1172.25,86.0,0.25,0.1875,0.0625
45,1681,A-bin/B-base,"(0,.25]",4,1217,exposed,0.375,1507.125,58.0,0.0,0.3125,0.0
45,1681,B-bin/A-base,"(.25,.5]",4,1217,exposed,0.125,1654.0,58.0,0.25,0.375,0.25
45,1681,A-bin/B-base,"(.25,.5]",5,2667,unexposed,0.625,1427.4375,97.0,0.125,0.1875,0.0625
45,1681,B-bin/A-base,"(.5,.75]",5,2667,unexposed,0.375,1634.625,97.0,0.375,0.4375,0.1875
45,1681,A-bin/B-base,"(.5,.75]",6,1939,unexposed,0.625,1401.1875,89.0,0.3125,0.3125,0.125
45,1681,B-bin/A-base,"(.5,.75]",6,1939,unexposed,0.6875,1305.875,89.0,0.25,0.1875,0.125
45,1681,A-bin/B-base,0,7,2767,unexposed,0.0,1893.0,138.0,0.125,0.1875,0.1875
45,1681,B-bin/A-base,0,7,2767,unexposed,0.0,2048.0,138.0,0.125,0.3125,0.1875
45,1681,A-bin/B-base,"(0,.25]",8,2957,unexposed,0.125,1784.875,142.0,0.0,0.25,0.0
45,1681,B-bin/A-base,"(0,.25]",8,2957,unexposed,0.1875,1672.875,142.0,-0.0625,0.1875,-0.125
45,1681,A-bin/B-base,"(0,.25]",9,383,exposed,0.0,1866.375,100.0,0.0625,0.4375,0.1875
45,1681,B-bin/A-base,0,9,383,exposed,0.1875,1572.0625,100.0,-0.125,0.1875,-0.0625
45,1681,A-bin/B-base,0,10,3352,unexposed,0.0625,1940.875,108.0,0.0625,0.0,0.0625
45,1681,B-bin/A-base,"(0,.25]",10,3352,unexposed,0.0,2048.0,108.0,0.125,0.125,0.125
45,1681,A-bin/B-base,0,11,2995,unexposed,0.0625,2035.8125,131.0,0.0625,0.25,0.1875
45,1681,B-bin/A-base,"(0,.25]",11,2995,unexposed,0.0,2048.0,131.0,0.125,0.3125,0.25
45,1681,A-bin/B-base,"(.25,.5]",12,364,exposed,0.625,1292.3125,72.0,0.375,0.375,0.1875
45,1681,B-bin/A-base,"(.5,.75]",12,364,exposed,0.4375,1645.625,72.0,0.5625,0.5625,0.125
45,1681,A-bin/B-base,"(0,.25]",13,2544,unexposed,0.0625,1785.625,100.0,0.125,0.625,0.0
45,1681,B-bin/A-base,"(0,.25]",13,2544,unexposed,0.1875,1532.6875,100.0,0.0,0.4375,-0.0625
45,1681,A-bin/B-base,"(0,.25]",14,1373,exposed,0.1875,1726.4375,62.0,0.5625,0.4375,0.1875
45,1681,B-bin/A-base,"(0,.25]",14,1373,exposed,0.25,1774.9375,62.0,0.5,0.5,0.3125
45,1681,A-bin/B-base,0,15,175,exposed,0.0,1529.0625,102.0,0.0,-0.125,0.0
45,1681,B-bin/A-base,0,15,175,exposed,0.0,2048.0,102.0,0.0,0.375,0.0
45,1681,A-bin/B-base,"(0,.25]",16,2651,unexposed,0.125,1822.25,88.0,0.4375,0.5625,0.5
45,1681,B-bin/A-base,"(0,.25]",16,2651,unexposed,0.125,1954.625,88.0,0.4375,0.6875,0.5
45,1681,A-bin/B-base,"(0,.25]",17,2342,unexposed,0.0625,1853.25,112.0,0.0625,0.5625,-0.0625
45,1681,B-bin/A-base,"(0,.25]",17,2342,unexposed,0.125,1746.8125,112.0,0.0,0.375,-0.0625
45,1681,A-bin/B-base,"(0,.25]",18,120,exposed,0.0,1827.125,96.0,0.1875,0.4375,0.125
45,1681,B-bin/A-base,0,18,120,exposed,0.1875,1855.0625,96.0,0.0,0.375,-0.0625
45,1681,A-bin/B-base,"(0,.25]",19,1169,exposed,0.1875,1857.5625,96.0,0.1875,0.625,0.0
45,1681,B-bin/A-base,"(0,.25]",19,1169,exposed,0.25,1682.4375,96.0,0.125,0.5,-0.125
45,1681,A-bin/B-base,"(.75,1)",20,3184,unexposed,0.875,1112.375,105.0,0.0,0.0625,-0.0625
45,1681,B-bin/A-base,"(.75,1)",20,3184,unexposed,0.8125,1204.5,105.0,0.0625,0.125,-0.0625
45,1681,A-bin/B-base,"(0,.25]",21,3351,unexposed,0.125,1961.875,83.0,0.3125,0.375,0.1875
45,1681,B-bin/A-base,"(0,.25]",21,3351,unexposed,0.125,1898.875,83.0,0.3125,0.3125,0.3125
45,1681,A-bin/B-base,0,22,1803,unexposed,0.0,1864.125,91.0,0.375,0.25,0.3125
45,1681,B-bin/A-base,0,22,1803,unexposed,0.0,1954.3125,91.0,0.375,0.3125,0.125
45,1681,A-bin/B-base,"(.5,.75]",23,731,exposed,0.5,1621.5625,89.0,0.0625,0.3125,-0.125
45,1681,B-bin/A-base,"(.25,.5]",23,731,exposed,0.5625,1362.3125,89.0,0.0,0.3125,0.0
45,1681,A-bin/B-base,"(.5,.75]",24,2313,unexposed,0.5625,1407.875,113.0,0.25,0.3125,0.1875
45,1681,B-bin/A-base,"(.5,.75]",24,2313,unexposed,0.625,1240.75,113.0,0.1875,0.25,0.25
45,1681,A-bin/B-base,"(.25,.5]",25,56,exposed,0.3125,1633.5,126.0,0.5,0.4375,0.25
45,1681,B-bin/A-base,"(.25,.5]",25,56,exposed,0.375,1810.6875,126.0,0.4375,0.4375,0.1875
45,1681,A-bin/B-base,"(.5,.75]",26,3693,unexposed,0.625,1271.6875,87.0,0.25,0.25,0.0625
45,1681,B-bin/A-base,"(.5,.75]",26,3693,unexposed,0.6875,1458.375,87.0,0.1875,0.3125,-0.125
45,1681,A-bin/B-base,"(0,.25]",27,878,exposed,0.0625,1834.3125,119.0,0.1875,0.5625,0.1875
45,1681,B-bin/A-base,"(0,.25]",27,878,exposed,0.0625,1859.6875,119.0,0.1875,0.75,0.25
45,1681,A-bin/B-base,"(.5,.75]",28,3730,unexposed,0.5625,1603.25,85.0,0.3125,0.3125,0.0
45,1681,B-bin/A-base,"(.5,.75]",28,3730,unexposed,0.5625,1536.3125,85.0,0.3125,0.3125,0.0
45,1681,A-bin/B-base,"(0,.25]",29,3359,unexposed,0.1875,1770.3125,87.0,0.25,0.3125,0.1875
45,1681,B-bin/A-base,"(0,.25]",29,3359,unexposed,0.125,1885.6875,87.0,0.3125,0.3125,0.3125
45,1681,A-bin/B-base,"(0,.25]",30,1559,exposed,0.0625,1941.375,87.0,0.1875,0.375,0.0625
45,1681,B-bin/A-base,"(0,.25]",30,1559,exposed,0.0625,1867.8125,87.0,0.1875,0.25,0.125
45,1681,A-bin/B-base,"(.25,.5]",31,855,exposed,0.125,1845.8125,96.0,0.5,0.75,0.375
45,1681,B-bin/A-base,"(0,.25]",31,855,exposed,0.375,1534.75,96.0,0.25,0.375,0.125
45,1681,A-bin/B-base,"(0,.25]",32,1729,unexposed,0.25,1870.875,147.0,0.375,0.375,0.375
45,1681,B-bin/A-base,"(0,.25]",32,1729,unexposed,0.0625,1888.4375,147.0,0.5625,0.5625,0.625
45,1681,A-bin/B-base,"(.5,.75]",33,1041,exposed,0.375,1641.75,100.0,0.375,0.5,-0.0625
45,1681,B-bin/A-base,"(.25,.5]",33,1041,exposed,0.75,1288.125,100.0,0.0,0.0625,-0.125
45,1681,A-bin/B-base,"(.5,.75]",34,2508,unexposed,0.625,1442.875,75.0,0.3125,0.3125,0.0625
45,1681,B-bin/A-base,"(.5,.75]",34,2508,unexposed,0.625,1314.5625,75.0,0.3125,0.3125,0.0625
45,1681,A-bin/B-base,"(.5,.75]",35,1065,exposed,0.5625,1403.75,81.0,0.375,0.375,0.1875
45,1681,B-bin/A-base,"(.5,.75]",35,1065,exposed,0.625,1163.4375,81.0,0.3125,0.0625,0.25
45,1681,A-bin/B-base,"(.5,.75]",36,3571,unexposed,0.8125,1162.4375,79.0,0.0,0.125,-0.0625
45,1681,B-bin/A-base,"(.75,1)",36,3571,unexposed,0.75,1131.8125,79.0,0.0625,0.125,-0.0625
45,1681,A-bin/B-base,"(.25,.5]",37,2128,unexposed,0.6875,1380.4375,112.0,0.25,0.3125,0.125
45,1681,B-bin/A-base,"(.5,.75]",37,2128,unexposed,0.5,1404.5,112.0,0.4375,0.375,0.375
45,1681,A-bin/B-base,"(0,.25]",38,2222,unexposed,0.0,1821.75,103.0,0.25,0.5,0.3125
45,1681,B-bin/A-base,0,38,2222,unexposed,0.125,1872.625,103.0,0.125,0.375,0.1875
45,1681,A-bin/B-base,"(.25,.5]",39,2399,unexposed,0.4375,1700.625,106.0,0.125,0.25,0.0
45,1681,B-bin/A-base,"(.25,.5]",39,2399,unexposed,0.5,1625.3125,106.0,0.0625,0.1875,0.0625
45,1681,A-bin/B-base,0,40,2176,unexposed,0.125,1762.75,75.0,0.125,0.25,0.0625
45,1681,B-bin/A-base,"(0,.25]",40,2176,unexposed,0.0,2048.0,75.0,0.25,0.5625,0.1875
45,1681,A-bin/B-base,"(.75,1)",41,1097,exposed,0.75,1156.125,102.0,0.1875,0.1875,0.0
45,1681,B-bin/A-base,"(.5,.75]",41,1097,exposed,0.8125,1124.875,102.0,0.125,0.125,0.0
45,1681,A-bin/B-base,0,42,124,exposed,0.0625,1877.3125,98.0,0.0625,0.1875,0.0625
45,1681,B-bin/A-base,"(0,.25]",42,124,exposed,0.0,1959.375,98.0,0.125,0.25,0.0
45,1681,A-bin/B-base,0,43,3568,unexposed,0.0625,1643.6875,86.0,0.3125,0.375,0.0625
45,1681,B-bin/A-base,"(0,.25]",43,3568,unexposed,0.0,1732.0,86.0,0.375,0.375,0.3125
45,1681,A-bin/B-base,"(.5,.75]",44,1681,unexposed,0.75,1112.875,100.0,-0.0625,0.0,0.0625
45,1681,B-bin/A-base,"(.5,.75]",44,1681,unexposed,0.625,1358.1875,100.0,0.0625,0.1875,0.0
45,1681,A-bin/B-base,"(.5,.75]",45,1410,exposed,0.5,1503.1875,115.0,0.125,0.3125,-0.125
45,1681,B-bin/A-base,"(.25,.5]",45,1410,exposed,0.625,1377.9375,115.0,0.0,0.25,-0.1875
45,1681,A-bin/B-base,"(.25,.5]",46,1204,exposed,0.375,1342.4375,75.0,0.125,0.25,-0.0625
45,1681,B-bin/A-base,"(.25,.5]",46,1204,exposed,0.5,1503.1875,75.0,0.0,0.1875,-0.1875
45,1681,A-bin/B-base,"(.25,.5]",47,1093,exposed,0.75,1556.6875,87.0,0.0625,0.125,-0.0625
45,1681,B-bin/A-base,"(.5,.75]",47,1093,exposed,0.5,1485.625,87.0,0.3125,0.375,0.125
45,1681,A-bin/B-base,"(.5,.75]",48,817,exposed,0.6875,1172.625,81.0,0.125,0.125,-0.1875
45,1681,B-bin/A-base,"(.5,.75]",48,817,exposed,0.6875,1375.8125,81.0,0.125,0.125,-0.125
45,1681,A-bin/B-base,"(.5,.75]",49,2630,unexposed,0.875,930.3125,88.0,0.0625,0.125,0.0625
45,1681,B-bin/A-base,"(.75,1)",49,2630,unexposed,0.6875,1306.75,88.0,0.25,0.25,0.125
45,1681,A-bin/B-base,0,50,1370,exposed,0.0,1970.125,106.0,0.0,0.5,0.0
45,1681,B-bin/A-base,0,50,1370,exposed,0.0,1680.9375,106.0,0.0,0.1875,0.0
45,1681,A-bin/B-base,"(.5,.75]",51,3474,unexposed,0.5,1554.0,95.0,0.3125,0.3125,0.1875
45,1681,B-bin/A-base,"(.25,.5]",51,3474,unexposed,0.625,1560.125,95.0,0.1875,0.1875,0.1875
45,1681,A-bin/B-base,"(.5,.75]",52,689,exposed,0.5,1294.3125,81.0,0.125,0.3125,0.0625
45,1681,B-bin/A-base,"(.25,.5]",52,689,exposed,0.6875,1408.875,81.0,-0.0625,0.125,-0.0625
45,1681,A-bin/B-base,"(.5,.75]",53,2253,unexposed,0.75,1220.5,92.0,0.1875,0.25,-0.0625
45,1681,B-bin/A-base,"(.5,.75]",53,2253,unexposed,0.75,1056.4375,92.0,0.1875,0.1875,0.0
45,1681,A-bin/B-base,"(0,.25]",54,1788,unexposed,0.1875,1640.125,100.0,0.0625,0.4375,0.125
45,1681,B-bin/A-base,"(0,.25]",54,1788,unexposed,0.1875,1457.625,100.0,0.0625,0.25,0.0
45,1681,A-bin/B-base,"(.5,.75]",55,1296,exposed,0.8125,1173.25,67.0,0.0,0.0625,0.0
45,1681,B-bin/A-base,"(.75,1)",55,1296,exposed,0.75,1243.0,67.0,0.0625,0.0,0.0625
45,1681,A-bin/B-base,"(.5,.75]",56,757,exposed,0.6875,1353.0625,93.0,0.0625,0.1875,-0.0625
45,1681,B-bin/A-base,"(.5,.75]",56,757,exposed,0.6875,1217.875,93.0,0.0625,0.125,0.0
45,1681,A-bin/B-base,"(0,.25]",57,764,exposed,0.3125,1567.875,92.0,0.0,0.3125,-0.0625
45,1681,B-bin/A-base,"(.25,.5]",57,764,exposed,0.1875,1696.5,92.0,0.125,0.375,0.0
45,1681,A-bin/B-base,"(.25,.5]",58,1873,unexposed,0.5625,1430.4375,107.0,0.125,0.0625,0.125
45,1681,B-bin/A-base,"(.5,.75]",58,1873,unexposed,0.375,1602.875,107.0,0.3125,0.125,0.1875
45,1681,A-bin/B-base,"(.25,.5]",59,809,exposed,0.3125,1553.375,121.0,0.125,0.125,0.0
45,1681,B-bin/A-base,"(.25,.5]",59,809,exposed,0.3125,1537.375,121.0,0.125,0.0625,0.0625
45,1681,A-bin/B-base,"(0,.25]",60,481,exposed,0.125,1797.375,89.0,0.3125,0.375,0.3125
45,1681,B-bin/A-base,"(0,.25]",60,481,exposed,0.25,1812.75,89.0,0.1875,0.25,0.1875
45,1681,A-bin/B-base,"(.25,.5]",61,576,exposed,0.125,1842.875,132.0,0.25,0.375,0.0625
45,1681,B-bin/A-base,"(0,.25]",61,576,exposed,0.5,1564.125,132.0,-0.125,0.0,-0.125
45,1681,A-bin/B-base,"(.25,.5]",62,302,exposed,0.4375,1501.375,72.0,0.125,0.0625,0.0625
45,1681,B-bin/A-base,"(.25,.5]",62,302,exposed,0.375,1399.4375,72.0,0.1875,0.125,0.1875
45,1681,A-bin/B-base,0,63,797,exposed,0.0,2008.375,119.0,0.0,0.3125,0.0
45,1681,B-bin/A-base,0,63,797,exposed,0.0,2048.0,119.0,0.0,0.4375,0.0
45,1681,A-bin/B-base,"(.25,.5]",64,3703,unexposed,0.5,1495.125,89.0,0.25,0.375,0.0625
45,1681,B-bin/A-base,"(.25,.5]",64,3703,unexposed,0.4375,1600.125,89.0,0.3125,0.375,0.0625
45,1681,A-bin/B-base,"(.25,.5]",65,1501,exposed,0.375,1678.0625,78.0,0.4375,0.4375,0.1875
45,1681,B-bin/A-base,"(.25,.5]",65,1501,exposed,0.4375,1411.6875,78.0,0.375,0.3125,0.3125
45,1681,A-bin/B-base,"(0,.25]",66,39,exposed,0.0,1903.375,103.0,0.1875,0.6875,-0.0625
45,1681,B-bin/A-base,0,66,39,exposed,0.125,1926.9375,103.0,0.0625,0.6875,-0.125
45,1681,A-bin/B-base,"(0,.25]",67,1330,exposed,0.0625,1993.375,113.0,0.0,0.5625,-0.125
45,1681,B-bin/A-base,"(0,.25]",67,1330,exposed,0.1875,1881.1875,113.0,-0.125,0.3125,-0.125
45,1681,A-bin/B-base,"(.25,.5]",68,3495,unexposed,0.25,1842.5625,89.0,0.125,0.25,0.25
45,1681,B-bin/A-base,"(0,.25]",68,3495,unexposed,0.4375,1749.4375,89.0,-0.0625,0.0625,-0.0625
45,1681,A-bin/B-base,"(.5,.75]",69,3105,unexposed,0.5625,1369.5625,67.0,0.3125,0.3125,0.25
45,1681,B-bin/A-base,"(.5,.75]",69,3105,unexposed,0.625,1351.75,67.0,0.25,0.25,0.1875
45,1681,A-bin/B-base,"(.5,.75]",70,2025,unexposed,0.9375,821.875,67.0,0.0625,0.0625,0.0
45,1681,B-bin/A-base,"(.75,1)",70,2025,unexposed,0.75,1077.5,67.0,0.25,0.1875,0.125
45,1681,A-bin/B-base,"(.5,.75]",71,736,exposed,0.75,858.5,100.0,0.0,0.0625,-0.0625
45,1681,B-bin/A-base,"(.5,.75]",71,736,exposed,0.75,899.9375,100.0,0.0,0.125,-0.125
45,1681,A-bin/B-base,"(0,.25]",72,199,exposed,0.25,1594.4375,117.0,0.4375,0.375,0.3125
45,1681,B-bin/A-base,"(0,.25]",72,199,exposed,0.25,1688.6875,117.0,0.4375,0.4375,0.375
45,1681,A-bin/B-base,"(.25,.5]",73,568,exposed,0.8125,1218.875,102.0,0.0,0.0625,-0.0625
45,1681,B-bin/A-base,"(.75,1)",73,568,exposed,0.5,1351.4375,102.0,0.3125,0.25,0.1875
45,1681,A-bin/B-base,"(.25,.5]",74,994,exposed,0.6875,1433.5,89.0,-0.0625,-0.0625,-0.25
45,1681,B-bin/A-base,"(.5,.75]",74,994,exposed,0.4375,1423.6875,89.0,0.1875,0.125,0.0625
45,1681,A-bin/B-base,"(.25,.5]",75,819,exposed,0.3125,1765.875,88.0,0.5625,0.625,0.3125
45,1681,B-bin/A-base,"(.25,.5]",75,819,exposed,0.5,1507.5,88.0,0.375,0.375,0.0
45,1681,A-bin/B-base,"(0,.25]",76,2871,unexposed,0.0625,1876.0625,67.0,-0.0625,0.125,-0.1875
45,1681,B-bin/A-base,"(0,.25]",76,2871,unexposed,0.0625,1902.375,67.0,-0.0625,0.125,-0.1875
45,1681,A-bin/B-base,"(0,.25]",77,1542,exposed,0.5,1306.5,81.0,0.25,0.3125,0.0625
45,1681,B-bin/A-base,"(.25,.5]",77,1542,exposed,0.1875,1744.625,81.0,0.5625,0.5625,0.3125
45,1681,A-bin/B-base,"(0,.25]",78,2244,unexposed,0.125,1331.9375,92.0,0.1875,0.25,0.125
45,1681,B-bin/A-base,"(0,.25]",78,2244,unexposed,0.1875,1515.4375,92.0,0.125,0.3125,0.0625
45,1681,A-bin/B-base,"(.75,1)",79,2577,unexposed,0.75,1011.0625,61.0,0.25,0.1875,0.0625
45,1681,B-bin/A-base,"(.5,.75]",79,2577,unexposed,0.9375,671.5,61.0,0.0625,0.0625,0.0625
45,1681,A-bin/B-base,"(0,.25]",80,251,exposed,0.1875,1815.3125,91.0,0.0625,0.625,-0.125
45,1681,B-bin/A-base,"(0,.25]",80,251,exposed,0.0625,1800.6875,91.0,0.1875,0.5625,0.0
45,1681,A-bin/B-base,"(0,.25]",81,2717,unexposed,0.0625,1754.125,131.0,0.1875,0.25,0.25
45,1681,B-bin/A-base,"(0,.25]",81,2717,unexposed,0.25,1773.9375,131.0,0.0,0.375,-0.0625
45,1681,A-bin/B-base,"(.25,.5]",82,123,exposed,0.375,1516.8125,77.0,0.375,0.375,0.4375
45,1681,B-bin/A-base,"(.25,.5]",82,123,exposed,0.375,1556.3125,77.0,0.375,0.25,0.5625
45,1681,A-bin/B-base,"(.25,.5]",83,3463,unexposed,0.375,1629.75,95.0,0.1875,0.3125,0.125
45,1681,B-bin/A-base,"(.25,.5]",83,3463,unexposed,0.375,1643.6875,95.0,0.1875,0.3125,0.0
45,1681,A-bin/B-base,"(.25,.5]",84,2997,unexposed,0.125,1834.625,90.0,0.4375,0.4375,0.25
45,1681,B-bin/A-base,"(0,.25]",84,2997,unexposed,0.3125,1757.375,90.0,0.25,0.4375,0.0625
45,1681,A-bin/B-base,"(.25,.5]",85,390,exposed,0.4375,1584.875,95.0,0.1875,0.1875,0.0625
45,1681,B-bin/A-base,"(.25,.5]",85,390,exposed,0.3125,1810.6875,95.0,0.3125,0.375,0.1875
45,1681,A-bin/B-base,"(.25,.5]",86,367,exposed,0.625,1425.25,73.0,0.25,0.375,0.0625
45,1681,B-bin/A-base,"(.5,.75]",86,367,exposed,0.5,1348.125,73.0,0.375,0.375,0.0625
45,1681,A-bin/B-base,"(0,.25]",87,2892,unexposed,0.25,1394.1875,83.0,0.125,0.25,0.125
45,1681,B-bin/A-base,"(0,.25]",87,2892,unexposed,0.25,1666.25,83.0,0.125,0.4375,-0.1875
45,1681,A-bin/B-base,"(.25,.5]",88,2531,unexposed,0.5,1156.75,66.0,-0.0625,0.25,-0.125
45,1681,B-bin/A-base,"(.25,.5]",88,2531,unexposed,0.4375,1386.1875,66.0,0.0,0.375,-0.125
45,1681,A-bin/B-base,"(0,.25]",89,1105,exposed,0.1875,1820.0,92.0,-0.0625,0.1875,-0.1875
45,1681,B-bin/A-base,"(0,.25]",89,1105,exposed,0.125,1921.0,92.0,0.0,0.375,-0.1875
45,1681,A-bin/B-base,"(0,.25]",90,847,exposed,0.0625,1830.625,82.0,0.0,0.4375,-0.0625
45,1681,B-bin/A-base,"(0,.25]",90,847,exposed,0.0625,1744.5,82.0,0.0,0.375,0.0
45,1681,A-bin/B-base,"(0,.25]",91,3041,unexposed,0.125,1928.5625,108.0,0.3125,0.4375,0.3125
45,1681,B-bin/A-base,"(0,.25]",91,3041,unexposed,0.125,1938.6875,108.0,0.3125,0.4375,0.0
45,1681,A-bin/B-base,"(0,.25]",92,3214,unexposed,0.3125,1770.1875,101.0,0.25,0.3125,0.125
45,1681,B-bin/A-base,"(.25,.5]",92,3214,unexposed,0.125,1737.6875,101.0,0.4375,0.5625,0.375
45,1681,A-bin/B-base,"(.5,.75]",93,2614,unexposed,0.375,1637.5,78.0,0.5625,0.5625,0.1875
45,1681,B-bin/A-base,"(.25,.5]",93,2614,unexposed,0.75,1292.1875,78.0,0.1875,0.25,-0.0625
45,1681,A-bin/B-base,"(.5,.75]",94,2192,unexposed,0.5625,1430.5,62.0,0.3125,0.3125,0.0
45,1681,B-bin/A-base,"(.5,.75]",94,2192,unexposed,0.5625,1469.5625,62.0,0.3125,0.3125,0.0625
45,1681,A-bin/B-base,"(0,.25]",95,610,exposed,0.0,1839.625,92.0,0.0625,0.3125,0.0625
45,1681,B-bin/A-base,0,95,610,exposed,0.125,1845.875,92.0,-0.0625,0.375,-0.0625
45,1681,A-bin/B-base,"(.75,1)",96,2987,unexposed,0.6875,1254.4375,98.0,0.0625,0.1875,0.0625
45,1681,B-bin/A-base,"(.5,.75]",96,2987,unexposed,0.8125,1279.3125,98.0,-0.0625,0.0625,-0.0625
45,1681,A-bin/B-base,0,97,315,exposed,0.0,1943.5625,135.0,0.0625,0.4375,0.0625
45,1681,B-bin/A-base,0,97,315,exposed,0.0,1900.375,135.0,0.0625,0.375,0.0625
45,1681,A-bin/B-base,"(.25,.5]",98,2219,unexposed,0.375,1332.1875,113.0,0.25,0.125,0.3125
45,1681,B-bin/A-base,"(.25,.5]",98,2219,unexposed,0.3125,1704.625,113.0,0.3125,0.3125,0.3125
45,1681,A-bin/B-base,0,99,2965,unexposed,0.0,1956.1875,123.0,0.0625,0.0,0.125
45,1681,B-bin/A-base,0,99,2965,unexposed,0.0,2048.0,123.0,0.0625,0.125,0.125
45,1681,A-bin/B-base,"(.25,.5]",100,2174,unexposed,0.25,1596.0,83.0,0.5625,0.5625,0.375
45,1681,B-bin/A-base,"(0,.25]",100,2174,unexposed,0.375,1725.4375,83.0,0.4375,0.5,0.0625
45,1681,A-bin/B-base,"(0,.25]",101,2112,unexposed,0.3125,1613.0625,136.0,0.3125,0.4375,0.0
45,1681,B-bin/A-base,"(.25,.5]",101,2112,unexposed,0.25,1615.3125,136.0,0.375,0.4375,0.125
45,1681,A-bin/B-base,"(0,.25]",102,2739,unexposed,0.375,1595.75,97.0,0.0625,0.0625,-0.0625
45,1681,B-bin/A-base,"(.25,.5]",102,2739,unexposed,0.1875,1837.875,97.0,0.25,0.4375,0.0625
45,1681,A-bin/B-base,0,103,824,exposed,0.0,2048.0,131.0,0.125,0.25,0.1875
45,1681,B-bin/A-base,0,103,824,exposed,0.0,1974.1875,131.0,0.125,0.125,0.25
45,1681,A-bin/B-base,"(.5,.75]",104,1749,unexposed,0.4375,1691.5625,72.0,0.4375,0.5,0.0625
45,1681,B-bin/A-base,"(.25,.5]",104,1749,unexposed,0.75,1237.375,72.0,0.125,0.125,0.125
45,1681,A-bin/B-base,"(.5,.75]",105,1613,exposed,0.5625,1454.6875,61.0,0.125,0.1875,-0.0625
45,1681,B-bin/A-base,"(.5,.75]",105,1613,exposed,0.5625,1228.375,61.0,0.125,0.1875,-0.0625
45,1681,A-bin/B-base,"(.5,.75]",106,492,exposed,0.8125,1186.1875,70.0,0.125,0.125,0.0625
45,1681,B-bin/A-base,"(.75,1)",106,492,exposed,0.75,1110.0625,70.0,0.1875,0.25,-0.0625
45,1681,A-bin/B-base,"(0,.25]",107,2541,unexposed,0.125,1691.0625,121.0,0.1875,0.375,0.125
45,1681,B-bin/A-base,"(0,.25]",107,2541,unexposed,0.125,1855.0625,121.0,0.1875,0.625,0.0
45,1681,A-bin/B-base,"(.25,.5]",108,2893,unexposed,0.1875,1713.25,86.0,0.0625,0.3125,-0.125
45,1681,B-bin/A-base,"(0,.25]",108,2893,unexposed,0.3125,1395.4375,86.0,-0.0625,0.125,-0.25
45,1681,A-bin/B-base,"(.25,.5]",109,2397,unexposed,0.625,1327.4375,75.0,-0.1875,-0.0625,-0.25
45,1681,B-bin/A-base,"(.5,.75]",109,2397,unexposed,0.5,1525.0625,75.0,-0.0625,0.125,-0.25
45,1681,A-bin/B-base,"(.5,.75]",110,3389,unexposed,0.4375,1443.3125,98.0,0.5625,0.4375,0.1875
45,1681,B-bin/A-base,"(.25,.5]",110,3389,unexposed,0.5625,1244.375,98.0,0.4375,0.375,0.25
45,1681,A-bin/B-base,"(.75,1)",111,3703,unexposed,0.625,1245.375,83.0,0.375,0.375,0.125
45,1681,B-bin/A-base,"(.5,.75]",111,3703,unexposed,0.8125,1155.3125,83.0,0.1875,0.1875,0.125
45,1681,A-bin/B-base,"(.25,.5]",112,3659,unexposed,0.625,1207.5,112.0,0.1875,0.125,0.0625
45,1681,B-bin/A-base,"(.5,.75]",112,3659,unexposed,0.5,1331.9375,112.0,0.3125,0.25,0.1875
45,1681,A-bin/B-base,"(.5,.75]",113,1977,unexposed,0.75,975.25,86.0,-0.0625,0.125,-0.25
45,1681,B-bin/A-base,"(.5,.75]",113,1977,unexposed,0.5625,1274.3125,86.0,0.125,0.25,0.0625
45,1681,A-bin/B-base,"(.75,1)",114,712,exposed,0.8125,1154.875,61.0,0.1875,0.1875,0.0625
45,1681,B-bin/A-base,"(.75,1)",114,712,exposed,0.8125,1039.3125,61.0,0.1875,0.125,0.0625
45,1681,A-bin/B-base,"(.25,.5]",115,475,exposed,0.25,1790.6875,84.0,0.3125,0.3125,0.1875
45,1681,B-bin/A-base,"(0,.25]",115,475,exposed,0.5,1635.8125,84.0,0.0625,0.0,0.0
45,1681,A-bin/B-base,0,116,395,exposed,0.0,2006.1875,132.0,0.0,0.4375,-0.0625
45,1681,B-bin/A-base,0,116,395,exposed,0.0,1803.5625,132.0,0.0,0.25,0.0
45,1681,A-bin/B-base,0,117,2801,unexposed,0.0,2048.0,126.0,0.0,0.125,-0.0625
45,1681,B-bin/A-base,0,117,2801,unexposed,0.0,2048.0,126.0,0.0,0.125,-0.0625
45,1681,A-bin/B-base,"(0,.25]",118,3502,unexposed,0.0,1720.1875,79.0,0.0,0.4375,-0.125
45,1681,B-bin/A-base,0,118,3502,unexposed,0.0625,1437.1875,79.0,-0.0625,0.125,-0.0625
45,1681,A-bin/B-base,"(.25,.5]",119,1625,exposed,0.25,1812.75,72.0,0.375,0.5,0.125
45,1681,B-bin/A-base,"(0,.25]",119,1625,exposed,0.375,1805.5625,72.0,0.25,0.375,-0.125
45,1681,A-bin/B-base,"(.25,.5]",120,427,exposed,0.25,1649.1875,97.0,0.625,0.625,0.4375
45,1681,B-bin/A-base,"(0,.25]",120,427,exposed,0.375,1407.3125,97.0,0.5,0.375,0.375
45,1681,A-bin/B-base,0,121,3324,unexposed,0.0625,1994.5625,98.0,-0.0625,0.1875,-0.25
45,1681,B-bin/A-base,"(0,.25]",121,3324,unexposed,0.0,1941.5,98.0,0.0,0.1875,0.0625
45,1681,A-bin/B-base,"(0,.25]",122,1758,unexposed,0.125,1872.1875,108.0,0.3125,0.5,0.25
45,1681,B-bin/A-base,"(0,.25]",122,1758,unexposed,0.0625,1887.6875,108.0,0.375,0.5625,0.3125
45,1681,A-bin/B-base,"(0,.25]",123,1131,exposed,0.125,1805.5625,100.0,0.4375,0.4375,0.25
45,1681,B-bin/A-base,"(0,.25]",123,1131,exposed,0.1875,1950.5,100.0,0.375,0.5,0.25
45,1681,A-bin/B-base,"(.25,.5]",124,256,exposed,0.4375,1638.8125,96.0,0.1875,0.25,0.1875
45,1681,B-bin/A-base,"(.25,.5]",124,256,exposed,0.3125,1603.875,96.0,0.3125,0.3125,0.3125
45,1681,A-bin/B-base,"(.5,.75]",125,404,exposed,0.8125,1134.4375,66.0,0.0625,0.1875,-0.0625
45,1681,B-bin/A-base,"(.75,1)",125,404,exposed,0.5625,1457.5,66.0,0.3125,0.3125,0.125
45,1681,A-bin/B-base,"(.75,1)",126,553,exposed,0.75,1332.125,62.0,0.1875,0.25,-0.0625
45,1681,B-bin/A-base,"(.5,.75]",126,553,exposed,0.8125,1196.625,62.0,0.125,0.1875,0.0
45,1681,A-bin/B-base,"(.5,.75]",127,2792,unexposed,0.5,1561.0,107.0,0.3125,0.3125,0.1875
45,1681,B-bin/A-base,"(.25,.5]",127,2792,unexposed,0.5625,1617.5625,107.0,0.25,0.3125,0.0625
45,1681,A-bin/B-base,"(0,.25]",128,3467,unexposed,0.1875,1837.0,108.0,0.3125,0.25,0.1875
45,1681,B-bin/A-base,"(0,.25]",128,3467,unexposed,0.125,1827.375,108.0,0.375,0.4375,0.25
45,1681,A-bin/B-base,0,129,2670,unexposed,0.0625,1892.5625,76.0,0.0,0.3125,0.0
45,1681,B-bin/A-base,"(0,.25]",129,2670,unexposed,0.0,2038.375,76.0,0.0625,0.5,0.0625
45,1681,A-bin/B-base,"(.75,1)",130,2949,unexposed,0.8125,1001.5625,100.0,0.0,0.1875,-0.125
45,1681,B-bin/A-base,"(.75,1)",130,2949,unexposed,0.9375,795.6875,100.0,-0.125,0.0625,-0.1875
45,1681,A-bin/B-base,"(0,.25]",131,567,exposed,0.1875,1965.9375,134.0,0.125,0.5625,0.1875
45,1681,B-bin/A-base,"(0,.25]",131,567,exposed,0.125,1903.125,134.0,0.1875,0.5625,0.25
45,1681,A-bin/B-base,"(.5,.75]",132,2756,unexposed,0.4375,1413.5,67.0,0.25,0.375,0.0
45,1681,B-bin/A-base,"(.25,.5]",132,2756,unexposed,0.75,1213.0,67.0,-0.0625,0.1875,-0.0625
45,1681,A-bin/B-base,"(.25,.5]",133,3420,unexposed,0.375,1758.6875,86.0,0.0625,0.4375,-0.1875
45,1681,B-bin/A-base,"(.25,.5]",133,3420,unexposed,0.4375,1500.875,86.0,0.0,0.3125,-0.125
45,1681,A-bin/B-base,"(0,.25]",134,1395,exposed,0.0,1623.375,96.0,0.0,0.25,-0.0625
45,1681,B-bin/A-base,0,134,1395,exposed,0.0625,1590.4375,96.0,-0.0625,0.25,-0.0625
45,1681,A-bin/B-base,"(.5,.75]",135,1720,unexposed,0.75,1226.875,75.0,0.125,0.125,0.0625
45,1681,B-bin/A-base,"(.5,.75]",135,1720,unexposed,0.6875,1189.625,75.0,0.1875,0.125,0.1875
45,1681,A-bin/B-base,"(0,.25]",136,3349,unexposed,0.125,1894.6875,95.0,0.5,0.6875,0.1875
45,1681,B-bin/A-base,"(0,.25]",136,3349,unexposed,0.25,1808.5,95.0,0.375,0.625,0.3125
45,1681,A-bin/B-base,"(.5,.75]",137,2702,unexposed,0.3125,1774.0,95.0,0.25,0.3125,0.125
45,1681,B-bin/A-base,"(.25,.5]",137,2702,unexposed,0.5625,1373.4375,95.0,0.0,0.125,0.0625
45,1681,A-bin/B-base,"(0,.25]",138,69,exposed,0.0625,2040.0,85.0,0.375,0.5,0.0
45,1681,B-bin/A-base,"(0,.25]",138,69,exposed,0.1875,1819.25,85.0,0.25,0.3125,0.1875
45,1681,A-bin/B-base,0,139,717,exposed,0.125,1923.9375,118.0,0.3125,0.375,0.125
45,1681,B-bin/A-base,"(0,.25]",139,717,exposed,0.0,2048.0,118.0,0.4375,0.5625,0.4375
45,1681,A-bin/B-base,"(.25,.5]",140,3548,unexposed,0.25,1818.5,98.0,0.3125,0.5625,0.1875
45,1681,B-bin/A-base,"(0,.25]",140,3548,unexposed,0.3125,1824.5625,98.0,0.25,0.5,0.0625
45,1681,A-bin/B-base,"(0,.25]",141,2344,unexposed,0.3125,1295.6875,73.0,0.25,0.0625,0.1875
45,1681,B-bin/A-base,"(.25,.5]",141,2344,unexposed,0.1875,1803.5,73.0,0.375,0.625,0.1875
45,1681,A-bin/B-base,0,142,2983,unexposed,0.0625,1951.25,96.0,0.0,0.125,-0.125
45,1681,B-bin/A-base,"(0,.25]",142,2983,unexposed,0.0,1982.75,96.0,0.0625,0.125,-0.0625
45,1681,A-bin/B-base,"(.25,.5]",143,1988,unexposed,0.4375,1596.25,89.0,-0.1875,0.125,-0.25
45,1681,B-bin/A-base,"(.25,.5]",143,1988,unexposed,0.3125,1628.6875,89.0,-0.0625,0.1875,-0.1875
45,1681,A-bin/B-base,"(0,.25]",144,2233,unexposed,0.1875,1844.875,130.0,0.3125,0.25,0.0
45,1681,B-bin/A-base,"(0,.25]",144,2233,unexposed,0.25,1823.5,130.0,0.25,0.1875,-0.0625
45,1681,A-bin/B-base,"(.5,.75]",145,341,exposed,0.375,1507.3125,77.0,0.4375,0.5,0.25
45,1681,B-bin/A-base,"(.25,.5]",145,341,exposed,0.6875,1390.75,77.0,0.125,0.3125,-0.0625
45,1681,A-bin/B-base,"(0,.25]",146,2855,unexposed,0.0625,1781.75,93.0,0.5625,0.5625,0.4375
45,1681,B-bin/A-base,"(0,.25]",146,2855,unexposed,0.25,1853.3125,93.0,0.375,0.625,0.1875
45,1681,A-bin/B-base,"(.75,1)",147,3479,unexposed,0.6875,1145.5,76.0,0.3125,0.3125,0.125
45,1681,B-bin/A-base,"(.5,.75]",147,3479,unexposed,0.8125,1146.3125,76.0,0.1875,0.1875,0.0625
45,1681,A-bin/B-base,"(.5,.75]",148,1844,unexposed,0.1875,1751.75,70.0,0.4375,0.625,0.125
45,1681,B-bin/A-base,"(0,.25]",148,1844,unexposed,0.5625,1222.4375,70.0,0.0625,0.3125,-0.125
45,1681,A-bin/B-base,"(.5,.75]",149,2777,unexposed,0.5,1480.6875,67.0,0.25,0.25,0.0
45,1681,B-bin/A-base,"(.25,.5]",149,2777,unexposed,0.5625,1539.8125,67.0,0.1875,0.1875,0.25
45,1681,A-bin/B-base,"(.5,.75]",150,1598,exposed,0.4375,1392.5625,75.0,0.3125,0.375,0.0625
45,1681,B-bin/A-base,"(.25,.5]",150,1598,exposed,0.75,1070.625,75.0,0.0,0.125,-0.125
45,1681,A-bin/B-base,"(.25,.5]",151,806,exposed,0.5625,1342.3125,75.0,0.0,0.25,-0.125
45,1681,B-bin/A-base,"(.5,.75]",151,806,exposed,0.5,1214.375,75.0,0.0625,0.125,0.125
45,1681,A-bin/B-base,"(.5,.75]",152,297,exposed,0.5625,1406.5625,65.0,0.1875,0.375,0.0
45,1681,B-bin/A-base,"(.5,.75]",152,297,exposed,0.6875,1462.625,65.0,0.0625,0.25,-0.0625
45,1681,A-bin/B-base,"(.25,.5]",153,301,exposed,0.4375,1424.3125,92.0,0.0,0.25,-0.0625
45,1681,B-bin/A-base,"(.25,.5]",153,301,exposed,0.3125,1429.8125,92.0,0.125,0.1875,0.0625
45,1681,A-bin/B-base,"(.25,.5]",154,1899,unexposed,0.4375,1612.3125,97.0,0.1875,0.25,0.0625
45,1681,B-bin/A-base,"(.25,.5]",154,1899,unexposed,0.3125,1864.9375,97.0,0.3125,0.4375,0.0625
45,1681,A-bin/B-base,"(.25,.5]",155,1281,exposed,0.125,1567.5625,88.0,0.4375,0.375,0.4375
45,1681,B-bin/A-base,"(0,.25]",155,1281,exposed,0.375,1622.3125,88.0,0.1875,0.3125,0.3125
45,1681,A-bin/B-base,"(.5,.75]",156,2984,unexposed,0.6875,1453.3125,99.0,0.1875,0.1875,0.0625
45,1681,B-bin/A-base,"(.5,.75]",156,2984,unexposed,0.5625,1530.9375,99.0,0.3125,0.375,0.0
45,1681,A-bin/B-base,"(.25,.5]",157,2537,unexposed,0.5,1607.5625,91.0,0.1875,0.25,0.0625
45,1681,B-bin/A-base,"(.25,.5]",157,2537,unexposed,0.3125,1775.5625,91.0,0.375,0.4375,0.3125
45,1681,A-bin/B-base,"(.25,.5]",158,1296,exposed,0.0625,1989.875,76.0,0.625,0.625,0.3125
45,1681,B-bin/A-base,"(0,.25]",158,1296,exposed,0.4375,1519.5625,76.0,0.25,0.25,0.1875
45,1681,A-bin/B-base,"(0,.25]",159,13,exposed,0.0625,1804.5,74.0,0.125,0.4375,0.125
45,1681,B-bin/A-base,"(0,.25]",159,13,exposed,0.0625,1836.0625,74.0,0.125,0.5,0.125
45,1681,A-bin/B-base,0,160,2266,unexposed,0.0,1828.3125,99.0,0.0,0.5,0.0
45,1681,B-bin/A-base,0,160,2266,unexposed,0.0,1536.25,99.0,0.0,0.4375,0.0
45,1681,A-bin/B-base,"(.75,1)",161,2400,unexposed,0.6875,1223.5,70.0,0.0625,0.125,0.0
45,1681,B-bin/A-base,"(.5,.75]",161,2400,unexposed,0.875,938.5625,70.0,-0.125,0.0,-0.125
45,1681,A-bin/B-base,"(0,.25]",162,3224,unexposed,0.1875,1715.9375,95.0,0.125,0.4375,0.1875
45,1681,B-bin/A-base,"(0,.25]",162,3224,unexposed,0.0625,1676.6875,95.0,0.25,0.5,0.25
45,1681,A-bin/B-base,"(.25,.5]",163,3446,unexposed,0.625,1459.8125,113.0,0.0625,0.125,0.0
45,1681,B-bin/A-base,"(.5,.75]",163,3446,unexposed,0.5,1436.875,113.0,0.1875,0.1875,0.0625
45,1681,A-bin/B-base,"(.5,.75]",164,760,exposed,0.5,1236.4375,83.0,0.125,0.125,0.0
45,1681,B-bin/A-base,"(.25,.5]",164,760,exposed,0.5625,1059.75,83.0,0.0625,0.0,-0.0625
45,1681,A-bin/B-base,0,165,643,exposed,0.0,1823.125,107.0,0.1875,0.25,0.1875
45,1681,B-bin/A-base,0,165,643,exposed,0.0,2048.0,107.0,0.1875,0.625,0.125
45,1681,A-bin/B-base,"(0,.25]",166,619,exposed,0.125,1957.125,123.0,0.25,0.375,0.3125
45,1681,B-bin/A-base,"(0,.25]",166,619,exposed,0.125,2016.0,123.0,0.25,0.5,-0.0625
45,1681,A-bin/B-base,0,167,3511,unexposed,0.0,1537.75,101.0,0.0,0.375,0.0
45,1681,B-bin/A-base,0,167,3511,unexposed,0.0,1496.9375,101.0,0.0,0.375,0.0
45,1681,A-bin/B-base,"(.75,1)",168,172,exposed,0.875,1116.75,108.0,0.0,0.0625,0.0
45,1681,B-bin/A-base,"(.75,1)",168,172,exposed,0.8125,1108.625,108.0,0.0625,0.0625,-0.0625
45,1681,A-bin/B-base,"(0,.25]",169,2014,unexposed,0.0,1840.9375,73.0,0.375,0.4375,0.1875
45,1681,B-bin/A-base,0,169,2014,unexposed,0.125,1885.375,73.0,0.25,0.4375,0.125
45,1681,A-bin/B-base,"(.5,.75]",170,4,exposed,0.5625,1456.5,57.0,0.3125,0.25,0.25
45,1681,B-bin/A-base,"(.5,.75]",170,4,exposed,0.5625,1562.75,57.0,0.3125,0.3125,0.25
45,1681,A-bin/B-base,0,171,3438,unexposed,0.0625,1976.0625,77.0,0.1875,0.5625,0.1875
45,1681,B-bin/A-base,"(0,.25]",171,3438,unexposed,0.0,2030.75,77.0,0.25,0.625,0.125
45,1681,A-bin/B-base,"(.5,.75]",172,129,exposed,0.5625,1423.625,74.0,0.25,0.3125,0.0
45,1681,B-bin/A-base,"(.5,.75]",172,129,exposed,0.5625,1329.6875,74.0,0.25,0.25,-0.0625
45,1681,A-bin/B-base,"(0,.25]",173,911,exposed,0.0,2048.0,93.0,0.0,0.3125,0.125
45,1681,B-bin/A-base,0,173,911,exposed,0.125,1948.1875,93.0,-0.125,0.125,-0.125
45,1681,A-bin/B-base,"(.5,.75]",174,1321,exposed,0.5,1379.3125,78.0,0.0,0.0625,-0.125
45,1681,B-bin/A-base,"(.25,.5]",174,1321,exposed,0.625,1264.125,78.0,-0.125,0.0,-0.1875
45,1681,A-bin/B-base,"(0,.25]",175,258,exposed,0.1875,2000.875,171.0,0.125,0.375,-0.125
45,1681,B-bin/A-base,"(0,.25]",175,258,exposed,0.0625,2029.6875,171.0,0.25,0.5,-0.0625
45,1681,A-bin/B-base,1,176,1708,unexposed,0.8125,1097.875,61.0,0.1875,0.1875,0.0625
45,1681,B-bin/A-base,"(.75,1)",176,1708,unexposed,1.0,752.125,61.0,0.0,0.0,0.0
45,1681,A-bin/B-base,"(.25,.5]",177,1555,exposed,0.3125,1706.5,98.0,0.0625,0.5,0.0
45,1681,B-bin/A-base,"(.25,.5]",177,1555,exposed,0.375,1477.375,98.0,0.0,0.25,-0.1875
45,1681,A-bin/B-base,"(.25,.5]",178,3597,unexposed,0.5,1719.25,125.0,0.0625,0.125,0.0
45,1681,B-bin/A-base,"(.25,.5]",178,3597,unexposed,0.5,1457.5,125.0,0.0625,0.125,-0.0625
45,1681,A-bin/B-base,"(.25,.5]",179,1570,exposed,0.5625,1309.0,94.0,0.0,0.0,0.0625
45,1681,B-bin/A-base,"(.5,.75]",179,1570,exposed,0.3125,1586.5,94.0,0.25,0.3125,0.0
45,1681,A-bin/B-base,"(.75,1)",180,254,exposed,0.75,1104.5625,80.0,0.1875,0.1875,0.0625
45,1681,B-bin/A-base,"(.5,.75]",180,254,exposed,0.875,937.25,80.0,0.0625,0.0625,0.0625
45,1681,A-bin/B-base,"(0,.25]",181,935,exposed,0.0625,1973.9375,89.0,0.0,0.25,-0.0625
45,1681,B-bin/A-base,"(0,.25]",181,935,exposed,0.125,1865.4375,89.0,-0.0625,0.125,-0.3125
45,1681,A-bin/B-base,"(0,.25]",182,708,exposed,0.0625,1799.75,107.0,0.5,0.5625,0.4375
45,1681,B-bin/A-base,"(0,.25]",182,708,exposed,0.25,1517.25,107.0,0.3125,0.5,0.3125
45,1681,A-bin/B-base,"(0,.25]",183,3495,unexposed,0.0625,1904.875,106.0,0.5625,0.5625,0.4375
45,1681,B-bin/A-base,"(0,.25]",183,3495,unexposed,0.0625,1859.0,106.0,0.5625,0.5,0.5
45,1681,A-bin/B-base,0,184,496,exposed,0.125,1623.125,119.0,0.0,0.25,0.0
45,1681,B-bin/A-base,"(0,.25]",184,496,exposed,0.0,1981.5625,119.0,0.125,0.625,0.0625
45,1681,A-bin/B-base,"(.75,1)",185,1472,exposed,0.875,1054.4375,75.0,0.0625,0.125,-0.0625
45,1681,B-bin/A-base,"(.75,1)",185,1472,exposed,0.8125,1029.125,75.0,0.125,0.1875,0.0
45,1681,A-bin/B-base,"(.5,.75]",186,1175,exposed,0.625,1354.0,77.0,0.375,0.3125,0.1875
45,1681,B-bin/A-base,"(.5,.75]",186,1175,exposed,0.625,1354.9375,77.0,0.375,0.3125,0.0625
45,1681,A-bin/B-base,"(0,.25]",187,3231,unexposed,0.0,1958.3125,105.0,0.0,0.1875,-0.0625
45,1681,B-bin/A-base,0,187,3231,unexposed,0.0625,1997.9375,105.0,-0.0625,0.1875,-0.0625
45,1681,A-bin/B-base,"(.75,1)",188,1286,exposed,0.9375,778.3125,70.0,0.0625,0.0625,0.0
45,1681,B-bin/A-base,"(.75,1)",188,1286,exposed,0.875,905.625,70.0,0.125,0.125,0.0
45,1681,A-bin/B-base,"(0,.25]",189,668,exposed,0.1875,1783.75,83.0,0.1875,0.25,-0.125
45,1681,B-bin/A-base,"(0,.25]",189,668,exposed,0.25,1745.625,83.0,0.125,0.1875,0.0625
45,1681,A-bin/B-base,"(0,.25]",190,250,exposed,0.0,1938.375,68.0,0.1875,0.625,0.1875
45,1681,B-bin/A-base,0,190,250,exposed,0.125,1619.0625,68.0,0.0625,0.375,-0.0625
45,1681,A-bin/B-base,0,191,2307,unexposed,0.0,1931.5,98.0,0.0,0.25,-0.0625
45,1681,B-bin/A-base,0,191,2307,unexposed,0.0,1903.4375,98.0,0.0,0.3125,-0.0625
45,1681,A-bin/B-base,"(0,.25]",192,1084,exposed,0.3125,1645.1875,100.0,0.0,0.1875,0.0
45,1681,B-bin/A-base,"(.25,.5]",192,1084,exposed,0.25,1871.625,100.0,0.0625,0.3125,-0.1875
45,1681,A-bin/B-base,"(.25,.5]",193,876,exposed,0.1875,1734.3125,91.0,0.1875,0.4375,0.0625
45,1681,B-bin/A-base,"(0,.25]",193,876,exposed,0.5,1577.5625,91.0,-0.125,0.3125,-0.125
45,1681,A-bin/B-base,"(0,.25]",194,2585,unexposed,0.25,1450.875,109.0,0.5,0.375,0.375
45,1681,B-bin/A-base,"(0,.25]",194,2585,unexposed,0.25,1501.875,109.0,0.5,0.5,0.375
45,1681,A-bin/B-base,"(.5,.75]",195,2837,unexposed,0.6875,1385.5625,81.0,0.3125,0.3125,0.0625
45,1681,B-bin/A-base,"(.5,.75]",195,2837,unexposed,0.5625,1599.4375,81.0,0.4375,0.4375,0.125
45,1681,A-bin/B-base,"(.25,.5]",196,858,exposed,0.625,1368.125,61.0,0.125,0.125,-0.0625
45,1681,B-bin/A-base,"(.5,.75]",196,858,exposed,0.5,1406.625,61.0,0.25,0.25,0.0625
45,1681,A-bin/B-base,"(0,.25]",197,305,exposed,0.3125,1821.375,86.0,0.125,0.375,-0.25
45,1681,B-bin/A-base,"(.25,.5]",197,305,exposed,0.1875,1984.625,86.0,0.25,0.5625,0.0
45,1681,A-bin/B-base,"(0,.25]",198,1072,exposed,0.125,1956.0,93.0,0.0625,0.125,0.0625
45,1681,B-bin/A-base,"(0,.25]",198,1072,exposed,0.1875,1862.6875,93.0,0.0,0.125,0.0
45,1681,A-bin/B-base,"(0,.25]",199,2556,unexposed,0.0,2048.0,109.0,0.0625,0.3125,0.0625
45,1681,B-bin/A-base,0,199,2556,unexposed,0.1875,1824.9375,109.0,-0.125,0.125,-0.25
45,1681,A-bin/B-base,"(.25,.5]",200,3609,unexposed,0.6875,1400.375,109.0,-0.0625,0.1875,-0.0625
45,1681,B-bin/A-base,"(.5,.75]",200,3609,unexposed,0.375,1619.0625,109.0,0.25,0.4375,0.125
45,1681,A-bin/B-base,"(0,.25]",201,1506,exposed,0.0625,1857.8125,96.0,0.0625,0.3125,0.0625
45,1681,B-bin/A-base,"(0,.25]",201,1506,exposed,0.0625,1793.6875,96.0,0.0625,0.25,0.0625
45,1681,A-bin/B-base,"(.75,1)",202,609,exposed,0.875,1148.6875,67.0,-0.0625,-0.0625,-0.0625
45,1681,B-bin/A-base,"(.75,1)",202,609,exposed,0.875,925.1875,67.0,-0.0625,0.0,-0.125
45,1681,A-bin/B-base,"(.75,1)",203,1054,exposed,0.8125,967.875,69.0,0.1875,0.1875,0.0625
45,1681,B-bin/A-base,"(.75,1)",203,1054,exposed,0.8125,993.4375,69.0,0.1875,0.125,0.0625
45,1681,A-bin/B-base,"(0,.25]",204,2260,unexposed,0.375,1654.0,76.0,0.0,0.25,0.0
45,1681,B-bin/A-base,"(.25,.5]",204,2260,unexposed,0.25,1780.1875,76.0,0.125,0.375,0.0625
45,1681,A-bin/B-base,"(0,.25]",205,437,exposed,0.25,1774.4375,103.0,0.0625,0.25,0.0625
45,1681,B-bin/A-base,"(0,.25]",205,437,exposed,0.125,1740.5,103.0,0.1875,0.25,0.1875
45,1681,A-bin/B-base,"(0,.25]",206,3683,unexposed,0.4375,1816.375,97.0,0.4375,0.4375,0.3125
45,1681,B-bin/A-base,"(.25,.5]",206,3683,unexposed,0.25,1840.125,97.0,0.625,0.625,0.1875
45,1681,A-bin/B-base,"(.25,.5]",207,2090,unexposed,0.5625,1437.0,58.0,0.3125,0.375,0.125
45,1681,B-bin/A-base,"(.5,.75]",207,2090,unexposed,0.5,1390.875,58.0,0.375,0.4375,0.1875
45,1681,A-bin/B-base,"(.5,.75]",208,1607,exposed,0.75,1210.6875,87.0,0.0625,0.1875,-0.0625
45,1681,B-bin/A-base,"(.5,.75]",208,1607,exposed,0.6875,1224.125,87.0,0.125,0.25,0.0
45,1681,A-bin/B-base,"(.5,.75]",209,2724,unexposed,0.5,1451.375,66.0,0.25,0.375,0.0
45,1681,B-bin/A-base,"(.25,.5]",209,2724,unexposed,0.5625,1519.9375,66.0,0.1875,0.25,0.1875
45,1681,A-bin/B-base,"(.25,.5]",210,1448,exposed,0.25,1849.1875,68.0,0.5,0.5,0.125
45,1681,B-bin/A-base,"(0,.25]",210,1448,exposed,0.3125,1819.5625,68.0,0.4375,0.5,0.375
45,1681,A-bin/B-base,"(0,.25]",211,1498,exposed,0.125,1667.9375,116.0,-0.0625,0.0,0.1875
45,1681,B-bin/A-base,"(0,.25]",211,1498,exposed,0.0625,1580.9375,116.0,0.0,0.0625,0.0625
45,1681,A-bin/B-base,0,212,1457,exposed,0.0,2048.0,131.0,0.0,0.25,-0.25
45,1681,B-bin/A-base,0,212,1457,exposed,0.0,2016.1875,131.0,0.0,0.1875,-0.125
45,1681,A-bin/B-base,"(.5,.75]",213,1604,exposed,0.625,1350.625,92.0,0.1875,0.3125,0.0
45,1681,B-bin/A-base,"(.5,.75]",213,1604,exposed,0.5625,1609.6875,92.0,0.25,0.4375,0.0625
45,1681,A-bin/B-base,"(0,.25]",214,1143,exposed,0.0,1747.25,62.0,0.0,0.5,0.0
45,1681,B-bin/A-base,0,214,1143,exposed,0.0625,1876.0,62.0,-0.0625,0.5625,-0.0625
45,1681,A-bin/B-base,"(.25,.5]",215,1018,exposed,0.75,1359.8125,63.0,0.1875,0.1875,0.0
45,1681,B-bin/A-base,"(.5,.75]",215,1018,exposed,0.5,1537.625,63.0,0.4375,0.375,0.0625
45,1681,A-bin/B-base,"(.5,.75]",216,2440,unexposed,0.5,1525.4375,129.0,0.125,0.25,-0.0625
45,1681,B-bin/A-base,"(.25,.5]",216,2440,unexposed,0.75,1315.875,129.0,-0.125,0.0,-0.25
45,1681,A-bin/B-base,"(0,.25]",217,1509,exposed,0.0625,2034.75,73.0,-0.0625,0.0625,-0.0625
45,1681,B-bin/A-base,"(0,.25]",217,1509,exposed,0.1875,1936.4375,73.0,-0.1875,-0.0625,-0.125
45,1681,A-bin/B-base,"(0,.25]",218,2873,unexposed,0.125,1485.8125,71.0,0.0,0.125,-0.0625
45,1681,B-bin/A-base,"(0,.25]",218,2873,unexposed,0.125,1703.5,71.0,0.0,0.4375,-0.0625
45,1681,A-bin/B-base,"(0,.25]",219,1347,exposed,0.0,2011.25,107.0,0.25,0.625,0.0625
45,1681,B-bin/A-base,0,219,1347,exposed,0.0625,1810.375,107.0,0.1875,0.4375,-0.0625
45,1681,A-bin/B-base,"(0,.25]",220,1322,exposed,0.125,1988.4375,83.0,-0.0625,0.3125,0.0
45,1681,B-bin/A-base,"(0,.25]",220,1322,exposed,0.0625,2003.1875,83.0,0.0,0.3125,0.0625
45,1681,A-bin/B-base,"(.75,1)",221,1757,unexposed,0.875,870.75,69.0,0.0625,0.125,0.0
45,1681,B-bin/A-base,"(.75,1)",221,1757,unexposed,0.875,993.8125,69.0,0.0625,0.125,-0.0625
45,1681,A-bin/B-base,"(0,.25]",222,1488,exposed,0.4375,1378.5,87.0,0.0,0.25,0.0625
45,1681,B-bin/A-base,"(.25,.5]",222,1488,exposed,0.25,1590.5,87.0,0.1875,0.25,0.1875
45,1681,A-bin/B-base,"(0,.25]",223,91,exposed,0.0625,1962.75,94.0,0.0625,0.1875,-0.125
45,1681,B-bin/A-base,"(0,.25]",223,91,exposed,0.125,1682.375,94.0,0.0,0.0,0.0
45,1681,A-bin/B-base,0,224,1009,exposed,0.0,2048.0,79.0,0.25,0.375,0.0625
45,1681,B-bin/A-base,0,224,1009,exposed,0.0,1893.4375,79.0,0.25,0.1875,0.25
45,1681,A-bin/B-base,"(0,.25]",225,2450,unexposed,0.0,1948.625,130.0,0.3125,0.5,0.125
45,1681,B-bin/A-base,0,225,2450,unexposed,0.0625,1857.6875,130.0,0.25,0.4375,0.1875
45,1681,A-bin/B-base,"(0,.25]",226,3522,unexposed,0.4375,1657.375,77.0,-0.0625,0.1875,-0.1875
45,1681,B-bin/A-base,"(.25,.5]",226,3522,unexposed,0.1875,1777.4375,77.0,0.1875,0.4375,0.1875
45,1681,A-bin/B-base,"(.5,.75]",227,2849,unexposed,0.75,1430.4375,113.0,0.1875,0.125,0.125
45,1681,B-bin/A-base,"(.5,.75]",227,2849,unexposed,0.625,1375.0625,113.0,0.3125,0.3125,0.0625
45,1681,A-bin/B-base,"(0,.25]",228,3601,unexposed,0.0,1344.6875,81.0,0.0625,0.4375,0.0
45,1681,B-bin/A-base,0,228,3601,unexposed,0.125,1573.4375,81.0,-0.0625,0.3125,-0.125
45,1681,A-bin/B-base,"(0,.25]",229,1813,unexposed,0.0625,1289.375,87.0,0.25,0.0625,0.25
45,1681,B-bin/A-base,"(0,.25]",229,1813,unexposed,0.1875,1276.1875,87.0,0.125,0.0,0.1875
45,1681,A-bin/B-base,"(0,.25]",230,1389,exposed,0.0625,1925.1875,102.0,0.125,0.3125,0.125
45,1681,B-bin/A-base,"(0,.25]",230,1389,exposed,0.125,1755.5,102.0,0.0625,0.125,0.125
45,1681,A-bin/B-base,"(0,.25]",231,2900,unexposed,0.125,1946.1875,124.0,0.0,0.1875,0.1875
45,1681,B-bin/A-base,"(0,.25]",231,2900,unexposed,0.0625,1970.875,124.0,0.0625,0.25,0.1875
45,1681,A-bin/B-base,0,232,847,exposed,0.0,1599.3125,128.0,0.0,0.1875,0.0
45,1681,B-bin/A-base,0,232,847,exposed,0.0,1655.25,128.0,0.0,0.25,0.0
45,1681,A-bin/B-base,"(.25,.5]",233,1627,exposed,0.375,1238.625,88.0,-0.25,0.25,-0.3125
45,1681,B-bin/A-base,"(.25,.5]",233,1627,exposed,0.5,1151.6875,88.0,-0.375,0.1875,-0.5
45,1681,A-bin/B-base,0,234,1370,exposed,0.0,1945.125,98.0,0.125,0.5,0.125
45,1681,B-bin/A-base,0,234,1370,exposed,0.0,1985.5,98.0,0.125,0.5,0.125
45,1681,A-bin/B-base,"(0,.25]",235,1588,exposed,0.125,1694.5625,112.0,0.125,0.25,0.0
45,1681,B-bin/A-base,"(0,.25]",235,1588,exposed,0.0625,2043.5625,112.0,0.1875,0.5,0.1875
45,1681,A-bin/B-base,"(.75,1)",236,1467,exposed,0.75,1109.8125,84.0,0.25,0.25,0.1875
45,1681,B-bin/A-base,"(.5,.75]",236,1467,exposed,0.9375,934.5,84.0,0.0625,0.0625,0.0
45,1681,A-bin/B-base,"(0,.25]",237,606,exposed,0.0,1923.875,150.0,0.0,0.125,0.0
45,1681,B-bin/A-base,0,237,606,exposed,0.0625,2047.4375,150.0,-0.0625,0.1875,0.0
45,1681,A-bin/B-base,"(.25,.5]",238,799,exposed,0.4375,1424.0,102.0,0.5,0.4375,0.1875
45,1681,B-bin/A-base,"(.25,.5]",238,799,exposed,0.375,1491.5625,102.0,0.5625,0.5,0.0625
45,1681,A-bin/B-base,"(0,.25]",239,438,exposed,0.125,1933.0,106.0,0.0625,0.4375,0.0625
45,1681,B-bin/A-base,"(0,.25]",239,438,exposed,0.25,1749.6875,106.0,-0.0625,0.3125,-0.1875
45,1681,A-bin/B-base,"(.25,.5]",240,3233,unexposed,0.625,1340.5625,78.0,0.3125,0.3125,0.0
45,1681,B-bin/A-base,"(.5,.75]",240,3233,unexposed,0.5,1492.0625,78.0,0.4375,0.375,0.1875
45,1681,A-bin/B-base,"(.5,.75]",241,101,exposed,0.3125,1792.1875,90.0,0.5,0.5,0.3125
45,1681,B-bin/A-base,"(.25,.5]",241,101,exposed,0.625,1465.5,90.0,0.1875,0.125,0.3125
45,1681,A-bin/B-base,"(.5,.75]",242,3039,unexposed,0.375,1757.375,97.0,0.3125,0.3125,0.25
45,1681,B-bin/A-base,"(.25,.5]",242,3039,unexposed,0.75,1358.625,97.0,-0.0625,-0.125,0.0
45,1681,A-bin/B-base,"(0,.25]",243,1654,exposed,0.0625,1970.375,110.0,0.125,0.5,0.1875
45,1681,B-bin/A-base,"(0,.25]",243,1654,exposed,0.0625,1519.875,110.0,0.125,0.1875,0.0625
45,1681,A-bin/B-base,"(.75,1)",244,445,exposed,0.75,1341.0625,70.0,0.25,0.25,0.0625
45,1681,B-bin/A-base,"(.5,.75]",244,445,exposed,0.875,960.3125,70.0,0.125,0.125,0.0625
45,1681,A-bin/B-base,"(.25,.5]",245,90,exposed,0.375,1599.1875,78.0,0.375,0.375,0.125
45,1681,B-bin/A-base,"(.25,.5]",245,90,exposed,0.375,1647.4375,78.0,0.375,0.3125,0.1875
45,1681,A-bin/B-base,"(0,.25]",246,1277,exposed,0.0625,2038.0625,82.0,0.3125,0.4375,0.25
45,1681,B-bin/A-base,"(0,.25]",246,1277,exposed,0.0625,2002.25,82.0,0.3125,0.375,0.25
45,1681,A-bin/B-base,0,247,1273,exposed,0.0,1724.9375,130.0,0.0625,0.125,0.0
45,1681,B-bin/A-base,0,247,1273,exposed,0.0,1839.625,130.0,0.0625,0.125,-0.0625
45,1681,A-bin/B-base,0,248,3313,unexposed,0.0,2008.75,88.0,0.0625,0.3125,0.0625
45,1681,B-bin/A-base,0,248,3313,unexposed,0.0,1942.375,88.0,0.0625,0.1875,0.0625
45,1681,A-bin/B-base,"(.5,.75]",249,2230,unexposed,0.75,1165.9375,114.0,0.1875,0.1875,0.125
45,1681,B-bin/A-base,"(.5,.75]",249,2230,unexposed,0.625,1329.0625,114.0,0.3125,0.3125,0.125
45,1681,A-bin/B-base,0,250,1701,unexposed,0.125,1707.8125,82.0,0.1875,0.375,0.0
45,1681,B-bin/A-base,"(0,.25]",250,1701,unexposed,0.0,1759.1875,82.0,0.3125,0.5625,0.25
45,1681,A-bin/B-base,"(0,.25]",251,1384,exposed,0.125,1651.9375,91.0,0.0,0.4375,0.0
45,1681,B-bin/A-base,"(0,.25]",251,1384,exposed,0.1875,1826.5625,91.0,-0.0625,0.375,-0.1875
45,1681,A-bin/B-base,"(.5,.75]",252,2760,unexposed,0.8125,1088.6875,80.0,-0.0625,0.0625,-0.1875
45,1681,B-bin/A-base,"(.75,1)",252,2760,unexposed,0.5625,1490.5,80.0,0.1875,0.3125,0.0
45,1681,A-bin/B-base,0,253,2753,unexposed,0.125,1964.6875,111.0,0.1875,0.25,-0.125
45,1681,B-bin/A-base,"(0,.25]",253,2753,unexposed,0.0,2048.0,111.0,0.3125,0.375,0.1875
45,1681,A-bin/B-base,"(.25,.5]",254,3239,unexposed,0.25,1636.75,115.0,0.375,0.4375,0.125
45,1681,B-bin/A-base,"(0,.25]",254,3239,unexposed,0.3125,1820.4375,115.0,0.3125,0.4375,0.1875
45,1681,A-bin/B-base,"(.5,.75]",255,484,exposed,0.6875,1392.125,72.0,0.125,0.25,0.0
45,1681,B-bin/A-base,"(.5,.75]",255,484,exposed,0.625,1249.0,72.0,0.1875,0.25,0.0
65,2428,A-bin/B-base,"(.75,1)",0,595,exposed,0.875,1030.75,71.0,0.125,0.125,0.0625
65,2428,B-bin/A-base,"(.75,1)",0,595,exposed,0.8125,1172.3125,71.0,0.1875,0.1875,0.1875
65,2428,A-bin/B-base,"(0,.25]",1,2096,exposed,0.3125,1645.75,63.0,0.375,0.375,0.1875
65,2428,B-bin/A-base,"(.25,.5]",1,2096,exposed,0.25,1879.5625,63.0,0.4375,0.5625,0.25
65,2428,A-bin/B-base,"(0,.25]",2,1399,exposed,0.4375,1460.5,93.0,0.25,0.25,0.1875
65,2428,B-bin/A-base,"(.25,.5]",2,1399,exposed,0.125,1825.5625,93.0,0.5625,0.625,0.25
65,2428,A-bin/B-base,"(.5,.75]",3,2059,exposed,0.6875,1083.4375,86.0,0.25,0.3125,0.0625
65,2428,B-bin/A-base,"(.5,.75]",3,2059,exposed,0.5625,1172.25,86.0,0.375,0.375,0.1875
65,2428,A-bin/B-base,"(0,.25]",4,1217,exposed,0.375,1507.125,58.0,0.1875,0.4375,0.125
65,2428,B-bin/A-base,"(.25,.5]",4,1217,exposed,0.125,1654.0,58.0,0.4375,0.5,0.375
65,2428,A-bin/B-base,"(.25,.5]",5,2667,unexposed,0.625,1427.4375,97.0,0.25,0.1875,0.0625
65,2428,B-bin/A-base,"(.5,.75]",5,2667,unexposed,0.375,1634.625,97.0,0.5,0.4375,0.1875
65,2428,A-bin/B-base,"(.5,.75]",6,1939,exposed,0.625,1401.1875,89.0,0.125,0.25,-0.125
65,2428,B-bin/A-base,"(.5,.75]",6,1939,exposed,0.6875,1305.875,89.0,0.0625,0.125,-0.125
65,2428,A-bin/B-base,0,7,2767,unexposed,0.0,1893.0,138.0,0.1875,0.4375,0.1875
65,2428,B-bin/A-base,0,7,2767,unexposed,0.0,2048.0,138.0,0.1875,0.5625,0.1875
65,2428,A-bin/B-base,"(0,.25]",8,2957,unexposed,0.125,1784.875,142.0,0.1875,0.5,0.1875
65,2428,B-bin/A-base,"(0,.25]",8,2957,unexposed,0.1875,1672.875,142.0,0.125,0.4375,0.0625
65,2428,A-bin/B-base,"(0,.25]",9,383,exposed,0.0,1866.375,100.0,0.1875,0.5,0.1875
65,2428,B-bin/A-base,0,9,383,exposed,0.1875,1572.0625,100.0,0.0,0.25,-0.0625
65,2428,A-bin/B-base,0,10,3352,unexposed,0.0625,1940.875,108.0,0.0,-0.0625,0.0
65,2428,B-bin/A-base,"(0,.25]",10,3352,unexposed,0.0,2048.0,108.0,0.0625,0.0625,0.0625
65,2428,A-bin/B-base,0,11,2995,unexposed,0.0625,2035.8125,131.0,0.125,0.25,0.1875
65,2428,B-bin/A-base,"(0,.25]",11,2995,unexposed,0.0,2048.0,131.0,0.1875,0.3125,0.25
65,2428,A-bin/B-base,"(.25,.5]",12,364,exposed,0.625,1292.3125,72.0,0.375,0.375,0.1875
65,2428,B-bin/A-base,"(.5,.75]",12,364,exposed,0.4375,1645.625,72.0,0.5625,0.5625,0.125
65,2428,A-bin/B-base,"(0,.25]",13,2544,unexposed,0.0625,1785.625,100.0,0.1875,0.6875,0.0
65,2428,B-bin/A-base,"(0,.25]",13,2544,unexposed,0.1875,1532.6875,100.0,0.0625,0.5,-0.0625
65,2428,A-bin/B-base,"(0,.25]",14,1373,exposed,0.1875,1726.4375,62.0,0.25,0.3125,-0.0625
65,2428,B-bin/A-base,"(0,.25]",14,1373,exposed,0.25,1774.9375,62.0,0.1875,0.375,0.0625
65,2428,A-bin/B-base,0,15,175,exposed,0.0,1529.0625,102.0,0.0,0.0625,0.0
65,2428,B-bin/A-base,0,15,175,exposed,0.0,2048.0,102.0,0.0,0.5625,0.0
65,2428,A-bin/B-base,"(0,.25]",16,2651,unexposed,0.125,1822.25,88.0,0.5,0.5625,0.5
65,2428,B-bin/A-base,"(0,.25]",16,2651,unexposed,0.125,1954.625,88.0,0.5,0.6875,0.5
65,2428,A-bin/B-base,"(0,.25]",17,2342,exposed,0.0625,1853.25,112.0,0.1875,0.4375,0.0625
65,2428,B-bin/A-base,"(0,.25]",17,2342,exposed,0.125,1746.8125,112.0,0.125,0.25,0.0625
65,2428,A-bin/B-base,"(0,.25]",18,120,exposed,0.0,1827.125,96.0,0.0625,0.4375,-0.0625
65,2428,B-bin/A-base,0,18,120,exposed,0.1875,1855.0625,96.0,-0.125,0.375,-0.25
65,2428,A-bin/B-base,"(0,.25]",19,1169,exposed,0.1875,1857.5625,96.0,0.1875,0.625,0.0625
65,2428,B-bin/A-base,"(0,.25]",19,1169,exposed,0.25,1682.4375,96.0,0.125,0.5,-0.0625
65,2428,A-bin/B-base,"(.75,1)",20,3184,unexposed,0.875,1112.375,105.0,0.125,0.125,0.0
65,2428,B-bin/A-base,"(.75,1)",20,3184,unexposed,0.8125,1204.5,105.0,0.1875,0.1875,0.0
65,2428,A-bin/B-base,"(0,.25]",21,3351,unexposed,0.125,1961.875,83.0,0.375,0.5,0.3125
65,2428,B-bin/A-base,"(0,.25]",21,3351,unexposed,0.125,1898.875,83.0,0.375,0.4375,0.4375
65,2428,A-bin/B-base,0,22,1803,exposed,0.0,1864.125,91.0,0.25,0.4375,0.1875
65,2428,B-bin/A-base,0,22,1803,exposed,0.0,1954.3125,91.0,0.25,0.5,0.0
65,2428,A-bin/B-base,"(.5,.75]",23,731,exposed,0.5,1621.5625,89.0,0.0625,0.25,-0.25
65,2428,B-bin/A-base,"(.25,.5]",23,731,exposed,0.5625,1362.3125,89.0,0.0,0.25,-0.125
65,2428,A-bin/B-base,"(.5,.75]",24,2313,exposed,0.5625,1407.875,113.0,0.375,0.375,0.25
65,2428,B-bin/A-base,"(.5,.75]",24,2313,exposed,0.625,1240.75,113.0,0.3125,0.3125,0.3125
65,2428,A-bin/B-base,"(.25,.5]",25,56,exposed,0.3125,1633.5,126.0,0.5625,0.4375,0.375
65,2428,B-bin/A-base,"(.25,.5]",25,56,exposed,0.375,1810.6875,126.0,0.5,0.4375,0.3125
65,2428,A-bin/B-base,"(.5,.75]",26,3693,unexposed,0.625,1271.6875,87.0,0.1875,0.1875,0.0
65,2428,B-bin/A-base,"(.5,.75]",26,3693,unexposed,0.6875,1458.375,87.0,0.125,0.25,-0.1875
65,2428,A-bin/B-base,"(0,.25]",27,878,exposed,0.0625,1834.3125,119.0,0.0,0.5,-0.0625
65,2428,B-bin/A-base,"(0,.25]",27,878,exposed,0.0625,1859.6875,119.0,0.0,0.6875,0.0
65,2428,A-bin/B-base,"(.5,.75]",28,3730,unexposed,0.5625,1603.25,85.0,0.3125,0.3125,-0.0625
65,2428,B-bin/A-base,"(.5,.75]",28,3730,unexposed,0.5625,1536.3125,85.0,0.3125,0.3125,-0.0625
65,2428,A-bin/B-base,"(0,.25]",29,3359,unexposed,0.1875,1770.3125,87.0,0.125,0.375,0.0
65,2428,B-bin/A-base,"(0,.25]",29,3359,unexposed,0.125,1885.6875,87.0,0.1875,0.375,0.125
65,2428,A-bin/B-base,"(0,.25]",30,1559,exposed,0.0625,1941.375,87.0,0.1875,0.25,0.125
65,2428,B-bin/A-base,"(0,.25]",30,1559,exposed,0.0625,1867.8125,87.0,0.1875,0.125,0.1875
65,2428,A-bin/B-base,"(.25,.5]",31,855,exposed,0.125,1845.8125,96.0,0.4375,0.6875,0.3125
65,2428,B-bin/A-base,"(0,.25]",31,855,exposed,0.375,1534.75,96.0,0.1875,0.3125,0.0625
65,2428,A-bin/B-base,"(0,.25]",32,1729,exposed,0.25,1870.875,147.0,0.125,0.25,0.125
65,2428,B-bin/A-base,"(0,.25]",32,1729,exposed,0.0625,1888.4375,147.0,0.3125,0.4375,0.375
65,2428,A-bin/B-base,"(.5,.75]",33,1041,exposed,0.375,1641.75,100.0,0.5,0.5,0.0625
65,2428,B-bin/A-base,"(.25,.5]",33,1041,exposed,0.75,1288.125,100.0,0.125,0.0625,0.0
65,2428,A-bin/B-base,"(.5,.75]",34,2508,unexposed,0.625,1442.875,75.0,0.375,0.3125,0.125
65,2428,B-bin/A-base,"(.5,.75]",34,2508,unexposed,0.625,1314.5625,75.0,0.375,0.3125,0.125
65,2428,A-bin/B-base,"(.5,.75]",35,1065,exposed,0.5625,1403.75,81.0,0.4375,0.4375,0.25
65,2428,B-bin/A-base,"(.5,.75]",35,1065,exposed,0.625,1163.4375,81.0,0.375,0.125,0.3125
65,2428,A-bin/B-base,"(.5,.75]",36,3571,unexposed,0.8125,1162.4375,79.0,0.0,0.125,-0.0625
65,2428,B-bin/A-base,"(.75,1)",36,3571,unexposed,0.75,1131.8125,79.0,0.0625,0.125,-0.0625
65,2428,A-bin/B-base,"(.25,.5]",37,2128,exposed,0.6875,1380.4375,112.0,0.0625,0.125,-0.0625
65,2428,B-bin/A-base,"(.5,.75]",37,2128,exposed,0.5,1404.5,112.0,0.25,0.1875,0.1875
65,2428,A-bin/B-base,"(0,.25]",38,2222,exposed,0.0,1821.75,103.0,0.1875,0.5625,0.1875
65,2428,B-bin/A-base,0,38,2222,exposed,0.125,1872.625,103.0,0.0625,0.4375,0.0625
65,2428,A-bin/B-base,"(.25,.5]",39,2399,exposed,0.4375,1700.625,106.0,0.125,0.375,-0.0625
65,2428,B-bin/A-base,"(.25,.5]",39,2399,exposed,0.5,1625.3125,106.0,0.0625,0.3125,0.0
65,2428,A-bin/B-base,0,40,2176,exposed,0.125,1762.75,75.0,0.125,0.25,0.125
65,2428,B-bin/A-base,"(0,.25]",40,2176,exposed,0.0,2048.0,75.0,0.25,0.5625,0.25
65,2428,A-bin/B-base,"(.75,1)",41,1097,exposed,0.75,1156.125,102.0,0.125,0.125,0.0
65,2428,B-bin/A-base,"(.5,.75]",41,1097,exposed,0.8125,1124.875,102.0,0.0625,0.0625,0.0
65,2428,A-bin/B-base,0,42,124,exposed,0.0625,1877.3125,98.0,0.1875,0.1875,0.3125
65,2428,B-bin/A-base,"(0,.25]",42,124,exposed,0.0,1959.375,98.0,0.25,0.25,0.25
65,2428,A-bin/B-base,0,43,3568,unexposed,0.0625,1643.6875,86.0,0.0625,0.1875,-0.125
65,2428,B-bin/A-base,"(0,.25]",43,3568,unexposed,0.0,1732.0,86.0,0.125,0.1875,0.125
65,2428,A-bin/B-base,"(.5,.75]",44,1681,exposed,0.75,1112.875,100.0,-0.125,0.0,-0.0625
65,2428,B-bin/A-base,"(.5,.75]",44,1681,exposed,0.625,1358.1875,100.0,0.0,0.1875,-0.125
65,2428,A-bin/B-base,"(.5,.75]",45,1410,exposed,0.5,1503.1875,115.0,0.1875,0.3125,-0.0625
65,2428,B-bin/A-base,"(.25,.5]",45,1410,exposed,0.625,1377.9375,115.0,0.0625,0.25,-0.125
65,2428,A-bin/B-base,"(.25,.5]",46,1204,exposed,0.375,1342.4375,75.0,0.1875,0.1875,0.0
65,2428,B-bin/A-base,"(.25,.5]",46,1204,exposed,0.5,1503.1875,75.0,0.0625,0.125,-0.125
65,2428,A-bin/B-base,"(.25,.5]",47,1093,exposed,0.75,1556.6875,87.0,0.125,0.125,0.0
65,2428,B-bin/A-base,"(.5,.75]",47,1093,exposed,0.5,1485.625,87.0,0.375,0.375,0.1875
65,2428,A-bin/B-base,"(.5,.75]",48,817,exposed,0.6875,1172.625,81.0,0.3125,0.3125,0.0
65,2428,B-bin/A-base,"(.5,.75]",48,817,exposed,0.6875,1375.8125,81.0,0.3125,0.3125,0.0625
65,2428,A-bin/B-base,"(.5,.75]",49,2630,unexposed,0.875,930.3125,88.0,0.0625,0.125,0.0625
65,2428,B-bin/A-base,"(.75,1)",49,2630,unexposed,0.6875,1306.75,88.0,0.25,0.25,0.125
65,2428,A-bin/B-base,0,50,1370,exposed,0.0,1970.125,106.0,0.0,0.4375,0.0
65,2428,B-bin/A-base,0,50,1370,exposed,0.0,1680.9375,106.0,0.0,0.125,0.0
65,2428,A-bin/B-base,"(.5,.75]",51,3474,unexposed,0.5,1554.0,95.0,0.25,0.25,0.1875
65,2428,B-bin/A-base,"(.25,.5]",51,3474,unexposed,0.625,1560.125,95.0,0.125,0.125,0.1875
65,2428,A-bin/B-base,"(.5,.75]",52,689,exposed,0.5,1294.3125,81.0,0.0625,0.3125,0.0
65,2428,B-bin/A-base,"(.25,.5]",52,689,exposed,0.6875,1408.875,81.0,-0.125,0.125,-0.125
65,2428,A-bin/B-base,"(.5,.75]",53,2253,exposed,0.75,1220.5,92.0,0.125,0.1875,-0.125
65,2428,B-bin/A-base,"(.5,.75]",53,2253,exposed,0.75,1056.4375,92.0,0.125,0.125,-0.0625
65,2428,A-bin/B-base,"(0,.25]",54,1788,exposed,0.1875,1640.125,100.0,0.1875,0.375,0.1875
65,2428,B-bin/A-base,"(0,.25]",54,1788,exposed,0.1875,1457.625,100.0,0.1875,0.1875,0.0625
65,2428,A-bin/B-base,"(.5,.75]",55,1296,exposed,0.8125,1173.25,67.0,-0.0625,0.0625,-0.0625
65,2428,B-bin/A-base,"(.75,1)",55,1296,exposed,0.75,1243.0,67.0,0.0,0.0,0.0
65,2428,A-bin/B-base,"(.5,.75]",56,757,exposed,0.6875,1353.0625,93.0,0.1875,0.1875,0.0
65,2428,B-bin/A-base,"(.5,.75]",56,757,exposed,0.6875,1217.875,93.0,0.1875,0.125,0.0625
65,2428,A-bin/B-base,"(0,.25]",57,764,exposed,0.3125,1567.875,92.0,-0.0625,0.3125,-0.1875
65,2428,B-bin/A-base,"(.25,.5]",57,764,exposed,0.1875,1696.5,92.0,0.0625,0.375,-0.125
65,2428,A-bin/B-base,"(.25,.5]",58,1873,exposed,0.5625,1430.4375,107.0,0.125,0.125,0.125
65,2428,B-bin/A-base,"(.5,.75]",58,1873,exposed,0.375,1602.875,107.0,0.3125,0.1875,0.1875
65,2428,A-bin/B-base,"(.25,.5]",59,809,exposed,0.3125,1553.375,121.0,0.0625,0.375,0.0
65,2428,B-bin/A-base,"(.25,.5]",59,809,exposed,0.3125,1537.375,121.0,0.0625,0.3125,0.0625
65,2428,A-bin/B-base,"(0,.25]",60,481,exposed,0.125,1797.375,89.0,0.3125,0.5,0.375
65,2428,B-bin/A-base,"(0,.25]",60,481,exposed,0.25,1812.75,89.0,0.1875,0.375,0.25
65,2428,A-bin/B-base,"(.25,.5]",61,576,exposed,0.125,1842.875,132.0,0.5625,0.625,0.25
65,2428,B-bin/A-base,"(0,.25]",61,576,exposed,0.5,1564.125,132.0,0.1875,0.25,0.0625
65,2428,A-bin/B-base,"(.25,.5]",62,302,exposed,0.4375,1501.375,72.0,-0.0625,0.125,-0.0625
65,2428,B-bin/A-base,"(.25,.5]",62,302,exposed,0.375,1399.4375,72.0,0.0,0.1875,0.0625
65,2428,A-bin/B-base,0,63,797,exposed,0.0,2008.375,119.0,0.0,0.375,0.0
65,2428,B-bin/A-base,0,63,797,exposed,0.0,2048.0,119.0,0.0,0.5,0.0
65,2428,A-bin/B-base,"(.25,.5]",64,3703,unexposed,0.5,1495.125,89.0,0.375,0.5,0.1875
65,2428,B-bin/A-base,"(.25,.5]",64,3703,unexposed,0.4375,1600.125,89.0,0.4375,0.5,0.1875
65,2428,A-bin/B-base,"(.25,.5]",65,1501,exposed,0.375,1678.0625,78.0,0.25,0.4375,-0.0625
65,2428,B-bin/A-base,"(.25,.5]",65,1501,exposed,0.4375,1411.6875,78.0,0.1875,0.3125,0.0625
65,2428,A-bin/B-base,"(0,.25]",66,39,exposed,0.0,1903.375,103.0,0.3125,0.4375,0.125
65,2428,B-bin/A-base,0,66,39,exposed,0.125,1926.9375,103.0,0.1875,0.4375,0.0625
65,2428,A-bin/B-base,"(0,.25]",67,1330,exposed,0.0625,1993.375,113.0,0.125,0.3125,0.0625
65,2428,B-bin/A-base,"(0,.25]",67,1330,exposed,0.1875,1881.1875,113.0,0.0,0.0625,0.0625
65,2428,A-bin/B-base,"(.25,.5]",68,3495,unexposed,0.25,1842.5625,89.0,0.25,0.375,0.3125
65,2428,B-bin/A-base,"(0,.25]",68,3495,unexposed,0.4375,1749.4375,89.0,0.0625,0.1875,0.0
65,2428,A-bin/B-base,"(.5,.75]",69,3105,unexposed,0.5625,1369.5625,67.0,0.1875,0.25,0.1875
65,2428,B-bin/A-base,"(.5,.75]",69,3105,unexposed,0.625,1351.75,67.0,0.125,0.1875,0.125
65,2428,A-bin/B-base,"(.5,.75]",70,2025,exposed,0.9375,821.875,67.0,0.0625,0.0625,0.0
65,2428,B-bin/A-base,"(.75,1)",70,2025,exposed,0.75,1077.5,67.0,0.25,0.1875,0.125
65,2428,A-bin/B-base,"(.5,.75]",71,736,exposed,0.75,858.5,100.0,0.0625,0.0625,0.0
65,2428,B-bin/A-base,"(.5,.75]",71,736,exposed,0.75,899.9375,100.0,0.0625,0.125,-0.0625
65,2428,A-bin/B-base,"(0,.25]",72,199,exposed,0.25,1594.4375,117.0,0.25,0.125,0.3125
65,2428,B-bin/A-base,"(0,.25]",72,199,exposed,0.25,1688.6875,117.0,0.25,0.1875,0.375
65,2428,A-bin/B-base,"(.25,.5]",73,568,exposed,0.8125,1218.875,102.0,-0.0625,0.1875,-0.25
65,2428,B-bin/A-base,"(.75,1)",73,568,exposed,0.5,1351.4375,102.0,0.25,0.375,0.0
65,2428,A-bin/B-base,"(.25,.5]",74,994,exposed,0.6875,1433.5,89.0,-0.1875,0.0,-0.375
65,2428,B-bin/A-base,"(.5,.75]",74,994,exposed,0.4375,1423.6875,89.0,0.0625,0.1875,-0.0625
65,2428,A-bin/B-base,"(.25,.5]",75,819,exposed,0.3125,1765.875,88.0,0.5,0.5,0.25
65,2428,B-bin/A-base,"(.25,.5]",75,819,exposed,0.5,1507.5,88.0,0.3125,0.25,-0.0625
65,2428,A-bin/B-base,"(0,.25]",76,2871,unexposed,0.0625,1876.0625,67.0,0.3125,0.3125,0.1875
65,2428,B-bin/A-base,"(0,.25]",76,2871,unexposed,0.0625,1902.375,67.0,0.3125,0.3125,0.1875
65,2428,A-bin/B-base,"(0,.25]",77,1542,exposed,0.5,1306.5,81.0,0.125,0.0625,0.125
65,2428,B-bin/A-base,"(.25,.5]",77,1542,exposed,0.1875,1744.625,81.0,0.4375,0.3125,0.375
65,2428,A-bin/B-base,"(0,.25]",78,2244,exposed,0.125,1331.9375,92.0,0.25,0.25,0.1875
65,2428,B-bin/A-base,"(0,.25]",78,2244,exposed,0.1875,1515.4375,92.0,0.1875,0.3125,0.125
65,2428,A-bin/B-base,"(.75,1)",79,2577,unexposed,0.75,1011.0625,61.0,0.25,0.1875,0.0625
65,2428,B-bin/A-base,"(.5,.75]",79,2577,unexposed,0.9375,671.5,61.0,0.0625,0.0625,0.0625
65,2428,A-bin/B-base,"(0,.25]",80,251,exposed,0.1875,1815.3125,91.0,0.375,0.625,0.125
65,2428,B-bin/A-base,"(0,.25]",80,251,exposed,0.0625,1800.6875,91.0,0.5,0.5625,0.25
65,2428,A-bin/B-base,"(0,.25]",81,2717,unexposed,0.0625,1754.125,131.0,0.3125,0.4375,0.3125
65,2428,B-bin/A-base,"(0,.25]",81,2717,unexposed,0.25,1773.9375,131.0,0.125,0.5625,0.0
65,2428,A-bin/B-base,"(.25,.5]",82,123,exposed,0.375,1516.8125,77.0,0.125,0.375,0.1875
65,2428,B-bin/A-base,"(.25,.5]",82,123,exposed,0.375,1556.3125,77.0,0.125,0.25,0.3125
65,2428,A-bin/B-base,"(.25,.5]",83,3463,unexposed,0.375,1629.75,95.0,0.3125,0.5,0.125
65,2428,B-bin/A-base,"(.25,.5]",83,3463,unexposed,0.375,1643.6875,95.0,0.3125,0.5,0.0
65,2428,A-bin/B-base,"(.25,.5]",84,2997,unexposed,0.125,1834.625,90.0,0.3125,0.5,0.0625
65,2428,B-bin/A-base,"(0,.25]",84,2997,unexposed,0.3125,1757.375,90.0,0.125,0.5,-0.125
65,2428,A-bin/B-base,"(.25,.5]",85,390,exposed,0.4375,1584.875,95.0,0.1875,0.1875,0.125
65,2428,B-bin/A-base,"(.25,.5]",85,390,exposed,0.3125,1810.6875,95.0,0.3125,0.375,0.25
65,2428,A-bin/B-base,"(.25,.5]",86,367,exposed,0.625,1425.25,73.0,0.25,0.375,0.0625
65,2428,B-bin/A-base,"(.5,.75]",86,367,exposed,0.5,1348.125,73.0,0.375,0.375,0.0625
65,2428,A-bin/B-base,"(0,.25]",87,2892,unexposed,0.25,1394.1875,83.0,0.1875,0.3125,0.0625
65,2428,B-bin/A-base,"(0,.25]",87,2892,unexposed,0.25,1666.25,83.0,0.1875,0.5,-0.25
65,2428,A-bin/B-base,"(.25,.5]",88,2531,unexposed,0.5,1156.75,66.0,-0.1875,0.1875,-0.125
65,2428,B-bin/A-base,"(.25,.5]",88,2531,unexposed,0.4375,1386.1875,66.0,-0.125,0.3125,-0.125
65,2428,A-bin/B-base,"(0,.25]",89,1105,exposed,0.1875,1820.0,92.0,0.125,0.4375,0.0
65,2428,B-bin/A-base,"(0,.25]",89,1105,exposed,0.125,1921.0,92.0,0.1875,0.625,0.0
65,2428,A-bin/B-base,"(0,.25]",90,847,exposed,0.0625,1830.625,82.0,0.0,0.625,-0.0625
65,2428,B-bin/A-base,"(0,.25]",90,847,exposed,0.0625,1744.5,82.0,0.0,0.5625,0.0
65,2428,A-bin/B-base,"(0,.25]",91,3041,unexposed,0.125,1928.5625,108.0,0.4375,0.6875,0.1875
65,2428,B-bin/A-base,"(0,.25]",91,3041,unexposed,0.125,1938.6875,108.0,0.4375,0.6875,-0.125
65,2428,A-bin/B-base,"(0,.25]",92,3214,unexposed,0.3125,1770.1875,101.0,0.0625,0.0625,0.0625
65,2428,B-bin/A-base,"(.25,.5]",92,3214,unexposed,0.125,1737.6875,101.0,0.25,0.3125,0.3125
65,2428,A-bin/B-base,"(.5,.75]",93,2614,unexposed,0.375,1637.5,78.0,0.5625,0.5,0.25
65,2428,B-bin/A-base,"(.25,.5]",93,2614,unexposed,0.75,1292.1875,78.0,0.1875,0.1875,0.0
65,2428,A-bin/B-base,"(.5,.75]",94,2192,exposed,0.5625,1430.5,62.0,0.3125,0.375,0.0
65,2428,B-bin/A-base,"(.5,.75]",94,2192,exposed,0.5625,1469.5625,62.0,0.3125,0.375,0.0625
65,2428,A-bin/B-base,"(0,.25]",95,610,exposed,0.0,1839.625,92.0,0.0625,0.3125,0.0625
65,2428,B-bin/A-base,0,95,610,exposed,0.125,1845.875,92.0,-0.0625,0.375,-0.0625
65,2428,A-bin/B-base,"(.75,1)",96,2987,unexposed,0.6875,1254.4375,98.0,0.0625,0.3125,0.0
65,2428,B-bin/A-base,"(.5,.75]",96,2987,unexposed,0.8125,1279.3125,98.0,-0.0625,0.1875,-0.125
65,2428,A-bin/B-base,0,97,315,exposed,0.0,1943.5625,135.0,0.0,0.375,0.0625
65,2428,B-bin/A-base,0,97,315,exposed,0.0,1900.375,135.0,0.0,0.3125,0.0625
65,2428,A-bin/B-base,"(.25,.5]",98,2219,exposed,0.375,1332.1875,113.0,0.375,0.1875,0.5
65,2428,B-bin/A-base,"(.25,.5]",98,2219,exposed,0.3125,1704.625,113.0,0.4375,0.375,0.5
65,2428,A-bin/B-base,0,99,2965,unexposed,0.0,1956.1875,123.0,0.0625,0.25,0.0625
65,2428,B-bin/A-base,0,99,2965,unexposed,0.0,2048.0,123.0,0.0625,0.375,0.0625
65,2428,A-bin/B-base,"(.25,.5]",100,2174,exposed,0.25,1596.0,83.0,0.4375,0.5,0.25
65,2428,B-bin/A-base,"(0,.25]",100,2174,exposed,0.375,1725.4375,83.0,0.3125,0.4375,-0.0625
65,2428,A-bin/B-base,"(0,.25]",101,2112,exposed,0.3125,1613.0625,136.0,0.1875,0.4375,-0.125
65,2428,B-bin/A-base,"(.25,.5]",101,2112,exposed,0.25,1615.3125,136.0,0.25,0.4375,0.0
65,2428,A-bin/B-base,"(0,.25]",102,2739,unexposed,0.375,1595.75,97.0,0.125,0.0625,0.125
65,2428,B-bin/A-base,"(.25,.5]",102,2739,unexposed,0.1875,1837.875,97.0,0.3125,0.4375,0.25
65,2428,A-bin/B-base,0,103,824,exposed,0.0,2048.0,131.0,0.1875,0.1875,0.125
65,2428,B-bin/A-base,0,103,824,exposed,0.0,1974.1875,131.0,0.1875,0.0625,0.1875
65,2428,A-bin/B-base,"(.5,.75]",104,1749,exposed,0.4375,1691.5625,72.0,0.25,0.5,-0.125
65,2428,B-bin/A-base,"(.25,.5]",104,1749,exposed,0.75,1237.375,72.0,-0.0625,0.125,-0.0625
65,2428,A-bin/B-base,"(.5,.75]",105,1613,exposed,0.5625,1454.6875,61.0,0.1875,0.25,0.0
65,2428,B-bin/A-base,"(.5,.75]",105,1613,exposed,0.5625,1228.375,61.0,0.1875,0.25,0.0
65,2428,A-bin/B-base,"(.5,.75]",106,492,exposed,0.8125,1186.1875,70.0,0.125,0.125,0.0625
65,2428,B-bin/A-base,"(.75,1)",106,492,exposed,0.75,1110.0625,70.0,0.1875,0.25,-0.0625
65,2428,A-bin/B-base,"(0,.25]",107,2541,unexposed,0.125,1691.0625,121.0,0.25,0.3125,0.125
65,2428,B-bin/A-base,"(0,.25]",107,2541,unexposed,0.125,1855.0625,121.0,0.25,0.5625,0.0
65,2428,A-bin/B-base,"(.25,.5]",108,2893,unexposed,0.1875,1713.25,86.0,0.25,0.3125,0.125
65,2428,B-bin/A-base,"(0,.25]",108,2893,unexposed,0.3125,1395.4375,86.0,0.125,0.125,0.0
65,2428,A-bin/B-base,"(.25,.5]",109,2397,exposed,0.625,1327.4375,75.0,0.0,0.1875,-0.125
65,2428,B-bin/A-base,"(.5,.75]",109,2397,exposed,0.5,1525.0625,75.0,0.125,0.375,-0.125
65,2428,A-bin/B-base,"(.5,.75]",110,3389,unexposed,0.4375,1443.3125,98.0,0.375,0.25,0.1875
65,2428,B-bin/A-base,"(.25,.5]",110,3389,unexposed,0.5625,1244.375,98.0,0.25,0.1875,0.25
65,2428,A-bin/B-base,"(.75,1)",111,3703,unexposed,0.625,1245.375,83.0,0.375,0.375,0.125
65,2428,B-bin/A-base,"(.5,.75]",111,3703,unexposed,0.8125,1155.3125,83.0,0.1875,0.1875,0.125
65,2428,A-bin/B-base,"(.25,.5]",112,3659,unexposed,0.625,1207.5,112.0,0.1875,0.125,0.125
65,2428,B-bin/A-base,"(.5,.75]",112,3659,unexposed,0.5,1331.9375,112.0,0.3125,0.25,0.25
65,2428,A-bin/B-base,"(.5,.75]",113,1977,exposed,0.75,975.25,86.0,-0.125,0.0625,-0.3125
65,2428,B-bin/A-base,"(.5,.75]",113,1977,exposed,0.5625,1274.3125,86.0,0.0625,0.1875,0.0
65,2428,A-bin/B-base,"(.75,1)",114,712,exposed,0.8125,1154.875,61.0,0.125,0.125,0.0625
65,2428,B-bin/A-base,"(.75,1)",114,712,exposed,0.8125,1039.3125,61.0,0.125,0.0625,0.0625
65,2428,A-bin/B-base,"(.25,.5]",115,475,exposed,0.25,1790.6875,84.0,0.25,0.25,0.1875
65,2428,B-bin/A-base,"(0,.25]",115,475,exposed,0.5,1635.8125,84.0,0.0,-0.0625,0.0
65,2428,A-bin/B-base,0,116,395,exposed,0.0,2006.1875,132.0,0.0625,0.75,0.0625
65,2428,B-bin/A-base,0,116,395,exposed,0.0,1803.5625,132.0,0.0625,0.5625,0.125
65,2428,A-bin/B-base,0,117,2801,unexposed,0.0,2048.0,126.0,0.0625,0.25,0.0
65,2428,B-bin/A-base,0,117,2801,unexposed,0.0,2048.0,126.0,0.0625,0.25,0.0
65,2428,A-bin/B-base,"(0,.25]",118,3502,unexposed,0.0,1720.1875,79.0,0.0,0.375,-0.0625
65,2428,B-bin/A-base,0,118,3502,unexposed,0.0625,1437.1875,79.0,-0.0625,0.0625,0.0
65,2428,A-bin/B-base,"(.25,.5]",119,1625,exposed,0.25,1812.75,72.0,0.4375,0.625,0.0625
65,2428,B-bin/A-base,"(0,.25]",119,1625,exposed,0.375,1805.5625,72.0,0.3125,0.5,-0.1875
65,2428,A-bin/B-base,"(.25,.5]",120,427,exposed,0.25,1649.1875,97.0,0.5625,0.625,0.375
65,2428,B-bin/A-base,"(0,.25]",120,427,exposed,0.375,1407.3125,97.0,0.4375,0.375,0.3125
65,2428,A-bin/B-base,0,121,3324,unexposed,0.0625,1994.5625,98.0,0.0,0.125,-0.25
65,2428,B-bin/A-base,"(0,.25]",121,3324,unexposed,0.0,1941.5,98.0,0.0625,0.125,0.0625
65,2428,A-bin/B-base,"(0,.25]",122,1758,exposed,0.125,1872.1875,108.0,0.0,0.3125,-0.0625
65,2428,B-bin/A-base,"(0,.25]",122,1758,exposed,0.0625,1887.6875,108.0,0.0625,0.375,0.0
65,2428,A-bin/B-base,"(0,.25]",123,1131,exposed,0.125,1805.5625,100.0,0.4375,0.375,0.125
65,2428,B-bin/A-base,"(0,.25]",123,1131,exposed,0.1875,1950.5,100.0,0.375,0.4375,0.125
65,2428,A-bin/B-base,"(.25,.5]",124,256,exposed,0.4375,1638.8125,96.0,0.1875,0.375,0.125
65,2428,B-bin/A-base,"(.25,.5]",124,256,exposed,0.3125,1603.875,96.0,0.3125,0.4375,0.25
65,2428,A-bin/B-base,"(.5,.75]",125,404,exposed,0.8125,1134.4375,66.0,0.0,0.125,-0.0625
65,2428,B-bin/A-base,"(.75,1)",125,404,exposed,0.5625,1457.5,66.0,0.25,0.25,0.125
65,2428,A-bin/B-base,"(.75,1)",126,553,exposed,0.75,1332.125,62.0,0.1875,0.25,-0.0625
65,2428,B-bin/A-base,"(.5,.75]",126,553,exposed,0.8125,1196.625,62.0,0.125,0.1875,0.0
65,2428,A-bin/B-base,"(.5,.75]",127,2792,unexposed,0.5,1561.0,107.0,0.125,0.1875,0.0625
65,2428,B-bin/A-base,"(.25,.5]",127,2792,unexposed,0.5625,1617.5625,107.0,0.0625,0.1875,-0.0625
65,2428,A-bin/B-base,"(0,.25]",128,3467,unexposed,0.1875,1837.0,108.0,0.25,0.3125,0.0625
65,2428,B-bin/A-base,"(0,.25]",128,3467,unexposed,0.125,1827.375,108.0,0.3125,0.5,0.125
65,2428,A-bin/B-base,0,129,2670,unexposed,0.0625,1892.5625,76.0,0.0,0.3125,0.0
65,2428,B-bin/A-base,"(0,.25]",129,2670,unexposed,0.0,2038.375,76.0,0.0625,0.5,0.0625
65,2428,A-bin/B-base,"(.75,1)",130,2949,unexposed,0.8125,1001.5625,100.0,0.0625,0.0625,0.0
65,2428,B-bin/A-base,"(.75,1)",130,2949,unexposed,0.9375,795.6875,100.0,-0.0625,-0.0625,-0.0625
65,2428,A-bin/B-base,"(0,.25]",131,567,exposed,0.1875,1965.9375,134.0,0.1875,0.5,0.25
65,2428,B-bin/A-base,"(0,.25]",131,567,exposed,0.125,1903.125,134.0,0.25,0.5,0.3125
65,2428,A-bin/B-base,"(.5,.75]",132,2756,unexposed,0.4375,1413.5,67.0,0.4375,0.4375,0.1875
65,2428,B-bin/A-base,"(.25,.5]",132,2756,unexposed,0.75,1213.0,67.0,0.125,0.25,0.125
65,2428,A-bin/B-base,"(.25,.5]",133,3420,unexposed,0.375,1758.6875,86.0,0.4375,0.625,0.0625
65,2428,B-bin/A-base,"(.25,.5]",133,3420,unexposed,0.4375,1500.875,86.0,0.375,0.5,0.125
65,2428,A-bin/B-base,"(0,.25]",134,1395,exposed,0.0,1623.375,96.0,0.0625,0.4375,0.0
65,2428,B-bin/A-base,0,134,1395,exposed,0.0625,1590.4375,96.0,0.0,0.4375,0.0
65,2428,A-bin/B-base,"(.5,.75]",135,1720,exposed,0.75,1226.875,75.0,0.1875,0.25,0.0625
65,2428,B-bin/A-base,"(.5,.75]",135,1720,exposed,0.6875,1189.625,75.0,0.25,0.25,0.1875
65,2428,A-bin/B-base,"(0,.25]",136,3349,unexposed,0.125,1894.6875,95.0,0.625,0.6875,0.1875
65,2428,B-bin/A-base,"(0,.25]",136,3349,unexposed,0.25,1808.5,95.0,0.5,0.625,0.3125
65,2428,A-bin/B-base,"(.5,.75]",137,2702,unexposed,0.3125,1774.0,95.0,0.3125,0.4375,0.125
65,2428,B-bin/A-base,"(.25,.5]",137,2702,unexposed,0.5625,1373.4375,95.0,0.0625,0.25,0.0625
65,2428,A-bin/B-base,"(0,.25]",138,69,exposed,0.0625,2040.0,85.0,0.3125,0.5,0.0625
65,2428,B-bin/A-base,"(0,.25]",138,69,exposed,0.1875,1819.25,85.0,0.1875,0.3125,0.25
65,2428,A-bin/B-base,0,139,717,exposed,0.125,1923.9375,118.0,0.5625,0.5,0.25
65,2428,B-bin/A-base,"(0,.25]",139,717,exposed,0.0,2048.0,118.0,0.6875,0.6875,0.5625
65,2428,A-bin/B-base,"(.25,.5]",140,3548,unexposed,0.25,1818.5,98.0,0.3125,0.4375,0.1875
65,2428,B-bin/A-base,"(0,.25]",140,3548,unexposed,0.3125,1824.5625,98.0,0.25,0.375,0.0625
65,2428,A-bin/B-base,"(0,.25]",141,2344,exposed,0.3125,1295.6875,73.0,0.3125,0.0625,0.1875
65,2428,B-bin/A-base,"(.25,.5]",141,2344,exposed,0.1875,1803.5,73.0,0.4375,0.625,0.1875
65,2428,A-bin/B-base,0,142,2983,unexposed,0.0625,1951.25,96.0,0.1875,0.3125,0.0625
65,2428,B-bin/A-base,"(0,.25]",142,2983,unexposed,0.0,1982.75,96.0,0.25,0.3125,0.125
65,2428,A-bin/B-base,"(.25,.5]",143,1988,exposed,0.4375,1596.25,89.0,-0.125,-0.0625,-0.1875
65,2428,B-bin/A-base,"(.25,.5]",143,1988,exposed,0.3125,1628.6875,89.0,0.0,0.0,-0.125
65,2428,A-bin/B-base,"(0,.25]",144,2233,exposed,0.1875,1844.875,130.0,0.4375,0.4375,0.1875
65,2428,B-bin/A-base,"(0,.25]",144,2233,exposed,0.25,1823.5,130.0,0.375,0.375,0.125
65,2428,A-bin/B-base,"(.5,.75]",145,341,exposed,0.375,1507.3125,77.0,0.25,0.4375,0.125
65,2428,B-bin/A-base,"(.25,.5]",145,341,exposed,0.6875,1390.75,77.0,-0.0625,0.25,-0.1875
65,2428,A-bin/B-base,"(0,.25]",146,2855,unexposed,0.0625,1781.75,93.0,0.4375,0.4375,0.375
65,2428,B-bin/A-base,"(0,.25]",146,2855,unexposed,0.25,1853.3125,93.0,0.25,0.5,0.125
65,2428,A-bin/B-base,"(.75,1)",147,3479,unexposed,0.6875,1145.5,76.0,0.3125,0.3125,0.125
65,2428,B-bin/A-base,"(.5,.75]",147,3479,unexposed,0.8125,1146.3125,76.0,0.1875,0.1875,0.0625
65,2428,A-bin/B-base,"(.5,.75]",148,1844,exposed,0.1875,1751.75,70.0,0.6875,0.6875,0.375
65,2428,B-bin/A-base,"(0,.25]",148,1844,exposed,0.5625,1222.4375,70.0,0.3125,0.375,0.125
65,2428,A-bin/B-base,"(.5,.75]",149,2777,unexposed,0.5,1480.6875,67.0,0.3125,0.25,0.0
65,2428,B-bin/A-base,"(.25,.5]",149,2777,unexposed,0.5625,1539.8125,67.0,0.25,0.1875,0.25
65,2428,A-bin/B-base,"(.5,.75]",150,1598,exposed,0.4375,1392.5625,75.0,0.4375,0.5,0.125
65,2428,B-bin/A-base,"(.25,.5]",150,1598,exposed,0.75,1070.625,75.0,0.125,0.25,-0.0625
65,2428,A-bin/B-base,"(.25,.5]",151,806,exposed,0.5625,1342.3125,75.0,0.25,0.375,0.0
65,2428,B-bin/A-base,"(.5,.75]",151,806,exposed,0.5,1214.375,75.0,0.3125,0.25,0.25
65,2428,A-bin/B-base,"(.5,.75]",152,297,exposed,0.5625,1406.5625,65.0,0.125,0.3125,-0.0625
65,2428,B-bin/A-base,"(.5,.75]",152,297,exposed,0.6875,1462.625,65.0,0.0,0.1875,-0.125
65,2428,A-bin/B-base,"(.25,.5]",153,301,exposed,0.4375,1424.3125,92.0,0.0,0.25,0.0625
65,2428,B-bin/A-base,"(.25,.5]",153,301,exposed,0.3125,1429.8125,92.0,0.125,0.1875,0.1875
65,2428,A-bin/B-base,"(.25,.5]",154,1899,exposed,0.4375,1612.3125,97.0,0.25,0.25,0.125
65,2428,B-bin/A-base,"(.25,.5]",154,1899,exposed,0.3125,1864.9375,97.0,0.375,0.4375,0.125
65,2428,A-bin/B-base,"(.25,.5]",155,1281,exposed,0.125,1567.5625,88.0,0.5625,0.5,0.375
65,2428,B-bin/A-base,"(0,.25]",155,1281,exposed,0.375,1622.3125,88.0,0.3125,0.4375,0.25
65,2428,A-bin/B-base,"(.5,.75]",156,2984,unexposed,0.6875,1453.3125,99.0,0.125,0.1875,-0.0625
65,2428,B-bin/A-base,"(.5,.75]",156,2984,unexposed,0.5625,1530.9375,99.0,0.25,0.375,-0.125
65,2428,A-bin/B-base,"(.25,.5]",157,2537,unexposed,0.5,1607.5625,91.0,0.25,0.25,0.0625
65,2428,B-bin/A-base,"(.25,.5]",157,2537,unexposed,0.3125,1775.5625,91.0,0.4375,0.4375,0.3125
65,2428,A-bin/B-base,"(.25,.5]",158,1296,exposed,0.0625,1989.875,76.0,0.5625,0.75,0.1875
65,2428,B-bin/A-base,"(0,.25]",158,1296,exposed,0.4375,1519.5625,76.0,0.1875,0.375,0.0625
65,2428,A-bin/B-base,"(0,.25]",159,13,exposed,0.0625,1804.5,74.0,0.1875,0.5,0.1875
65,2428,B-bin/A-base,"(0,.25]",159,13,exposed,0.0625,1836.0625,74.0,0.1875,0.5625,0.1875
65,2428,A-bin/B-base,0,160,2266,exposed,0.0,1828.3125,99.0,0.0625,0.5,0.0625
65,2428,B-bin/A-base,0,160,2266,exposed,0.0,1536.25,99.0,0.0625,0.4375,0.0625
65,2428,A-bin/B-base,"(.75,1)",161,2400,exposed,0.6875,1223.5,70.0,-0.125,0.125,-0.125
65,2428,B-bin/A-base,"(.5,.75]",161,2400,exposed,0.875,938.5625,70.0,-0.3125,0.0,-0.25
65,2428,A-bin/B-base,"(0,.25]",162,3224,unexposed,0.1875,1715.9375,95.0,0.0625,0.3125,0.125
65,2428,B-bin/A-base,"(0,.25]",162,3224,unexposed,0.0625,1676.6875,95.0,0.1875,0.375,0.1875
65,2428,A-bin/B-base,"(.25,.5]",163,3446,unexposed,0.625,1459.8125,113.0,0.125,0.3125,-0.0625
65,2428,B-bin/A-base,"(.5,.75]",163,3446,unexposed,0.5,1436.875,113.0,0.25,0.375,0.0
65,2428,A-bin/B-base,"(.5,.75]",164,760,exposed,0.5,1236.4375,83.0,0.125,0.1875,0.0
65,2428,B-bin/A-base,"(.25,.5]",164,760,exposed,0.5625,1059.75,83.0,0.0625,0.0625,-0.0625
65,2428,A-bin/B-base,0,165,643,exposed,0.0,1823.125,107.0,0.25,0.3125,0.3125
65,2428,B-bin/A-base,0,165,643,exposed,0.0,2048.0,107.0,0.25,0.6875,0.25
65,2428,A-bin/B-base,"(0,.25]",166,619,exposed,0.125,1957.125,123.0,0.125,0.25,0.0625
65,2428,B-bin/A-base,"(0,.25]",166,619,exposed,0.125,2016.0,123.0,0.125,0.375,-0.3125
65,2428,A-bin/B-base,0,167,3511,unexposed,0.0,1537.75,101.0,0.0,0.3125,0.0
65,2428,B-bin/A-base,0,167,3511,unexposed,0.0,1496.9375,101.0,0.0,0.3125,0.0
65,2428,A-bin/B-base,"(.75,1)",168,172,exposed,0.875,1116.75,108.0,-0.0625,0.0,0.0625
65,2428,B-bin/A-base,"(.75,1)",168,172,exposed,0.8125,1108.625,108.0,0.0,0.0,0.0
65,2428,A-bin/B-base,"(0,.25]",169,2014,exposed,0.0,1840.9375,73.0,0.625,0.5,0.4375
65,2428,B-bin/A-base,0,169,2014,exposed,0.125,1885.375,73.0,0.5,0.5,0.375
65,2428,A-bin/B-base,"(.5,.75]",170,4,exposed,0.5625,1456.5,57.0,0.3125,0.25,0.25
65,2428,B-bin/A-base,"(.5,.75]",170,4,exposed,0.5625,1562.75,57.0,0.3125,0.3125,0.25
65,2428,A-bin/B-base,0,171,3438,unexposed,0.0625,1976.0625,77.0,0.0625,0.4375,0.0625
65,2428,B-bin/A-base,"(0,.25]",171,3438,unexposed,0.0,2030.75,77.0,0.125,0.5,0.0
65,2428,A-bin/B-base,"(.5,.75]",172,129,exposed,0.5625,1423.625,74.0,0.3125,0.4375,0.0625
65,2428,B-bin/A-base,"(.5,.75]",172,129,exposed,0.5625,1329.6875,74.0,0.3125,0.375,0.0
65,2428,A-bin/B-base,"(0,.25]",173,911,exposed,0.0,2048.0,93.0,0.125,0.3125,0.1875
65,2428,B-bin/A-base,0,173,911,exposed,0.125,1948.1875,93.0,0.0,0.125,-0.0625
65,2428,A-bin/B-base,"(.5,.75]",174,1321,exposed,0.5,1379.3125,78.0,0.375,0.25,0.1875
65,2428,B-bin/A-base,"(.25,.5]",174,1321,exposed,0.625,1264.125,78.0,0.25,0.1875,0.125
65,2428,A-bin/B-base,"(0,.25]",175,258,exposed,0.1875,2000.875,171.0,0.25,0.5,0.0
65,2428,B-bin/A-base,"(0,.25]",175,258,exposed,0.0625,2029.6875,171.0,0.375,0.625,0.0625
65,2428,A-bin/B-base,1,176,1708,exposed,0.8125,1097.875,61.0,0.1875,0.1875,0.0625
65,2428,B-bin/A-base,"(.75,1)",176,1708,exposed,1.0,752.125,61.0,0.0,0.0,0.0
65,2428,A-bin/B-base,"(.25,.5]",177,1555,exposed,0.3125,1706.5,98.0,0.1875,0.375,0.125
65,2428,B-bin/A-base,"(.25,.5]",177,1555,exposed,0.375,1477.375,98.0,0.125,0.125,-0.0625
65,2428,A-bin/B-base,"(.25,.5]",178,3597,unexposed,0.5,1719.25,125.0,0.3125,0.375,0.1875
65,2428,B-bin/A-base,"(.25,.5]",178,3597,unexposed,0.5,1457.5,125.0,0.3125,0.375,0.125
65,2428,A-bin/B-base,"(.25,.5]",179,1570,exposed,0.5625,1309.0,94.0,0.25,0.25,0.25
65,2428,B-bin/A-base,"(.5,.75]",179,1570,exposed,0.3125,1586.5,94.0,0.5,0.5625,0.1875
65,2428,A-bin/B-base,"(.75,1)",180,254,exposed,0.75,1104.5625,80.0,0.1875,0.25,0.0
65,2428,B-bin/A-base,"(.5,.75]",180,254,exposed,0.875,937.25,80.0,0.0625,0.125,0.0
65,2428,A-bin/B-base,"(0,.25]",181,935,exposed,0.0625,1973.9375,89.0,0.125,0.3125,0.125
65,2428,B-bin/A-base,"(0,.25]",181,935,exposed,0.125,1865.4375,89.0,0.0625,0.1875,-0.125
65,2428,A-bin/B-base,"(0,.25]",182,708,exposed,0.0625,1799.75,107.0,0.3125,0.5,0.25
65,2428,B-bin/A-base,"(0,.25]",182,708,exposed,0.25,1517.25,107.0,0.125,0.4375,0.125
65,2428,A-bin/B-base,"(0,.25]",183,3495,unexposed,0.0625,1904.875,106.0,0.4375,0.4375,0.3125
65,2428,B-bin/A-base,"(0,.25]",183,3495,unexposed,0.0625,1859.0,106.0,0.4375,0.375,0.375
65,2428,A-bin/B-base,0,184,496,exposed,0.125,1623.125,119.0,0.0,0.0625,0.0625
65,2428,B-bin/A-base,"(0,.25]",184,496,exposed,0.0,1981.5625,119.0,0.125,0.4375,0.125
65,2428,A-bin/B-base,"(.75,1)",185,1472,exposed,0.875,1054.4375,75.0,0.0625,0.0625,0.0
65,2428,B-bin/A-base,"(.75,1)",185,1472,exposed,0.8125,1029.125,75.0,0.125,0.125,0.0625
65,2428,A-bin/B-base,"(.5,.75]",186,1175,exposed,0.625,1354.0,77.0,0.25,0.3125,0.0625
65,2428,B-bin/A-base,"(.5,.75]",186,1175,exposed,0.625,1354.9375,77.0,0.25,0.3125,-0.0625
65,2428,A-bin/B-base,"(0,.25]",187,3231,unexposed,0.0,1958.3125,105.0,0.0625,0.25,0.0
65,2428,B-bin/A-base,0,187,3231,unexposed,0.0625,1997.9375,105.0,0.0,0.25,0.0
65,2428,A-bin/B-base,"(.75,1)",188,1286,exposed,0.9375,778.3125,70.0,-0.125,0.0,-0.125
65,2428,B-bin/A-base,"(.75,1)",188,1286,exposed,0.875,905.625,70.0,-0.0625,0.0625,-0.125
65,2428,A-bin/B-base,"(0,.25]",189,668,exposed,0.1875,1783.75,83.0,0.3125,0.4375,0.0
65,2428,B-bin/A-base,"(0,.25]",189,668,exposed,0.25,1745.625,83.0,0.25,0.375,0.1875
65,2428,A-bin/B-base,"(0,.25]",190,250,exposed,0.0,1938.375,68.0,0.1875,0.6875,0.1875
65,2428,B-bin/A-base,0,190,250,exposed,0.125,1619.0625,68.0,0.0625,0.4375,-0.0625
65,2428,A-bin/B-base,0,191,2307,exposed,0.0,1931.5,98.0,0.125,0.3125,0.0625
65,2428,B-bin/A-base,0,191,2307,exposed,0.0,1903.4375,98.0,0.125,0.375,0.0625
65,2428,A-bin/B-base,"(0,.25]",192,1084,exposed,0.3125,1645.1875,100.0,-0.0625,0.25,0.0
65,2428,B-bin/A-base,"(.25,.5]",192,1084,exposed,0.25,1871.625,100.0,0.0,0.375,-0.1875
65,2428,A-bin/B-base,"(.25,.5]",193,876,exposed,0.1875,1734.3125,91.0,0.4375,0.375,0.3125
65,2428,B-bin/A-base,"(0,.25]",193,876,exposed,0.5,1577.5625,91.0,0.125,0.25,0.125
65,2428,A-bin/B-base,"(0,.25]",194,2585,unexposed,0.25,1450.875,109.0,0.4375,0.375,0.3125
65,2428,B-bin/A-base,"(0,.25]",194,2585,unexposed,0.25,1501.875,109.0,0.4375,0.5,0.3125
65,2428,A-bin/B-base,"(.5,.75]",195,2837,unexposed,0.6875,1385.5625,81.0,0.3125,0.3125,0.0625
65,2428,B-bin/A-base,"(.5,.75]",195,2837,unexposed,0.5625,1599.4375,81.0,0.4375,0.4375,0.125
65,2428,A-bin/B-base,"(.25,.5]",196,858,exposed,0.625,1368.125,61.0,0.0625,0.1875,-0.0625
65,2428,B-bin/A-base,"(.5,.75]",196,858,exposed,0.5,1406.625,61.0,0.1875,0.3125,0.0625
65,2428,A-bin/B-base,"(0,.25]",197,305,exposed,0.3125,1821.375,86.0,0.0625,0.1875,-0.1875
65,2428,B-bin/A-base,"(.25,.5]",197,305,exposed,0.1875,1984.625,86.0,0.1875,0.375,0.0625
65,2428,A-bin/B-base,"(0,.25]",198,1072,exposed,0.125,1956.0,93.0,0.125,0.125,0.1875
65,2428,B-bin/A-base,"(0,.25]",198,1072,exposed,0.1875,1862.6875,93.0,0.0625,0.125,0.125
65,2428,A-bin/B-base,"(0,.25]",199,2556,unexposed,0.0,2048.0,109.0,0.125,0.3125,0.1875
65,2428,B-bin/A-base,0,199,2556,unexposed,0.1875,1824.9375,109.0,-0.0625,0.125,-0.125
65,2428,A-bin/B-base,"(.25,.5]",200,3609,unexposed,0.6875,1400.375,109.0,0.25,0.3125,0.125
65,2428,B-bin/A-base,"(.5,.75]",200,3609,unexposed,0.375,1619.0625,109.0,0.5625,0.5625,0.3125
65,2428,A-bin/B-base,"(0,.25]",201,1506,exposed,0.0625,1857.8125,96.0,0.3125,0.375,0.25
65,2428,B-bin/A-base,"(0,.25]",201,1506,exposed,0.0625,1793.6875,96.0,0.3125,0.3125,0.25
65,2428,A-bin/B-base,"(.75,1)",202,609,exposed,0.875,1148.6875,67.0,0.0,0.0625,-0.0625
65,2428,B-bin/A-base,"(.75,1)",202,609,exposed,0.875,925.1875,67.0,0.0,0.125,-0.125
65,2428,A-bin/B-base,"(.75,1)",203,1054,exposed,0.8125,967.875,69.0,0.1875,0.1875,0.0625
65,2428,B-bin/A-base,"(.75,1)",203,1054,exposed,0.8125,993.4375,69.0,0.1875,0.125,0.0625
65,2428,A-bin/B-base,"(0,.25]",204,2260,exposed,0.375,1654.0,76.0,0.125,0.375,0.0625
65,2428,B-bin/A-base,"(.25,.5]",204,2260,exposed,0.25,1780.1875,76.0,0.25,0.5,0.125
65,2428,A-bin/B-base,"(0,.25]",205,437,exposed,0.25,1774.4375,103.0,0.0625,0.5,0.0625
65,2428,B-bin/A-base,"(0,.25]",205,437,exposed,0.125,1740.5,103.0,0.1875,0.5,0.1875
65,2428,A-bin/B-base,"(0,.25]",206,3683,unexposed,0.4375,1816.375,97.0,0.3125,0.375,0.25
65,2428,B-bin/A-base,"(.25,.5]",206,3683,unexposed,0.25,1840.125,97.0,0.5,0.5625,0.125
65,2428,A-bin/B-base,"(.25,.5]",207,2090,exposed,0.5625,1437.0,58.0,0.125,0.25,0.0
65,2428,B-bin/A-base,"(.5,.75]",207,2090,exposed,0.5,1390.875,58.0,0.1875,0.3125,0.0625
65,2428,A-bin/B-base,"(.5,.75]",208,1607,exposed,0.75,1210.6875,87.0,0.0625,0.125,0.0
65,2428,B-bin/A-base,"(.5,.75]",208,1607,exposed,0.6875,1224.125,87.0,0.125,0.1875,0.0625
65,2428,A-bin/B-base,"(.5,.75]",209,2724,unexposed,0.5,1451.375,66.0,0.25,0.25,-0.0625
65,2428,B-bin/A-base,"(.25,.5]",209,2724,unexposed,0.5625,1519.9375,66.0,0.1875,0.125,0.125
65,2428,A-bin/B-base,"(.25,.5]",210,1448,exposed,0.25,1849.1875,68.0,0.5,0.5,0.0625
65,2428,B-bin/A-base,"(0,.25]",210,1448,exposed,0.3125,1819.5625,68.0,0.4375,0.5,0.3125
65,2428,A-bin/B-base,"(0,.25]",211,1498,exposed,0.125,1667.9375,116.0,0.3125,0.1875,0.25
65,2428,B-bin/A-base,"(0,.25]",211,1498,exposed,0.0625,1580.9375,116.0,0.375,0.25,0.125
65,2428,A-bin/B-base,0,212,1457,exposed,0.0,2048.0,131.0,0.0,0.0625,-0.125
65,2428,B-bin/A-base,0,212,1457,exposed,0.0,2016.1875,131.0,0.0,0.0,0.0
65,2428,A-bin/B-base,"(.5,.75]",213,1604,exposed,0.625,1350.625,92.0,0.25,0.25,0.0625
65,2428,B-bin/A-base,"(.5,.75]",213,1604,exposed,0.5625,1609.6875,92.0,0.3125,0.375,0.125
65,2428,A-bin/B-base,"(0,.25]",214,1143,exposed,0.0,1747.25,62.0,0.0,0.25,0.0
65,2428,B-bin/A-base,0,214,1143,exposed,0.0625,1876.0,62.0,-0.0625,0.3125,-0.0625
65,2428,A-bin/B-base,"(.25,.5]",215,1018,exposed,0.75,1359.8125,63.0,0.125,0.25,-0.0625
65,2428,B-bin/A-base,"(.5,.75]",215,1018,exposed,0.5,1537.625,63.0,0.375,0.4375,0.0
65,2428,A-bin/B-base,"(.5,.75]",216,2440,unexposed,0.5,1525.4375,129.0,0.375,0.375,0.0625
65,2428,B-bin/A-base,"(.25,.5]",216,2440,unexposed,0.75,1315.875,129.0,0.125,0.125,-0.125
65,2428,A-bin/B-base,"(0,.25]",217,1509,exposed,0.0625,2034.75,73.0,0.0625,0.125,0.0
65,2428,B-bin/A-base,"(0,.25]",217,1509,exposed,0.1875,1936.4375,73.0,-0.0625,0.0,-0.0625
65,2428,A-bin/B-base,"(0,.25]",218,2873,unexposed,0.125,1485.8125,71.0,-0.0625,0.125,-0.125
65,2428,B-bin/A-base,"(0,.25]",218,2873,unexposed,0.125,1703.5,71.0,-0.0625,0.4375,-0.125
65,2428,A-bin/B-base,"(0,.25]",219,1347,exposed,0.0,2011.25,107.0,0.375,0.4375,0.25
65,2428,B-bin/A-base,0,219,1347,exposed,0.0625,1810.375,107.0,0.3125,0.25,0.125
65,2428,A-bin/B-base,"(0,.25]",220,1322,exposed,0.125,1988.4375,83.0,0.25,0.5625,0.0625
65,2428,B-bin/A-base,"(0,.25]",220,1322,exposed,0.0625,2003.1875,83.0,0.3125,0.5625,0.125
65,2428,A-bin/B-base,"(.75,1)",221,1757,exposed,0.875,870.75,69.0,0.125,0.125,0.0625
65,2428,B-bin/A-base,"(.75,1)",221,1757,exposed,0.875,993.8125,69.0,0.125,0.125,0.0
65,2428,A-bin/B-base,"(0,.25]",222,1488,exposed,0.4375,1378.5,87.0,0.1875,0.25,0.1875
65,2428,B-bin/A-base,"(.25,.5]",222,1488,exposed,0.25,1590.5,87.0,0.375,0.25,0.3125
65,2428,A-bin/B-base,"(0,.25]",223,91,exposed,0.0625,1962.75,94.0,0.0,0.3125,-0.0625
65,2428,B-bin/A-base,"(0,.25]",223,91,exposed,0.125,1682.375,94.0,-0.0625,0.125,0.0625
65,2428,A-bin/B-base,0,224,1009,exposed,0.0,2048.0,79.0,0.25,0.5625,0.0625
65,2428,B-bin/A-base,0,224,1009,exposed,0.0,1893.4375,79.0,0.25,0.375,0.25
65,2428,A-bin/B-base,"(0,.25]",225,2450,unexposed,0.0,1948.625,130.0,0.3125,0.5625,0.125
65,2428,B-bin/A-base,0,225,2450,unexposed,0.0625,1857.6875,130.0,0.25,0.5,0.1875
65,2428,A-bin/B-base,"(0,.25]",226,3522,unexposed,0.4375,1657.375,77.0,0.125,0.1875,0.0
65,2428,B-bin/A-base,"(.25,.5]",226,3522,unexposed,0.1875,1777.4375,77.0,0.375,0.4375,0.375
65,2428,A-bin/B-base,"(.5,.75]",227,2849,unexposed,0.75,1430.4375,113.0,0.1875,0.125,0.125
65,2428,B-bin/A-base,"(.5,.75]",227,2849,unexposed,0.625,1375.0625,113.0,0.3125,0.3125,0.0625
65,2428,A-bin/B-base,"(0,.25]",228,3601,unexposed,0.0,1344.6875,81.0,0.0,0.25,-0.0625
65,2428,B-bin/A-base,0,228,3601,unexposed,0.125,1573.4375,81.0,-0.125,0.125,-0.1875
65,2428,A-bin/B-base,"(0,.25]",229,1813,exposed,0.0625,1289.375,87.0,0.1875,0.125,0.1875
65,2428,B-bin/A-base,"(0,.25]",229,1813,exposed,0.1875,1276.1875,87.0,0.0625,0.0625,0.125
65,2428,A-bin/B-base,"(0,.25]",230,1389,exposed,0.0625,1925.1875,102.0,0.125,0.375,0.125
65,2428,B-bin/A-base,"(0,.25]",230,1389,exposed,0.125,1755.5,102.0,0.0625,0.1875,0.125
65,2428,A-bin/B-base,"(0,.25]",231,2900,unexposed,0.125,1946.1875,124.0,0.0,0.0625,0.125
65,2428,B-bin/A-base,"(0,.25]",231,2900,unexposed,0.0625,1970.875,124.0,0.0625,0.125,0.125
65,2428,A-bin/B-base,0,232,847,exposed,0.0,1599.3125,128.0,0.0,0.125,0.0
65,2428,B-bin/A-base,0,232,847,exposed,0.0,1655.25,128.0,0.0,0.1875,0.0
65,2428,A-bin/B-base,"(.25,.5]",233,1627,exposed,0.375,1238.625,88.0,0.0625,0.1875,0.0625
65,2428,B-bin/A-base,"(.25,.5]",233,1627,exposed,0.5,1151.6875,88.0,-0.0625,0.125,-0.125
65,2428,A-bin/B-base,0,234,1370,exposed,0.0,1945.125,98.0,0.25,0.25,0.3125
65,2428,B-bin/A-base,0,234,1370,exposed,0.0,1985.5,98.0,0.25,0.25,0.3125
65,2428,A-bin/B-base,"(0,.25]",235,1588,exposed,0.125,1694.5625,112.0,0.0625,0.125,-0.1875
65,2428,B-bin/A-base,"(0,.25]",235,1588,exposed,0.0625,2043.5625,112.0,0.125,0.375,0.0
65,2428,A-bin/B-base,"(.75,1)",236,1467,exposed,0.75,1109.8125,84.0,0.125,0.1875,0.0625
65,2428,B-bin/A-base,"(.5,.75]",236,1467,exposed,0.9375,934.5,84.0,-0.0625,0.0,-0.125
65,2428,A-bin/B-base,"(0,.25]",237,606,exposed,0.0,1923.875,150.0,0.0,0.0,-0.0625
65,2428,B-bin/A-base,0,237,606,exposed,0.0625,2047.4375,150.0,-0.0625,0.0625,-0.0625
65,2428,A-bin/B-base,"(.25,.5]",238,799,exposed,0.4375,1424.0,102.0,0.375,0.375,0.125
65,2428,B-bin/A-base,"(.25,.5]",238,799,exposed,0.375,1491.5625,102.0,0.4375,0.4375,0.0
65,2428,A-bin/B-base,"(0,.25]",239,438,exposed,0.125,1933.0,106.0,0.0625,0.25,0.125
65,2428,B-bin/A-base,"(0,.25]",239,438,exposed,0.25,1749.6875,106.0,-0.0625,0.125,-0.125
65,2428,A-bin/B-base,"(.25,.5]",240,3233,unexposed,0.625,1340.5625,78.0,0.3125,0.375,-0.0625
65,2428,B-bin/A-base,"(.5,.75]",240,3233,unexposed,0.5,1492.0625,78.0,0.4375,0.4375,0.125
65,2428,A-bin/B-base,"(.5,.75]",241,101,exposed,0.3125,1792.1875,90.0,0.5625,0.625,0.25
65,2428,B-bin/A-base,"(.25,.5]",241,101,exposed,0.625,1465.5,90.0,0.25,0.25,0.25
65,2428,A-bin/B-base,"(.5,.75]",242,3039,unexposed,0.375,1757.375,97.0,0.4375,0.4375,0.25
65,2428,B-bin/A-base,"(.25,.5]",242,3039,unexposed,0.75,1358.625,97.0,0.0625,0.0,0.0
65,2428,A-bin/B-base,"(0,.25]",243,1654,exposed,0.0625,1970.375,110.0,0.25,0.4375,0.3125
65,2428,B-bin/A-base,"(0,.25]",243,1654,exposed,0.0625,1519.875,110.0,0.25,0.125,0.1875
65,2428,A-bin/B-base,"(.75,1)",244,445,exposed,0.75,1341.0625,70.0,0.25,0.25,0.0625
65,2428,B-bin/A-base,"(.5,.75]",244,445,exposed,0.875,960.3125,70.0,0.125,0.125,0.0625
65,2428,A-bin/B-base,"(.25,.5]",245,90,exposed,0.375,1599.1875,78.0,0.4375,0.4375,0.25
65,2428,B-bin/A-base,"(.25,.5]",245,90,exposed,0.375,1647.4375,78.0,0.4375,0.375,0.3125
65,2428,A-bin/B-base,"(0,.25]",246,1277,exposed,0.0625,2038.0625,82.0,0.1875,0.4375,0.125
65,2428,B-bin/A-base,"(0,.25]",246,1277,exposed,0.0625,2002.25,82.0,0.1875,0.375,0.125
65,2428,A-bin/B-base,0,247,1273,exposed,0.0,1724.9375,130.0,0.0625,0.1875,0.0
65,2428,B-bin/A-base,0,247,1273,exposed,0.0,1839.625,130.0,0.0625,0.1875,-0.0625
65,2428,A-bin/B-base,0,248,3313,unexposed,0.0,2008.75,88.0,0.25,0.5,0.1875
65,2428,B-bin/A-base,0,248,3313,unexposed,0.0,1942.375,88.0,0.25,0.375,0.1875
65,2428,A-bin/B-base,"(.5,.75]",249,2230,exposed,0.75,1165.9375,114.0,0.125,0.1875,0.0
65,2428,B-bin/A-base,"(.5,.75]",249,2230,exposed,0.625,1329.0625,114.0,0.25,0.3125,0.0
65,2428,A-bin/B-base,0,250,1701,exposed,0.125,1707.8125,82.0,0.0,0.5,-0.1875
65,2428,B-bin/A-base,"(0,.25]",250,1701,exposed,0.0,1759.1875,82.0,0.125,0.6875,0.0625
65,2428,A-bin/B-base,"(0,.25]",251,1384,exposed,0.125,1651.9375,91.0,0.1875,0.3125,0.1875
65,2428,B-bin/A-base,"(0,.25]",251,1384,exposed,0.1875,1826.5625,91.0,0.125,0.25,0.0
65,2428,A-bin/B-base,"(.5,.75]",252,2760,unexposed,0.8125,1088.6875,80.0,0.0,0.125,-0.125
65,2428,B-bin/A-base,"(.75,1)",252,2760,unexposed,0.5625,1490.5,80.0,0.25,0.375,0.0625
65,2428,A-bin/B-base,0,253,2753,unexposed,0.125,1964.6875,111.0,0.25,0.375,0.0625
65,2428,B-bin/A-base,"(0,.25]",253,2753,unexposed,0.0,2048.0,111.0,0.375,0.5,0.375
65,2428,A-bin/B-base,"(.25,.5]",254,3239,unexposed,0.25,1636.75,115.0,0.5,0.4375,0.25
65,2428,B-bin/A-base,"(0,.25]",254,3239,unexposed,0.3125,1820.4375,115.0,0.4375,0.4375,0.3125
65,2428,A-bin/B-base,"(.5,.75]",255,484,exposed,0.6875,1392.125,72.0,0.0625,0.125,-0.0625
65,2428,B-bin/A-base,"(.5,.75]",255,484,exposed,0.625,1249.0,72.0,0.125,0.125,-0.0625
