snapshot_pct,direction,dataset_index,bin,bin_p0,baseline_R,snapshot_R,delta_R,baseline_T,snapshot_T,delta_T,baseline_C,snapshot_C,delta_C
5,A-bin/B-base,0,"(.75,1)",0.8125,0.875,0.625,-0.25,0.875,0.625,-0.25,0.9375,0.8125,-0.125
5,B-bin/A-base,0,"(.75,1)",0.875,0.8125,0.625,-0.1875,0.8125,0.625,-0.1875,0.8125,0.8125,0.0
5,A-bin/B-base,1,"(0,.25]",0.25,0.3125,0.4375,0.125,0.5,0.4375,-0.0625,0.5,0.8125,0.3125
5,B-bin/A-base,1,"(.25,.5]",0.3125,0.25,0.4375,0.1875,0.3125,0.4375,0.125,0.4375,0.8125,0.375
5,A-bin/B-base,2,"(0,.25]",0.125,0.4375,0.375,-0.0625,0.5625,0.5,-0.0625,0.5625,0.5625,0.0
5,B-bin/A-base,2,"(.25,.5]",0.4375,0.125,0.375,0.25,0.1875,0.5,0.3125,0.5,0.5625,0.0625
5,A-bin/B-base,3,"(.5,.75]",0.5625,0.6875,0.625,-0.0625,0.6875,0.6875,0.0,0.875,0.875,0.0
5,B-bin/A-base,3,"(.5,.75]",0.6875,0.5625,0.625,0.0625,0.625,0.6875,0.0625,0.75,0.875,0.125
5,A-bin/B-base,4,"(0,.25]",0.125,0.375,0.25,-0.125,0.5,0.5,0.0,0.4375,0.4375,0.0
5,B-bin/A-base,4,"(.25,.5]",0.375,0.125,0.25,0.125,0.4375,0.5,0.0625,0.1875,0.4375,0.25
5,A-bin/B-base,5,"(.25,.5]",0.375,0.625,0.4375,-0.1875,0.6875,0.5625,-0.125,0.8125,0.625,-0.1875
5,B-bin/A-base,5,"(.5,.75]",0.625,0.375,0.4375,0.0625,0.4375,0.5625,0.125,0.6875,0.625,-0.0625
5,A-bin/B-base,6,"(.5,.75]",0.6875,0.625,0.625,0.0,0.625,0.75,0.125,0.875,0.8125,-0.0625
5,B-bin/A-base,6,"(.5,.75]",0.625,0.6875,0.625,-0.0625,0.75,0.75,0.0,0.875,0.8125,-0.0625
5,A-bin/B-base,7,0,0.0,0.0,0.0625,0.0625,0.125,0.25,0.125,0.0,0.1875,0.1875
5,B-bin/A-base,7,0,0.0,0.0,0.0625,0.0625,0.0,0.25,0.25,0.0,0.1875,0.1875
5,A-bin/B-base,8,"(0,.25]",0.1875,0.125,0.1875,0.0625,0.3125,0.5,0.1875,0.1875,0.1875,0.0
5,B-bin/A-base,8,"(0,.25]",0.125,0.1875,0.1875,0.0,0.375,0.5,0.125,0.3125,0.1875,-0.125
5,A-bin/B-base,9,"(0,.25]",0.1875,0.0,0.0625,0.0625,0.25,0.5,0.25,0.0,0.0625,0.0625
5,B-bin/A-base,9,0,0.0,0.1875,0.0625,-0.125,0.5,0.5,0.0,0.25,0.0625,-0.1875
5,A-bin/B-base,10,0,0.0,0.0625,0.0,-0.0625,0.125,0.0,-0.125,0.125,0.125,0.0
5,B-bin/A-base,10,"(0,.25]",0.0625,0.0,0.0,0.0,0.0,0.0,0.0,0.0625,0.125,0.0625
5,A-bin/B-base,11,0,0.0,0.0625,0.0,-0.0625,0.0625,0.0,-0.0625,0.0625,0.0625,0.0
5,B-bin/A-base,11,"(0,.25]",0.0625,0.0,0.0,0.0,0.0,0.0,0.0,0.0,0.0625,0.0625
5,A-bin/B-base,12,"(.25,.5]",0.4375,0.625,0.5625,-0.0625,0.625,0.625,0.0,0.8125,0.8125,0.0
5,B-bin/A-base,12,"(.5,.75]",0.625,0.4375,0.5625,0.125,0.4375,0.625,0.1875,0.875,0.8125,-0.0625
5,A-bin/B-base,13,"(0,.25]",0.1875,0.0625,0.3125,0.25,0.25,0.5625,0.3125,0.25,0.4375,0.1875
5,B-bin/A-base,13,"(0,.25]",0.0625,0.1875,0.3125,0.125,0.4375,0.5625,0.125,0.3125,0.4375,0.125
5,A-bin/B-base,14,"(0,.25]",0.25,0.1875,0.375,0.1875,0.375,0.375,0.0,0.5625,0.625,0.0625
5,B-bin/A-base,14,"(0,.25]",0.1875,0.25,0.375,0.125,0.3125,0.375,0.0625,0.4375,0.625,0.1875
5,A-bin/B-base,15,0,0.0,0.0,0.0,0.0,0.5,0.125,-0.375,0.0,0.0,0.0
5,B-bin/A-base,15,0,0.0,0.0,0.0,0.0,0.0,0.125,0.125,0.0,0.0,0.0
5,A-bin/B-base,16,"(0,.25]",0.125,0.125,0.375,0.25,0.25,0.4375,0.1875,0.1875,0.5625,0.375
5,B-bin/A-base,16,"(0,.25]",0.125,0.125,0.375,0.25,0.125,0.4375,0.3125,0.1875,0.5625,0.375
5,A-bin/B-base,17,"(0,.25]",0.125,0.0625,0.0625,0.0,0.1875,0.25,0.0625,0.1875,0.0625,-0.125
5,B-bin/A-base,17,"(0,.25]",0.0625,0.125,0.0625,-0.0625,0.375,0.25,-0.125,0.1875,0.0625,-0.125
5,A-bin/B-base,18,"(0,.25]",0.1875,0.0,0.0,0.0,0.1875,0.125,-0.0625,0.125,0.0625,-0.0625
5,B-bin/A-base,18,0,0.0,0.1875,0.0,-0.1875,0.25,0.125,-0.125,0.3125,0.0625,-0.25
5,A-bin/B-base,19,"(0,.25]",0.25,0.1875,0.125,-0.0625,0.25,0.25,0.0,0.375,0.1875,-0.1875
5,B-bin/A-base,19,"(0,.25]",0.1875,0.25,0.125,-0.125,0.375,0.25,-0.125,0.5,0.1875,-0.3125
5,A-bin/B-base,20,"(.75,1)",0.8125,0.875,0.6875,-0.1875,0.875,0.6875,-0.1875,1.0,0.9375,-0.0625
5,B-bin/A-base,20,"(.75,1)",0.875,0.8125,0.6875,-0.125,0.8125,0.6875,-0.125,1.0,0.9375,-0.0625
5,A-bin/B-base,21,"(0,.25]",0.125,0.125,0.3125,0.1875,0.125,0.3125,0.1875,0.25,0.5,0.25
5,B-bin/A-base,21,"(0,.25]",0.125,0.125,0.3125,0.1875,0.1875,0.3125,0.125,0.125,0.5,0.375
5,A-bin/B-base,22,0,0.0,0.0,0.0,0.0,0.25,0.0,-0.25,0.0625,0.0625,0.0
5,B-bin/A-base,22,0,0.0,0.0,0.0,0.0,0.1875,0.0,-0.1875,0.25,0.0625,-0.1875
5,A-bin/B-base,23,"(.5,.75]",0.5625,0.5,0.4375,-0.0625,0.5625,0.625,0.0625,0.8125,0.5625,-0.25
5,B-bin/A-base,23,"(.25,.5]",0.5,0.5625,0.4375,-0.125,0.5625,0.625,0.0625,0.6875,0.5625,-0.125
5,A-bin/B-base,24,"(.5,.75]",0.625,0.5625,0.5625,0.0,0.5625,0.5625,0.0,0.6875,0.75,0.0625
5,B-bin/A-base,24,"(.5,.75]",0.5625,0.625,0.5625,-0.0625,0.625,0.5625,-0.0625,0.625,0.75,0.125
5,A-bin/B-base,25,"(.25,.5]",0.375,0.3125,0.4375,0.125,0.4375,0.5,0.0625,0.5625,0.625,0.0625
5,B-bin/A-base,25,"(.25,.5]",0.3125,0.375,0.4375,0.0625,0.4375,0.5,0.0625,0.625,0.625,0.0
5,A-bin/B-base,26,"(.5,.75]",0.6875,0.625,0.625,0.0,0.75,0.6875,-0.0625,0.8125,0.75,-0.0625
5,B-bin/A-base,26,"(.5,.75]",0.625,0.6875,0.625,-0.0625,0.6875,0.6875,0.0,1.0,0.75,-0.25
5,A-bin/B-base,27,"(0,.25]",0.0625,0.0625,0.0625,0.0,0.3125,0.25,-0.0625,0.1875,0.1875,0.0
5,B-bin/A-base,27,"(0,.25]",0.0625,0.0625,0.0625,0.0,0.125,0.25,0.125,0.125,0.1875,0.0625
5,A-bin/B-base,28,"(.5,.75]",0.5625,0.5625,0.6875,0.125,0.5625,0.8125,0.25,0.9375,0.75,-0.1875
5,B-bin/A-base,28,"(.5,.75]",0.5625,0.5625,0.6875,0.125,0.5625,0.8125,0.25,0.9375,0.75,-0.1875
5,A-bin/B-base,29,"(0,.25]",0.125,0.1875,0.125,-0.0625,0.3125,0.125,-0.1875,0.3125,0.1875,-0.125
5,B-bin/A-base,29,"(0,.25]",0.1875,0.125,0.125,0.0,0.3125,0.125,-0.1875,0.1875,0.1875,0.0
5,A-bin/B-base,30,"(0,.25]",0.0625,0.0625,0.125,0.0625,0.0625,0.25,0.1875,0.25,0.3125,0.0625
5,B-bin/A-base,30,"(0,.25]",0.0625,0.0625,0.125,0.0625,0.1875,0.25,0.0625,0.1875,0.3125,0.125
5,A-bin/B-base,31,"(.25,.5]",0.375,0.125,0.25,0.125,0.1875,0.5625,0.375,0.25,0.3125,0.0625
5,B-bin/A-base,31,"(0,.25]",0.125,0.375,0.25,-0.125,0.5625,0.5625,0.0,0.5,0.3125,-0.1875
5,A-bin/B-base,32,"(0,.25]",0.0625,0.25,0.0625,-0.1875,0.3125,0.125,-0.1875,0.5,0.25,-0.25
5,B-bin/A-base,32,"(0,.25]",0.25,0.0625,0.0625,0.0,0.125,0.125,0.0,0.25,0.25,0.0
5,A-bin/B-base,33,"(.5,.75]",0.75,0.375,0.8125,0.4375,0.375,0.8125,0.4375,0.875,0.8125,-0.0625
5,B-bin/A-base,33,"(.25,.5]",0.375,0.75,0.8125,0.0625,0.8125,0.8125,0.0,0.9375,0.8125,-0.125
5,A-bin/B-base,34,"(.5,.75]",0.625,0.625,0.5625,-0.0625,0.6875,0.6875,0.0,0.875,0.875,0.0
5,B-bin/A-base,34,"(.5,.75]",0.625,0.625,0.5625,-0.0625,0.6875,0.6875,0.0,0.875,0.875,0.0
5,A-bin/B-base,35,"(.5,.75]",0.625,0.5625,0.9375,0.375,0.5625,0.9375,0.375,0.75,1.0,0.25
5,B-bin/A-base,35,"(.5,.75]",0.5625,0.625,0.9375,0.3125,0.875,0.9375,0.0625,0.6875,1.0,0.3125
5,A-bin/B-base,36,"(.5,.75]",0.75,0.8125,0.625,-0.1875,0.8125,0.625,-0.1875,0.875,0.875,0.0
5,B-bin/A-base,36,"(.75,1)",0.8125,0.75,0.625,-0.125,0.8125,0.625,-0.1875,0.875,0.875,0.0
5,A-bin/B-base,37,"(.25,.5]",0.5,0.6875,0.6875,0.0,0.6875,0.6875,0.0,0.8125,0.6875,-0.125
5,B-bin/A-base,37,"(.5,.75]",0.6875,0.5,0.6875,0.1875,0.625,0.6875,0.0625,0.5625,0.6875,0.125
5,A-bin/B-base,38,"(0,.25]",0.125,0.0,0.125,0.125,0.25,0.3125,0.0625,0.0,0.25,0.25
5,B-bin/A-base,38,0,0.0,0.125,0.125,0.0,0.375,0.3125,-0.0625,0.125,0.25,0.125
5,A-bin/B-base,39,"(.25,.5]",0.5,0.4375,0.25,-0.1875,0.4375,0.25,-0.1875,0.75,0.4375,-0.3125
5,B-bin/A-base,39,"(.25,.5]",0.4375,0.5,0.25,-0.25,0.5,0.25,-0.25,0.6875,0.4375,-0.25
5,A-bin/B-base,40,0,0.0,0.125,0.25,0.125,0.3125,0.3125,0.0,0.25,0.25,0.0
5,B-bin/A-base,40,"(0,.25]",0.125,0.0,0.25,0.25,0.0,0.3125,0.3125,0.125,0.25,0.125
5,A-bin/B-base,41,"(.75,1)",0.8125,0.75,0.8125,0.0625,0.8125,0.875,0.0625,0.9375,0.875,-0.0625
5,B-bin/A-base,41,"(.5,.75]",0.75,0.8125,0.8125,0.0,0.875,0.875,0.0,0.9375,0.875,-0.0625
5,A-bin/B-base,42,0,0.0,0.0625,0.0625,0.0,0.1875,0.0625,-0.125,0.0625,0.1875,0.125
5,B-bin/A-base,42,"(0,.25]",0.0625,0.0,0.0625,0.0625,0.125,0.0625,-0.0625,0.125,0.1875,0.0625
5,A-bin/B-base,43,0,0.0,0.0625,0.4375,0.375,0.375,0.625,0.25,0.3125,0.4375,0.125
5,B-bin/A-base,43,"(0,.25]",0.0625,0.0,0.4375,0.4375,0.375,0.625,0.25,0.0625,0.4375,0.375
5,A-bin/B-base,44,"(.5,.75]",0.625,0.75,0.75,0.0,0.875,0.8125,-0.0625,0.75,0.875,0.125
5,B-bin/A-base,44,"(.5,.75]",0.75,0.625,0.75,0.125,0.6875,0.8125,0.125,0.8125,0.875,0.0625
5,A-bin/B-base,45,"(.5,.75]",0.625,0.5,0.625,0.125,0.5625,0.8125,0.25,0.75,0.6875,-0.0625
5,B-bin/A-base,45,"(.25,.5]",0.5,0.625,0.625,0.0,0.625,0.8125,0.1875,0.8125,0.6875,-0.125
5,A-bin/B-base,46,"(.25,.5]",0.5,0.375,0.1875,-0.1875,0.625,0.4375,-0.1875,0.625,0.375,-0.25
5,B-bin/A-base,46,"(.25,.5]",0.375,0.5,0.1875,-0.3125,0.6875,0.4375,-0.25,0.75,0.375,-0.375
5,A-bin/B-base,47,"(.25,.5]",0.5,0.75,0.5,-0.25,0.75,0.5625,-0.1875,0.9375,0.6875,-0.25
5,B-bin/A-base,47,"(.5,.75]",0.75,0.5,0.5,0.0,0.5,0.5625,0.0625,0.75,0.6875,-0.0625
5,A-bin/B-base,48,"(.5,.75]",0.6875,0.6875,0.8125,0.125,0.6875,0.8125,0.125,1.0,0.9375,-0.0625
5,B-bin/A-base,48,"(.5,.75]",0.6875,0.6875,0.8125,0.125,0.6875,0.8125,0.125,0.9375,0.9375,0.0
5,A-bin/B-base,49,"(.5,.75]",0.6875,0.875,0.875,0.0,0.875,0.875,0.0,0.875,0.9375,0.0625
5,B-bin/A-base,49,"(.75,1)",0.875,0.6875,0.875,0.1875,0.75,0.875,0.125,0.8125,0.9375,0.125
5,A-bin/B-base,50,0,0.0,0.0,0.0,0.0,0.0625,0.0,-0.0625,0.0,0.0,0.0
5,B-bin/A-base,50,0,0.0,0.0,0.0,0.0,0.375,0.0,-0.375,0.0,0.0,0.0
5,A-bin/B-base,51,"(.5,.75]",0.625,0.5,0.4375,-0.0625,0.5,0.4375,-0.0625,0.6875,0.6875,0.0
5,B-bin/A-base,51,"(.25,.5]",0.5,0.625,0.4375,-0.1875,0.625,0.4375,-0.1875,0.6875,0.6875,0.0
5,A-bin/B-base,52,"(.5,.75]",0.6875,0.5,0.625,0.125,0.5625,0.625,0.0625,0.625,0.75,0.125
5,B-bin/A-base,52,"(.25,.5]",0.5,0.6875,0.625,-0.0625,0.75,0.625,-0.125,0.75,0.75,0.0
5,A-bin/B-base,53,"(.5,.75]",0.75,0.75,0.8125,0.0625,0.75,0.8125,0.0625,1.0,0.875,-0.125
5,B-bin/A-base,53,"(.5,.75]",0.75,0.75,0.8125,0.0625,0.8125,0.8125,0.0,0.9375,0.875,-0.0625
5,A-bin/B-base,54,"(0,.25]",0.1875,0.1875,0.125,-0.0625,0.375,0.25,-0.125,0.1875,0.125,-0.0625
5,B-bin/A-base,54,"(0,.25]",0.1875,0.1875,0.125,-0.0625,0.5625,0.25,-0.3125,0.3125,0.125,-0.1875
5,A-bin/B-base,55,"(.5,.75]",0.75,0.8125,0.625,-0.1875,0.875,0.75,-0.125,0.875,0.75,-0.125
5,B-bin/A-base,55,"(.75,1)",0.8125,0.75,0.625,-0.125,0.9375,0.75,-0.1875,0.8125,0.75,-0.0625
5,A-bin/B-base,56,"(.5,.75]",0.6875,0.6875,0.625,-0.0625,0.6875,0.625,-0.0625,0.9375,0.75,-0.1875
5,B-bin/A-base,56,"(.5,.75]",0.6875,0.6875,0.625,-0.0625,0.75,0.625,-0.125,0.875,0.75,-0.125
5,A-bin/B-base,57,"(0,.25]",0.1875,0.3125,0.1875,-0.125,0.4375,0.3125,-0.125,0.4375,0.1875,-0.25
5,B-bin/A-base,57,"(.25,.5]",0.3125,0.1875,0.1875,0.0,0.375,0.3125,-0.0625,0.375,0.1875,-0.1875
5,A-bin/B-base,58,"(.25,.5]",0.375,0.5625,0.5,-0.0625,0.625,0.625,0.0,0.6875,0.5625,-0.125
5,B-bin/A-base,58,"(.5,.75]",0.5625,0.375,0.5,0.125,0.5625,0.625,0.0625,0.625,0.5625,-0.0625
5,A-bin/B-base,59,"(.25,.5]",0.3125,0.3125,0.5,0.1875,0.5,0.6875,0.1875,0.4375,0.5625,0.125
5,B-bin/A-base,59,"(.25,.5]",0.3125,0.3125,0.5,0.1875,0.5625,0.6875,0.125,0.375,0.5625,0.1875
5,A-bin/B-base,60,"(0,.25]",0.25,0.125,0.1875,0.0625,0.25,0.25,0.0,0.1875,0.25,0.0625
5,B-bin/A-base,60,"(0,.25]",0.125,0.25,0.1875,-0.0625,0.375,0.25,-0.125,0.3125,0.25,-0.0625
5,A-bin/B-base,61,"(.25,.5]",0.5,0.125,0.3125,0.1875,0.25,0.5,0.25,0.4375,0.5625,0.125
5,B-bin/A-base,61,"(0,.25]",0.125,0.5,0.3125,-0.1875,0.625,0.5,-0.125,0.625,0.5625,-0.0625
5,A-bin/B-base,62,"(.25,.5]",0.375,0.4375,0.5,0.0625,0.5625,0.5,-0.0625,0.5625,0.8125,0.25
5,B-bin/A-base,62,"(.25,.5]",0.4375,0.375,0.5,0.125,0.5,0.5,0.0,0.4375,0.8125,0.375
5,A-bin/B-base,63,0,0.0,0.0,0.0,0.0,0.125,0.1875,0.0625,0.0,0.0,0.0
5,B-bin/A-base,63,0,0.0,0.0,0.0,0.0,0.0,0.1875,0.1875,0.0,0.0,0.0
5,A-bin/B-base,64,"(.25,.5]",0.4375,0.5,0.6875,0.1875,0.5,0.6875,0.1875,0.6875,0.9375,0.25
5,B-bin/A-base,64,"(.25,.5]",0.5,0.4375,0.6875,0.25,0.5,0.6875,0.1875,0.6875,0.9375,0.25
5,A-bin/B-base,65,"(.25,.5]",0.4375,0.375,0.6875,0.3125,0.5,0.6875,0.1875,0.6875,0.8125,0.125
5,B-bin/A-base,65,"(.25,.5]",0.375,0.4375,0.6875,0.25,0.625,0.6875,0.0625,0.5625,0.8125,0.25
5,A-bin/B-base,66,"(0,.25]",0.125,0.0,0.25,0.25,0.125,0.3125,0.1875,0.25,0.3125,0.0625
5,B-bin/A-base,66,0,0.0,0.125,0.25,0.125,0.125,0.3125,0.1875,0.3125,0.3125,0.0
5,A-bin/B-base,67,"(0,.25]",0.1875,0.0625,0.0625,0.0,0.0625,0.25,0.1875,0.1875,0.1875,0.0
5,B-bin/A-base,67,"(0,.25]",0.0625,0.1875,0.0625,-0.125,0.3125,0.25,-0.0625,0.1875,0.1875,0.0
5,A-bin/B-base,68,"(.25,.5]",0.4375,0.25,0.4375,0.1875,0.25,0.4375,0.1875,0.3125,0.625,0.3125
5,B-bin/A-base,68,"(0,.25]",0.25,0.4375,0.4375,0.0,0.4375,0.4375,0.0,0.625,0.625,0.0
5,A-bin/B-base,69,"(.5,.75]",0.625,0.5625,0.75,0.1875,0.625,0.875,0.25,0.6875,0.875,0.1875
5,B-bin/A-base,69,"(.5,.75]",0.5625,0.625,0.75,0.125,0.6875,0.875,0.1875,0.75,0.875,0.125
5,A-bin/B-base,70,"(.5,.75]",0.75,0.9375,0.875,-0.0625,0.9375,0.875,-0.0625,1.0,1.0,0.0
5,B-bin/A-base,70,"(.75,1)",0.9375,0.75,0.875,0.125,0.8125,0.875,0.0625,0.875,1.0,0.125
5,A-bin/B-base,71,"(.5,.75]",0.75,0.75,0.75,0.0,0.9375,0.8125,-0.125,0.8125,0.875,0.0625
5,B-bin/A-base,71,"(.5,.75]",0.75,0.75,0.75,0.0,0.875,0.8125,-0.0625,0.875,0.875,0.0
5,A-bin/B-base,72,"(0,.25]",0.25,0.25,0.125,-0.125,0.5625,0.25,-0.3125,0.375,0.4375,0.0625
5,B-bin/A-base,72,"(0,.25]",0.25,0.25,0.125,-0.125,0.5,0.25,-0.25,0.3125,0.4375,0.125
5,A-bin/B-base,73,"(.25,.5]",0.5,0.8125,0.6875,-0.125,0.8125,0.8125,0.0,1.0,0.875,-0.125
5,B-bin/A-base,73,"(.75,1)",0.8125,0.5,0.6875,0.1875,0.625,0.8125,0.1875,0.75,0.875,0.125
5,A-bin/B-base,74,"(.25,.5]",0.4375,0.6875,0.4375,-0.25,0.75,0.4375,-0.3125,0.875,0.625,-0.25
5,B-bin/A-base,74,"(.5,.75]",0.6875,0.4375,0.4375,0.0,0.5625,0.4375,-0.125,0.5625,0.625,0.0625
5,A-bin/B-base,75,"(.25,.5]",0.5,0.3125,0.375,0.0625,0.3125,0.4375,0.125,0.625,0.6875,0.0625
5,B-bin/A-base,75,"(.25,.5]",0.3125,0.5,0.375,-0.125,0.5625,0.4375,-0.125,0.9375,0.6875,-0.25
5,A-bin/B-base,76,"(0,.25]",0.0625,0.0625,0.0625,0.0,0.3125,0.4375,0.125,0.3125,0.125,-0.1875
5,B-bin/A-base,76,"(0,.25]",0.0625,0.0625,0.0625,0.0,0.3125,0.4375,0.125,0.3125,0.125,-0.1875
5,A-bin/B-base,77,"(0,.25]",0.1875,0.5,0.4375,-0.0625,0.5625,0.4375,-0.125,0.75,0.625,-0.125
5,B-bin/A-base,77,"(.25,.5]",0.5,0.1875,0.4375,0.25,0.3125,0.4375,0.125,0.5,0.625,0.125
5,A-bin/B-base,78,"(0,.25]",0.1875,0.125,0.125,0.0,0.625,0.5,-0.125,0.1875,0.1875,0.0
5,B-bin/A-base,78,"(0,.25]",0.125,0.1875,0.125,-0.0625,0.5625,0.5,-0.0625,0.25,0.1875,-0.0625
5,A-bin/B-base,79,"(.75,1)",0.9375,0.75,0.6875,-0.0625,0.8125,0.8125,0.0,0.9375,0.8125,-0.125
5,B-bin/A-base,79,"(.5,.75]",0.75,0.9375,0.6875,-0.25,0.9375,0.8125,-0.125,0.9375,0.8125,-0.125
5,A-bin/B-base,80,"(0,.25]",0.0625,0.1875,0.125,-0.0625,0.1875,0.3125,0.125,0.5,0.25,-0.25
5,B-bin/A-base,80,"(0,.25]",0.1875,0.0625,0.125,0.0625,0.25,0.3125,0.0625,0.375,0.25,-0.125
5,A-bin/B-base,81,"(0,.25]",0.25,0.0625,0.25,0.1875,0.4375,0.3125,-0.125,0.0625,0.3125,0.25
5,B-bin/A-base,81,"(0,.25]",0.0625,0.25,0.25,0.0,0.3125,0.3125,0.0,0.375,0.3125,-0.0625
5,A-bin/B-base,82,"(.25,.5]",0.375,0.375,0.5,0.125,0.4375,0.625,0.1875,0.5,0.625,0.125
5,B-bin/A-base,82,"(.25,.5]",0.375,0.375,0.5,0.125,0.5625,0.625,0.0625,0.375,0.625,0.25
5,A-bin/B-base,83,"(.25,.5]",0.375,0.375,0.5,0.125,0.4375,0.625,0.1875,0.5625,0.75,0.1875
5,B-bin/A-base,83,"(.25,.5]",0.375,0.375,0.5,0.125,0.4375,0.625,0.1875,0.6875,0.75,0.0625
5,A-bin/B-base,84,"(.25,.5]",0.3125,0.125,0.375,0.25,0.3125,0.4375,0.125,0.375,0.75,0.375
5,B-bin/A-base,84,"(0,.25]",0.125,0.3125,0.375,0.0625,0.3125,0.4375,0.125,0.5625,0.75,0.1875
5,A-bin/B-base,85,"(.25,.5]",0.3125,0.4375,0.5625,0.125,0.5625,0.6875,0.125,0.625,0.75,0.125
5,B-bin/A-base,85,"(.25,.5]",0.4375,0.3125,0.5625,0.25,0.375,0.6875,0.3125,0.5,0.75,0.25
5,A-bin/B-base,86,"(.25,.5]",0.5,0.625,0.75,0.125,0.625,0.8125,0.1875,0.8125,0.9375,0.125
5,B-bin/A-base,86,"(.5,.75]",0.625,0.5,0.75,0.25,0.625,0.8125,0.1875,0.8125,0.9375,0.125
5,A-bin/B-base,87,"(0,.25]",0.25,0.25,0.25,0.0,0.5625,0.25,-0.3125,0.375,0.5,0.125
5,B-bin/A-base,87,"(0,.25]",0.25,0.25,0.25,0.0,0.375,0.25,-0.125,0.6875,0.5,-0.1875
5,A-bin/B-base,88,"(.25,.5]",0.4375,0.5,0.5,0.0,0.6875,0.625,-0.0625,0.5625,0.75,0.1875
5,B-bin/A-base,88,"(.25,.5]",0.5,0.4375,0.5,0.0625,0.5625,0.625,0.0625,0.5625,0.75,0.1875
5,A-bin/B-base,89,"(0,.25]",0.125,0.1875,0.25,0.0625,0.375,0.375,0.0,0.3125,0.375,0.0625
5,B-bin/A-base,89,"(0,.25]",0.1875,0.125,0.25,0.125,0.1875,0.375,0.1875,0.3125,0.375,0.0625
5,A-bin/B-base,90,"(0,.25]",0.0625,0.0625,0.125,0.0625,0.25,0.375,0.125,0.1875,0.125,-0.0625
5,B-bin/A-base,90,"(0,.25]",0.0625,0.0625,0.125,0.0625,0.3125,0.375,0.0625,0.125,0.125,0.0
5,A-bin/B-base,91,"(0,.25]",0.125,0.125,0.1875,0.0625,0.125,0.25,0.125,0.375,0.5,0.125
5,B-bin/A-base,91,"(0,.25]",0.125,0.125,0.1875,0.0625,0.125,0.25,0.125,0.6875,0.5,-0.1875
5,A-bin/B-base,92,"(0,.25]",0.125,0.3125,0.0625,-0.25,0.5625,0.3125,-0.25,0.4375,0.3125,-0.125
5,B-bin/A-base,92,"(.25,.5]",0.3125,0.125,0.0625,-0.0625,0.3125,0.3125,0.0,0.1875,0.3125,0.125
5,A-bin/B-base,93,"(.5,.75]",0.75,0.375,0.5,0.125,0.4375,0.5625,0.125,0.75,0.875,0.125
5,B-bin/A-base,93,"(.25,.5]",0.375,0.75,0.5,-0.25,0.75,0.5625,-0.1875,1.0,0.875,-0.125
5,A-bin/B-base,94,"(.5,.75]",0.5625,0.5625,0.5,-0.0625,0.5625,0.5,-0.0625,0.9375,0.875,-0.0625
5,B-bin/A-base,94,"(.5,.75]",0.5625,0.5625,0.5,-0.0625,0.5625,0.5,-0.0625,0.875,0.875,0.0
5,A-bin/B-base,95,"(0,.25]",0.125,0.0,0.0,0.0,0.3125,0.0625,-0.25,0.0,0.0,0.0
5,B-bin/A-base,95,0,0.0,0.125,0.0,-0.125,0.25,0.0625,-0.1875,0.125,0.0,-0.125
5,A-bin/B-base,96,"(.75,1)",0.8125,0.6875,0.5625,-0.125,0.6875,0.6875,0.0,0.75,0.625,-0.125
5,B-bin/A-base,96,"(.5,.75]",0.6875,0.8125,0.5625,-0.25,0.8125,0.6875,-0.125,0.875,0.625,-0.25
5,A-bin/B-base,97,0,0.0,0.0,0.0,0.0,0.1875,0.125,-0.0625,0.0,0.0,0.0
5,B-bin/A-base,97,0,0.0,0.0,0.0,0.0,0.25,0.125,-0.125,0.0,0.0,0.0
5,A-bin/B-base,98,"(.25,.5]",0.3125,0.375,0.3125,-0.0625,0.6875,0.4375,-0.25,0.375,0.4375,0.0625
5,B-bin/A-base,98,"(.25,.5]",0.375,0.3125,0.3125,0.0,0.5,0.4375,-0.0625,0.375,0.4375,0.0625
5,A-bin/B-base,99,0,0.0,0.0,0.0625,0.0625,0.125,0.0625,-0.0625,0.0625,0.25,0.1875
5,B-bin/A-base,99,0,0.0,0.0,0.0625,0.0625,0.0,0.0625,0.0625,0.0625,0.25,0.1875
5,A-bin/B-base,100,"(.25,.5]",0.375,0.25,0.3125,0.0625,0.375,0.3125,-0.0625,0.4375,0.6875,0.25
5,B-bin/A-base,100,"(0,.25]",0.25,0.375,0.3125,-0.0625,0.4375,0.3125,-0.125,0.75,0.6875,-0.0625
5,A-bin/B-base,101,"(0,.25]",0.25,0.3125,0.625,0.3125,0.5,0.625,0.125,0.625,0.875,0.25
5,B-bin/A-base,101,"(.25,.5]",0.3125,0.25,0.625,0.375,0.5,0.625,0.125,0.5,0.875,0.375
5,A-bin/B-base,102,"(0,.25]",0.1875,0.375,0.125,-0.25,0.5625,0.1875,-0.375,0.5625,0.375,-0.1875
5,B-bin/A-base,102,"(.25,.5]",0.375,0.1875,0.125,-0.0625,0.1875,0.1875,0.0,0.4375,0.375,-0.0625
5,A-bin/B-base,103,0,0.0,0.0,0.0,0.0,0.0,0.0625,0.0625,0.0625,0.0,-0.0625
5,B-bin/A-base,103,0,0.0,0.0,0.0,0.0,0.125,0.0625,-0.0625,0.0,0.0,0.0
5,A-bin/B-base,104,"(.5,.75]",0.75,0.4375,0.6875,0.25,0.4375,0.75,0.3125,0.875,0.875,0.0
5,B-bin/A-base,104,"(.25,.5]",0.4375,0.75,0.6875,-0.0625,0.8125,0.75,-0.0625,0.8125,0.875,0.0625
5,A-bin/B-base,105,"(.5,.75]",0.5625,0.5625,0.8125,0.25,0.6875,0.8125,0.125,0.75,0.9375,0.1875
5,B-bin/A-base,105,"(.5,.75]",0.5625,0.5625,0.8125,0.25,0.6875,0.8125,0.125,0.75,0.9375,0.1875
5,A-bin/B-base,106,"(.5,.75]",0.75,0.8125,0.9375,0.125,0.875,0.9375,0.0625,0.875,0.9375,0.0625
5,B-bin/A-base,106,"(.75,1)",0.8125,0.75,0.9375,0.1875,0.75,0.9375,0.1875,1.0,0.9375,-0.0625
5,A-bin/B-base,107,"(0,.25]",0.125,0.125,0.3125,0.1875,0.4375,0.5,0.0625,0.25,0.4375,0.1875
5,B-bin/A-base,107,"(0,.25]",0.125,0.125,0.3125,0.1875,0.1875,0.5,0.3125,0.375,0.4375,0.0625
5,A-bin/B-base,108,"(.25,.5]",0.3125,0.1875,0.3125,0.125,0.375,0.4375,0.0625,0.375,0.4375,0.0625
5,B-bin/A-base,108,"(0,.25]",0.1875,0.3125,0.3125,0.0,0.5625,0.4375,-0.125,0.5,0.4375,-0.0625
5,A-bin/B-base,109,"(.25,.5]",0.5,0.625,0.4375,-0.1875,0.6875,0.4375,-0.25,0.8125,0.6875,-0.125
5,B-bin/A-base,109,"(.5,.75]",0.625,0.5,0.4375,-0.0625,0.5,0.4375,-0.0625,0.8125,0.6875,-0.125
5,A-bin/B-base,110,"(.5,.75]",0.5625,0.4375,0.875,0.4375,0.5625,0.875,0.3125,0.8125,0.9375,0.125
5,B-bin/A-base,110,"(.25,.5]",0.4375,0.5625,0.875,0.3125,0.625,0.875,0.25,0.75,0.9375,0.1875
5,A-bin/B-base,111,"(.75,1)",0.8125,0.625,0.8125,0.1875,0.625,0.8125,0.1875,0.875,1.0,0.125
5,B-bin/A-base,111,"(.5,.75]",0.625,0.8125,0.8125,0.0,0.8125,0.8125,0.0,0.875,1.0,0.125
5,A-bin/B-base,112,"(.25,.5]",0.5,0.625,0.375,-0.25,0.8125,0.5,-0.3125,0.75,0.625,-0.125
5,B-bin/A-base,112,"(.5,.75]",0.625,0.5,0.375,-0.125,0.6875,0.5,-0.1875,0.625,0.625,0.0
5,A-bin/B-base,113,"(.5,.75]",0.5625,0.75,0.4375,-0.3125,0.8125,0.5,-0.3125,0.9375,0.5,-0.4375
5,B-bin/A-base,113,"(.5,.75]",0.75,0.5625,0.4375,-0.125,0.6875,0.5,-0.1875,0.625,0.5,-0.125
5,A-bin/B-base,114,"(.75,1)",0.8125,0.8125,0.9375,0.125,0.8125,0.9375,0.125,0.9375,1.0,0.0625
5,B-bin/A-base,114,"(.75,1)",0.8125,0.8125,0.9375,0.125,0.875,0.9375,0.0625,0.9375,1.0,0.0625
5,A-bin/B-base,115,"(.25,.5]",0.5,0.25,0.4375,0.1875,0.3125,0.4375,0.125,0.5,0.6875,0.1875
5,B-bin/A-base,115,"(0,.25]",0.25,0.5,0.4375,-0.0625,0.625,0.4375,-0.1875,0.6875,0.6875,0.0
5,A-bin/B-base,116,0,0.0,0.0,0.0,0.0,0.0625,0.0625,0.0,0.0625,0.0,-0.0625
5,B-bin/A-base,116,0,0.0,0.0,0.0,0.0,0.25,0.0625,-0.1875,0.0,0.0,0.0
5,A-bin/B-base,117,0,0.0,0.0,0.0,0.0,0.0,0.0625,0.0625,0.0625,0.0,-0.0625
5,B-bin/A-base,117,0,0.0,0.0,0.0,0.0,0.0,0.0625,0.0625,0.0625,0.0,-0.0625
5,A-bin/B-base,118,"(0,.25]",0.0625,0.0,0.0,0.0,0.375,0.5,0.125,0.125,0.125,0.0
5,B-bin/A-base,118,0,0.0,0.0625,0.0,-0.0625,0.6875,0.5,-0.1875,0.0625,0.125,0.0625
5,A-bin/B-base,119,"(.25,.5]",0.375,0.25,0.5,0.25,0.3125,0.5625,0.25,0.625,0.8125,0.1875
5,B-bin/A-base,119,"(0,.25]",0.25,0.375,0.5,0.125,0.4375,0.5625,0.125,0.875,0.8125,-0.0625
5,A-bin/B-base,120,"(.25,.5]",0.375,0.25,0.375,0.125,0.375,0.5,0.125,0.4375,0.375,-0.0625
5,B-bin/A-base,120,"(0,.25]",0.25,0.375,0.375,0.0,0.625,0.5,-0.125,0.5,0.375,-0.125
5,A-bin/B-base,121,0,0.0,0.0625,0.0,-0.0625,0.125,0.125,0.0,0.3125,0.0625,-0.25
5,B-bin/A-base,121,"(0,.25]",0.0625,0.0,0.0,0.0,0.125,0.125,0.0,0.0,0.0625,0.0625
5,A-bin/B-base,122,"(0,.25]",0.0625,0.125,0.3125,0.1875,0.1875,0.5,0.3125,0.25,0.5,0.25
5,B-bin/A-base,122,"(0,.25]",0.125,0.0625,0.3125,0.25,0.125,0.5,0.375,0.1875,0.5,0.3125
5,A-bin/B-base,123,"(0,.25]",0.1875,0.125,0.125,0.0,0.25,0.1875,-0.0625,0.4375,0.625,0.1875
5,B-bin/A-base,123,"(0,.25]",0.125,0.1875,0.125,-0.0625,0.1875,0.1875,0.0,0.4375,0.625,0.1875
5,A-bin/B-base,124,"(.25,.5]",0.3125,0.4375,0.3125,-0.125,0.4375,0.375,-0.0625,0.5625,0.625,0.0625
5,B-bin/A-base,124,"(.25,.5]",0.4375,0.3125,0.3125,0.0,0.375,0.375,0.0,0.4375,0.625,0.1875
5,A-bin/B-base,125,"(.5,.75]",0.5625,0.8125,0.625,-0.1875,0.8125,0.6875,-0.125,0.9375,0.75,-0.1875
5,B-bin/A-base,125,"(.75,1)",0.8125,0.5625,0.625,0.0625,0.6875,0.6875,0.0,0.75,0.75,0.0
5,A-bin/B-base,126,"(.75,1)",0.8125,0.75,0.8125,0.0625,0.75,0.875,0.125,1.0,0.9375,-0.0625
5,B-bin/A-base,126,"(.5,.75]",0.75,0.8125,0.8125,0.0,0.8125,0.875,0.0625,0.9375,0.9375,0.0
5,A-bin/B-base,127,"(.5,.75]",0.5625,0.5,0.375,-0.125,0.5625,0.5,-0.0625,0.6875,0.75,0.0625
5,B-bin/A-base,127,"(.25,.5]",0.5,0.5625,0.375,-0.1875,0.5625,0.5,-0.0625,0.8125,0.75,-0.0625
5,A-bin/B-base,128,"(0,.25]",0.125,0.1875,0.25,0.0625,0.375,0.3125,-0.0625,0.4375,0.375,-0.0625
5,B-bin/A-base,128,"(0,.25]",0.1875,0.125,0.25,0.125,0.1875,0.3125,0.125,0.375,0.375,0.0
5,A-bin/B-base,129,0,0.0,0.0625,0.0,-0.0625,0.25,0.25,0.0,0.0625,0.0625,0.0
5,B-bin/A-base,129,"(0,.25]",0.0625,0.0,0.0,0.0,0.0625,0.25,0.1875,0.0,0.0625,0.0625
5,A-bin/B-base,130,"(.75,1)",0.9375,0.8125,0.75,-0.0625,0.8125,0.75,-0.0625,0.9375,0.875,-0.0625
5,B-bin/A-base,130,"(.75,1)",0.8125,0.9375,0.75,-0.1875,0.9375,0.75,-0.1875,1.0,0.875,-0.125
5,A-bin/B-base,131,"(0,.25]",0.125,0.1875,0.125,-0.0625,0.1875,0.25,0.0625,0.1875,0.25,0.0625
5,B-bin/A-base,131,"(0,.25]",0.1875,0.125,0.125,0.0,0.1875,0.25,0.0625,0.125,0.25,0.125
5,A-bin/B-base,132,"(.5,.75]",0.75,0.4375,0.375,-0.0625,0.5625,0.5,-0.0625,0.6875,0.625,-0.0625
5,B-bin/A-base,132,"(.25,.5]",0.4375,0.75,0.375,-0.375,0.75,0.5,-0.25,0.75,0.625,-0.125
5,A-bin/B-base,133,"(.25,.5]",0.4375,0.375,0.4375,0.0625,0.375,0.625,0.25,0.75,0.5,-0.25
5,B-bin/A-base,133,"(.25,.5]",0.375,0.4375,0.4375,0.0,0.5,0.625,0.125,0.6875,0.5,-0.1875
5,A-bin/B-base,134,"(0,.25]",0.0625,0.0,0.0,0.0,0.4375,0.25,-0.1875,0.0625,0.125,0.0625
5,B-bin/A-base,134,0,0.0,0.0625,0.0,-0.0625,0.4375,0.25,-0.1875,0.0625,0.125,0.0625
5,A-bin/B-base,135,"(.5,.75]",0.6875,0.75,0.5625,-0.1875,0.75,0.5625,-0.1875,0.875,0.8125,-0.0625
5,B-bin/A-base,135,"(.5,.75]",0.75,0.6875,0.5625,-0.125,0.75,0.5625,-0.1875,0.75,0.8125,0.0625
5,A-bin/B-base,136,"(0,.25]",0.25,0.125,0.25,0.125,0.1875,0.3125,0.125,0.5625,0.5,-0.0625
5,B-bin/A-base,136,"(0,.25]",0.125,0.25,0.25,0.0,0.25,0.3125,0.0625,0.4375,0.5,0.0625
5,A-bin/B-base,137,"(.5,.75]",0.5625,0.3125,0.1875,-0.125,0.375,0.25,-0.125,0.5625,0.375,-0.1875
5,B-bin/A-base,137,"(.25,.5]",0.3125,0.5625,0.1875,-0.375,0.5625,0.25,-0.3125,0.625,0.375,-0.25
5,A-bin/B-base,138,"(0,.25]",0.1875,0.0625,0.0625,0.0,0.0625,0.0625,0.0,0.4375,0.1875,-0.25
5,B-bin/A-base,138,"(0,.25]",0.0625,0.1875,0.0625,-0.125,0.25,0.0625,-0.1875,0.25,0.1875,-0.0625
5,A-bin/B-base,139,0,0.0,0.125,0.25,0.125,0.1875,0.25,0.0625,0.5625,0.3125,-0.25
5,B-bin/A-base,139,"(0,.25]",0.125,0.0,0.25,0.25,0.0,0.25,0.25,0.25,0.3125,0.0625
5,A-bin/B-base,140,"(.25,.5]",0.3125,0.25,0.25,0.0,0.25,0.3125,0.0625,0.4375,0.5625,0.125
5,B-bin/A-base,140,"(0,.25]",0.25,0.3125,0.25,-0.0625,0.3125,0.3125,0.0,0.5625,0.5625,0.0
5,A-bin/B-base,141,"(0,.25]",0.1875,0.3125,0.1875,-0.125,0.75,0.4375,-0.3125,0.4375,0.375,-0.0625
5,B-bin/A-base,141,"(.25,.5]",0.3125,0.1875,0.1875,0.0,0.1875,0.4375,0.25,0.4375,0.375,-0.0625
5,A-bin/B-base,142,0,0.0,0.0625,0.0,-0.0625,0.125,0.125,0.0,0.1875,0.1875,0.0
5,B-bin/A-base,142,"(0,.25]",0.0625,0.0,0.0,0.0,0.125,0.125,0.0,0.125,0.1875,0.0625
5,A-bin/B-base,143,"(.25,.5]",0.3125,0.4375,0.1875,-0.25,0.5625,0.3125,-0.25,0.5,0.375,-0.125
5,B-bin/A-base,143,"(.25,.5]",0.4375,0.3125,0.1875,-0.125,0.5,0.3125,-0.1875,0.4375,0.375,-0.0625
5,A-bin/B-base,144,"(0,.25]",0.25,0.1875,0.3125,0.125,0.25,0.375,0.125,0.5,0.5625,0.0625
5,B-bin/A-base,144,"(0,.25]",0.1875,0.25,0.3125,0.0625,0.3125,0.375,0.0625,0.5625,0.5625,0.0
5,A-bin/B-base,145,"(.5,.75]",0.6875,0.375,0.5625,0.1875,0.5,0.75,0.25,0.5625,0.6875,0.125
5,B-bin/A-base,145,"(.25,.5]",0.375,0.6875,0.5625,-0.125,0.6875,0.75,0.0625,0.875,0.6875,-0.1875
5,A-bin/B-base,146,"(0,.25]",0.25,0.0625,0.1875,0.125,0.3125,0.375,0.0625,0.1875,0.375,0.1875
5,B-bin/A-base,146,"(0,.25]",0.0625,0.25,0.1875,-0.0625,0.25,0.375,0.125,0.4375,0.375,-0.0625
5,A-bin/B-base,147,"(.75,1)",0.8125,0.6875,0.6875,0.0,0.6875,0.75,0.0625,0.875,0.8125,-0.0625
5,B-bin/A-base,147,"(.5,.75]",0.6875,0.8125,0.6875,-0.125,0.8125,0.75,-0.0625,0.9375,0.8125,-0.125
5,A-bin/B-base,148,"(.5,.75]",0.5625,0.1875,0.625,0.4375,0.3125,0.6875,0.375,0.5,0.75,0.25
5,B-bin/A-base,148,"(0,.25]",0.1875,0.5625,0.625,0.0625,0.625,0.6875,0.0625,0.75,0.75,0.0
5,A-bin/B-base,149,"(.5,.75]",0.5625,0.5,0.375,-0.125,0.5625,0.375,-0.1875,0.875,0.5625,-0.3125
5,B-bin/A-base,149,"(.25,.5]",0.5,0.5625,0.375,-0.1875,0.625,0.375,-0.25,0.625,0.5625,-0.0625
5,A-bin/B-base,150,"(.5,.75]",0.75,0.4375,0.75,0.3125,0.5,0.8125,0.3125,0.75,0.9375,0.1875
5,B-bin/A-base,150,"(.25,.5]",0.4375,0.75,0.75,0.0,0.75,0.8125,0.0625,0.9375,0.9375,0.0
5,A-bin/B-base,151,"(.25,.5]",0.5,0.5625,0.3125,-0.25,0.625,0.625,0.0,0.8125,0.4375,-0.375
5,B-bin/A-base,151,"(.5,.75]",0.5625,0.5,0.3125,-0.1875,0.75,0.625,-0.125,0.5625,0.4375,-0.125
5,A-bin/B-base,152,"(.5,.75]",0.6875,0.5625,0.625,0.0625,0.625,0.625,0.0,0.75,0.875,0.125
5,B-bin/A-base,152,"(.5,.75]",0.5625,0.6875,0.625,-0.0625,0.75,0.625,-0.125,0.8125,0.875,0.0625
5,A-bin/B-base,153,"(.25,.5]",0.3125,0.4375,0.3125,-0.125,0.5625,0.4375,-0.125,0.5,0.375,-0.125
5,B-bin/A-base,153,"(.25,.5]",0.4375,0.3125,0.3125,0.0,0.625,0.4375,-0.1875,0.375,0.375,0.0
5,A-bin/B-base,154,"(.25,.5]",0.3125,0.4375,0.375,-0.0625,0.5,0.5,0.0,0.625,0.625,0.0
5,B-bin/A-base,154,"(.25,.5]",0.4375,0.3125,0.375,0.0625,0.3125,0.5,0.1875,0.625,0.625,0.0
5,A-bin/B-base,155,"(.25,.5]",0.375,0.125,0.4375,0.3125,0.375,0.625,0.25,0.3125,0.5625,0.25
5,B-bin/A-base,155,"(0,.25]",0.125,0.375,0.4375,0.0625,0.4375,0.625,0.1875,0.4375,0.5625,0.125
5,A-bin/B-base,156,"(.5,.75]",0.5625,0.6875,0.5625,-0.125,0.75,0.5625,-0.1875,0.875,0.6875,-0.1875
5,B-bin/A-base,156,"(.5,.75]",0.6875,0.5625,0.5625,0.0,0.5625,0.5625,0.0,0.9375,0.6875,-0.25
5,A-bin/B-base,157,"(.25,.5]",0.3125,0.5,0.3125,-0.1875,0.5,0.3125,-0.1875,0.75,0.5625,-0.1875
5,B-bin/A-base,157,"(.25,.5]",0.5,0.3125,0.3125,0.0,0.3125,0.3125,0.0,0.5,0.5625,0.0625
5,A-bin/B-base,158,"(.25,.5]",0.4375,0.0625,0.25,0.1875,0.1875,0.25,0.0625,0.5,0.4375,-0.0625
5,B-bin/A-base,158,"(0,.25]",0.0625,0.4375,0.25,-0.1875,0.5625,0.25,-0.3125,0.625,0.4375,-0.1875
5,A-bin/B-base,159,"(0,.25]",0.0625,0.0625,0.1875,0.125,0.3125,0.5,0.1875,0.125,0.3125,0.1875
5,B-bin/A-base,159,"(0,.25]",0.0625,0.0625,0.1875,0.125,0.25,0.5,0.25,0.125,0.3125,0.1875
5,A-bin/B-base,160,0,0.0,0.0,0.0,0.0,0.3125,0.5625,0.25,0.0,0.0,0.0
5,B-bin/A-base,160,0,0.0,0.0,0.0,0.0,0.375,0.5625,0.1875,0.0,0.0,0.0
5,A-bin/B-base,161,"(.75,1)",0.875,0.6875,0.625,-0.0625,0.8125,0.75,-0.0625,0.75,0.8125,0.0625
5,B-bin/A-base,161,"(.5,.75]",0.6875,0.875,0.625,-0.25,0.9375,0.75,-0.1875,0.875,0.8125,-0.0625
5,A-bin/B-base,162,"(0,.25]",0.0625,0.1875,0.125,-0.0625,0.375,0.4375,0.0625,0.1875,0.1875,0.0
5,B-bin/A-base,162,"(0,.25]",0.1875,0.0625,0.125,0.0625,0.3125,0.4375,0.125,0.125,0.1875,0.0625
5,A-bin/B-base,163,"(.25,.5]",0.5,0.625,0.5,-0.125,0.6875,0.625,-0.0625,0.8125,0.625,-0.1875
5,B-bin/A-base,163,"(.5,.75]",0.625,0.5,0.5,0.0,0.625,0.625,0.0,0.75,0.625,-0.125
5,A-bin/B-base,164,"(.5,.75]",0.5625,0.5,0.3125,-0.1875,0.6875,0.375,-0.3125,0.625,0.6875,0.0625
5,B-bin/A-base,164,"(.25,.5]",0.5,0.5625,0.3125,-0.25,0.8125,0.375,-0.4375,0.6875,0.6875,0.0
5,A-bin/B-base,165,0,0.0,0.0,0.125,0.125,0.375,0.4375,0.0625,0.0,0.25,0.25
5,B-bin/A-base,165,0,0.0,0.0,0.125,0.125,0.0,0.4375,0.4375,0.0625,0.25,0.1875
5,A-bin/B-base,166,"(0,.25]",0.125,0.125,0.125,0.0,0.25,0.125,-0.125,0.1875,0.375,0.1875
5,B-bin/A-base,166,"(0,.25]",0.125,0.125,0.125,0.0,0.125,0.125,0.0,0.5625,0.375,-0.1875
5,A-bin/B-base,167,0,0.0,0.0,0.0,0.0,0.5,0.4375,-0.0625,0.0,0.0,0.0
5,B-bin/A-base,167,0,0.0,0.0,0.0,0.0,0.5,0.4375,-0.0625,0.0,0.0,0.0
5,A-bin/B-base,168,"(.75,1)",0.8125,0.875,0.625,-0.25,0.875,0.6875,-0.1875,0.875,0.75,-0.125
5,B-bin/A-base,168,"(.75,1)",0.875,0.8125,0.625,-0.1875,0.875,0.6875,-0.1875,0.9375,0.75,-0.1875
5,A-bin/B-base,169,"(0,.25]",0.125,0.0,0.0625,0.0625,0.25,0.125,-0.125,0.1875,0.1875,0.0
5,B-bin/A-base,169,0,0.0,0.125,0.0625,-0.0625,0.25,0.125,-0.125,0.25,0.1875,-0.0625
5,A-bin/B-base,170,"(.5,.75]",0.5625,0.5625,0.625,0.0625,0.625,0.8125,0.1875,0.75,0.8125,0.0625
5,B-bin/A-base,170,"(.5,.75]",0.5625,0.5625,0.625,0.0625,0.5625,0.8125,0.25,0.75,0.8125,0.0625
5,A-bin/B-base,171,0,0.0,0.0625,0.1875,0.125,0.125,0.4375,0.3125,0.125,0.3125,0.1875
5,B-bin/A-base,171,"(0,.25]",0.0625,0.0,0.1875,0.1875,0.0625,0.4375,0.375,0.1875,0.3125,0.125
5,A-bin/B-base,172,"(.5,.75]",0.5625,0.5625,0.625,0.0625,0.5625,0.75,0.1875,0.8125,0.8125,0.0
5,B-bin/A-base,172,"(.5,.75]",0.5625,0.5625,0.625,0.0625,0.625,0.75,0.125,0.875,0.8125,-0.0625
5,A-bin/B-base,173,"(0,.25]",0.125,0.0,0.0,0.0,0.0,0.0,0.0,0.0,0.0,0.0
5,B-bin/A-base,173,0,0.0,0.125,0.0,-0.125,0.1875,0.0,-0.1875,0.25,0.0,-0.25
5,A-bin/B-base,174,"(.5,.75]",0.625,0.5,0.375,-0.125,0.625,0.5,-0.125,0.75,0.5625,-0.1875
5,B-bin/A-base,174,"(.25,.5]",0.5,0.625,0.375,-0.25,0.6875,0.5,-0.1875,0.8125,0.5625,-0.25
5,A-bin/B-base,175,"(0,.25]",0.0625,0.1875,0.5625,0.375,0.1875,0.5625,0.375,0.5,0.625,0.125
5,B-bin/A-base,175,"(0,.25]",0.1875,0.0625,0.5625,0.5,0.0625,0.5625,0.5,0.4375,0.625,0.1875
5,A-bin/B-base,176,1,1.0,0.8125,0.8125,0.0,0.8125,0.8125,0.0,0.9375,1.0,0.0625
5,B-bin/A-base,176,"(.75,1)",0.8125,1.0,0.8125,-0.1875,1.0,0.8125,-0.1875,1.0,1.0,0.0
5,A-bin/B-base,177,"(.25,.5]",0.375,0.3125,0.1875,-0.125,0.375,0.4375,0.0625,0.375,0.25,-0.125
5,B-bin/A-base,177,"(.25,.5]",0.3125,0.375,0.1875,-0.1875,0.625,0.4375,-0.1875,0.5625,0.25,-0.3125
5,A-bin/B-base,178,"(.25,.5]",0.5,0.5,0.5625,0.0625,0.5625,0.625,0.0625,0.6875,0.625,-0.0625
5,B-bin/A-base,178,"(.25,.5]",0.5,0.5,0.5625,0.0625,0.5625,0.625,0.0625,0.75,0.625,-0.125
5,A-bin/B-base,179,"(.25,.5]",0.3125,0.5625,0.375,-0.1875,0.6875,0.375,-0.3125,0.625,0.75,0.125
5,B-bin/A-base,179,"(.5,.75]",0.5625,0.3125,0.375,0.0625,0.375,0.375,0.0,0.6875,0.75,0.0625
5,A-bin/B-base,180,"(.75,1)",0.875,0.75,0.875,0.125,0.75,0.9375,0.1875,0.9375,0.875,-0.0625
5,B-bin/A-base,180,"(.5,.75]",0.75,0.875,0.875,0.0,0.875,0.9375,0.0625,0.9375,0.875,-0.0625
5,A-bin/B-base,181,"(0,.25]",0.125,0.0625,0.0,-0.0625,0.125,0.0625,-0.0625,0.125,0.125,0.0
5,B-bin/A-base,181,"(0,.25]",0.0625,0.125,0.0,-0.125,0.25,0.0625,-0.1875,0.375,0.125,-0.25
5,A-bin/B-base,182,"(0,.25]",0.25,0.0625,0.25,0.1875,0.375,0.6875,0.3125,0.125,0.3125,0.1875
5,B-bin/A-base,182,"(0,.25]",0.0625,0.25,0.25,0.0,0.4375,0.6875,0.25,0.25,0.3125,0.0625
5,A-bin/B-base,183,"(0,.25]",0.0625,0.0625,0.3125,0.25,0.125,0.3125,0.1875,0.25,0.5625,0.3125
5,B-bin/A-base,183,"(0,.25]",0.0625,0.0625,0.3125,0.25,0.1875,0.3125,0.125,0.1875,0.5625,0.375
5,A-bin/B-base,184,0,0.0,0.125,0.0625,-0.0625,0.4375,0.125,-0.3125,0.125,0.25,0.125
5,B-bin/A-base,184,"(0,.25]",0.125,0.0,0.0625,0.0625,0.0625,0.125,0.0625,0.0625,0.25,0.1875
5,A-bin/B-base,185,"(.75,1)",0.8125,0.875,0.9375,0.0625,0.875,0.9375,0.0625,1.0,1.0,0.0
5,B-bin/A-base,185,"(.75,1)",0.875,0.8125,0.9375,0.125,0.8125,0.9375,0.125,0.9375,1.0,0.0625
5,A-bin/B-base,186,"(.5,.75]",0.625,0.625,0.6875,0.0625,0.6875,0.6875,0.0,0.8125,0.9375,0.125
5,B-bin/A-base,186,"(.5,.75]",0.625,0.625,0.6875,0.0625,0.6875,0.6875,0.0,0.9375,0.9375,0.0
5,A-bin/B-base,187,"(0,.25]",0.0625,0.0,0.0,0.0,0.0625,0.0,-0.0625,0.0625,0.0625,0.0
5,B-bin/A-base,187,0,0.0,0.0625,0.0,-0.0625,0.0625,0.0,-0.0625,0.0625,0.0625,0.0
5,A-bin/B-base,188,"(.75,1)",0.875,0.9375,0.8125,-0.125,0.9375,0.875,-0.0625,1.0,0.9375,-0.0625
5,B-bin/A-base,188,"(.75,1)",0.9375,0.875,0.8125,-0.0625,0.875,0.875,0.0,1.0,0.9375,-0.0625
5,A-bin/B-base,189,"(0,.25]",0.25,0.1875,0.3125,0.125,0.3125,0.375,0.0625,0.5625,0.4375,-0.125
5,B-bin/A-base,189,"(0,.25]",0.1875,0.25,0.3125,0.0625,0.375,0.375,0.0,0.375,0.4375,0.0625
5,A-bin/B-base,190,"(0,.25]",0.125,0.0,0.1875,0.1875,0.125,0.625,0.5,0.0625,0.1875,0.125
5,B-bin/A-base,190,0,0.0,0.125,0.1875,0.0625,0.375,0.625,0.25,0.3125,0.1875,-0.125
5,A-bin/B-base,191,0,0.0,0.0,0.0,0.0,0.1875,0.0625,-0.125,0.0625,0.125,0.0625
5,B-bin/A-base,191,0,0.0,0.0,0.0,0.0,0.125,0.0625,-0.0625,0.0625,0.125,0.0625
5,A-bin/B-base,192,"(0,.25]",0.25,0.3125,0.1875,-0.125,0.375,0.1875,-0.1875,0.4375,0.375,-0.0625
5,B-bin/A-base,192,"(.25,.5]",0.3125,0.25,0.1875,-0.0625,0.25,0.1875,-0.0625,0.625,0.375,-0.25
5,A-bin/B-base,193,"(.25,.5]",0.5,0.1875,0.375,0.1875,0.4375,0.375,-0.0625,0.3125,0.4375,0.125
5,B-bin/A-base,193,"(0,.25]",0.1875,0.5,0.375,-0.125,0.5625,0.375,-0.1875,0.5,0.4375,-0.0625
5,A-bin/B-base,194,"(0,.25]",0.25,0.25,0.25,0.0,0.5625,0.5625,0.0,0.375,0.3125,-0.0625
5,B-bin/A-base,194,"(0,.25]",0.25,0.25,0.25,0.0,0.4375,0.5625,0.125,0.375,0.3125,-0.0625
5,A-bin/B-base,195,"(.5,.75]",0.5625,0.6875,0.875,0.1875,0.6875,0.875,0.1875,0.9375,0.9375,0.0
5,B-bin/A-base,195,"(.5,.75]",0.6875,0.5625,0.875,0.3125,0.5625,0.875,0.3125,0.875,0.9375,0.0625
5,A-bin/B-base,196,"(.25,.5]",0.5,0.625,0.625,0.0,0.6875,0.6875,0.0,0.875,0.8125,-0.0625
5,B-bin/A-base,196,"(.5,.75]",0.625,0.5,0.625,0.125,0.5625,0.6875,0.125,0.75,0.8125,0.0625
5,A-bin/B-base,197,"(0,.25]",0.1875,0.3125,0.25,-0.0625,0.375,0.25,-0.125,0.75,0.5625,-0.1875
5,B-bin/A-base,197,"(.25,.5]",0.3125,0.1875,0.25,0.0625,0.1875,0.25,0.0625,0.5,0.5625,0.0625
5,A-bin/B-base,198,"(0,.25]",0.1875,0.125,0.0,-0.125,0.1875,0.0625,-0.125,0.125,0.125,0.0
5,B-bin/A-base,198,"(0,.25]",0.125,0.1875,0.0,-0.1875,0.1875,0.0625,-0.125,0.1875,0.125,-0.0625
5,A-bin/B-base,199,"(0,.25]",0.1875,0.0,0.0,0.0,0.0,0.25,0.25,0.0,0.125,0.125
5,B-bin/A-base,199,0,0.0,0.1875,0.0,-0.1875,0.1875,0.25,0.0625,0.3125,0.125,-0.1875
5,A-bin/B-base,200,"(.25,.5]",0.375,0.6875,0.5,-0.1875,0.6875,0.5,-0.1875,0.8125,0.75,-0.0625
5,B-bin/A-base,200,"(.5,.75]",0.6875,0.375,0.5,0.125,0.4375,0.5,0.0625,0.625,0.75,0.125
5,A-bin/B-base,201,"(0,.25]",0.0625,0.0625,0.125,0.0625,0.1875,0.125,-0.0625,0.125,0.125,0.0
5,B-bin/A-base,201,"(0,.25]",0.0625,0.0625,0.125,0.0625,0.25,0.125,-0.125,0.125,0.125,0.0
5,A-bin/B-base,202,"(.75,1)",0.875,0.875,0.6875,-0.1875,0.9375,0.75,-0.1875,0.9375,0.875,-0.0625
5,B-bin/A-base,202,"(.75,1)",0.875,0.875,0.6875,-0.1875,0.875,0.75,-0.125,1.0,0.875,-0.125
5,A-bin/B-base,203,"(.75,1)",0.8125,0.8125,0.75,-0.0625,0.8125,0.75,-0.0625,0.9375,1.0,0.0625
5,B-bin/A-base,203,"(.75,1)",0.8125,0.8125,0.75,-0.0625,0.875,0.75,-0.125,0.9375,1.0,0.0625
5,A-bin/B-base,204,"(0,.25]",0.25,0.375,0.125,-0.25,0.4375,0.1875,-0.25,0.5,0.25,-0.25
5,B-bin/A-base,204,"(.25,.5]",0.375,0.25,0.125,-0.125,0.3125,0.1875,-0.125,0.4375,0.25,-0.1875
5,A-bin/B-base,205,"(0,.25]",0.125,0.25,0.0,-0.25,0.375,0.1875,-0.1875,0.25,0.0,-0.25
5,B-bin/A-base,205,"(0,.25]",0.25,0.125,0.0,-0.125,0.375,0.1875,-0.1875,0.125,0.0,-0.125
5,A-bin/B-base,206,"(0,.25]",0.25,0.4375,0.1875,-0.25,0.4375,0.3125,-0.125,0.5625,0.4375,-0.125
5,B-bin/A-base,206,"(.25,.5]",0.4375,0.25,0.1875,-0.0625,0.25,0.3125,0.0625,0.6875,0.4375,-0.25
5,A-bin/B-base,207,"(.25,.5]",0.5,0.5625,0.375,-0.1875,0.625,0.5,-0.125,0.75,0.625,-0.125
5,B-bin/A-base,207,"(.5,.75]",0.5625,0.5,0.375,-0.125,0.5625,0.5,-0.0625,0.6875,0.625,-0.0625
5,A-bin/B-base,208,"(.5,.75]",0.6875,0.75,0.75,0.0,0.75,0.8125,0.0625,0.9375,0.9375,0.0
5,B-bin/A-base,208,"(.5,.75]",0.75,0.6875,0.75,0.0625,0.6875,0.8125,0.125,0.875,0.9375,0.0625
5,A-bin/B-base,209,"(.5,.75]",0.5625,0.5,0.625,0.125,0.5,0.625,0.125,0.8125,0.875,0.0625
5,B-bin/A-base,209,"(.25,.5]",0.5,0.5625,0.625,0.0625,0.625,0.625,0.0,0.625,0.875,0.25
5,A-bin/B-base,210,"(.25,.5]",0.3125,0.25,0.625,0.375,0.375,0.6875,0.3125,0.6875,0.75,0.0625
5,B-bin/A-base,210,"(0,.25]",0.25,0.3125,0.625,0.3125,0.375,0.6875,0.3125,0.4375,0.75,0.3125
5,A-bin/B-base,211,"(0,.25]",0.0625,0.125,0.25,0.125,0.5,0.4375,-0.0625,0.1875,0.375,0.1875
5,B-bin/A-base,211,"(0,.25]",0.125,0.0625,0.25,0.1875,0.4375,0.4375,0.0,0.3125,0.375,0.0625
5,A-bin/B-base,212,0,0.0,0.0,0.0,0.0,0.0,0.0625,0.0625,0.25,0.0625,-0.1875
5,B-bin/A-base,212,0,0.0,0.0,0.0,0.0,0.0625,0.0625,0.0,0.125,0.0625,-0.0625
5,A-bin/B-base,213,"(.5,.75]",0.5625,0.625,0.625,0.0,0.6875,0.6875,0.0,0.8125,0.75,-0.0625
5,B-bin/A-base,213,"(.5,.75]",0.625,0.5625,0.625,0.0625,0.5625,0.6875,0.125,0.75,0.75,0.0
5,A-bin/B-base,214,"(0,.25]",0.0625,0.0,0.0,0.0,0.375,0.1875,-0.1875,0.0,0.125,0.125
5,B-bin/A-base,214,0,0.0,0.0625,0.0,-0.0625,0.3125,0.1875,-0.125,0.0625,0.125,0.0625
5,A-bin/B-base,215,"(.25,.5]",0.5,0.75,0.625,-0.125,0.75,0.75,0.0,0.9375,0.8125,-0.125
5,B-bin/A-base,215,"(.5,.75]",0.75,0.5,0.625,0.125,0.5625,0.75,0.1875,0.875,0.8125,-0.0625
5,A-bin/B-base,216,"(.5,.75]",0.75,0.5,0.4375,-0.0625,0.5,0.4375,-0.0625,0.8125,0.6875,-0.125
5,B-bin/A-base,216,"(.25,.5]",0.5,0.75,0.4375,-0.3125,0.75,0.4375,-0.3125,1.0,0.6875,-0.3125
5,A-bin/B-base,217,"(0,.25]",0.1875,0.0625,0.0,-0.0625,0.0625,0.0625,0.0,0.3125,0.3125,0.0
5,B-bin/A-base,217,"(0,.25]",0.0625,0.1875,0.0,-0.1875,0.1875,0.0625,-0.125,0.375,0.3125,-0.0625
5,A-bin/B-base,218,"(0,.25]",0.125,0.125,0.0,-0.125,0.75,0.5,-0.25,0.1875,0.1875,0.0
5,B-bin/A-base,218,"(0,.25]",0.125,0.125,0.0,-0.125,0.4375,0.5,0.0625,0.1875,0.1875,0.0
5,A-bin/B-base,219,"(0,.25]",0.0625,0.0,0.0625,0.0625,0.125,0.125,0.0,0.1875,0.0625,-0.125
5,B-bin/A-base,219,0,0.0,0.0625,0.0625,0.0,0.3125,0.125,-0.1875,0.3125,0.0625,-0.25
5,A-bin/B-base,220,"(0,.25]",0.0625,0.125,0.0625,-0.0625,0.125,0.0625,-0.0625,0.3125,0.25,-0.0625
5,B-bin/A-base,220,"(0,.25]",0.125,0.0625,0.0625,0.0,0.125,0.0625,-0.0625,0.25,0.25,0.0
5,A-bin/B-base,221,"(.75,1)",0.875,0.875,0.6875,-0.1875,0.875,0.75,-0.125,0.9375,0.875,-0.0625
5,B-bin/A-base,221,"(.75,1)",0.875,0.875,0.6875,-0.1875,0.875,0.75,-0.125,1.0,0.875,-0.125
5,A-bin/B-base,222,"(0,.25]",0.25,0.4375,0.25,-0.1875,0.5,0.3125,-0.1875,0.5,0.4375,-0.0625
5,B-bin/A-base,222,"(.25,.5]",0.4375,0.25,0.25,0.0,0.5,0.3125,-0.1875,0.375,0.4375,0.0625
5,A-bin/B-base,223,"(0,.25]",0.125,0.0625,0.1875,0.125,0.125,0.375,0.25,0.3125,0.375,0.0625
5,B-bin/A-base,223,"(0,.25]",0.0625,0.125,0.1875,0.0625,0.3125,0.375,0.0625,0.1875,0.375,0.1875
5,A-bin/B-base,224,0,0.0,0.0,0.0625,0.0625,0.0,0.0625,0.0625,0.25,0.1875,-0.0625
5,B-bin/A-base,224,0,0.0,0.0,0.0625,0.0625,0.1875,0.0625,-0.125,0.0625,0.1875,0.125
5,A-bin/B-base,225,"(0,.25]",0.0625,0.0,0.0625,0.0625,0.0625,0.25,0.1875,0.1875,0.125,-0.0625
5,B-bin/A-base,225,0,0.0,0.0625,0.0625,0.0,0.125,0.25,0.125,0.125,0.125,0.0
5,A-bin/B-base,226,"(0,.25]",0.1875,0.4375,0.125,-0.3125,0.5625,0.375,-0.1875,0.625,0.1875,-0.4375
5,B-bin/A-base,226,"(.25,.5]",0.4375,0.1875,0.125,-0.0625,0.3125,0.375,0.0625,0.25,0.1875,-0.0625
5,A-bin/B-base,227,"(.5,.75]",0.625,0.75,0.625,-0.125,0.8125,0.6875,-0.125,0.875,0.875,0.0
5,B-bin/A-base,227,"(.5,.75]",0.75,0.625,0.625,0.0,0.625,0.6875,0.0625,0.9375,0.875,-0.0625
5,A-bin/B-base,228,"(0,.25]",0.125,0.0,0.0,0.0,0.5625,0.4375,-0.125,0.0625,0.0,-0.0625
5,B-bin/A-base,228,0,0.0,0.125,0.0,-0.125,0.6875,0.4375,-0.25,0.1875,0.0,-0.1875
5,A-bin/B-base,229,"(0,.25]",0.1875,0.0625,0.0,-0.0625,0.6875,0.625,-0.0625,0.125,0.0625,-0.0625
5,B-bin/A-base,229,"(0,.25]",0.0625,0.1875,0.0,-0.1875,0.75,0.625,-0.125,0.1875,0.0625,-0.125
5,A-bin/B-base,230,"(0,.25]",0.125,0.0625,0.0,-0.0625,0.25,0.25,0.0,0.125,0.0,-0.125
5,B-bin/A-base,230,"(0,.25]",0.0625,0.125,0.0,-0.125,0.4375,0.25,-0.1875,0.125,0.0,-0.125
5,A-bin/B-base,231,"(0,.25]",0.0625,0.125,0.0625,-0.0625,0.1875,0.25,0.0625,0.125,0.0625,-0.0625
5,B-bin/A-base,231,"(0,.25]",0.125,0.0625,0.0625,0.0,0.125,0.25,0.125,0.125,0.0625,-0.0625
5,A-bin/B-base,232,0,0.0,0.0,0.0,0.0,0.4375,0.25,-0.1875,0.0,0.0,0.0
5,B-bin/A-base,232,0,0.0,0.0,0.0,0.0,0.375,0.25,-0.125,0.0,0.0,0.0
5,A-bin/B-base,233,"(.25,.5]",0.5,0.375,0.1875,-0.1875,0.6875,0.4375,-0.25,0.4375,0.375,-0.0625
5,B-bin/A-base,233,"(.25,.5]",0.375,0.5,0.1875,-0.3125,0.75,0.4375,-0.3125,0.625,0.375,-0.25
5,A-bin/B-base,234,0,0.0,0.0,0.0,0.0,0.125,0.125,0.0,0.0,0.0,0.0
5,B-bin/A-base,234,0,0.0,0.0,0.0,0.0,0.125,0.125,0.0,0.0,0.0,0.0
5,A-bin/B-base,235,"(0,.25]",0.0625,0.125,0.0625,-0.0625,0.3125,0.1875,-0.125,0.375,0.125,-0.25
5,B-bin/A-base,235,"(0,.25]",0.125,0.0625,0.0625,0.0,0.0625,0.1875,0.125,0.1875,0.125,-0.0625
5,A-bin/B-base,236,"(.75,1)",0.9375,0.75,0.875,0.125,0.75,0.875,0.125,0.8125,0.9375,0.125
5,B-bin/A-base,236,"(.5,.75]",0.75,0.9375,0.875,-0.0625,0.9375,0.875,-0.0625,1.0,0.9375,-0.0625
5,A-bin/B-base,237,"(0,.25]",0.0625,0.0,0.0,0.0,0.125,0.0,-0.125,0.0625,0.0,-0.0625
5,B-bin/A-base,237,0,0.0,0.0625,0.0,-0.0625,0.0625,0.0,-0.0625,0.0625,0.0,-0.0625
5,A-bin/B-base,238,"(.25,.5]",0.375,0.4375,0.6875,0.25,0.5,0.6875,0.1875,0.75,0.9375,0.1875
5,B-bin/A-base,238,"(.25,.5]",0.4375,0.375,0.6875,0.3125,0.4375,0.6875,0.25,0.875,0.9375,0.0625
5,A-bin/B-base,239,"(0,.25]",0.25,0.125,0.1875,0.0625,0.125,0.25,0.125,0.125,0.25,0.125
5,B-bin/A-base,239,"(0,.25]",0.125,0.25,0.1875,-0.0625,0.25,0.25,0.0,0.375,0.25,-0.125
5,A-bin/B-base,240,"(.25,.5]",0.5,0.625,0.625,0.0,0.625,0.75,0.125,1.0,0.8125,-0.1875
5,B-bin/A-base,240,"(.5,.75]",0.625,0.5,0.625,0.125,0.5625,0.75,0.1875,0.8125,0.8125,0.0
5,A-bin/B-base,241,"(.5,.75]",0.625,0.3125,0.6875,0.375,0.3125,0.6875,0.375,0.6875,0.9375,0.25
5,B-bin/A-base,241,"(.25,.5]",0.3125,0.625,0.6875,0.0625,0.6875,0.6875,0.0,0.6875,0.9375,0.25
5,A-bin/B-base,242,"(.5,.75]",0.75,0.375,0.5,0.125,0.375,0.5,0.125,0.6875,0.6875,0.0
5,B-bin/A-base,242,"(.25,.5]",0.375,0.75,0.5,-0.25,0.8125,0.5,-0.3125,0.9375,0.6875,-0.25
5,A-bin/B-base,243,"(0,.25]",0.0625,0.0625,0.25,0.1875,0.125,0.4375,0.3125,0.0625,0.3125,0.25
5,B-bin/A-base,243,"(0,.25]",0.0625,0.0625,0.25,0.1875,0.4375,0.4375,0.0,0.1875,0.3125,0.125
5,A-bin/B-base,244,"(.75,1)",0.875,0.75,0.5625,-0.1875,0.75,0.5625,-0.1875,0.9375,0.9375,0.0
5,B-bin/A-base,244,"(.5,.75]",0.75,0.875,0.5625,-0.3125,0.875,0.5625,-0.3125,0.9375,0.9375,0.0
5,A-bin/B-base,245,"(.25,.5]",0.375,0.375,0.8125,0.4375,0.4375,0.875,0.4375,0.625,0.9375,0.3125
5,B-bin/A-base,245,"(.25,.5]",0.375,0.375,0.8125,0.4375,0.5,0.875,0.375,0.5625,0.9375,0.375
5,A-bin/B-base,246,"(0,.25]",0.0625,0.0625,0.25,0.1875,0.0625,0.375,0.3125,0.125,0.25,0.125
5,B-bin/A-base,246,"(0,.25]",0.0625,0.0625,0.25,0.1875,0.125,0.375,0.25,0.125,0.25,0.125
5,A-bin/B-base,247,0,0.0,0.0,0.0625,0.0625,0.25,0.25,0.0,0.0625,0.1875,0.125
5,B-bin/A-base,247,0,0.0,0.0,0.0625,0.0625,0.25,0.25,0.0,0.125,0.1875,0.0625
5,A-bin/B-base,248,0,0.0,0.0,0.0,0.0,0.0625,0.1875,0.125,0.0625,0.0,-0.0625
5,B-bin/A-base,248,0,0.0,0.0,0.0,0.0,0.1875,0.1875,0.0,0.0625,0.0,-0.0625
5,A-bin/B-base,249,"(.5,.75]",0.625,0.75,0.6875,-0.0625,0.75,0.6875,-0.0625,0.875,0.875,0.0
5,B-bin/A-base,249,"(.5,.75]",0.75,0.625,0.6875,0.0625,0.625,0.6875,0.0625,0.875,0.875,0.0
5,A-bin/B-base,250,0,0.0,0.125,0.0625,-0.0625,0.4375,0.375,-0.0625,0.3125,0.125,-0.1875
5,B-bin/A-base,250,"(0,.25]",0.125,0.0,0.0625,0.0625,0.25,0.375,0.125,0.0625,0.125,0.0625
5,A-bin/B-base,251,"(0,.25]",0.1875,0.125,0.125,0.0,0.375,0.1875,-0.1875,0.125,0.125,0.0
5,B-bin/A-base,251,"(0,.25]",0.125,0.1875,0.125,-0.0625,0.4375,0.1875,-0.25,0.3125,0.125,-0.1875
5,A-bin/B-base,252,"(.5,.75]",0.5625,0.8125,0.75,-0.0625,0.8125,0.8125,0.0,1.0,0.875,-0.125
5,B-bin/A-base,252,"(.75,1)",0.8125,0.5625,0.75,0.1875,0.5625,0.8125,0.25,0.8125,0.875,0.0625
5,A-bin/B-base,253,0,0.0,0.125,0.1875,0.0625,0.125,0.3125,0.1875,0.4375,0.4375,0.0
5,B-bin/A-base,253,"(0,.25]",0.125,0.0,0.1875,0.1875,0.0,0.3125,0.3125,0.125,0.4375,0.3125
5,A-bin/B-base,254,"(.25,.5]",0.3125,0.25,0.75,0.5,0.3125,0.75,0.4375,0.625,0.875,0.25
5,B-bin/A-base,254,"(0,.25]",0.25,0.3125,0.75,0.4375,0.3125,0.75,0.4375,0.5625,0.875,0.3125
5,A-bin/B-base,255,"(.5,.75]",0.625,0.6875,0.6875,0.0,0.75,0.6875,-0.0625,0.8125,1.0,0.1875
5,B-bin/A-base,255,"(.5,.75]",0.6875,0.625,0.6875,0.0625,0.75,0.6875,-0.0625,0.8125,1.0,0.1875
10,A-bin/B-base,0,"(.75,1)",0.8125,0.875,0.75,-0.125,0.875,0.8125,-0.0625,0.9375,0.9375,0.0
10,B-bin/A-base,0,"(.75,1)",0.875,0.8125,0.75,-0.0625,0.8125,0.8125,0.0,0.8125,0.9375,0.125
10,A-bin/B-base,1,"(0,.25]",0.25,0.3125,0.5,0.1875,0.5,0.5,0.0,0.5,0.5625,0.0625
10,B-bin/A-base,1,"(.25,.5]",0.3125,0.25,0.5,0.25,0.3125,0.5,0.1875,0.4375,0.5625,0.125
10,A-bin/B-base,2,"(0,.25]",0.125,0.4375,0.625,0.1875,0.5625,0.75,0.1875,0.5625,0.6875,0.125
10,B-bin/A-base,2,"(.25,.5]",0.4375,0.125,0.625,0.5,0.1875,0.75,0.5625,0.5,0.6875,0.1875
10,A-bin/B-base,3,"(.5,.75]",0.5625,0.6875,0.8125,0.125,0.6875,0.875,0.1875,0.875,0.875,0.0
10,B-bin/A-base,3,"(.5,.75]",0.6875,0.5625,0.8125,0.25,0.625,0.875,0.25,0.75,0.875,0.125
10,A-bin/B-base,4,"(0,.25]",0.125,0.375,0.375,0.0,0.5,0.5625,0.0625,0.4375,0.5,0.0625
10,B-bin/A-base,4,"(.25,.5]",0.375,0.125,0.375,0.25,0.4375,0.5625,0.125,0.1875,0.5,0.3125
10,A-bin/B-base,5,"(.25,.5]",0.375,0.625,0.6875,0.0625,0.6875,0.75,0.0625,0.8125,0.75,-0.0625
10,B-bin/A-base,5,"(.5,.75]",0.625,0.375,0.6875,0.3125,0.4375,0.75,0.3125,0.6875,0.75,0.0625
10,A-bin/B-base,6,"(.5,.75]",0.6875,0.625,0.625,0.0,0.625,0.6875,0.0625,0.875,0.875,0.0
10,B-bin/A-base,6,"(.5,.75]",0.625,0.6875,0.625,-0.0625,0.75,0.6875,-0.0625,0.875,0.875,0.0
10,A-bin/B-base,7,0,0.0,0.0,0.0625,0.0625,0.125,0.1875,0.0625,0.0,0.125,0.125
10,B-bin/A-base,7,0,0.0,0.0,0.0625,0.0625,0.0,0.1875,0.1875,0.0,0.125,0.125
10,A-bin/B-base,8,"(0,.25]",0.1875,0.125,0.1875,0.0625,0.3125,0.3125,0.0,0.1875,0.375,0.1875
10,B-bin/A-base,8,"(0,.25]",0.125,0.1875,0.1875,0.0,0.375,0.3125,-0.0625,0.3125,0.375,0.0625
10,A-bin/B-base,9,"(0,.25]",0.1875,0.0,0.0,0.0,0.25,0.1875,-0.0625,0.0,0.0625,0.0625
10,B-bin/A-base,9,0,0.0,0.1875,0.0,-0.1875,0.5,0.1875,-0.3125,0.25,0.0625,-0.1875
10,A-bin/B-base,10,0,0.0,0.0625,0.0,-0.0625,0.125,0.0,-0.125,0.125,0.0625,-0.0625
10,B-bin/A-base,10,"(0,.25]",0.0625,0.0,0.0,0.0,0.0,0.0,0.0,0.0625,0.0625,0.0
10,A-bin/B-base,11,0,0.0,0.0625,0.0,-0.0625,0.0625,0.0625,0.0,0.0625,0.0,-0.0625
10,B-bin/A-base,11,"(0,.25]",0.0625,0.0,0.0,0.0,0.0,0.0625,0.0625,0.0,0.0,0.0
10,A-bin/B-base,12,"(.25,.5]",0.4375,0.625,1.0,0.375,0.625,1.0,0.375,0.8125,1.0,0.1875
10,B-bin/A-base,12,"(.5,.75]",0.625,0.4375,1.0,0.5625,0.4375,1.0,0.5625,0.875,1.0,0.125
10,A-bin/B-base,13,"(0,.25]",0.1875,0.0625,0.125,0.0625,0.25,0.5625,0.3125,0.25,0.125,-0.125
10,B-bin/A-base,13,"(0,.25]",0.0625,0.1875,0.125,-0.0625,0.4375,0.5625,0.125,0.3125,0.125,-0.1875
10,A-bin/B-base,14,"(0,.25]",0.25,0.1875,0.25,0.0625,0.375,0.375,0.0,0.5625,0.375,-0.1875
10,B-bin/A-base,14,"(0,.25]",0.1875,0.25,0.25,0.0,0.3125,0.375,0.0625,0.4375,0.375,-0.0625
10,A-bin/B-base,15,0,0.0,0.0,0.0,0.0,0.5,0.1875,-0.3125,0.0,0.0,0.0
10,B-bin/A-base,15,0,0.0,0.0,0.0,0.0,0.0,0.1875,0.1875,0.0,0.0,0.0
10,A-bin/B-base,16,"(0,.25]",0.125,0.125,0.125,0.0,0.25,0.3125,0.0625,0.1875,0.3125,0.125
10,B-bin/A-base,16,"(0,.25]",0.125,0.125,0.125,0.0,0.125,0.3125,0.1875,0.1875,0.3125,0.125
10,A-bin/B-base,17,"(0,.25]",0.125,0.0625,0.125,0.0625,0.1875,0.25,0.0625,0.1875,0.3125,0.125
10,B-bin/A-base,17,"(0,.25]",0.0625,0.125,0.125,0.0,0.375,0.25,-0.125,0.1875,0.3125,0.125
10,A-bin/B-base,18,"(0,.25]",0.1875,0.0,0.125,0.125,0.1875,0.3125,0.125,0.125,0.25,0.125
10,B-bin/A-base,18,0,0.0,0.1875,0.125,-0.0625,0.25,0.3125,0.0625,0.3125,0.25,-0.0625
10,A-bin/B-base,19,"(0,.25]",0.25,0.1875,0.1875,0.0,0.25,0.375,0.125,0.375,0.375,0.0
10,B-bin/A-base,19,"(0,.25]",0.1875,0.25,0.1875,-0.0625,0.375,0.375,0.0,0.5,0.375,-0.125
10,A-bin/B-base,20,"(.75,1)",0.8125,0.875,0.8125,-0.0625,0.875,0.875,0.0,1.0,0.875,-0.125
10,B-bin/A-base,20,"(.75,1)",0.875,0.8125,0.8125,0.0,0.8125,0.875,0.0625,1.0,0.875,-0.125
10,A-bin/B-base,21,"(0,.25]",0.125,0.125,0.1875,0.0625,0.125,0.1875,0.0625,0.25,0.5,0.25
10,B-bin/A-base,21,"(0,.25]",0.125,0.125,0.1875,0.0625,0.1875,0.1875,0.0,0.125,0.5,0.375
10,A-bin/B-base,22,0,0.0,0.0,0.0625,0.0625,0.25,0.1875,-0.0625,0.0625,0.125,0.0625
10,B-bin/A-base,22,0,0.0,0.0,0.0625,0.0625,0.1875,0.1875,0.0,0.25,0.125,-0.125
10,A-bin/B-base,23,"(.5,.75]",0.5625,0.5,0.5,0.0,0.5625,0.5625,0.0,0.8125,0.6875,-0.125
10,B-bin/A-base,23,"(.25,.5]",0.5,0.5625,0.5,-0.0625,0.5625,0.5625,0.0,0.6875,0.6875,0.0
10,A-bin/B-base,24,"(.5,.75]",0.625,0.5625,0.5625,0.0,0.5625,0.625,0.0625,0.6875,0.625,-0.0625
10,B-bin/A-base,24,"(.5,.75]",0.5625,0.625,0.5625,-0.0625,0.625,0.625,0.0,0.625,0.625,0.0
10,A-bin/B-base,25,"(.25,.5]",0.375,0.3125,0.5625,0.25,0.4375,0.5625,0.125,0.5625,0.75,0.1875
10,B-bin/A-base,25,"(.25,.5]",0.3125,0.375,0.5625,0.1875,0.4375,0.5625,0.125,0.625,0.75,0.125
10,A-bin/B-base,26,"(.5,.75]",0.6875,0.625,0.4375,-0.1875,0.75,0.5625,-0.1875,0.8125,0.6875,-0.125
10,B-bin/A-base,26,"(.5,.75]",0.625,0.6875,0.4375,-0.25,0.6875,0.5625,-0.125,1.0,0.6875,-0.3125
10,A-bin/B-base,27,"(0,.25]",0.0625,0.0625,0.125,0.0625,0.3125,0.3125,0.0,0.1875,0.25,0.0625
10,B-bin/A-base,27,"(0,.25]",0.0625,0.0625,0.125,0.0625,0.125,0.3125,0.1875,0.125,0.25,0.125
10,A-bin/B-base,28,"(.5,.75]",0.5625,0.5625,0.6875,0.125,0.5625,0.75,0.1875,0.9375,0.8125,-0.125
10,B-bin/A-base,28,"(.5,.75]",0.5625,0.5625,0.6875,0.125,0.5625,0.75,0.1875,0.9375,0.8125,-0.125
10,A-bin/B-base,29,"(0,.25]",0.125,0.1875,0.3125,0.125,0.3125,0.4375,0.125,0.3125,0.5,0.1875
10,B-bin/A-base,29,"(0,.25]",0.1875,0.125,0.3125,0.1875,0.3125,0.4375,0.125,0.1875,0.5,0.3125
10,A-bin/B-base,30,"(0,.25]",0.0625,0.0625,0.125,0.0625,0.0625,0.375,0.3125,0.25,0.375,0.125
10,B-bin/A-base,30,"(0,.25]",0.0625,0.0625,0.125,0.0625,0.1875,0.375,0.1875,0.1875,0.375,0.1875
10,A-bin/B-base,31,"(.25,.5]",0.375,0.125,0.5625,0.4375,0.1875,0.6875,0.5,0.25,0.75,0.5
10,B-bin/A-base,31,"(0,.25]",0.125,0.375,0.5625,0.1875,0.5625,0.6875,0.125,0.5,0.75,0.25
10,A-bin/B-base,32,"(0,.25]",0.0625,0.25,0.25,0.0,0.3125,0.3125,0.0,0.5,0.625,0.125
10,B-bin/A-base,32,"(0,.25]",0.25,0.0625,0.25,0.1875,0.125,0.3125,0.1875,0.25,0.625,0.375
10,A-bin/B-base,33,"(.5,.75]",0.75,0.375,0.6875,0.3125,0.375,0.6875,0.3125,0.875,0.8125,-0.0625
10,B-bin/A-base,33,"(.25,.5]",0.375,0.75,0.6875,-0.0625,0.8125,0.6875,-0.125,0.9375,0.8125,-0.125
10,A-bin/B-base,34,"(.5,.75]",0.625,0.625,0.625,0.0,0.6875,0.6875,0.0,0.875,0.875,0.0
10,B-bin/A-base,34,"(.5,.75]",0.625,0.625,0.625,0.0,0.6875,0.6875,0.0,0.875,0.875,0.0
10,A-bin/B-base,35,"(.5,.75]",0.625,0.5625,0.6875,0.125,0.5625,0.75,0.1875,0.75,0.875,0.125
10,B-bin/A-base,35,"(.5,.75]",0.5625,0.625,0.6875,0.0625,0.875,0.75,-0.125,0.6875,0.875,0.1875
10,A-bin/B-base,36,"(.5,.75]",0.75,0.8125,0.625,-0.1875,0.8125,0.625,-0.1875,0.875,0.875,0.0
10,B-bin/A-base,36,"(.75,1)",0.8125,0.75,0.625,-0.125,0.8125,0.625,-0.1875,0.875,0.875,0.0
10,A-bin/B-base,37,"(.25,.5]",0.5,0.6875,0.75,0.0625,0.6875,0.75,0.0625,0.8125,0.9375,0.125
10,B-bin/A-base,37,"(.5,.75]",0.6875,0.5,0.75,0.25,0.625,0.75,0.125,0.5625,0.9375,0.375
10,A-bin/B-base,38,"(0,.25]",0.125,0.0,0.0,0.0,0.25,0.25,0.0,0.0,0.0625,0.0625
10,B-bin/A-base,38,0,0.0,0.125,0.0,-0.125,0.375,0.25,-0.125,0.125,0.0625,-0.0625
10,A-bin/B-base,39,"(.25,.5]",0.5,0.4375,0.5625,0.125,0.4375,0.5625,0.125,0.75,0.8125,0.0625
10,B-bin/A-base,39,"(.25,.5]",0.4375,0.5,0.5625,0.0625,0.5,0.5625,0.0625,0.6875,0.8125,0.125
10,A-bin/B-base,40,0,0.0,0.125,0.0,-0.125,0.3125,0.3125,0.0,0.25,0.0625,-0.1875
10,B-bin/A-base,40,"(0,.25]",0.125,0.0,0.0,0.0,0.0,0.3125,0.3125,0.125,0.0625,-0.0625
10,A-bin/B-base,41,"(.75,1)",0.8125,0.75,0.6875,-0.0625,0.8125,0.75,-0.0625,0.9375,0.9375,0.0
10,B-bin/A-base,41,"(.5,.75]",0.75,0.8125,0.6875,-0.125,0.875,0.75,-0.125,0.9375,0.9375,0.0
10,A-bin/B-base,42,0,0.0,0.0625,0.125,0.0625,0.1875,0.125,-0.0625,0.0625,0.125,0.0625
10,B-bin/A-base,42,"(0,.25]",0.0625,0.0,0.125,0.125,0.125,0.125,0.0,0.125,0.125,0.0
10,A-bin/B-base,43,0,0.0,0.0625,0.125,0.0625,0.375,0.5,0.125,0.3125,0.1875,-0.125
10,B-bin/A-base,43,"(0,.25]",0.0625,0.0,0.125,0.125,0.375,0.5,0.125,0.0625,0.1875,0.125
10,A-bin/B-base,44,"(.5,.75]",0.625,0.75,0.6875,-0.0625,0.875,0.75,-0.125,0.75,0.75,0.0
10,B-bin/A-base,44,"(.5,.75]",0.75,0.625,0.6875,0.0625,0.6875,0.75,0.0625,0.8125,0.75,-0.0625
10,A-bin/B-base,45,"(.5,.75]",0.625,0.5,0.25,-0.25,0.5625,0.5625,0.0,0.75,0.4375,-0.3125
10,B-bin/A-base,45,"(.25,.5]",0.5,0.625,0.25,-0.375,0.625,0.5625,-0.0625,0.8125,0.4375,-0.375
10,A-bin/B-base,46,"(.25,.5]",0.5,0.375,0.25,-0.125,0.625,0.4375,-0.1875,0.625,0.3125,-0.3125
10,B-bin/A-base,46,"(.25,.5]",0.375,0.5,0.25,-0.25,0.6875,0.4375,-0.25,0.75,0.3125,-0.4375
10,A-bin/B-base,47,"(.25,.5]",0.5,0.75,0.5625,-0.1875,0.75,0.5625,-0.1875,0.9375,0.875,-0.0625
10,B-bin/A-base,47,"(.5,.75]",0.75,0.5,0.5625,0.0625,0.5,0.5625,0.0625,0.75,0.875,0.125
10,A-bin/B-base,48,"(.5,.75]",0.6875,0.6875,0.625,-0.0625,0.6875,0.625,-0.0625,1.0,0.875,-0.125
10,B-bin/A-base,48,"(.5,.75]",0.6875,0.6875,0.625,-0.0625,0.6875,0.625,-0.0625,0.9375,0.875,-0.0625
10,A-bin/B-base,49,"(.5,.75]",0.6875,0.875,0.6875,-0.1875,0.875,0.6875,-0.1875,0.875,0.875,0.0
10,B-bin/A-base,49,"(.75,1)",0.875,0.6875,0.6875,0.0,0.75,0.6875,-0.0625,0.8125,0.875,0.0625
10,A-bin/B-base,50,0,0.0,0.0,0.0,0.0,0.0625,0.1875,0.125,0.0,0.0,0.0
10,B-bin/A-base,50,0,0.0,0.0,0.0,0.0,0.375,0.1875,-0.1875,0.0,0.0,0.0
10,A-bin/B-base,51,"(.5,.75]",0.625,0.5,0.5,0.0,0.5,0.5,0.0,0.6875,0.6875,0.0
10,B-bin/A-base,51,"(.25,.5]",0.5,0.625,0.5,-0.125,0.625,0.5,-0.125,0.6875,0.6875,0.0
10,A-bin/B-base,52,"(.5,.75]",0.6875,0.5,0.5,0.0,0.5625,0.625,0.0625,0.625,0.625,0.0
10,B-bin/A-base,52,"(.25,.5]",0.5,0.6875,0.5,-0.1875,0.75,0.625,-0.125,0.75,0.625,-0.125
10,A-bin/B-base,53,"(.5,.75]",0.75,0.75,0.6875,-0.0625,0.75,0.75,0.0,1.0,0.875,-0.125
10,B-bin/A-base,53,"(.5,.75]",0.75,0.75,0.6875,-0.0625,0.8125,0.75,-0.0625,0.9375,0.875,-0.0625
10,A-bin/B-base,54,"(0,.25]",0.1875,0.1875,0.125,-0.0625,0.375,0.4375,0.0625,0.1875,0.1875,0.0
10,B-bin/A-base,54,"(0,.25]",0.1875,0.1875,0.125,-0.0625,0.5625,0.4375,-0.125,0.3125,0.1875,-0.125
10,A-bin/B-base,55,"(.5,.75]",0.75,0.8125,0.75,-0.0625,0.875,0.75,-0.125,0.875,0.9375,0.0625
10,B-bin/A-base,55,"(.75,1)",0.8125,0.75,0.75,0.0,0.9375,0.75,-0.1875,0.8125,0.9375,0.125
10,A-bin/B-base,56,"(.5,.75]",0.6875,0.6875,0.5,-0.1875,0.6875,0.5,-0.1875,0.9375,0.8125,-0.125
10,B-bin/A-base,56,"(.5,.75]",0.6875,0.6875,0.5,-0.1875,0.75,0.5,-0.25,0.875,0.8125,-0.0625
10,A-bin/B-base,57,"(0,.25]",0.1875,0.3125,0.1875,-0.125,0.4375,0.25,-0.1875,0.4375,0.375,-0.0625
10,B-bin/A-base,57,"(.25,.5]",0.3125,0.1875,0.1875,0.0,0.375,0.25,-0.125,0.375,0.375,0.0
10,A-bin/B-base,58,"(.25,.5]",0.375,0.5625,0.4375,-0.125,0.625,0.5625,-0.0625,0.6875,0.625,-0.0625
10,B-bin/A-base,58,"(.5,.75]",0.5625,0.375,0.4375,0.0625,0.5625,0.5625,0.0,0.625,0.625,0.0
10,A-bin/B-base,59,"(.25,.5]",0.3125,0.3125,0.1875,-0.125,0.5,0.375,-0.125,0.4375,0.375,-0.0625
10,B-bin/A-base,59,"(.25,.5]",0.3125,0.3125,0.1875,-0.125,0.5625,0.375,-0.1875,0.375,0.375,0.0
10,A-bin/B-base,60,"(0,.25]",0.25,0.125,0.1875,0.0625,0.25,0.3125,0.0625,0.1875,0.25,0.0625
10,B-bin/A-base,60,"(0,.25]",0.125,0.25,0.1875,-0.0625,0.375,0.3125,-0.0625,0.3125,0.25,-0.0625
10,A-bin/B-base,61,"(.25,.5]",0.5,0.125,0.5625,0.4375,0.25,0.625,0.375,0.4375,0.6875,0.25
10,B-bin/A-base,61,"(0,.25]",0.125,0.5,0.5625,0.0625,0.625,0.625,0.0,0.625,0.6875,0.0625
10,A-bin/B-base,62,"(.25,.5]",0.375,0.4375,0.4375,0.0,0.5625,0.5,-0.0625,0.5625,0.6875,0.125
10,B-bin/A-base,62,"(.25,.5]",0.4375,0.375,0.4375,0.0625,0.5,0.5,0.0,0.4375,0.6875,0.25
10,A-bin/B-base,63,0,0.0,0.0,0.0,0.0,0.125,0.25,0.125,0.0,0.0,0.0
10,B-bin/A-base,63,0,0.0,0.0,0.0,0.0,0.0,0.25,0.25,0.0,0.0,0.0
10,A-bin/B-base,64,"(.25,.5]",0.4375,0.5,0.75,0.25,0.5,0.75,0.25,0.6875,0.8125,0.125
10,B-bin/A-base,64,"(.25,.5]",0.5,0.4375,0.75,0.3125,0.5,0.75,0.25,0.6875,0.8125,0.125
10,A-bin/B-base,65,"(.25,.5]",0.4375,0.375,0.625,0.25,0.5,0.75,0.25,0.6875,0.75,0.0625
10,B-bin/A-base,65,"(.25,.5]",0.375,0.4375,0.625,0.1875,0.625,0.75,0.125,0.5625,0.75,0.1875
10,A-bin/B-base,66,"(0,.25]",0.125,0.0,0.0,0.0,0.125,0.1875,0.0625,0.25,0.125,-0.125
10,B-bin/A-base,66,0,0.0,0.125,0.0,-0.125,0.125,0.1875,0.0625,0.3125,0.125,-0.1875
10,A-bin/B-base,67,"(0,.25]",0.1875,0.0625,0.0625,0.0,0.0625,0.25,0.1875,0.1875,0.125,-0.0625
10,B-bin/A-base,67,"(0,.25]",0.0625,0.1875,0.0625,-0.125,0.3125,0.25,-0.0625,0.1875,0.125,-0.0625
10,A-bin/B-base,68,"(.25,.5]",0.4375,0.25,0.125,-0.125,0.25,0.125,-0.125,0.3125,0.25,-0.0625
10,B-bin/A-base,68,"(0,.25]",0.25,0.4375,0.125,-0.3125,0.4375,0.125,-0.3125,0.625,0.25,-0.375
10,A-bin/B-base,69,"(.5,.75]",0.625,0.5625,0.5625,0.0,0.625,0.625,0.0,0.6875,0.8125,0.125
10,B-bin/A-base,69,"(.5,.75]",0.5625,0.625,0.5625,-0.0625,0.6875,0.625,-0.0625,0.75,0.8125,0.0625
10,A-bin/B-base,70,"(.5,.75]",0.75,0.9375,1.0,0.0625,0.9375,1.0,0.0625,1.0,1.0,0.0
10,B-bin/A-base,70,"(.75,1)",0.9375,0.75,1.0,0.25,0.8125,1.0,0.1875,0.875,1.0,0.125
10,A-bin/B-base,71,"(.5,.75]",0.75,0.75,0.5625,-0.1875,0.9375,0.75,-0.1875,0.8125,0.6875,-0.125
10,B-bin/A-base,71,"(.5,.75]",0.75,0.75,0.5625,-0.1875,0.875,0.75,-0.125,0.875,0.6875,-0.1875
10,A-bin/B-base,72,"(0,.25]",0.25,0.25,0.4375,0.1875,0.5625,0.625,0.0625,0.375,0.5,0.125
10,B-bin/A-base,72,"(0,.25]",0.25,0.25,0.4375,0.1875,0.5,0.625,0.125,0.3125,0.5,0.1875
10,A-bin/B-base,73,"(.25,.5]",0.5,0.8125,0.6875,-0.125,0.8125,0.75,-0.0625,1.0,0.9375,-0.0625
10,B-bin/A-base,73,"(.75,1)",0.8125,0.5,0.6875,0.1875,0.625,0.75,0.125,0.75,0.9375,0.1875
10,A-bin/B-base,74,"(.25,.5]",0.4375,0.6875,0.6875,0.0,0.75,0.75,0.0,0.875,0.75,-0.125
10,B-bin/A-base,74,"(.5,.75]",0.6875,0.4375,0.6875,0.25,0.5625,0.75,0.1875,0.5625,0.75,0.1875
10,A-bin/B-base,75,"(.25,.5]",0.5,0.3125,0.8125,0.5,0.3125,0.875,0.5625,0.625,0.875,0.25
10,B-bin/A-base,75,"(.25,.5]",0.3125,0.5,0.8125,0.3125,0.5625,0.875,0.3125,0.9375,0.875,-0.0625
10,A-bin/B-base,76,"(0,.25]",0.0625,0.0625,0.1875,0.125,0.3125,0.4375,0.125,0.3125,0.375,0.0625
10,B-bin/A-base,76,"(0,.25]",0.0625,0.0625,0.1875,0.125,0.3125,0.4375,0.125,0.3125,0.375,0.0625
10,A-bin/B-base,77,"(0,.25]",0.1875,0.5,0.3125,-0.1875,0.5625,0.375,-0.1875,0.75,0.5625,-0.1875
10,B-bin/A-base,77,"(.25,.5]",0.5,0.1875,0.3125,0.125,0.3125,0.375,0.0625,0.5,0.5625,0.0625
10,A-bin/B-base,78,"(0,.25]",0.1875,0.125,0.25,0.125,0.625,0.5,-0.125,0.1875,0.375,0.1875
10,B-bin/A-base,78,"(0,.25]",0.125,0.1875,0.25,0.0625,0.5625,0.5,-0.0625,0.25,0.375,0.125
10,A-bin/B-base,79,"(.75,1)",0.9375,0.75,0.875,0.125,0.8125,0.875,0.0625,0.9375,0.9375,0.0
10,B-bin/A-base,79,"(.5,.75]",0.75,0.9375,0.875,-0.0625,0.9375,0.875,-0.0625,0.9375,0.9375,0.0
10,A-bin/B-base,80,"(0,.25]",0.0625,0.1875,0.375,0.1875,0.1875,0.4375,0.25,0.5,0.5625,0.0625
10,B-bin/A-base,80,"(0,.25]",0.1875,0.0625,0.375,0.3125,0.25,0.4375,0.1875,0.375,0.5625,0.1875
10,A-bin/B-base,81,"(0,.25]",0.25,0.0625,0.375,0.3125,0.4375,0.5625,0.125,0.0625,0.4375,0.375
10,B-bin/A-base,81,"(0,.25]",0.0625,0.25,0.375,0.125,0.3125,0.5625,0.25,0.375,0.4375,0.0625
10,A-bin/B-base,82,"(.25,.5]",0.375,0.375,0.3125,-0.0625,0.4375,0.375,-0.0625,0.5,0.375,-0.125
10,B-bin/A-base,82,"(.25,.5]",0.375,0.375,0.3125,-0.0625,0.5625,0.375,-0.1875,0.375,0.375,0.0
10,A-bin/B-base,83,"(.25,.5]",0.375,0.375,0.5625,0.1875,0.4375,0.75,0.3125,0.5625,0.625,0.0625
10,B-bin/A-base,83,"(.25,.5]",0.375,0.375,0.5625,0.1875,0.4375,0.75,0.3125,0.6875,0.625,-0.0625
10,A-bin/B-base,84,"(.25,.5]",0.3125,0.125,0.5,0.375,0.3125,0.5625,0.25,0.375,0.6875,0.3125
10,B-bin/A-base,84,"(0,.25]",0.125,0.3125,0.5,0.1875,0.3125,0.5625,0.25,0.5625,0.6875,0.125
10,A-bin/B-base,85,"(.25,.5]",0.3125,0.4375,0.5625,0.125,0.5625,0.5625,0.0,0.625,0.6875,0.0625
10,B-bin/A-base,85,"(.25,.5]",0.4375,0.3125,0.5625,0.25,0.375,0.5625,0.1875,0.5,0.6875,0.1875
10,A-bin/B-base,86,"(.25,.5]",0.5,0.625,0.8125,0.1875,0.625,0.875,0.25,0.8125,0.9375,0.125
10,B-bin/A-base,86,"(.5,.75]",0.625,0.5,0.8125,0.3125,0.625,0.875,0.25,0.8125,0.9375,0.125
10,A-bin/B-base,87,"(0,.25]",0.25,0.25,0.125,-0.125,0.5625,0.3125,-0.25,0.375,0.25,-0.125
10,B-bin/A-base,87,"(0,.25]",0.25,0.25,0.125,-0.125,0.375,0.3125,-0.0625,0.6875,0.25,-0.4375
10,A-bin/B-base,88,"(.25,.5]",0.4375,0.5,0.375,-0.125,0.6875,0.625,-0.0625,0.5625,0.5,-0.0625
10,B-bin/A-base,88,"(.25,.5]",0.5,0.4375,0.375,-0.0625,0.5625,0.625,0.0625,0.5625,0.5,-0.0625
10,A-bin/B-base,89,"(0,.25]",0.125,0.1875,0.125,-0.0625,0.375,0.3125,-0.0625,0.3125,0.25,-0.0625
10,B-bin/A-base,89,"(0,.25]",0.1875,0.125,0.125,0.0,0.1875,0.3125,0.125,0.3125,0.25,-0.0625
10,A-bin/B-base,90,"(0,.25]",0.0625,0.0625,0.0,-0.0625,0.25,0.3125,0.0625,0.1875,0.0625,-0.125
10,B-bin/A-base,90,"(0,.25]",0.0625,0.0625,0.0,-0.0625,0.3125,0.3125,0.0,0.125,0.0625,-0.0625
10,A-bin/B-base,91,"(0,.25]",0.125,0.125,0.125,0.0,0.125,0.1875,0.0625,0.375,0.375,0.0
10,B-bin/A-base,91,"(0,.25]",0.125,0.125,0.125,0.0,0.125,0.1875,0.0625,0.6875,0.375,-0.3125
10,A-bin/B-base,92,"(0,.25]",0.125,0.3125,0.125,-0.1875,0.5625,0.375,-0.1875,0.4375,0.375,-0.0625
10,B-bin/A-base,92,"(.25,.5]",0.3125,0.125,0.125,0.0,0.3125,0.375,0.0625,0.1875,0.375,0.1875
10,A-bin/B-base,93,"(.5,.75]",0.75,0.375,0.75,0.375,0.4375,0.8125,0.375,0.75,0.875,0.125
10,B-bin/A-base,93,"(.25,.5]",0.375,0.75,0.75,0.0,0.75,0.8125,0.0625,1.0,0.875,-0.125
10,A-bin/B-base,94,"(.5,.75]",0.5625,0.5625,0.8125,0.25,0.5625,0.8125,0.25,0.9375,1.0,0.0625
10,B-bin/A-base,94,"(.5,.75]",0.5625,0.5625,0.8125,0.25,0.5625,0.8125,0.25,0.875,1.0,0.125
10,A-bin/B-base,95,"(0,.25]",0.125,0.0,0.125,0.125,0.3125,0.25,-0.0625,0.0,0.1875,0.1875
10,B-bin/A-base,95,0,0.0,0.125,0.125,0.0,0.25,0.25,0.0,0.125,0.1875,0.0625
10,A-bin/B-base,96,"(.75,1)",0.8125,0.6875,0.4375,-0.25,0.6875,0.5625,-0.125,0.75,0.6875,-0.0625
10,B-bin/A-base,96,"(.5,.75]",0.6875,0.8125,0.4375,-0.375,0.8125,0.5625,-0.25,0.875,0.6875,-0.1875
10,A-bin/B-base,97,0,0.0,0.0,0.0625,0.0625,0.1875,0.375,0.1875,0.0,0.125,0.125
10,B-bin/A-base,97,0,0.0,0.0,0.0625,0.0625,0.25,0.375,0.125,0.0,0.125,0.125
10,A-bin/B-base,98,"(.25,.5]",0.3125,0.375,0.5,0.125,0.6875,0.5625,-0.125,0.375,0.5625,0.1875
10,B-bin/A-base,98,"(.25,.5]",0.375,0.3125,0.5,0.1875,0.5,0.5625,0.0625,0.375,0.5625,0.1875
10,A-bin/B-base,99,0,0.0,0.0,0.0625,0.0625,0.125,0.0625,-0.0625,0.0625,0.1875,0.125
10,B-bin/A-base,99,0,0.0,0.0,0.0625,0.0625,0.0,0.0625,0.0625,0.0625,0.1875,0.125
10,A-bin/B-base,100,"(.25,.5]",0.375,0.25,0.5625,0.3125,0.375,0.5625,0.1875,0.4375,0.6875,0.25
10,B-bin/A-base,100,"(0,.25]",0.25,0.375,0.5625,0.1875,0.4375,0.5625,0.125,0.75,0.6875,-0.0625
10,A-bin/B-base,101,"(0,.25]",0.25,0.3125,0.5,0.1875,0.5,0.75,0.25,0.625,0.625,0.0
10,B-bin/A-base,101,"(.25,.5]",0.3125,0.25,0.5,0.25,0.5,0.75,0.25,0.5,0.625,0.125
10,A-bin/B-base,102,"(0,.25]",0.1875,0.375,0.125,-0.25,0.5625,0.25,-0.3125,0.5625,0.3125,-0.25
10,B-bin/A-base,102,"(.25,.5]",0.375,0.1875,0.125,-0.0625,0.1875,0.25,0.0625,0.4375,0.3125,-0.125
10,A-bin/B-base,103,0,0.0,0.0,0.0625,0.0625,0.0,0.1875,0.1875,0.0625,0.125,0.0625
10,B-bin/A-base,103,0,0.0,0.0,0.0625,0.0625,0.125,0.1875,0.0625,0.0,0.125,0.125
10,A-bin/B-base,104,"(.5,.75]",0.75,0.4375,0.4375,0.0,0.4375,0.5,0.0625,0.875,0.8125,-0.0625
10,B-bin/A-base,104,"(.25,.5]",0.4375,0.75,0.4375,-0.3125,0.8125,0.5,-0.3125,0.8125,0.8125,0.0
10,A-bin/B-base,105,"(.5,.75]",0.5625,0.5625,0.375,-0.1875,0.6875,0.5625,-0.125,0.75,0.6875,-0.0625
10,B-bin/A-base,105,"(.5,.75]",0.5625,0.5625,0.375,-0.1875,0.6875,0.5625,-0.125,0.75,0.6875,-0.0625
10,A-bin/B-base,106,"(.5,.75]",0.75,0.8125,0.75,-0.0625,0.875,0.8125,-0.0625,0.875,0.9375,0.0625
10,B-bin/A-base,106,"(.75,1)",0.8125,0.75,0.75,0.0,0.75,0.8125,0.0625,1.0,0.9375,-0.0625
10,A-bin/B-base,107,"(0,.25]",0.125,0.125,0.0625,-0.0625,0.4375,0.3125,-0.125,0.25,0.1875,-0.0625
10,B-bin/A-base,107,"(0,.25]",0.125,0.125,0.0625,-0.0625,0.1875,0.3125,0.125,0.375,0.1875,-0.1875
10,A-bin/B-base,108,"(.25,.5]",0.3125,0.1875,0.3125,0.125,0.375,0.5,0.125,0.375,0.4375,0.0625
10,B-bin/A-base,108,"(0,.25]",0.1875,0.3125,0.3125,0.0,0.5625,0.5,-0.0625,0.5,0.4375,-0.0625
10,A-bin/B-base,109,"(.25,.5]",0.5,0.625,0.3125,-0.3125,0.6875,0.3125,-0.375,0.8125,0.5,-0.3125
10,B-bin/A-base,109,"(.5,.75]",0.625,0.5,0.3125,-0.1875,0.5,0.3125,-0.1875,0.8125,0.5,-0.3125
10,A-bin/B-base,110,"(.5,.75]",0.5625,0.4375,0.625,0.1875,0.5625,0.6875,0.125,0.8125,0.75,-0.0625
10,B-bin/A-base,110,"(.25,.5]",0.4375,0.5625,0.625,0.0625,0.625,0.6875,0.0625,0.75,0.75,0.0
10,A-bin/B-base,111,"(.75,1)",0.8125,0.625,0.8125,0.1875,0.625,0.8125,0.1875,0.875,0.9375,0.0625
10,B-bin/A-base,111,"(.5,.75]",0.625,0.8125,0.8125,0.0,0.8125,0.8125,0.0,0.875,0.9375,0.0625
10,A-bin/B-base,112,"(.25,.5]",0.5,0.625,0.6875,0.0625,0.8125,0.6875,-0.125,0.75,0.75,0.0
10,B-bin/A-base,112,"(.5,.75]",0.625,0.5,0.6875,0.1875,0.6875,0.6875,0.0,0.625,0.75,0.125
10,A-bin/B-base,113,"(.5,.75]",0.5625,0.75,0.625,-0.125,0.8125,0.875,0.0625,0.9375,0.625,-0.3125
10,B-bin/A-base,113,"(.5,.75]",0.75,0.5625,0.625,0.0625,0.6875,0.875,0.1875,0.625,0.625,0.0
10,A-bin/B-base,114,"(.75,1)",0.8125,0.8125,0.9375,0.125,0.8125,0.9375,0.125,0.9375,1.0,0.0625
10,B-bin/A-base,114,"(.75,1)",0.8125,0.8125,0.9375,0.125,0.875,0.9375,0.0625,0.9375,1.0,0.0625
10,A-bin/B-base,115,"(.25,.5]",0.5,0.25,0.4375,0.1875,0.3125,0.5,0.1875,0.5,0.5,0.0
10,B-bin/A-base,115,"(0,.25]",0.25,0.5,0.4375,-0.0625,0.625,0.5,-0.125,0.6875,0.5,-0.1875
10,A-bin/B-base,116,0,0.0,0.0,0.0625,0.0625,0.0625,0.1875,0.125,0.0625,0.0625,0.0
10,B-bin/A-base,116,0,0.0,0.0,0.0625,0.0625,0.25,0.1875,-0.0625,0.0,0.0625,0.0625
10,A-bin/B-base,117,0,0.0,0.0,0.0,0.0,0.0,0.1875,0.1875,0.0625,0.125,0.0625
10,B-bin/A-base,117,0,0.0,0.0,0.0,0.0,0.0,0.1875,0.1875,0.0625,0.125,0.0625
10,A-bin/B-base,118,"(0,.25]",0.0625,0.0,0.0,0.0,0.375,0.625,0.25,0.125,0.0,-0.125
10,B-bin/A-base,118,0,0.0,0.0625,0.0,-0.0625,0.6875,0.625,-0.0625,0.0625,0.0,-0.0625
10,A-bin/B-base,119,"(.25,.5]",0.375,0.25,0.5625,0.3125,0.3125,0.8125,0.5,0.625,0.6875,0.0625
10,B-bin/A-base,119,"(0,.25]",0.25,0.375,0.5625,0.1875,0.4375,0.8125,0.375,0.875,0.6875,-0.1875
10,A-bin/B-base,120,"(.25,.5]",0.375,0.25,0.5,0.25,0.375,0.625,0.25,0.4375,0.6875,0.25
10,B-bin/A-base,120,"(0,.25]",0.25,0.375,0.5,0.125,0.625,0.625,0.0,0.5,0.6875,0.1875
10,A-bin/B-base,121,0,0.0,0.0625,0.0,-0.0625,0.125,0.0,-0.125,0.3125,0.0625,-0.25
10,B-bin/A-base,121,"(0,.25]",0.0625,0.0,0.0,0.0,0.125,0.0,-0.125,0.0,0.0625,0.0625
10,A-bin/B-base,122,"(0,.25]",0.0625,0.125,0.375,0.25,0.1875,0.375,0.1875,0.25,0.5625,0.3125
10,B-bin/A-base,122,"(0,.25]",0.125,0.0625,0.375,0.3125,0.125,0.375,0.25,0.1875,0.5625,0.375
10,A-bin/B-base,123,"(0,.25]",0.1875,0.125,0.1875,0.0625,0.25,0.375,0.125,0.4375,0.5,0.0625
10,B-bin/A-base,123,"(0,.25]",0.125,0.1875,0.1875,0.0,0.1875,0.375,0.1875,0.4375,0.5,0.0625
10,A-bin/B-base,124,"(.25,.5]",0.3125,0.4375,0.4375,0.0,0.4375,0.625,0.1875,0.5625,0.5625,0.0
10,B-bin/A-base,124,"(.25,.5]",0.4375,0.3125,0.4375,0.125,0.375,0.625,0.25,0.4375,0.5625,0.125
10,A-bin/B-base,125,"(.5,.75]",0.5625,0.8125,0.5625,-0.25,0.8125,0.625,-0.1875,0.9375,0.75,-0.1875
10,B-bin/A-base,125,"(.75,1)",0.8125,0.5625,0.5625,0.0,0.6875,0.625,-0.0625,0.75,0.75,0.0
10,A-bin/B-base,126,"(.75,1)",0.8125,0.75,0.75,0.0,0.75,0.75,0.0,1.0,0.875,-0.125
10,B-bin/A-base,126,"(.5,.75]",0.75,0.8125,0.75,-0.0625,0.8125,0.75,-0.0625,0.9375,0.875,-0.0625
10,A-bin/B-base,127,"(.5,.75]",0.5625,0.5,0.5625,0.0625,0.5625,0.625,0.0625,0.6875,0.875,0.1875
10,B-bin/A-base,127,"(.25,.5]",0.5,0.5625,0.5625,0.0,0.5625,0.625,0.0625,0.8125,0.875,0.0625
10,A-bin/B-base,128,"(0,.25]",0.125,0.1875,0.0625,-0.125,0.375,0.4375,0.0625,0.4375,0.25,-0.1875
10,B-bin/A-base,128,"(0,.25]",0.1875,0.125,0.0625,-0.0625,0.1875,0.4375,0.25,0.375,0.25,-0.125
10,A-bin/B-base,129,0,0.0,0.0625,0.0,-0.0625,0.25,0.1875,-0.0625,0.0625,0.125,0.0625
10,B-bin/A-base,129,"(0,.25]",0.0625,0.0,0.0,0.0,0.0625,0.1875,0.125,0.0,0.125,0.125
10,A-bin/B-base,130,"(.75,1)",0.9375,0.8125,0.875,0.0625,0.8125,0.9375,0.125,0.9375,0.9375,0.0
10,B-bin/A-base,130,"(.75,1)",0.8125,0.9375,0.875,-0.0625,0.9375,0.9375,0.0,1.0,0.9375,-0.0625
10,A-bin/B-base,131,"(0,.25]",0.125,0.1875,0.1875,0.0,0.1875,0.25,0.0625,0.1875,0.25,0.0625
10,B-bin/A-base,131,"(0,.25]",0.1875,0.125,0.1875,0.0625,0.1875,0.25,0.0625,0.125,0.25,0.125
10,A-bin/B-base,132,"(.5,.75]",0.75,0.4375,0.625,0.1875,0.5625,0.75,0.1875,0.6875,0.75,0.0625
10,B-bin/A-base,132,"(.25,.5]",0.4375,0.75,0.625,-0.125,0.75,0.75,0.0,0.75,0.75,0.0
10,A-bin/B-base,133,"(.25,.5]",0.4375,0.375,0.5,0.125,0.375,0.6875,0.3125,0.75,0.625,-0.125
10,B-bin/A-base,133,"(.25,.5]",0.375,0.4375,0.5,0.0625,0.5,0.6875,0.1875,0.6875,0.625,-0.0625
10,A-bin/B-base,134,"(0,.25]",0.0625,0.0,0.0,0.0,0.4375,0.375,-0.0625,0.0625,0.0,-0.0625
10,B-bin/A-base,134,0,0.0,0.0625,0.0,-0.0625,0.4375,0.375,-0.0625,0.0625,0.0,-0.0625
10,A-bin/B-base,135,"(.5,.75]",0.6875,0.75,0.8125,0.0625,0.75,0.9375,0.1875,0.875,0.875,0.0
10,B-bin/A-base,135,"(.5,.75]",0.75,0.6875,0.8125,0.125,0.75,0.9375,0.1875,0.75,0.875,0.125
10,A-bin/B-base,136,"(0,.25]",0.25,0.125,0.1875,0.0625,0.1875,0.3125,0.125,0.5625,0.3125,-0.25
10,B-bin/A-base,136,"(0,.25]",0.125,0.25,0.1875,-0.0625,0.25,0.3125,0.0625,0.4375,0.3125,-0.125
10,A-bin/B-base,137,"(.5,.75]",0.5625,0.3125,0.375,0.0625,0.375,0.4375,0.0625,0.5625,0.5,-0.0625
10,B-bin/A-base,137,"(.25,.5]",0.3125,0.5625,0.375,-0.1875,0.5625,0.4375,-0.125,0.625,0.5,-0.125
10,A-bin/B-base,138,"(0,.25]",0.1875,0.0625,0.1875,0.125,0.0625,0.1875,0.125,0.4375,0.375,-0.0625
10,B-bin/A-base,138,"(0,.25]",0.0625,0.1875,0.1875,0.0,0.25,0.1875,-0.0625,0.25,0.375,0.125
10,A-bin/B-base,139,0,0.0,0.125,0.1875,0.0625,0.1875,0.1875,0.0,0.5625,0.3125,-0.25
10,B-bin/A-base,139,"(0,.25]",0.125,0.0,0.1875,0.1875,0.0,0.1875,0.1875,0.25,0.3125,0.0625
10,A-bin/B-base,140,"(.25,.5]",0.3125,0.25,0.1875,-0.0625,0.25,0.3125,0.0625,0.4375,0.25,-0.1875
10,B-bin/A-base,140,"(0,.25]",0.25,0.3125,0.1875,-0.125,0.3125,0.3125,0.0,0.5625,0.25,-0.3125
10,A-bin/B-base,141,"(0,.25]",0.1875,0.3125,0.3125,0.0,0.75,0.625,-0.125,0.4375,0.375,-0.0625
10,B-bin/A-base,141,"(.25,.5]",0.3125,0.1875,0.3125,0.125,0.1875,0.625,0.4375,0.4375,0.375,-0.0625
10,A-bin/B-base,142,0,0.0,0.0625,0.125,0.0625,0.125,0.125,0.0,0.1875,0.1875,0.0
10,B-bin/A-base,142,"(0,.25]",0.0625,0.0,0.125,0.125,0.125,0.125,0.0,0.125,0.1875,0.0625
10,A-bin/B-base,143,"(.25,.5]",0.3125,0.4375,0.25,-0.1875,0.5625,0.5,-0.0625,0.5,0.375,-0.125
10,B-bin/A-base,143,"(.25,.5]",0.4375,0.3125,0.25,-0.0625,0.5,0.5,0.0,0.4375,0.375,-0.0625
10,A-bin/B-base,144,"(0,.25]",0.25,0.1875,0.4375,0.25,0.25,0.625,0.375,0.5,0.4375,-0.0625
10,B-bin/A-base,144,"(0,.25]",0.1875,0.25,0.4375,0.1875,0.3125,0.625,0.3125,0.5625,0.4375,-0.125
10,A-bin/B-base,145,"(.5,.75]",0.6875,0.375,0.6875,0.3125,0.5,0.75,0.25,0.5625,0.875,0.3125
10,B-bin/A-base,145,"(.25,.5]",0.375,0.6875,0.6875,0.0,0.6875,0.75,0.0625,0.875,0.875,0.0
10,A-bin/B-base,146,"(0,.25]",0.25,0.0625,0.25,0.1875,0.3125,0.5,0.1875,0.1875,0.375,0.1875
10,B-bin/A-base,146,"(0,.25]",0.0625,0.25,0.25,0.0,0.25,0.5,0.25,0.4375,0.375,-0.0625
10,A-bin/B-base,147,"(.75,1)",0.8125,0.6875,0.875,0.1875,0.6875,0.875,0.1875,0.875,1.0,0.125
10,B-bin/A-base,147,"(.5,.75]",0.6875,0.8125,0.875,0.0625,0.8125,0.875,0.0625,0.9375,1.0,0.0625
10,A-bin/B-base,148,"(.5,.75]",0.5625,0.1875,0.625,0.4375,0.3125,0.6875,0.375,0.5,0.75,0.25
10,B-bin/A-base,148,"(0,.25]",0.1875,0.5625,0.625,0.0625,0.625,0.6875,0.0625,0.75,0.75,0.0
10,A-bin/B-base,149,"(.5,.75]",0.5625,0.5,0.4375,-0.0625,0.5625,0.625,0.0625,0.875,0.5625,-0.3125
10,B-bin/A-base,149,"(.25,.5]",0.5,0.5625,0.4375,-0.125,0.625,0.625,0.0,0.625,0.5625,-0.0625
10,A-bin/B-base,150,"(.5,.75]",0.75,0.4375,0.8125,0.375,0.5,0.875,0.375,0.75,0.9375,0.1875
10,B-bin/A-base,150,"(.25,.5]",0.4375,0.75,0.8125,0.0625,0.75,0.875,0.125,0.9375,0.9375,0.0
10,A-bin/B-base,151,"(.25,.5]",0.5,0.5625,0.6875,0.125,0.625,0.875,0.25,0.8125,0.75,-0.0625
10,B-bin/A-base,151,"(.5,.75]",0.5625,0.5,0.6875,0.1875,0.75,0.875,0.125,0.5625,0.75,0.1875
10,A-bin/B-base,152,"(.5,.75]",0.6875,0.5625,0.8125,0.25,0.625,0.8125,0.1875,0.75,0.9375,0.1875
10,B-bin/A-base,152,"(.5,.75]",0.5625,0.6875,0.8125,0.125,0.75,0.8125,0.0625,0.8125,0.9375,0.125
10,A-bin/B-base,153,"(.25,.5]",0.3125,0.4375,0.3125,-0.125,0.5625,0.5,-0.0625,0.5,0.4375,-0.0625
10,B-bin/A-base,153,"(.25,.5]",0.4375,0.3125,0.3125,0.0,0.625,0.5,-0.125,0.375,0.4375,0.0625
10,A-bin/B-base,154,"(.25,.5]",0.3125,0.4375,0.3125,-0.125,0.5,0.375,-0.125,0.625,0.5,-0.125
10,B-bin/A-base,154,"(.25,.5]",0.4375,0.3125,0.3125,0.0,0.3125,0.375,0.0625,0.625,0.5,-0.125
10,A-bin/B-base,155,"(.25,.5]",0.375,0.125,0.25,0.125,0.375,0.4375,0.0625,0.3125,0.375,0.0625
10,B-bin/A-base,155,"(0,.25]",0.125,0.375,0.25,-0.125,0.4375,0.4375,0.0,0.4375,0.375,-0.0625
10,A-bin/B-base,156,"(.5,.75]",0.5625,0.6875,0.5625,-0.125,0.75,0.6875,-0.0625,0.875,0.625,-0.25
10,B-bin/A-base,156,"(.5,.75]",0.6875,0.5625,0.5625,0.0,0.5625,0.6875,0.125,0.9375,0.625,-0.3125
10,A-bin/B-base,157,"(.25,.5]",0.3125,0.5,0.5,0.0,0.5,0.5625,0.0625,0.75,0.625,-0.125
10,B-bin/A-base,157,"(.25,.5]",0.5,0.3125,0.5,0.1875,0.3125,0.5625,0.25,0.5,0.625,0.125
10,A-bin/B-base,158,"(.25,.5]",0.4375,0.0625,0.3125,0.25,0.1875,0.3125,0.125,0.5,0.5625,0.0625
10,B-bin/A-base,158,"(0,.25]",0.0625,0.4375,0.3125,-0.125,0.5625,0.3125,-0.25,0.625,0.5625,-0.0625
10,A-bin/B-base,159,"(0,.25]",0.0625,0.0625,0.0625,0.0,0.3125,0.125,-0.1875,0.125,0.25,0.125
10,B-bin/A-base,159,"(0,.25]",0.0625,0.0625,0.0625,0.0,0.25,0.125,-0.125,0.125,0.25,0.125
10,A-bin/B-base,160,0,0.0,0.0,0.0,0.0,0.3125,0.25,-0.0625,0.0,0.0,0.0
10,B-bin/A-base,160,0,0.0,0.0,0.0,0.0,0.375,0.25,-0.125,0.0,0.0,0.0
10,A-bin/B-base,161,"(.75,1)",0.875,0.6875,0.5625,-0.125,0.8125,0.875,0.0625,0.75,0.5625,-0.1875
10,B-bin/A-base,161,"(.5,.75]",0.6875,0.875,0.5625,-0.3125,0.9375,0.875,-0.0625,0.875,0.5625,-0.3125
10,A-bin/B-base,162,"(0,.25]",0.0625,0.1875,0.1875,0.0,0.375,0.5,0.125,0.1875,0.1875,0.0
10,B-bin/A-base,162,"(0,.25]",0.1875,0.0625,0.1875,0.125,0.3125,0.5,0.1875,0.125,0.1875,0.0625
10,A-bin/B-base,163,"(.25,.5]",0.5,0.625,0.625,0.0,0.6875,0.625,-0.0625,0.8125,0.75,-0.0625
10,B-bin/A-base,163,"(.5,.75]",0.625,0.5,0.625,0.125,0.625,0.625,0.0,0.75,0.75,0.0
10,A-bin/B-base,164,"(.5,.75]",0.5625,0.5,0.5,0.0,0.6875,0.625,-0.0625,0.625,0.625,0.0
10,B-bin/A-base,164,"(.25,.5]",0.5,0.5625,0.5,-0.0625,0.8125,0.625,-0.1875,0.6875,0.625,-0.0625
10,A-bin/B-base,165,0,0.0,0.0,0.0,0.0,0.375,0.1875,-0.1875,0.0,0.0625,0.0625
10,B-bin/A-base,165,0,0.0,0.0,0.0,0.0,0.0,0.1875,0.1875,0.0625,0.0625,0.0
10,A-bin/B-base,166,"(0,.25]",0.125,0.125,0.1875,0.0625,0.25,0.25,0.0,0.1875,0.3125,0.125
10,B-bin/A-base,166,"(0,.25]",0.125,0.125,0.1875,0.0625,0.125,0.25,0.125,0.5625,0.3125,-0.25
10,A-bin/B-base,167,0,0.0,0.0,0.0,0.0,0.5,0.375,-0.125,0.0,0.0,0.0
10,B-bin/A-base,167,0,0.0,0.0,0.0,0.0,0.5,0.375,-0.125,0.0,0.0,0.0
10,A-bin/B-base,168,"(.75,1)",0.8125,0.875,0.875,0.0,0.875,0.9375,0.0625,0.875,0.875,0.0
10,B-bin/A-base,168,"(.75,1)",0.875,0.8125,0.875,0.0625,0.875,0.9375,0.0625,0.9375,0.875,-0.0625
10,A-bin/B-base,169,"(0,.25]",0.125,0.0,0.125,0.125,0.25,0.1875,-0.0625,0.1875,0.25,0.0625
10,B-bin/A-base,169,0,0.0,0.125,0.125,0.0,0.25,0.1875,-0.0625,0.25,0.25,0.0
10,A-bin/B-base,170,"(.5,.75]",0.5625,0.5625,0.75,0.1875,0.625,0.8125,0.1875,0.75,0.9375,0.1875
10,B-bin/A-base,170,"(.5,.75]",0.5625,0.5625,0.75,0.1875,0.5625,0.8125,0.25,0.75,0.9375,0.1875
10,A-bin/B-base,171,0,0.0,0.0625,0.3125,0.25,0.125,0.4375,0.3125,0.125,0.375,0.25
10,B-bin/A-base,171,"(0,.25]",0.0625,0.0,0.3125,0.3125,0.0625,0.4375,0.375,0.1875,0.375,0.1875
10,A-bin/B-base,172,"(.5,.75]",0.5625,0.5625,0.5625,0.0,0.5625,0.625,0.0625,0.8125,0.9375,0.125
10,B-bin/A-base,172,"(.5,.75]",0.5625,0.5625,0.5625,0.0,0.625,0.625,0.0,0.875,0.9375,0.0625
10,A-bin/B-base,173,"(0,.25]",0.125,0.0,0.0,0.0,0.0,0.1875,0.1875,0.0,0.0625,0.0625
10,B-bin/A-base,173,0,0.0,0.125,0.0,-0.125,0.1875,0.1875,0.0,0.25,0.0625,-0.1875
10,A-bin/B-base,174,"(.5,.75]",0.625,0.5,0.5,0.0,0.625,0.5,-0.125,0.75,0.8125,0.0625
10,B-bin/A-base,174,"(.25,.5]",0.5,0.625,0.5,-0.125,0.6875,0.5,-0.1875,0.8125,0.8125,0.0
10,A-bin/B-base,175,"(0,.25]",0.0625,0.1875,0.25,0.0625,0.1875,0.375,0.1875,0.5,0.4375,-0.0625
10,B-bin/A-base,175,"(0,.25]",0.1875,0.0625,0.25,0.1875,0.0625,0.375,0.3125,0.4375,0.4375,0.0
10,A-bin/B-base,176,1,1.0,0.8125,0.9375,0.125,0.8125,1.0,0.1875,0.9375,0.9375,0.0
10,B-bin/A-base,176,"(.75,1)",0.8125,1.0,0.9375,-0.0625,1.0,1.0,0.0,1.0,0.9375,-0.0625
10,A-bin/B-base,177,"(.25,.5]",0.375,0.3125,0.375,0.0625,0.375,0.625,0.25,0.375,0.4375,0.0625
10,B-bin/A-base,177,"(.25,.5]",0.3125,0.375,0.375,0.0,0.625,0.625,0.0,0.5625,0.4375,-0.125
10,A-bin/B-base,178,"(.25,.5]",0.5,0.5,0.4375,-0.0625,0.5625,0.5625,0.0,0.6875,0.5,-0.1875
10,B-bin/A-base,178,"(.25,.5]",0.5,0.5,0.4375,-0.0625,0.5625,0.5625,0.0,0.75,0.5,-0.25
10,A-bin/B-base,179,"(.25,.5]",0.3125,0.5625,0.75,0.1875,0.6875,0.8125,0.125,0.625,0.75,0.125
10,B-bin/A-base,179,"(.5,.75]",0.5625,0.3125,0.75,0.4375,0.375,0.8125,0.4375,0.6875,0.75,0.0625
10,A-bin/B-base,180,"(.75,1)",0.875,0.75,0.875,0.125,0.75,0.875,0.125,0.9375,1.0,0.0625
10,B-bin/A-base,180,"(.5,.75]",0.75,0.875,0.875,0.0,0.875,0.875,0.0,0.9375,1.0,0.0625
10,A-bin/B-base,181,"(0,.25]",0.125,0.0625,0.0,-0.0625,0.125,0.0625,-0.0625,0.125,0.25,0.125
10,B-bin/A-base,181,"(0,.25]",0.0625,0.125,0.0,-0.125,0.25,0.0625,-0.1875,0.375,0.25,-0.125
10,A-bin/B-base,182,"(0,.25]",0.25,0.0625,0.3125,0.25,0.375,0.5625,0.1875,0.125,0.375,0.25
10,B-bin/A-base,182,"(0,.25]",0.0625,0.25,0.3125,0.0625,0.4375,0.5625,0.125,0.25,0.375,0.125
10,A-bin/B-base,183,"(0,.25]",0.0625,0.0625,0.125,0.0625,0.125,0.25,0.125,0.25,0.375,0.125
10,B-bin/A-base,183,"(0,.25]",0.0625,0.0625,0.125,0.0625,0.1875,0.25,0.0625,0.1875,0.375,0.1875
10,A-bin/B-base,184,0,0.0,0.125,0.125,0.0,0.4375,0.4375,0.0,0.125,0.25,0.125
10,B-bin/A-base,184,"(0,.25]",0.125,0.0,0.125,0.125,0.0625,0.4375,0.375,0.0625,0.25,0.1875
10,A-bin/B-base,185,"(.75,1)",0.8125,0.875,0.875,0.0,0.875,0.875,0.0,1.0,1.0,0.0
10,B-bin/A-base,185,"(.75,1)",0.875,0.8125,0.875,0.0625,0.8125,0.875,0.0625,0.9375,1.0,0.0625
10,A-bin/B-base,186,"(.5,.75]",0.625,0.625,0.875,0.25,0.6875,0.875,0.1875,0.8125,1.0,0.1875
10,B-bin/A-base,186,"(.5,.75]",0.625,0.625,0.875,0.25,0.6875,0.875,0.1875,0.9375,1.0,0.0625
10,A-bin/B-base,187,"(0,.25]",0.0625,0.0,0.0,0.0,0.0625,0.0,-0.0625,0.0625,0.0625,0.0
10,B-bin/A-base,187,0,0.0,0.0625,0.0,-0.0625,0.0625,0.0,-0.0625,0.0625,0.0625,0.0
10,A-bin/B-base,188,"(.75,1)",0.875,0.9375,0.8125,-0.125,0.9375,0.875,-0.0625,1.0,0.9375,-0.0625
10,B-bin/A-base,188,"(.75,1)",0.9375,0.875,0.8125,-0.0625,0.875,0.875,0.0,1.0,0.9375,-0.0625
10,A-bin/B-base,189,"(0,.25]",0.25,0.1875,0.3125,0.125,0.3125,0.4375,0.125,0.5625,0.3125,-0.25
10,B-bin/A-base,189,"(0,.25]",0.1875,0.25,0.3125,0.0625,0.375,0.4375,0.0625,0.375,0.3125,-0.0625
10,A-bin/B-base,190,"(0,.25]",0.125,0.0,0.1875,0.1875,0.125,0.5,0.375,0.0625,0.25,0.1875
10,B-bin/A-base,190,0,0.0,0.125,0.1875,0.0625,0.375,0.5,0.125,0.3125,0.25,-0.0625
10,A-bin/B-base,191,0,0.0,0.0,0.0,0.0,0.1875,0.375,0.1875,0.0625,0.0,-0.0625
10,B-bin/A-base,191,0,0.0,0.0,0.0,0.0,0.125,0.375,0.25,0.0625,0.0,-0.0625
10,A-bin/B-base,192,"(0,.25]",0.25,0.3125,0.4375,0.125,0.375,0.4375,0.0625,0.4375,0.625,0.1875
10,B-bin/A-base,192,"(.25,.5]",0.3125,0.25,0.4375,0.1875,0.25,0.4375,0.1875,0.625,0.625,0.0
10,A-bin/B-base,193,"(.25,.5]",0.5,0.1875,0.3125,0.125,0.4375,0.3125,-0.125,0.3125,0.4375,0.125
10,B-bin/A-base,193,"(0,.25]",0.1875,0.5,0.3125,-0.1875,0.5625,0.3125,-0.25,0.5,0.4375,-0.0625
10,A-bin/B-base,194,"(0,.25]",0.25,0.25,0.5625,0.3125,0.5625,0.75,0.1875,0.375,0.5625,0.1875
10,B-bin/A-base,194,"(0,.25]",0.25,0.25,0.5625,0.3125,0.4375,0.75,0.3125,0.375,0.5625,0.1875
10,A-bin/B-base,195,"(.5,.75]",0.5625,0.6875,0.625,-0.0625,0.6875,0.625,-0.0625,0.9375,0.9375,0.0
10,B-bin/A-base,195,"(.5,.75]",0.6875,0.5625,0.625,0.0625,0.5625,0.625,0.0625,0.875,0.9375,0.0625
10,A-bin/B-base,196,"(.25,.5]",0.5,0.625,0.875,0.25,0.6875,0.875,0.1875,0.875,0.875,0.0
10,B-bin/A-base,196,"(.5,.75]",0.625,0.5,0.875,0.375,0.5625,0.875,0.3125,0.75,0.875,0.125
10,A-bin/B-base,197,"(0,.25]",0.1875,0.3125,0.1875,-0.125,0.375,0.25,-0.125,0.75,0.5625,-0.1875
10,B-bin/A-base,197,"(.25,.5]",0.3125,0.1875,0.1875,0.0,0.1875,0.25,0.0625,0.5,0.5625,0.0625
10,A-bin/B-base,198,"(0,.25]",0.1875,0.125,0.0625,-0.0625,0.1875,0.125,-0.0625,0.125,0.1875,0.0625
10,B-bin/A-base,198,"(0,.25]",0.125,0.1875,0.0625,-0.125,0.1875,0.125,-0.0625,0.1875,0.1875,0.0
10,A-bin/B-base,199,"(0,.25]",0.1875,0.0,0.0625,0.0625,0.0,0.25,0.25,0.0,0.125,0.125
10,B-bin/A-base,199,0,0.0,0.1875,0.0625,-0.125,0.1875,0.25,0.0625,0.3125,0.125,-0.1875
10,A-bin/B-base,200,"(.25,.5]",0.375,0.6875,0.625,-0.0625,0.6875,0.625,-0.0625,0.8125,0.75,-0.0625
10,B-bin/A-base,200,"(.5,.75]",0.6875,0.375,0.625,0.25,0.4375,0.625,0.1875,0.625,0.75,0.125
10,A-bin/B-base,201,"(0,.25]",0.0625,0.0625,0.25,0.1875,0.1875,0.5,0.3125,0.125,0.25,0.125
10,B-bin/A-base,201,"(0,.25]",0.0625,0.0625,0.25,0.1875,0.25,0.5,0.25,0.125,0.25,0.125
10,A-bin/B-base,202,"(.75,1)",0.875,0.875,0.75,-0.125,0.9375,0.875,-0.0625,0.9375,0.8125,-0.125
10,B-bin/A-base,202,"(.75,1)",0.875,0.875,0.75,-0.125,0.875,0.875,0.0,1.0,0.8125,-0.1875
10,A-bin/B-base,203,"(.75,1)",0.8125,0.8125,0.9375,0.125,0.8125,0.9375,0.125,0.9375,1.0,0.0625
10,B-bin/A-base,203,"(.75,1)",0.8125,0.8125,0.9375,0.125,0.875,0.9375,0.0625,0.9375,1.0,0.0625
10,A-bin/B-base,204,"(0,.25]",0.25,0.375,0.25,-0.125,0.4375,0.375,-0.0625,0.5,0.5625,0.0625
10,B-bin/A-base,204,"(.25,.5]",0.375,0.25,0.25,0.0,0.3125,0.375,0.0625,0.4375,0.5625,0.125
10,A-bin/B-base,205,"(0,.25]",0.125,0.25,0.0,-0.25,0.375,0.125,-0.25,0.25,0.1875,-0.0625
10,B-bin/A-base,205,"(0,.25]",0.25,0.125,0.0,-0.125,0.375,0.125,-0.25,0.125,0.1875,0.0625
10,A-bin/B-base,206,"(0,.25]",0.25,0.4375,0.25,-0.1875,0.4375,0.25,-0.1875,0.5625,0.625,0.0625
10,B-bin/A-base,206,"(.25,.5]",0.4375,0.25,0.25,0.0,0.25,0.25,0.0,0.6875,0.625,-0.0625
10,A-bin/B-base,207,"(.25,.5]",0.5,0.5625,0.75,0.1875,0.625,0.75,0.125,0.75,0.8125,0.0625
10,B-bin/A-base,207,"(.5,.75]",0.5625,0.5,0.75,0.25,0.5625,0.75,0.1875,0.6875,0.8125,0.125
10,A-bin/B-base,208,"(.5,.75]",0.6875,0.75,0.8125,0.0625,0.75,0.875,0.125,0.9375,0.9375,0.0
10,B-bin/A-base,208,"(.5,.75]",0.75,0.6875,0.8125,0.125,0.6875,0.875,0.1875,0.875,0.9375,0.0625
10,A-bin/B-base,209,"(.5,.75]",0.5625,0.5,0.6875,0.1875,0.5,0.75,0.25,0.8125,0.875,0.0625
10,B-bin/A-base,209,"(.25,.5]",0.5,0.5625,0.6875,0.125,0.625,0.75,0.125,0.625,0.875,0.25
10,A-bin/B-base,210,"(.25,.5]",0.3125,0.25,0.25,0.0,0.375,0.25,-0.125,0.6875,0.6875,0.0
10,B-bin/A-base,210,"(0,.25]",0.25,0.3125,0.25,-0.0625,0.375,0.25,-0.125,0.4375,0.6875,0.25
10,A-bin/B-base,211,"(0,.25]",0.0625,0.125,0.125,0.0,0.5,0.625,0.125,0.1875,0.1875,0.0
10,B-bin/A-base,211,"(0,.25]",0.125,0.0625,0.125,0.0625,0.4375,0.625,0.1875,0.3125,0.1875,-0.125
10,A-bin/B-base,212,0,0.0,0.0,0.0,0.0,0.0,0.125,0.125,0.25,0.0,-0.25
10,B-bin/A-base,212,0,0.0,0.0,0.0,0.0,0.0625,0.125,0.0625,0.125,0.0,-0.125
10,A-bin/B-base,213,"(.5,.75]",0.5625,0.625,0.75,0.125,0.6875,0.8125,0.125,0.8125,0.75,-0.0625
10,B-bin/A-base,213,"(.5,.75]",0.625,0.5625,0.75,0.1875,0.5625,0.8125,0.25,0.75,0.75,0.0
10,A-bin/B-base,214,"(0,.25]",0.0625,0.0,0.0,0.0,0.375,0.4375,0.0625,0.0,0.0625,0.0625
10,B-bin/A-base,214,0,0.0,0.0625,0.0,-0.0625,0.3125,0.4375,0.125,0.0625,0.0625,0.0
10,A-bin/B-base,215,"(.25,.5]",0.5,0.75,0.75,0.0,0.75,0.75,0.0,0.9375,0.9375,0.0
10,B-bin/A-base,215,"(.5,.75]",0.75,0.5,0.75,0.25,0.5625,0.75,0.1875,0.875,0.9375,0.0625
10,A-bin/B-base,216,"(.5,.75]",0.75,0.5,0.5,0.0,0.5,0.5625,0.0625,0.8125,0.75,-0.0625
10,B-bin/A-base,216,"(.25,.5]",0.5,0.75,0.5,-0.25,0.75,0.5625,-0.1875,1.0,0.75,-0.25
10,A-bin/B-base,217,"(0,.25]",0.1875,0.0625,0.0625,0.0,0.0625,0.25,0.1875,0.3125,0.125,-0.1875
10,B-bin/A-base,217,"(0,.25]",0.0625,0.1875,0.0625,-0.125,0.1875,0.25,0.0625,0.375,0.125,-0.25
10,A-bin/B-base,218,"(0,.25]",0.125,0.125,0.0,-0.125,0.75,0.625,-0.125,0.1875,0.0625,-0.125
10,B-bin/A-base,218,"(0,.25]",0.125,0.125,0.0,-0.125,0.4375,0.625,0.1875,0.1875,0.0625,-0.125
10,A-bin/B-base,219,"(0,.25]",0.0625,0.0,0.3125,0.3125,0.125,0.5,0.375,0.1875,0.4375,0.25
10,B-bin/A-base,219,0,0.0,0.0625,0.3125,0.25,0.3125,0.5,0.1875,0.3125,0.4375,0.125
10,A-bin/B-base,220,"(0,.25]",0.0625,0.125,0.0625,-0.0625,0.125,0.0625,-0.0625,0.3125,0.3125,0.0
10,B-bin/A-base,220,"(0,.25]",0.125,0.0625,0.0625,0.0,0.125,0.0625,-0.0625,0.25,0.3125,0.0625
10,A-bin/B-base,221,"(.75,1)",0.875,0.875,0.6875,-0.1875,0.875,0.75,-0.125,0.9375,0.875,-0.0625
10,B-bin/A-base,221,"(.75,1)",0.875,0.875,0.6875,-0.1875,0.875,0.75,-0.125,1.0,0.875,-0.125
10,A-bin/B-base,222,"(0,.25]",0.25,0.4375,0.375,-0.0625,0.5,0.4375,-0.0625,0.5,0.375,-0.125
10,B-bin/A-base,222,"(.25,.5]",0.4375,0.25,0.375,0.125,0.5,0.4375,-0.0625,0.375,0.375,0.0
10,A-bin/B-base,223,"(0,.25]",0.125,0.0625,0.25,0.1875,0.125,0.5,0.375,0.3125,0.375,0.0625
10,B-bin/A-base,223,"(0,.25]",0.0625,0.125,0.25,0.125,0.3125,0.5,0.1875,0.1875,0.375,0.1875
10,A-bin/B-base,224,0,0.0,0.0,0.0625,0.0625,0.0,0.375,0.375,0.25,0.0625,-0.1875
10,B-bin/A-base,224,0,0.0,0.0,0.0625,0.0625,0.1875,0.375,0.1875,0.0625,0.0625,0.0
10,A-bin/B-base,225,"(0,.25]",0.0625,0.0,0.0625,0.0625,0.0625,0.25,0.1875,0.1875,0.125,-0.0625
10,B-bin/A-base,225,0,0.0,0.0625,0.0625,0.0,0.125,0.25,0.125,0.125,0.125,0.0
10,A-bin/B-base,226,"(0,.25]",0.1875,0.4375,0.0625,-0.375,0.5625,0.1875,-0.375,0.625,0.375,-0.25
10,B-bin/A-base,226,"(.25,.5]",0.4375,0.1875,0.0625,-0.125,0.3125,0.1875,-0.125,0.25,0.375,0.125
10,A-bin/B-base,227,"(.5,.75]",0.625,0.75,0.75,0.0,0.8125,0.8125,0.0,0.875,0.9375,0.0625
10,B-bin/A-base,227,"(.5,.75]",0.75,0.625,0.75,0.125,0.625,0.8125,0.1875,0.9375,0.9375,0.0
10,A-bin/B-base,228,"(0,.25]",0.125,0.0,0.0625,0.0625,0.5625,0.6875,0.125,0.0625,0.125,0.0625
10,B-bin/A-base,228,0,0.0,0.125,0.0625,-0.0625,0.6875,0.6875,0.0,0.1875,0.125,-0.0625
10,A-bin/B-base,229,"(0,.25]",0.1875,0.0625,0.0,-0.0625,0.6875,0.6875,0.0,0.125,0.0,-0.125
10,B-bin/A-base,229,"(0,.25]",0.0625,0.1875,0.0,-0.1875,0.75,0.6875,-0.0625,0.1875,0.0,-0.1875
10,A-bin/B-base,230,"(0,.25]",0.125,0.0625,0.125,0.0625,0.25,0.25,0.0,0.125,0.25,0.125
10,B-bin/A-base,230,"(0,.25]",0.0625,0.125,0.125,0.0,0.4375,0.25,-0.1875,0.125,0.25,0.125
10,A-bin/B-base,231,"(0,.25]",0.0625,0.125,0.125,0.0,0.1875,0.3125,0.125,0.125,0.125,0.0
10,B-bin/A-base,231,"(0,.25]",0.125,0.0625,0.125,0.0625,0.125,0.3125,0.1875,0.125,0.125,0.0
10,A-bin/B-base,232,0,0.0,0.0,0.0,0.0,0.4375,0.3125,-0.125,0.0,0.0,0.0
10,B-bin/A-base,232,0,0.0,0.0,0.0,0.0,0.375,0.3125,-0.0625,0.0,0.0,0.0
10,A-bin/B-base,233,"(.25,.5]",0.5,0.375,0.125,-0.25,0.6875,0.625,-0.0625,0.4375,0.25,-0.1875
10,B-bin/A-base,233,"(.25,.5]",0.375,0.5,0.125,-0.375,0.75,0.625,-0.125,0.625,0.25,-0.375
10,A-bin/B-base,234,0,0.0,0.0,0.0625,0.0625,0.125,0.0625,-0.0625,0.0,0.1875,0.1875
10,B-bin/A-base,234,0,0.0,0.0,0.0625,0.0625,0.125,0.0625,-0.0625,0.0,0.1875,0.1875
10,A-bin/B-base,235,"(0,.25]",0.0625,0.125,0.0625,-0.0625,0.3125,0.1875,-0.125,0.375,0.1875,-0.1875
10,B-bin/A-base,235,"(0,.25]",0.125,0.0625,0.0625,0.0,0.0625,0.1875,0.125,0.1875,0.1875,0.0
10,A-bin/B-base,236,"(.75,1)",0.9375,0.75,0.875,0.125,0.75,0.875,0.125,0.8125,0.9375,0.125
10,B-bin/A-base,236,"(.5,.75]",0.75,0.9375,0.875,-0.0625,0.9375,0.875,-0.0625,1.0,0.9375,-0.0625
10,A-bin/B-base,237,"(0,.25]",0.0625,0.0,0.0,0.0,0.125,0.0,-0.125,0.0625,0.0,-0.0625
10,B-bin/A-base,237,0,0.0,0.0625,0.0,-0.0625,0.0625,0.0,-0.0625,0.0625,0.0,-0.0625
10,A-bin/B-base,238,"(.25,.5]",0.375,0.4375,0.5625,0.125,0.5,0.6875,0.1875,0.75,0.6875,-0.0625
10,B-bin/A-base,238,"(.25,.5]",0.4375,0.375,0.5625,0.1875,0.4375,0.6875,0.25,0.875,0.6875,-0.1875
10,A-bin/B-base,239,"(0,.25]",0.25,0.125,0.0625,-0.0625,0.125,0.125,0.0,0.125,0.125,0.0
10,B-bin/A-base,239,"(0,.25]",0.125,0.25,0.0625,-0.1875,0.25,0.125,-0.125,0.375,0.125,-0.25
10,A-bin/B-base,240,"(.25,.5]",0.5,0.625,0.875,0.25,0.625,0.9375,0.3125,1.0,0.875,-0.125
10,B-bin/A-base,240,"(.5,.75]",0.625,0.5,0.875,0.375,0.5625,0.9375,0.375,0.8125,0.875,0.0625
10,A-bin/B-base,241,"(.5,.75]",0.625,0.3125,0.75,0.4375,0.3125,0.75,0.4375,0.6875,0.875,0.1875
10,B-bin/A-base,241,"(.25,.5]",0.3125,0.625,0.75,0.125,0.6875,0.75,0.0625,0.6875,0.875,0.1875
10,A-bin/B-base,242,"(.5,.75]",0.75,0.375,0.5,0.125,0.375,0.5,0.125,0.6875,0.625,-0.0625
10,B-bin/A-base,242,"(.25,.5]",0.375,0.75,0.5,-0.25,0.8125,0.5,-0.3125,0.9375,0.625,-0.3125
10,A-bin/B-base,243,"(0,.25]",0.0625,0.0625,0.1875,0.125,0.125,0.4375,0.3125,0.0625,0.25,0.1875
10,B-bin/A-base,243,"(0,.25]",0.0625,0.0625,0.1875,0.125,0.4375,0.4375,0.0,0.1875,0.25,0.0625
10,A-bin/B-base,244,"(.75,1)",0.875,0.75,0.8125,0.0625,0.75,0.8125,0.0625,0.9375,1.0,0.0625
10,B-bin/A-base,244,"(.5,.75]",0.75,0.875,0.8125,-0.0625,0.875,0.8125,-0.0625,0.9375,1.0,0.0625
10,A-bin/B-base,245,"(.25,.5]",0.375,0.375,0.4375,0.0625,0.4375,0.4375,0.0,0.625,0.625,0.0
10,B-bin/A-base,245,"(.25,.5]",0.375,0.375,0.4375,0.0625,0.5,0.4375,-0.0625,0.5625,0.625,0.0625
10,A-bin/B-base,246,"(0,.25]",0.0625,0.0625,0.1875,0.125,0.0625,0.1875,0.125,0.125,0.25,0.125
10,B-bin/A-base,246,"(0,.25]",0.0625,0.0625,0.1875,0.125,0.125,0.1875,0.0625,0.125,0.25,0.125
10,A-bin/B-base,247,0,0.0,0.0,0.0625,0.0625,0.25,0.125,-0.125,0.0625,0.125,0.0625
10,B-bin/A-base,247,0,0.0,0.0,0.0625,0.0625,0.25,0.125,-0.125,0.125,0.125,0.0
10,A-bin/B-base,248,0,0.0,0.0,0.0,0.0,0.0625,0.125,0.0625,0.0625,0.0625,0.0
10,B-bin/A-base,248,0,0.0,0.0,0.0,0.0,0.1875,0.125,-0.0625,0.0625,0.0625,0.0
10,A-bin/B-base,249,"(.5,.75]",0.625,0.75,0.8125,0.0625,0.75,0.8125,0.0625,0.875,0.9375,0.0625
10,B-bin/A-base,249,"(.5,.75]",0.75,0.625,0.8125,0.1875,0.625,0.8125,0.1875,0.875,0.9375,0.0625
10,A-bin/B-base,250,0,0.0,0.125,0.1875,0.0625,0.4375,0.625,0.1875,0.3125,0.3125,0.0
10,B-bin/A-base,250,"(0,.25]",0.125,0.0,0.1875,0.1875,0.25,0.625,0.375,0.0625,0.3125,0.25
10,A-bin/B-base,251,"(0,.25]",0.1875,0.125,0.0,-0.125,0.375,0.25,-0.125,0.125,0.125,0.0
10,B-bin/A-base,251,"(0,.25]",0.125,0.1875,0.0,-0.1875,0.4375,0.25,-0.1875,0.3125,0.125,-0.1875
10,A-bin/B-base,252,"(.5,.75]",0.5625,0.8125,0.6875,-0.125,0.8125,0.8125,0.0,1.0,0.8125,-0.1875
10,B-bin/A-base,252,"(.75,1)",0.8125,0.5625,0.6875,0.125,0.5625,0.8125,0.25,0.8125,0.8125,0.0
10,A-bin/B-base,253,0,0.0,0.125,0.125,0.0,0.125,0.125,0.0,0.4375,0.25,-0.1875
10,B-bin/A-base,253,"(0,.25]",0.125,0.0,0.125,0.125,0.0,0.125,0.125,0.125,0.25,0.125
10,A-bin/B-base,254,"(.25,.5]",0.3125,0.25,0.375,0.125,0.3125,0.5,0.1875,0.625,0.5625,-0.0625
10,B-bin/A-base,254,"(0,.25]",0.25,0.3125,0.375,0.0625,0.3125,0.5,0.1875,0.5625,0.5625,0.0
10,A-bin/B-base,255,"(.5,.75]",0.625,0.6875,0.75,0.0625,0.75,0.8125,0.0625,0.8125,0.8125,0.0
10,B-bin/A-base,255,"(.5,.75]",0.6875,0.625,0.75,0.125,0.75,0.8125,0.0625,0.8125,0.8125,0.0
15,A-bin/B-base,0,"(.75,1)",0.8125,0.875,0.875,0.0,0.875,0.9375,0.0625,0.9375,0.875,-0.0625
15,B-bin/A-base,0,"(.75,1)",0.875,0.8125,0.875,0.0625,0.8125,0.9375,0.125,0.8125,0.875,0.0625
15,A-bin/B-base,1,"(0,.25]",0.25,0.3125,0.375,0.0625,0.5,0.5625,0.0625,0.5,0.5,0.0
15,B-bin/A-base,1,"(.25,.5]",0.3125,0.25,0.375,0.125,0.3125,0.5625,0.25,0.4375,0.5,0.0625
15,A-bin/B-base,2,"(0,.25]",0.125,0.4375,0.5,0.0625,0.5625,0.5625,0.0,0.5625,0.625,0.0625
15,B-bin/A-base,2,"(.25,.5]",0.4375,0.125,0.5,0.375,0.1875,0.5625,0.375,0.5,0.625,0.125
15,A-bin/B-base,3,"(.5,.75]",0.5625,0.6875,0.875,0.1875,0.6875,0.875,0.1875,0.875,0.9375,0.0625
15,B-bin/A-base,3,"(.5,.75]",0.6875,0.5625,0.875,0.3125,0.625,0.875,0.25,0.75,0.9375,0.1875
15,A-bin/B-base,4,"(0,.25]",0.125,0.375,0.25,-0.125,0.5,0.6875,0.1875,0.4375,0.3125,-0.125
15,B-bin/A-base,4,"(.25,.5]",0.375,0.125,0.25,0.125,0.4375,0.6875,0.25,0.1875,0.3125,0.125
15,A-bin/B-base,5,"(.25,.5]",0.375,0.625,0.625,0.0,0.6875,0.75,0.0625,0.8125,0.8125,0.0
15,B-bin/A-base,5,"(.5,.75]",0.625,0.375,0.625,0.25,0.4375,0.75,0.3125,0.6875,0.8125,0.125
15,A-bin/B-base,6,"(.5,.75]",0.6875,0.625,0.75,0.125,0.625,0.8125,0.1875,0.875,0.875,0.0
15,B-bin/A-base,6,"(.5,.75]",0.625,0.6875,0.75,0.0625,0.75,0.8125,0.0625,0.875,0.875,0.0
15,A-bin/B-base,7,0,0.0,0.0,0.125,0.125,0.125,0.3125,0.1875,0.0,0.25,0.25
15,B-bin/A-base,7,0,0.0,0.0,0.125,0.125,0.0,0.3125,0.3125,0.0,0.25,0.25
15,A-bin/B-base,8,"(0,.25]",0.1875,0.125,0.0625,-0.0625,0.3125,0.3125,0.0,0.1875,0.0625,-0.125
15,B-bin/A-base,8,"(0,.25]",0.125,0.1875,0.0625,-0.125,0.375,0.3125,-0.0625,0.3125,0.0625,-0.25
15,A-bin/B-base,9,"(0,.25]",0.1875,0.0,0.125,0.125,0.25,0.5625,0.3125,0.0,0.125,0.125
15,B-bin/A-base,9,0,0.0,0.1875,0.125,-0.0625,0.5,0.5625,0.0625,0.25,0.125,-0.125
15,A-bin/B-base,10,0,0.0,0.0625,0.0625,0.0,0.125,0.0625,-0.0625,0.125,0.0625,-0.0625
15,B-bin/A-base,10,"(0,.25]",0.0625,0.0,0.0625,0.0625,0.0,0.0625,0.0625,0.0625,0.0625,0.0
15,A-bin/B-base,11,0,0.0,0.0625,0.0625,0.0,0.0625,0.0625,0.0,0.0625,0.0625,0.0
15,B-bin/A-base,11,"(0,.25]",0.0625,0.0,0.0625,0.0625,0.0,0.0625,0.0625,0.0,0.0625,0.0625
15,A-bin/B-base,12,"(.25,.5]",0.4375,0.625,0.875,0.25,0.625,0.875,0.25,0.8125,1.0,0.1875
15,B-bin/A-base,12,"(.5,.75]",0.625,0.4375,0.875,0.4375,0.4375,0.875,0.4375,0.875,1.0,0.125
15,A-bin/B-base,13,"(0,.25]",0.1875,0.0625,0.25,0.1875,0.25,0.375,0.125,0.25,0.375,0.125
15,B-bin/A-base,13,"(0,.25]",0.0625,0.1875,0.25,0.0625,0.4375,0.375,-0.0625,0.3125,0.375,0.0625
15,A-bin/B-base,14,"(0,.25]",0.25,0.1875,0.375,0.1875,0.375,0.5625,0.1875,0.5625,0.4375,-0.125
15,B-bin/A-base,14,"(0,.25]",0.1875,0.25,0.375,0.125,0.3125,0.5625,0.25,0.4375,0.4375,0.0
15,A-bin/B-base,15,0,0.0,0.0,0.0,0.0,0.5,0.375,-0.125,0.0,0.0,0.0
15,B-bin/A-base,15,0,0.0,0.0,0.0,0.0,0.0,0.375,0.375,0.0,0.0,0.0
15,A-bin/B-base,16,"(0,.25]",0.125,0.125,0.375,0.25,0.25,0.5,0.25,0.1875,0.5,0.3125
15,B-bin/A-base,16,"(0,.25]",0.125,0.125,0.375,0.25,0.125,0.5,0.375,0.1875,0.5,0.3125
15,A-bin/B-base,17,"(0,.25]",0.125,0.0625,0.0625,0.0,0.1875,0.5,0.3125,0.1875,0.125,-0.0625
15,B-bin/A-base,17,"(0,.25]",0.0625,0.125,0.0625,-0.0625,0.375,0.5,0.125,0.1875,0.125,-0.0625
15,A-bin/B-base,18,"(0,.25]",0.1875,0.0,0.0625,0.0625,0.1875,0.4375,0.25,0.125,0.125,0.0
15,B-bin/A-base,18,0,0.0,0.1875,0.0625,-0.125,0.25,0.4375,0.1875,0.3125,0.125,-0.1875
15,A-bin/B-base,19,"(0,.25]",0.25,0.1875,0.1875,0.0,0.25,0.3125,0.0625,0.375,0.375,0.0
15,B-bin/A-base,19,"(0,.25]",0.1875,0.25,0.1875,-0.0625,0.375,0.3125,-0.0625,0.5,0.375,-0.125
15,A-bin/B-base,20,"(.75,1)",0.8125,0.875,0.875,0.0,0.875,0.9375,0.0625,1.0,0.9375,-0.0625
15,B-bin/A-base,20,"(.75,1)",0.875,0.8125,0.875,0.0625,0.8125,0.9375,0.125,1.0,0.9375,-0.0625
15,A-bin/B-base,21,"(0,.25]",0.125,0.125,0.3125,0.1875,0.125,0.3125,0.1875,0.25,0.5625,0.3125
15,B-bin/A-base,21,"(0,.25]",0.125,0.125,0.3125,0.1875,0.1875,0.3125,0.125,0.125,0.5625,0.4375
15,A-bin/B-base,22,0,0.0,0.0,0.0625,0.0625,0.25,0.1875,-0.0625,0.0625,0.125,0.0625
15,B-bin/A-base,22,0,0.0,0.0,0.0625,0.0625,0.1875,0.1875,0.0,0.25,0.125,-0.125
15,A-bin/B-base,23,"(.5,.75]",0.5625,0.5,0.75,0.25,0.5625,0.875,0.3125,0.8125,0.875,0.0625
15,B-bin/A-base,23,"(.25,.5]",0.5,0.5625,0.75,0.1875,0.5625,0.875,0.3125,0.6875,0.875,0.1875
15,A-bin/B-base,24,"(.5,.75]",0.625,0.5625,0.8125,0.25,0.5625,0.875,0.3125,0.6875,0.875,0.1875
15,B-bin/A-base,24,"(.5,.75]",0.5625,0.625,0.8125,0.1875,0.625,0.875,0.25,0.625,0.875,0.25
15,A-bin/B-base,25,"(.25,.5]",0.375,0.3125,0.6875,0.375,0.4375,0.6875,0.25,0.5625,0.8125,0.25
15,B-bin/A-base,25,"(.25,.5]",0.3125,0.375,0.6875,0.3125,0.4375,0.6875,0.25,0.625,0.8125,0.1875
15,A-bin/B-base,26,"(.5,.75]",0.6875,0.625,0.75,0.125,0.75,0.8125,0.0625,0.8125,0.875,0.0625
15,B-bin/A-base,26,"(.5,.75]",0.625,0.6875,0.75,0.0625,0.6875,0.8125,0.125,1.0,0.875,-0.125
15,A-bin/B-base,27,"(0,.25]",0.0625,0.0625,0.0,-0.0625,0.3125,0.75,0.4375,0.1875,0.0,-0.1875
15,B-bin/A-base,27,"(0,.25]",0.0625,0.0625,0.0,-0.0625,0.125,0.75,0.625,0.125,0.0,-0.125
15,A-bin/B-base,28,"(.5,.75]",0.5625,0.5625,0.75,0.1875,0.5625,0.8125,0.25,0.9375,0.875,-0.0625
15,B-bin/A-base,28,"(.5,.75]",0.5625,0.5625,0.75,0.1875,0.5625,0.8125,0.25,0.9375,0.875,-0.0625
15,A-bin/B-base,29,"(0,.25]",0.125,0.1875,0.0625,-0.125,0.3125,0.375,0.0625,0.3125,0.125,-0.1875
15,B-bin/A-base,29,"(0,.25]",0.1875,0.125,0.0625,-0.0625,0.3125,0.375,0.0625,0.1875,0.125,-0.0625
15,A-bin/B-base,30,"(0,.25]",0.0625,0.0625,0.0625,0.0,0.0625,0.125,0.0625,0.25,0.3125,0.0625
15,B-bin/A-base,30,"(0,.25]",0.0625,0.0625,0.0625,0.0,0.1875,0.125,-0.0625,0.1875,0.3125,0.125
15,A-bin/B-base,31,"(.25,.5]",0.375,0.125,0.25,0.125,0.1875,0.5,0.3125,0.25,0.3125,0.0625
15,B-bin/A-base,31,"(0,.25]",0.125,0.375,0.25,-0.125,0.5625,0.5,-0.0625,0.5,0.3125,-0.1875
15,A-bin/B-base,32,"(0,.25]",0.0625,0.25,0.25,0.0,0.3125,0.25,-0.0625,0.5,0.6875,0.1875
15,B-bin/A-base,32,"(0,.25]",0.25,0.0625,0.25,0.1875,0.125,0.25,0.125,0.25,0.6875,0.4375
15,A-bin/B-base,33,"(.5,.75]",0.75,0.375,0.9375,0.5625,0.375,1.0,0.625,0.875,0.9375,0.0625
15,B-bin/A-base,33,"(.25,.5]",0.375,0.75,0.9375,0.1875,0.8125,1.0,0.1875,0.9375,0.9375,0.0
15,A-bin/B-base,34,"(.5,.75]",0.625,0.625,0.875,0.25,0.6875,0.875,0.1875,0.875,1.0,0.125
15,B-bin/A-base,34,"(.5,.75]",0.625,0.625,0.875,0.25,0.6875,0.875,0.1875,0.875,1.0,0.125
15,A-bin/B-base,35,"(.5,.75]",0.625,0.5625,0.75,0.1875,0.5625,0.875,0.3125,0.75,0.875,0.125
15,B-bin/A-base,35,"(.5,.75]",0.5625,0.625,0.75,0.125,0.875,0.875,0.0,0.6875,0.875,0.1875
15,A-bin/B-base,36,"(.5,.75]",0.75,0.8125,0.6875,-0.125,0.8125,0.8125,0.0,0.875,0.8125,-0.0625
15,B-bin/A-base,36,"(.75,1)",0.8125,0.75,0.6875,-0.0625,0.8125,0.8125,0.0,0.875,0.8125,-0.0625
15,A-bin/B-base,37,"(.25,.5]",0.5,0.6875,0.75,0.0625,0.6875,0.9375,0.25,0.8125,0.8125,0.0
15,B-bin/A-base,37,"(.5,.75]",0.6875,0.5,0.75,0.25,0.625,0.9375,0.3125,0.5625,0.8125,0.25
15,A-bin/B-base,38,"(0,.25]",0.125,0.0,0.0,0.0,0.25,0.3125,0.0625,0.0,0.0625,0.0625
15,B-bin/A-base,38,0,0.0,0.125,0.0,-0.125,0.375,0.3125,-0.0625,0.125,0.0625,-0.0625
15,A-bin/B-base,39,"(.25,.5]",0.5,0.4375,0.5,0.0625,0.4375,0.5625,0.125,0.75,0.8125,0.0625
15,B-bin/A-base,39,"(.25,.5]",0.4375,0.5,0.5,0.0,0.5,0.5625,0.0625,0.6875,0.8125,0.125
15,A-bin/B-base,40,0,0.0,0.125,0.125,0.0,0.3125,0.1875,-0.125,0.25,0.1875,-0.0625
15,B-bin/A-base,40,"(0,.25]",0.125,0.0,0.125,0.125,0.0,0.1875,0.1875,0.125,0.1875,0.0625
15,A-bin/B-base,41,"(.75,1)",0.8125,0.75,0.9375,0.1875,0.8125,0.9375,0.125,0.9375,1.0,0.0625
15,B-bin/A-base,41,"(.5,.75]",0.75,0.8125,0.9375,0.125,0.875,0.9375,0.0625,0.9375,1.0,0.0625
15,A-bin/B-base,42,0,0.0,0.0625,0.0625,0.0,0.1875,0.1875,0.0,0.0625,0.125,0.0625
15,B-bin/A-base,42,"(0,.25]",0.0625,0.0,0.0625,0.0625,0.125,0.1875,0.0625,0.125,0.125,0.0
15,A-bin/B-base,43,0,0.0,0.0625,0.25,0.1875,0.375,0.375,0.0,0.3125,0.375,0.0625
15,B-bin/A-base,43,"(0,.25]",0.0625,0.0,0.25,0.25,0.375,0.375,0.0,0.0625,0.375,0.3125
15,A-bin/B-base,44,"(.5,.75]",0.625,0.75,0.8125,0.0625,0.875,0.875,0.0,0.75,0.875,0.125
15,B-bin/A-base,44,"(.5,.75]",0.75,0.625,0.8125,0.1875,0.6875,0.875,0.1875,0.8125,0.875,0.0625
15,A-bin/B-base,45,"(.5,.75]",0.625,0.5,0.4375,-0.0625,0.5625,0.625,0.0625,0.75,0.5625,-0.1875
15,B-bin/A-base,45,"(.25,.5]",0.5,0.625,0.4375,-0.1875,0.625,0.625,0.0,0.8125,0.5625,-0.25
15,A-bin/B-base,46,"(.25,.5]",0.5,0.375,0.6875,0.3125,0.625,0.6875,0.0625,0.625,0.75,0.125
15,B-bin/A-base,46,"(.25,.5]",0.375,0.5,0.6875,0.1875,0.6875,0.6875,0.0,0.75,0.75,0.0
15,A-bin/B-base,47,"(.25,.5]",0.5,0.75,0.6875,-0.0625,0.75,0.75,0.0,0.9375,0.75,-0.1875
15,B-bin/A-base,47,"(.5,.75]",0.75,0.5,0.6875,0.1875,0.5,0.75,0.25,0.75,0.75,0.0
15,A-bin/B-base,48,"(.5,.75]",0.6875,0.6875,0.9375,0.25,0.6875,0.9375,0.25,1.0,0.9375,-0.0625
15,B-bin/A-base,48,"(.5,.75]",0.6875,0.6875,0.9375,0.25,0.6875,0.9375,0.25,0.9375,0.9375,0.0
15,A-bin/B-base,49,"(.5,.75]",0.6875,0.875,0.8125,-0.0625,0.875,0.8125,-0.0625,0.875,0.9375,0.0625
15,B-bin/A-base,49,"(.75,1)",0.875,0.6875,0.8125,0.125,0.75,0.8125,0.0625,0.8125,0.9375,0.125
15,A-bin/B-base,50,0,0.0,0.0,0.0,0.0,0.0625,0.375,0.3125,0.0,0.0,0.0
15,B-bin/A-base,50,0,0.0,0.0,0.0,0.0,0.375,0.375,0.0,0.0,0.0,0.0
15,A-bin/B-base,51,"(.5,.75]",0.625,0.5,0.375,-0.125,0.5,0.5,0.0,0.6875,0.4375,-0.25
15,B-bin/A-base,51,"(.25,.5]",0.5,0.625,0.375,-0.25,0.625,0.5,-0.125,0.6875,0.4375,-0.25
15,A-bin/B-base,52,"(.5,.75]",0.6875,0.5,0.4375,-0.0625,0.5625,0.5625,0.0,0.625,0.4375,-0.1875
15,B-bin/A-base,52,"(.25,.5]",0.5,0.6875,0.4375,-0.25,0.75,0.5625,-0.1875,0.75,0.4375,-0.3125
15,A-bin/B-base,53,"(.5,.75]",0.75,0.75,0.625,-0.125,0.75,0.6875,-0.0625,1.0,0.6875,-0.3125
15,B-bin/A-base,53,"(.5,.75]",0.75,0.75,0.625,-0.125,0.8125,0.6875,-0.125,0.9375,0.6875,-0.25
15,A-bin/B-base,54,"(0,.25]",0.1875,0.1875,0.25,0.0625,0.375,0.5625,0.1875,0.1875,0.3125,0.125
15,B-bin/A-base,54,"(0,.25]",0.1875,0.1875,0.25,0.0625,0.5625,0.5625,0.0,0.3125,0.3125,0.0
15,A-bin/B-base,55,"(.5,.75]",0.75,0.8125,0.75,-0.0625,0.875,0.75,-0.125,0.875,0.875,0.0
15,B-bin/A-base,55,"(.75,1)",0.8125,0.75,0.75,0.0,0.9375,0.75,-0.1875,0.8125,0.875,0.0625
15,A-bin/B-base,56,"(.5,.75]",0.6875,0.6875,0.875,0.1875,0.6875,0.9375,0.25,0.9375,0.9375,0.0
15,B-bin/A-base,56,"(.5,.75]",0.6875,0.6875,0.875,0.1875,0.75,0.9375,0.1875,0.875,0.9375,0.0625
15,A-bin/B-base,57,"(0,.25]",0.1875,0.3125,0.4375,0.125,0.4375,0.6875,0.25,0.4375,0.5625,0.125
15,B-bin/A-base,57,"(.25,.5]",0.3125,0.1875,0.4375,0.25,0.375,0.6875,0.3125,0.375,0.5625,0.1875
15,A-bin/B-base,58,"(.25,.5]",0.375,0.5625,0.5,-0.0625,0.625,0.5,-0.125,0.6875,0.6875,0.0
15,B-bin/A-base,58,"(.5,.75]",0.5625,0.375,0.5,0.125,0.5625,0.5,-0.0625,0.625,0.6875,0.0625
15,A-bin/B-base,59,"(.25,.5]",0.3125,0.3125,0.3125,0.0,0.5,0.8125,0.3125,0.4375,0.375,-0.0625
15,B-bin/A-base,59,"(.25,.5]",0.3125,0.3125,0.3125,0.0,0.5625,0.8125,0.25,0.375,0.375,0.0
15,A-bin/B-base,60,"(0,.25]",0.25,0.125,0.25,0.125,0.25,0.5625,0.3125,0.1875,0.4375,0.25
15,B-bin/A-base,60,"(0,.25]",0.125,0.25,0.25,0.0,0.375,0.5625,0.1875,0.3125,0.4375,0.125
15,A-bin/B-base,61,"(.25,.5]",0.5,0.125,0.25,0.125,0.25,0.5,0.25,0.4375,0.25,-0.1875
15,B-bin/A-base,61,"(0,.25]",0.125,0.5,0.25,-0.25,0.625,0.5,-0.125,0.625,0.25,-0.375
15,A-bin/B-base,62,"(.25,.5]",0.375,0.4375,0.5,0.0625,0.5625,0.5,-0.0625,0.5625,0.875,0.3125
15,B-bin/A-base,62,"(.25,.5]",0.4375,0.375,0.5,0.125,0.5,0.5,0.0,0.4375,0.875,0.4375
15,A-bin/B-base,63,0,0.0,0.0,0.0,0.0,0.125,0.1875,0.0625,0.0,0.0,0.0
15,B-bin/A-base,63,0,0.0,0.0,0.0,0.0,0.0,0.1875,0.1875,0.0,0.0,0.0
15,A-bin/B-base,64,"(.25,.5]",0.4375,0.5,0.75,0.25,0.5,0.8125,0.3125,0.6875,0.75,0.0625
15,B-bin/A-base,64,"(.25,.5]",0.5,0.4375,0.75,0.3125,0.5,0.8125,0.3125,0.6875,0.75,0.0625
15,A-bin/B-base,65,"(.25,.5]",0.4375,0.375,0.4375,0.0625,0.5,0.625,0.125,0.6875,0.625,-0.0625
15,B-bin/A-base,65,"(.25,.5]",0.375,0.4375,0.4375,0.0,0.625,0.625,0.0,0.5625,0.625,0.0625
15,A-bin/B-base,66,"(0,.25]",0.125,0.0,0.3125,0.3125,0.125,0.5,0.375,0.25,0.3125,0.0625
15,B-bin/A-base,66,0,0.0,0.125,0.3125,0.1875,0.125,0.5,0.375,0.3125,0.3125,0.0
15,A-bin/B-base,67,"(0,.25]",0.1875,0.0625,0.0625,0.0,0.0625,0.125,0.0625,0.1875,0.125,-0.0625
15,B-bin/A-base,67,"(0,.25]",0.0625,0.1875,0.0625,-0.125,0.3125,0.125,-0.1875,0.1875,0.125,-0.0625
15,A-bin/B-base,68,"(.25,.5]",0.4375,0.25,0.4375,0.1875,0.25,0.5,0.25,0.3125,0.5,0.1875
15,B-bin/A-base,68,"(0,.25]",0.25,0.4375,0.4375,0.0,0.4375,0.5,0.0625,0.625,0.5,-0.125
15,A-bin/B-base,69,"(.5,.75]",0.625,0.5625,0.75,0.1875,0.625,0.8125,0.1875,0.6875,0.8125,0.125
15,B-bin/A-base,69,"(.5,.75]",0.5625,0.625,0.75,0.125,0.6875,0.8125,0.125,0.75,0.8125,0.0625
15,A-bin/B-base,70,"(.5,.75]",0.75,0.9375,0.875,-0.0625,0.9375,0.875,-0.0625,1.0,1.0,0.0
15,B-bin/A-base,70,"(.75,1)",0.9375,0.75,0.875,0.125,0.8125,0.875,0.0625,0.875,1.0,0.125
15,A-bin/B-base,71,"(.5,.75]",0.75,0.75,0.5625,-0.1875,0.9375,0.9375,0.0,0.8125,0.625,-0.1875
15,B-bin/A-base,71,"(.5,.75]",0.75,0.75,0.5625,-0.1875,0.875,0.9375,0.0625,0.875,0.625,-0.25
15,A-bin/B-base,72,"(0,.25]",0.25,0.25,0.5625,0.3125,0.5625,0.625,0.0625,0.375,0.625,0.25
15,B-bin/A-base,72,"(0,.25]",0.25,0.25,0.5625,0.3125,0.5,0.625,0.125,0.3125,0.625,0.3125
15,A-bin/B-base,73,"(.25,.5]",0.5,0.8125,0.75,-0.0625,0.8125,0.875,0.0625,1.0,0.8125,-0.1875
15,B-bin/A-base,73,"(.75,1)",0.8125,0.5,0.75,0.25,0.625,0.875,0.25,0.75,0.8125,0.0625
15,A-bin/B-base,74,"(.25,.5]",0.4375,0.6875,0.375,-0.3125,0.75,0.375,-0.375,0.875,0.5,-0.375
15,B-bin/A-base,74,"(.5,.75]",0.6875,0.4375,0.375,-0.0625,0.5625,0.375,-0.1875,0.5625,0.5,-0.0625
15,A-bin/B-base,75,"(.25,.5]",0.5,0.3125,0.5625,0.25,0.3125,0.6875,0.375,0.625,0.75,0.125
15,B-bin/A-base,75,"(.25,.5]",0.3125,0.5,0.5625,0.0625,0.5625,0.6875,0.125,0.9375,0.75,-0.1875
15,A-bin/B-base,76,"(0,.25]",0.0625,0.0625,0.125,0.0625,0.3125,0.375,0.0625,0.3125,0.3125,0.0
15,B-bin/A-base,76,"(0,.25]",0.0625,0.0625,0.125,0.0625,0.3125,0.375,0.0625,0.3125,0.3125,0.0
15,A-bin/B-base,77,"(0,.25]",0.1875,0.5,0.5625,0.0625,0.5625,0.625,0.0625,0.75,0.6875,-0.0625
15,B-bin/A-base,77,"(.25,.5]",0.5,0.1875,0.5625,0.375,0.3125,0.625,0.3125,0.5,0.6875,0.1875
15,A-bin/B-base,78,"(0,.25]",0.1875,0.125,0.375,0.25,0.625,0.8125,0.1875,0.1875,0.375,0.1875
15,B-bin/A-base,78,"(0,.25]",0.125,0.1875,0.375,0.1875,0.5625,0.8125,0.25,0.25,0.375,0.125
15,A-bin/B-base,79,"(.75,1)",0.9375,0.75,0.875,0.125,0.8125,0.9375,0.125,0.9375,0.9375,0.0
15,B-bin/A-base,79,"(.5,.75]",0.75,0.9375,0.875,-0.0625,0.9375,0.9375,0.0,0.9375,0.9375,0.0
15,A-bin/B-base,80,"(0,.25]",0.0625,0.1875,0.375,0.1875,0.1875,0.5,0.3125,0.5,0.5,0.0
15,B-bin/A-base,80,"(0,.25]",0.1875,0.0625,0.375,0.3125,0.25,0.5,0.25,0.375,0.5,0.125
15,A-bin/B-base,81,"(0,.25]",0.25,0.0625,0.1875,0.125,0.4375,0.5,0.0625,0.0625,0.3125,0.25
15,B-bin/A-base,81,"(0,.25]",0.0625,0.25,0.1875,-0.0625,0.3125,0.5,0.1875,0.375,0.3125,-0.0625
15,A-bin/B-base,82,"(.25,.5]",0.375,0.375,0.25,-0.125,0.4375,0.5625,0.125,0.5,0.5,0.0
15,B-bin/A-base,82,"(.25,.5]",0.375,0.375,0.25,-0.125,0.5625,0.5625,0.0,0.375,0.5,0.125
15,A-bin/B-base,83,"(.25,.5]",0.375,0.375,0.5,0.125,0.4375,0.5625,0.125,0.5625,0.6875,0.125
15,B-bin/A-base,83,"(.25,.5]",0.375,0.375,0.5,0.125,0.4375,0.5625,0.125,0.6875,0.6875,0.0
15,A-bin/B-base,84,"(.25,.5]",0.3125,0.125,0.25,0.125,0.3125,0.4375,0.125,0.375,0.375,0.0
15,B-bin/A-base,84,"(0,.25]",0.125,0.3125,0.25,-0.0625,0.3125,0.4375,0.125,0.5625,0.375,-0.1875
15,A-bin/B-base,85,"(.25,.5]",0.3125,0.4375,0.625,0.1875,0.5625,0.625,0.0625,0.625,0.75,0.125
15,B-bin/A-base,85,"(.25,.5]",0.4375,0.3125,0.625,0.3125,0.375,0.625,0.25,0.5,0.75,0.25
15,A-bin/B-base,86,"(.25,.5]",0.5,0.625,0.625,0.0,0.625,0.75,0.125,0.8125,0.75,-0.0625
15,B-bin/A-base,86,"(.5,.75]",0.625,0.5,0.625,0.125,0.625,0.75,0.125,0.8125,0.75,-0.0625
15,A-bin/B-base,87,"(0,.25]",0.25,0.25,0.3125,0.0625,0.5625,0.5625,0.0,0.375,0.5625,0.1875
15,B-bin/A-base,87,"(0,.25]",0.25,0.25,0.3125,0.0625,0.375,0.5625,0.1875,0.6875,0.5625,-0.125
15,A-bin/B-base,88,"(.25,.5]",0.4375,0.5,0.375,-0.125,0.6875,0.625,-0.0625,0.5625,0.4375,-0.125
15,B-bin/A-base,88,"(.25,.5]",0.5,0.4375,0.375,-0.0625,0.5625,0.625,0.0625,0.5625,0.4375,-0.125
15,A-bin/B-base,89,"(0,.25]",0.125,0.1875,0.0625,-0.125,0.375,0.4375,0.0625,0.3125,0.1875,-0.125
15,B-bin/A-base,89,"(0,.25]",0.1875,0.125,0.0625,-0.0625,0.1875,0.4375,0.25,0.3125,0.1875,-0.125
15,A-bin/B-base,90,"(0,.25]",0.0625,0.0625,0.25,0.1875,0.25,0.4375,0.1875,0.1875,0.375,0.1875
15,B-bin/A-base,90,"(0,.25]",0.0625,0.0625,0.25,0.1875,0.3125,0.4375,0.125,0.125,0.375,0.25
15,A-bin/B-base,91,"(0,.25]",0.125,0.125,0.3125,0.1875,0.125,0.5,0.375,0.375,0.5625,0.1875
15,B-bin/A-base,91,"(0,.25]",0.125,0.125,0.3125,0.1875,0.125,0.5,0.375,0.6875,0.5625,-0.125
15,A-bin/B-base,92,"(0,.25]",0.125,0.3125,0.5,0.1875,0.5625,0.6875,0.125,0.4375,0.5,0.0625
15,B-bin/A-base,92,"(.25,.5]",0.3125,0.125,0.5,0.375,0.3125,0.6875,0.375,0.1875,0.5,0.3125
15,A-bin/B-base,93,"(.5,.75]",0.75,0.375,0.8125,0.4375,0.4375,0.875,0.4375,0.75,0.875,0.125
15,B-bin/A-base,93,"(.25,.5]",0.375,0.75,0.8125,0.0625,0.75,0.875,0.125,1.0,0.875,-0.125
15,A-bin/B-base,94,"(.5,.75]",0.5625,0.5625,0.9375,0.375,0.5625,0.9375,0.375,0.9375,0.9375,0.0
15,B-bin/A-base,94,"(.5,.75]",0.5625,0.5625,0.9375,0.375,0.5625,0.9375,0.375,0.875,0.9375,0.0625
15,A-bin/B-base,95,"(0,.25]",0.125,0.0,0.0625,0.0625,0.3125,0.375,0.0625,0.0,0.0625,0.0625
15,B-bin/A-base,95,0,0.0,0.125,0.0625,-0.0625,0.25,0.375,0.125,0.125,0.0625,-0.0625
15,A-bin/B-base,96,"(.75,1)",0.8125,0.6875,0.625,-0.0625,0.6875,0.9375,0.25,0.75,0.625,-0.125
15,B-bin/A-base,96,"(.5,.75]",0.6875,0.8125,0.625,-0.1875,0.8125,0.9375,0.125,0.875,0.625,-0.25
15,A-bin/B-base,97,0,0.0,0.0,0.0,0.0,0.1875,0.1875,0.0,0.0,0.0,0.0
15,B-bin/A-base,97,0,0.0,0.0,0.0,0.0,0.25,0.1875,-0.0625,0.0,0.0,0.0
15,A-bin/B-base,98,"(.25,.5]",0.3125,0.375,0.375,0.0,0.6875,0.4375,-0.25,0.375,0.5,0.125
15,B-bin/A-base,98,"(.25,.5]",0.375,0.3125,0.375,0.0625,0.5,0.4375,-0.0625,0.375,0.5,0.125
15,A-bin/B-base,99,0,0.0,0.0,0.0,0.0,0.125,0.0,-0.125,0.0625,0.0,-0.0625
15,B-bin/A-base,99,0,0.0,0.0,0.0,0.0,0.0,0.0,0.0,0.0625,0.0,-0.0625
15,A-bin/B-base,100,"(.25,.5]",0.375,0.25,0.4375,0.1875,0.375,0.4375,0.0625,0.4375,0.5625,0.125
15,B-bin/A-base,100,"(0,.25]",0.25,0.375,0.4375,0.0625,0.4375,0.4375,0.0,0.75,0.5625,-0.1875
15,A-bin/B-base,101,"(0,.25]",0.25,0.3125,0.6875,0.375,0.5,0.75,0.25,0.625,0.875,0.25
15,B-bin/A-base,101,"(.25,.5]",0.3125,0.25,0.6875,0.4375,0.5,0.75,0.25,0.5,0.875,0.375
15,A-bin/B-base,102,"(0,.25]",0.1875,0.375,0.125,-0.25,0.5625,0.3125,-0.25,0.5625,0.25,-0.3125
15,B-bin/A-base,102,"(.25,.5]",0.375,0.1875,0.125,-0.0625,0.1875,0.3125,0.125,0.4375,0.25,-0.1875
15,A-bin/B-base,103,0,0.0,0.0,0.0625,0.0625,0.0,0.0625,0.0625,0.0625,0.0625,0.0
15,B-bin/A-base,103,0,0.0,0.0,0.0625,0.0625,0.125,0.0625,-0.0625,0.0,0.0625,0.0625
15,A-bin/B-base,104,"(.5,.75]",0.75,0.4375,0.8125,0.375,0.4375,0.9375,0.5,0.875,0.875,0.0
15,B-bin/A-base,104,"(.25,.5]",0.4375,0.75,0.8125,0.0625,0.8125,0.9375,0.125,0.8125,0.875,0.0625
15,A-bin/B-base,105,"(.5,.75]",0.5625,0.5625,0.75,0.1875,0.6875,0.875,0.1875,0.75,0.8125,0.0625
15,B-bin/A-base,105,"(.5,.75]",0.5625,0.5625,0.75,0.1875,0.6875,0.875,0.1875,0.75,0.8125,0.0625
15,A-bin/B-base,106,"(.5,.75]",0.75,0.8125,0.8125,0.0,0.875,0.8125,-0.0625,0.875,1.0,0.125
15,B-bin/A-base,106,"(.75,1)",0.8125,0.75,0.8125,0.0625,0.75,0.8125,0.0625,1.0,1.0,0.0
15,A-bin/B-base,107,"(0,.25]",0.125,0.125,0.0625,-0.0625,0.4375,0.5,0.0625,0.25,0.1875,-0.0625
15,B-bin/A-base,107,"(0,.25]",0.125,0.125,0.0625,-0.0625,0.1875,0.5,0.3125,0.375,0.1875,-0.1875
15,A-bin/B-base,108,"(.25,.5]",0.3125,0.1875,0.375,0.1875,0.375,0.625,0.25,0.375,0.5,0.125
15,B-bin/A-base,108,"(0,.25]",0.1875,0.3125,0.375,0.0625,0.5625,0.625,0.0625,0.5,0.5,0.0
15,A-bin/B-base,109,"(.25,.5]",0.5,0.625,0.375,-0.25,0.6875,0.5,-0.1875,0.8125,0.5625,-0.25
15,B-bin/A-base,109,"(.5,.75]",0.625,0.5,0.375,-0.125,0.5,0.5,0.0,0.8125,0.5625,-0.25
15,A-bin/B-base,110,"(.5,.75]",0.5625,0.4375,0.75,0.3125,0.5625,0.8125,0.25,0.8125,0.875,0.0625
15,B-bin/A-base,110,"(.25,.5]",0.4375,0.5625,0.75,0.1875,0.625,0.8125,0.1875,0.75,0.875,0.125
15,A-bin/B-base,111,"(.75,1)",0.8125,0.625,0.875,0.25,0.625,0.875,0.25,0.875,1.0,0.125
15,B-bin/A-base,111,"(.5,.75]",0.625,0.8125,0.875,0.0625,0.8125,0.875,0.0625,0.875,1.0,0.125
15,A-bin/B-base,112,"(.25,.5]",0.5,0.625,0.6875,0.0625,0.8125,0.6875,-0.125,0.75,0.8125,0.0625
15,B-bin/A-base,112,"(.5,.75]",0.625,0.5,0.6875,0.1875,0.6875,0.6875,0.0,0.625,0.8125,0.1875
15,A-bin/B-base,113,"(.5,.75]",0.5625,0.75,0.5,-0.25,0.8125,0.6875,-0.125,0.9375,0.625,-0.3125
15,B-bin/A-base,113,"(.5,.75]",0.75,0.5625,0.5,-0.0625,0.6875,0.6875,0.0,0.625,0.625,0.0
15,A-bin/B-base,114,"(.75,1)",0.8125,0.8125,0.8125,0.0,0.8125,0.8125,0.0,0.9375,1.0,0.0625
15,B-bin/A-base,114,"(.75,1)",0.8125,0.8125,0.8125,0.0,0.875,0.8125,-0.0625,0.9375,1.0,0.0625
15,A-bin/B-base,115,"(.25,.5]",0.5,0.25,0.375,0.125,0.3125,0.375,0.0625,0.5,0.5,0.0
15,B-bin/A-base,115,"(0,.25]",0.25,0.5,0.375,-0.125,0.625,0.375,-0.25,0.6875,0.5,-0.1875
15,A-bin/B-base,116,0,0.0,0.0,0.0,0.0,0.0625,0.1875,0.125,0.0625,0.0625,0.0
15,B-bin/A-base,116,0,0.0,0.0,0.0,0.0,0.25,0.1875,-0.0625,0.0,0.0625,0.0625
15,A-bin/B-base,117,0,0.0,0.0,0.0,0.0,0.0,0.125,0.125,0.0625,0.0,-0.0625
15,B-bin/A-base,117,0,0.0,0.0,0.0,0.0,0.0,0.125,0.125,0.0625,0.0,-0.0625
15,A-bin/B-base,118,"(0,.25]",0.0625,0.0,0.1875,0.1875,0.375,0.6875,0.3125,0.125,0.1875,0.0625
15,B-bin/A-base,118,0,0.0,0.0625,0.1875,0.125,0.6875,0.6875,0.0,0.0625,0.1875,0.125
15,A-bin/B-base,119,"(.25,.5]",0.375,0.25,0.6875,0.4375,0.3125,0.8125,0.5,0.625,0.75,0.125
15,B-bin/A-base,119,"(0,.25]",0.25,0.375,0.6875,0.3125,0.4375,0.8125,0.375,0.875,0.75,-0.125
15,A-bin/B-base,120,"(.25,.5]",0.375,0.25,0.5,0.25,0.375,0.6875,0.3125,0.4375,0.5625,0.125
15,B-bin/A-base,120,"(0,.25]",0.25,0.375,0.5,0.125,0.625,0.6875,0.0625,0.5,0.5625,0.0625
15,A-bin/B-base,121,0,0.0,0.0625,0.0,-0.0625,0.125,0.1875,0.0625,0.3125,0.25,-0.0625
15,B-bin/A-base,121,"(0,.25]",0.0625,0.0,0.0,0.0,0.125,0.1875,0.0625,0.0,0.25,0.25
15,A-bin/B-base,122,"(0,.25]",0.0625,0.125,0.4375,0.3125,0.1875,0.5,0.3125,0.25,0.625,0.375
15,B-bin/A-base,122,"(0,.25]",0.125,0.0625,0.4375,0.375,0.125,0.5,0.375,0.1875,0.625,0.4375
15,A-bin/B-base,123,"(0,.25]",0.1875,0.125,0.125,0.0,0.25,0.25,0.0,0.4375,0.5625,0.125
15,B-bin/A-base,123,"(0,.25]",0.125,0.1875,0.125,-0.0625,0.1875,0.25,0.0625,0.4375,0.5625,0.125
15,A-bin/B-base,124,"(.25,.5]",0.3125,0.4375,0.5625,0.125,0.4375,0.75,0.3125,0.5625,0.6875,0.125
15,B-bin/A-base,124,"(.25,.5]",0.4375,0.3125,0.5625,0.25,0.375,0.75,0.375,0.4375,0.6875,0.25
15,A-bin/B-base,125,"(.5,.75]",0.5625,0.8125,0.6875,-0.125,0.8125,0.9375,0.125,0.9375,0.6875,-0.25
15,B-bin/A-base,125,"(.75,1)",0.8125,0.5625,0.6875,0.125,0.6875,0.9375,0.25,0.75,0.6875,-0.0625
15,A-bin/B-base,126,"(.75,1)",0.8125,0.75,0.75,0.0,0.75,0.875,0.125,1.0,0.75,-0.25
15,B-bin/A-base,126,"(.5,.75]",0.75,0.8125,0.75,-0.0625,0.8125,0.875,0.0625,0.9375,0.75,-0.1875
15,A-bin/B-base,127,"(.5,.75]",0.5625,0.5,0.625,0.125,0.5625,0.6875,0.125,0.6875,0.8125,0.125
15,B-bin/A-base,127,"(.25,.5]",0.5,0.5625,0.625,0.0625,0.5625,0.6875,0.125,0.8125,0.8125,0.0
15,A-bin/B-base,128,"(0,.25]",0.125,0.1875,0.25,0.0625,0.375,0.5625,0.1875,0.4375,0.25,-0.1875
15,B-bin/A-base,128,"(0,.25]",0.1875,0.125,0.25,0.125,0.1875,0.5625,0.375,0.375,0.25,-0.125
15,A-bin/B-base,129,0,0.0,0.0625,0.0,-0.0625,0.25,0.1875,-0.0625,0.0625,0.0625,0.0
15,B-bin/A-base,129,"(0,.25]",0.0625,0.0,0.0,0.0,0.0625,0.1875,0.125,0.0,0.0625,0.0625
15,A-bin/B-base,130,"(.75,1)",0.9375,0.8125,0.9375,0.125,0.8125,0.9375,0.125,0.9375,0.9375,0.0
15,B-bin/A-base,130,"(.75,1)",0.8125,0.9375,0.9375,0.0,0.9375,0.9375,0.0,1.0,0.9375,-0.0625
15,A-bin/B-base,131,"(0,.25]",0.125,0.1875,0.25,0.0625,0.1875,0.375,0.1875,0.1875,0.3125,0.125
15,B-bin/A-base,131,"(0,.25]",0.1875,0.125,0.25,0.125,0.1875,0.375,0.1875,0.125,0.3125,0.1875
15,A-bin/B-base,132,"(.5,.75]",0.75,0.4375,0.8125,0.375,0.5625,0.8125,0.25,0.6875,0.8125,0.125
15,B-bin/A-base,132,"(.25,.5]",0.4375,0.75,0.8125,0.0625,0.75,0.8125,0.0625,0.75,0.8125,0.0625
15,A-bin/B-base,133,"(.25,.5]",0.4375,0.375,0.6875,0.3125,0.375,0.8125,0.4375,0.75,0.75,0.0
15,B-bin/A-base,133,"(.25,.5]",0.375,0.4375,0.6875,0.25,0.5,0.8125,0.3125,0.6875,0.75,0.0625
15,A-bin/B-base,134,"(0,.25]",0.0625,0.0,0.0625,0.0625,0.4375,0.625,0.1875,0.0625,0.125,0.0625
15,B-bin/A-base,134,0,0.0,0.0625,0.0625,0.0,0.4375,0.625,0.1875,0.0625,0.125,0.0625
15,A-bin/B-base,135,"(.5,.75]",0.6875,0.75,0.625,-0.125,0.75,0.6875,-0.0625,0.875,0.75,-0.125
15,B-bin/A-base,135,"(.5,.75]",0.75,0.6875,0.625,-0.0625,0.75,0.6875,-0.0625,0.75,0.75,0.0
15,A-bin/B-base,136,"(0,.25]",0.25,0.125,0.1875,0.0625,0.1875,0.3125,0.125,0.5625,0.5,-0.0625
15,B-bin/A-base,136,"(0,.25]",0.125,0.25,0.1875,-0.0625,0.25,0.3125,0.0625,0.4375,0.5,0.0625
15,A-bin/B-base,137,"(.5,.75]",0.5625,0.3125,0.375,0.0625,0.375,0.4375,0.0625,0.5625,0.5625,0.0
15,B-bin/A-base,137,"(.25,.5]",0.3125,0.5625,0.375,-0.1875,0.5625,0.4375,-0.125,0.625,0.5625,-0.0625
15,A-bin/B-base,138,"(0,.25]",0.1875,0.0625,0.0,-0.0625,0.0625,0.0,-0.0625,0.4375,0.1875,-0.25
15,B-bin/A-base,138,"(0,.25]",0.0625,0.1875,0.0,-0.1875,0.25,0.0,-0.25,0.25,0.1875,-0.0625
15,A-bin/B-base,139,0,0.0,0.125,0.4375,0.3125,0.1875,0.4375,0.25,0.5625,0.625,0.0625
15,B-bin/A-base,139,"(0,.25]",0.125,0.0,0.4375,0.4375,0.0,0.4375,0.4375,0.25,0.625,0.375
15,A-bin/B-base,140,"(.25,.5]",0.3125,0.25,0.4375,0.1875,0.25,0.5,0.25,0.4375,0.5625,0.125
15,B-bin/A-base,140,"(0,.25]",0.25,0.3125,0.4375,0.125,0.3125,0.5,0.1875,0.5625,0.5625,0.0
15,A-bin/B-base,141,"(0,.25]",0.1875,0.3125,0.4375,0.125,0.75,0.6875,-0.0625,0.4375,0.5625,0.125
15,B-bin/A-base,141,"(.25,.5]",0.3125,0.1875,0.4375,0.25,0.1875,0.6875,0.5,0.4375,0.5625,0.125
15,A-bin/B-base,142,0,0.0,0.0625,0.125,0.0625,0.125,0.1875,0.0625,0.1875,0.375,0.1875
15,B-bin/A-base,142,"(0,.25]",0.0625,0.0,0.125,0.125,0.125,0.1875,0.0625,0.125,0.375,0.25
15,A-bin/B-base,143,"(.25,.5]",0.3125,0.4375,0.3125,-0.125,0.5625,0.375,-0.1875,0.5,0.375,-0.125
15,B-bin/A-base,143,"(.25,.5]",0.4375,0.3125,0.3125,0.0,0.5,0.375,-0.125,0.4375,0.375,-0.0625
15,A-bin/B-base,144,"(0,.25]",0.25,0.1875,0.5,0.3125,0.25,0.5625,0.3125,0.5,0.625,0.125
15,B-bin/A-base,144,"(0,.25]",0.1875,0.25,0.5,0.25,0.3125,0.5625,0.25,0.5625,0.625,0.0625
15,A-bin/B-base,145,"(.5,.75]",0.6875,0.375,0.6875,0.3125,0.5,0.8125,0.3125,0.5625,0.875,0.3125
15,B-bin/A-base,145,"(.25,.5]",0.375,0.6875,0.6875,0.0,0.6875,0.8125,0.125,0.875,0.875,0.0
15,A-bin/B-base,146,"(0,.25]",0.25,0.0625,0.5,0.4375,0.3125,0.75,0.4375,0.1875,0.5,0.3125
15,B-bin/A-base,146,"(0,.25]",0.0625,0.25,0.5,0.25,0.25,0.75,0.5,0.4375,0.5,0.0625
15,A-bin/B-base,147,"(.75,1)",0.8125,0.6875,0.9375,0.25,0.6875,0.9375,0.25,0.875,1.0,0.125
15,B-bin/A-base,147,"(.5,.75]",0.6875,0.8125,0.9375,0.125,0.8125,0.9375,0.125,0.9375,1.0,0.0625
15,A-bin/B-base,148,"(.5,.75]",0.5625,0.1875,0.6875,0.5,0.3125,0.9375,0.625,0.5,0.75,0.25
15,B-bin/A-base,148,"(0,.25]",0.1875,0.5625,0.6875,0.125,0.625,0.9375,0.3125,0.75,0.75,0.0
15,A-bin/B-base,149,"(.5,.75]",0.5625,0.5,0.4375,-0.0625,0.5625,0.5625,0.0,0.875,0.5625,-0.3125
15,B-bin/A-base,149,"(.25,.5]",0.5,0.5625,0.4375,-0.125,0.625,0.5625,-0.0625,0.625,0.5625,-0.0625
15,A-bin/B-base,150,"(.5,.75]",0.75,0.4375,0.5625,0.125,0.5,0.75,0.25,0.75,0.75,0.0
15,B-bin/A-base,150,"(.25,.5]",0.4375,0.75,0.5625,-0.1875,0.75,0.75,0.0,0.9375,0.75,-0.1875
15,A-bin/B-base,151,"(.25,.5]",0.5,0.5625,0.5,-0.0625,0.625,0.875,0.25,0.8125,0.5,-0.3125
15,B-bin/A-base,151,"(.5,.75]",0.5625,0.5,0.5,0.0,0.75,0.875,0.125,0.5625,0.5,-0.0625
15,A-bin/B-base,152,"(.5,.75]",0.6875,0.5625,0.5,-0.0625,0.625,0.6875,0.0625,0.75,0.5625,-0.1875
15,B-bin/A-base,152,"(.5,.75]",0.5625,0.6875,0.5,-0.1875,0.75,0.6875,-0.0625,0.8125,0.5625,-0.25
15,A-bin/B-base,153,"(.25,.5]",0.3125,0.4375,0.375,-0.0625,0.5625,0.75,0.1875,0.5,0.4375,-0.0625
15,B-bin/A-base,153,"(.25,.5]",0.4375,0.3125,0.375,0.0625,0.625,0.75,0.125,0.375,0.4375,0.0625
15,A-bin/B-base,154,"(.25,.5]",0.3125,0.4375,0.5,0.0625,0.5,0.625,0.125,0.625,0.625,0.0
15,B-bin/A-base,154,"(.25,.5]",0.4375,0.3125,0.5,0.1875,0.3125,0.625,0.3125,0.625,0.625,0.0
15,A-bin/B-base,155,"(.25,.5]",0.375,0.125,0.125,0.0,0.375,0.3125,-0.0625,0.3125,0.125,-0.1875
15,B-bin/A-base,155,"(0,.25]",0.125,0.375,0.125,-0.25,0.4375,0.3125,-0.125,0.4375,0.125,-0.3125
15,A-bin/B-base,156,"(.5,.75]",0.5625,0.6875,0.625,-0.0625,0.75,0.75,0.0,0.875,0.75,-0.125
15,B-bin/A-base,156,"(.5,.75]",0.6875,0.5625,0.625,0.0625,0.5625,0.75,0.1875,0.9375,0.75,-0.1875
15,A-bin/B-base,157,"(.25,.5]",0.3125,0.5,0.6875,0.1875,0.5,0.6875,0.1875,0.75,0.8125,0.0625
15,B-bin/A-base,157,"(.25,.5]",0.5,0.3125,0.6875,0.375,0.3125,0.6875,0.375,0.5,0.8125,0.3125
15,A-bin/B-base,158,"(.25,.5]",0.4375,0.0625,0.25,0.1875,0.1875,0.4375,0.25,0.5,0.5625,0.0625
15,B-bin/A-base,158,"(0,.25]",0.0625,0.4375,0.25,-0.1875,0.5625,0.4375,-0.125,0.625,0.5625,-0.0625
15,A-bin/B-base,159,"(0,.25]",0.0625,0.0625,0.3125,0.25,0.3125,0.5625,0.25,0.125,0.5,0.375
15,B-bin/A-base,159,"(0,.25]",0.0625,0.0625,0.3125,0.25,0.25,0.5625,0.3125,0.125,0.5,0.375
15,A-bin/B-base,160,0,0.0,0.0,0.0625,0.0625,0.3125,0.5625,0.25,0.0,0.0625,0.0625
15,B-bin/A-base,160,0,0.0,0.0,0.0625,0.0625,0.375,0.5625,0.1875,0.0,0.0625,0.0625
15,A-bin/B-base,161,"(.75,1)",0.875,0.6875,0.5625,-0.125,0.8125,0.9375,0.125,0.75,0.5625,-0.1875
15,B-bin/A-base,161,"(.5,.75]",0.6875,0.875,0.5625,-0.3125,0.9375,0.9375,0.0,0.875,0.5625,-0.3125
15,A-bin/B-base,162,"(0,.25]",0.0625,0.1875,0.0,-0.1875,0.375,0.5,0.125,0.1875,0.0,-0.1875
15,B-bin/A-base,162,"(0,.25]",0.1875,0.0625,0.0,-0.0625,0.3125,0.5,0.1875,0.125,0.0,-0.125
15,A-bin/B-base,163,"(.25,.5]",0.5,0.625,0.6875,0.0625,0.6875,0.875,0.1875,0.8125,0.75,-0.0625
15,B-bin/A-base,163,"(.5,.75]",0.625,0.5,0.6875,0.1875,0.625,0.875,0.25,0.75,0.75,0.0
15,A-bin/B-base,164,"(.5,.75]",0.5625,0.5,0.625,0.125,0.6875,0.75,0.0625,0.625,0.6875,0.0625
15,B-bin/A-base,164,"(.25,.5]",0.5,0.5625,0.625,0.0625,0.8125,0.75,-0.0625,0.6875,0.6875,0.0
15,A-bin/B-base,165,0,0.0,0.0,0.25,0.25,0.375,0.4375,0.0625,0.0,0.3125,0.3125
15,B-bin/A-base,165,0,0.0,0.0,0.25,0.25,0.0,0.4375,0.4375,0.0625,0.3125,0.25
15,A-bin/B-base,166,"(0,.25]",0.125,0.125,0.25,0.125,0.25,0.3125,0.0625,0.1875,0.5625,0.375
15,B-bin/A-base,166,"(0,.25]",0.125,0.125,0.25,0.125,0.125,0.3125,0.1875,0.5625,0.5625,0.0
15,A-bin/B-base,167,0,0.0,0.0,0.0,0.0,0.5,0.375,-0.125,0.0,0.0,0.0
15,B-bin/A-base,167,0,0.0,0.0,0.0,0.0,0.5,0.375,-0.125,0.0,0.0,0.0
15,A-bin/B-base,168,"(.75,1)",0.8125,0.875,0.625,-0.25,0.875,0.625,-0.25,0.875,0.6875,-0.1875
15,B-bin/A-base,168,"(.75,1)",0.875,0.8125,0.625,-0.1875,0.875,0.625,-0.25,0.9375,0.6875,-0.25
15,A-bin/B-base,169,"(0,.25]",0.125,0.0,0.25,0.25,0.25,0.25,0.0,0.1875,0.4375,0.25
15,B-bin/A-base,169,0,0.0,0.125,0.25,0.125,0.25,0.25,0.0,0.25,0.4375,0.1875
15,A-bin/B-base,170,"(.5,.75]",0.5625,0.5625,0.75,0.1875,0.625,0.75,0.125,0.75,0.9375,0.1875
15,B-bin/A-base,170,"(.5,.75]",0.5625,0.5625,0.75,0.1875,0.5625,0.75,0.1875,0.75,0.9375,0.1875
15,A-bin/B-base,171,0,0.0,0.0625,0.1875,0.125,0.125,0.5,0.375,0.125,0.3125,0.1875
15,B-bin/A-base,171,"(0,.25]",0.0625,0.0,0.1875,0.1875,0.0625,0.5,0.4375,0.1875,0.3125,0.125
15,A-bin/B-base,172,"(.5,.75]",0.5625,0.5625,0.75,0.1875,0.5625,0.875,0.3125,0.8125,0.8125,0.0
15,B-bin/A-base,172,"(.5,.75]",0.5625,0.5625,0.75,0.1875,0.625,0.875,0.25,0.875,0.8125,-0.0625
15,A-bin/B-base,173,"(0,.25]",0.125,0.0,0.125,0.125,0.0,0.25,0.25,0.0,0.375,0.375
15,B-bin/A-base,173,0,0.0,0.125,0.125,0.0,0.1875,0.25,0.0625,0.25,0.375,0.125
15,A-bin/B-base,174,"(.5,.75]",0.625,0.5,0.625,0.125,0.625,0.6875,0.0625,0.75,0.875,0.125
15,B-bin/A-base,174,"(.25,.5]",0.5,0.625,0.625,0.0,0.6875,0.6875,0.0,0.8125,0.875,0.0625
15,A-bin/B-base,175,"(0,.25]",0.0625,0.1875,0.3125,0.125,0.1875,0.375,0.1875,0.5,0.4375,-0.0625
15,B-bin/A-base,175,"(0,.25]",0.1875,0.0625,0.3125,0.25,0.0625,0.375,0.3125,0.4375,0.4375,0.0
15,A-bin/B-base,176,1,1.0,0.8125,0.75,-0.0625,0.8125,0.75,-0.0625,0.9375,0.875,-0.0625
15,B-bin/A-base,176,"(.75,1)",0.8125,1.0,0.75,-0.25,1.0,0.75,-0.25,1.0,0.875,-0.125
15,A-bin/B-base,177,"(.25,.5]",0.375,0.3125,0.125,-0.1875,0.375,0.3125,-0.0625,0.375,0.25,-0.125
15,B-bin/A-base,177,"(.25,.5]",0.3125,0.375,0.125,-0.25,0.625,0.3125,-0.3125,0.5625,0.25,-0.3125
15,A-bin/B-base,178,"(.25,.5]",0.5,0.5,0.5,0.0,0.5625,0.625,0.0625,0.6875,0.5625,-0.125
15,B-bin/A-base,178,"(.25,.5]",0.5,0.5,0.5,0.0,0.5625,0.625,0.0625,0.75,0.5625,-0.1875
15,A-bin/B-base,179,"(.25,.5]",0.3125,0.5625,0.625,0.0625,0.6875,0.6875,0.0,0.625,0.625,0.0
15,B-bin/A-base,179,"(.5,.75]",0.5625,0.3125,0.625,0.3125,0.375,0.6875,0.3125,0.6875,0.625,-0.0625
15,A-bin/B-base,180,"(.75,1)",0.875,0.75,0.8125,0.0625,0.75,0.8125,0.0625,0.9375,0.9375,0.0
15,B-bin/A-base,180,"(.5,.75]",0.75,0.875,0.8125,-0.0625,0.875,0.8125,-0.0625,0.9375,0.9375,0.0
15,A-bin/B-base,181,"(0,.25]",0.125,0.0625,0.0625,0.0,0.125,0.0625,-0.0625,0.125,0.0625,-0.0625
15,B-bin/A-base,181,"(0,.25]",0.0625,0.125,0.0625,-0.0625,0.25,0.0625,-0.1875,0.375,0.0625,-0.3125
15,A-bin/B-base,182,"(0,.25]",0.25,0.0625,0.25,0.1875,0.375,0.6875,0.3125,0.125,0.25,0.125
15,B-bin/A-base,182,"(0,.25]",0.0625,0.25,0.25,0.0,0.4375,0.6875,0.25,0.25,0.25,0.0
15,A-bin/B-base,183,"(0,.25]",0.0625,0.0625,0.4375,0.375,0.125,0.6875,0.5625,0.25,0.5,0.25
15,B-bin/A-base,183,"(0,.25]",0.0625,0.0625,0.4375,0.375,0.1875,0.6875,0.5,0.1875,0.5,0.3125
15,A-bin/B-base,184,0,0.0,0.125,0.1875,0.0625,0.4375,0.5,0.0625,0.125,0.25,0.125
15,B-bin/A-base,184,"(0,.25]",0.125,0.0,0.1875,0.1875,0.0625,0.5,0.4375,0.0625,0.25,0.1875
15,A-bin/B-base,185,"(.75,1)",0.8125,0.875,0.9375,0.0625,0.875,0.9375,0.0625,1.0,1.0,0.0
15,B-bin/A-base,185,"(.75,1)",0.875,0.8125,0.9375,0.125,0.8125,0.9375,0.125,0.9375,1.0,0.0625
15,A-bin/B-base,186,"(.5,.75]",0.625,0.625,0.9375,0.3125,0.6875,0.9375,0.25,0.8125,0.9375,0.125
15,B-bin/A-base,186,"(.5,.75]",0.625,0.625,0.9375,0.3125,0.6875,0.9375,0.25,0.9375,0.9375,0.0
15,A-bin/B-base,187,"(0,.25]",0.0625,0.0,0.0625,0.0625,0.0625,0.1875,0.125,0.0625,0.0625,0.0
15,B-bin/A-base,187,0,0.0,0.0625,0.0625,0.0,0.0625,0.1875,0.125,0.0625,0.0625,0.0
15,A-bin/B-base,188,"(.75,1)",0.875,0.9375,0.9375,0.0,0.9375,0.9375,0.0,1.0,1.0,0.0
15,B-bin/A-base,188,"(.75,1)",0.9375,0.875,0.9375,0.0625,0.875,0.9375,0.0625,1.0,1.0,0.0
15,A-bin/B-base,189,"(0,.25]",0.25,0.1875,0.375,0.1875,0.3125,0.5,0.1875,0.5625,0.5625,0.0
15,B-bin/A-base,189,"(0,.25]",0.1875,0.25,0.375,0.125,0.375,0.5,0.125,0.375,0.5625,0.1875
15,A-bin/B-base,190,"(0,.25]",0.125,0.0,0.125,0.125,0.125,0.5625,0.4375,0.0625,0.1875,0.125
15,B-bin/A-base,190,0,0.0,0.125,0.125,0.0,0.375,0.5625,0.1875,0.3125,0.1875,-0.125
15,A-bin/B-base,191,0,0.0,0.0,0.0625,0.0625,0.1875,0.1875,0.0,0.0625,0.0625,0.0
15,B-bin/A-base,191,0,0.0,0.0,0.0625,0.0625,0.125,0.1875,0.0625,0.0625,0.0625,0.0
15,A-bin/B-base,192,"(0,.25]",0.25,0.3125,0.3125,0.0,0.375,0.5625,0.1875,0.4375,0.4375,0.0
15,B-bin/A-base,192,"(.25,.5]",0.3125,0.25,0.3125,0.0625,0.25,0.5625,0.3125,0.625,0.4375,-0.1875
15,A-bin/B-base,193,"(.25,.5]",0.5,0.1875,0.4375,0.25,0.4375,0.625,0.1875,0.3125,0.5625,0.25
15,B-bin/A-base,193,"(0,.25]",0.1875,0.5,0.4375,-0.0625,0.5625,0.625,0.0625,0.5,0.5625,0.0625
15,A-bin/B-base,194,"(0,.25]",0.25,0.25,0.5625,0.3125,0.5625,0.6875,0.125,0.375,0.6875,0.3125
15,B-bin/A-base,194,"(0,.25]",0.25,0.25,0.5625,0.3125,0.4375,0.6875,0.25,0.375,0.6875,0.3125
15,A-bin/B-base,195,"(.5,.75]",0.5625,0.6875,0.8125,0.125,0.6875,0.8125,0.125,0.9375,0.9375,0.0
15,B-bin/A-base,195,"(.5,.75]",0.6875,0.5625,0.8125,0.25,0.5625,0.8125,0.25,0.875,0.9375,0.0625
15,A-bin/B-base,196,"(.25,.5]",0.5,0.625,0.625,0.0,0.6875,0.75,0.0625,0.875,0.6875,-0.1875
15,B-bin/A-base,196,"(.5,.75]",0.625,0.5,0.625,0.125,0.5625,0.75,0.1875,0.75,0.6875,-0.0625
15,A-bin/B-base,197,"(0,.25]",0.1875,0.3125,0.3125,0.0,0.375,0.3125,-0.0625,0.75,0.8125,0.0625
15,B-bin/A-base,197,"(.25,.5]",0.3125,0.1875,0.3125,0.125,0.1875,0.3125,0.125,0.5,0.8125,0.3125
15,A-bin/B-base,198,"(0,.25]",0.1875,0.125,0.125,0.0,0.1875,0.3125,0.125,0.125,0.25,0.125
15,B-bin/A-base,198,"(0,.25]",0.125,0.1875,0.125,-0.0625,0.1875,0.3125,0.125,0.1875,0.25,0.0625
15,A-bin/B-base,199,"(0,.25]",0.1875,0.0,0.0625,0.0625,0.0,0.125,0.125,0.0,0.125,0.125
15,B-bin/A-base,199,0,0.0,0.1875,0.0625,-0.125,0.1875,0.125,-0.0625,0.3125,0.125,-0.1875
15,A-bin/B-base,200,"(.25,.5]",0.375,0.6875,0.5625,-0.125,0.6875,0.6875,0.0,0.8125,0.5625,-0.25
15,B-bin/A-base,200,"(.5,.75]",0.6875,0.375,0.5625,0.1875,0.4375,0.6875,0.25,0.625,0.5625,-0.0625
15,A-bin/B-base,201,"(0,.25]",0.0625,0.0625,0.0625,0.0,0.1875,0.4375,0.25,0.125,0.125,0.0
15,B-bin/A-base,201,"(0,.25]",0.0625,0.0625,0.0625,0.0,0.25,0.4375,0.1875,0.125,0.125,0.0
15,A-bin/B-base,202,"(.75,1)",0.875,0.875,0.8125,-0.0625,0.9375,0.8125,-0.125,0.9375,1.0,0.0625
15,B-bin/A-base,202,"(.75,1)",0.875,0.875,0.8125,-0.0625,0.875,0.8125,-0.0625,1.0,1.0,0.0
15,A-bin/B-base,203,"(.75,1)",0.8125,0.8125,0.875,0.0625,0.8125,0.875,0.0625,0.9375,0.9375,0.0
15,B-bin/A-base,203,"(.75,1)",0.8125,0.8125,0.875,0.0625,0.875,0.875,0.0,0.9375,0.9375,0.0
15,A-bin/B-base,204,"(0,.25]",0.25,0.375,0.3125,-0.0625,0.4375,0.4375,0.0,0.5,0.6875,0.1875
15,B-bin/A-base,204,"(.25,.5]",0.375,0.25,0.3125,0.0625,0.3125,0.4375,0.125,0.4375,0.6875,0.25
15,A-bin/B-base,205,"(0,.25]",0.125,0.25,0.1875,-0.0625,0.375,0.5,0.125,0.25,0.25,0.0
15,B-bin/A-base,205,"(0,.25]",0.25,0.125,0.1875,0.0625,0.375,0.5,0.125,0.125,0.25,0.125
15,A-bin/B-base,206,"(0,.25]",0.25,0.4375,0.6875,0.25,0.4375,0.75,0.3125,0.5625,0.875,0.3125
15,B-bin/A-base,206,"(.25,.5]",0.4375,0.25,0.6875,0.4375,0.25,0.75,0.5,0.6875,0.875,0.1875
15,A-bin/B-base,207,"(.25,.5]",0.5,0.5625,0.5625,0.0,0.625,0.9375,0.3125,0.75,0.5625,-0.1875
15,B-bin/A-base,207,"(.5,.75]",0.5625,0.5,0.5625,0.0625,0.5625,0.9375,0.375,0.6875,0.5625,-0.125
15,A-bin/B-base,208,"(.5,.75]",0.6875,0.75,0.875,0.125,0.75,0.9375,0.1875,0.9375,0.9375,0.0
15,B-bin/A-base,208,"(.5,.75]",0.75,0.6875,0.875,0.1875,0.6875,0.9375,0.25,0.875,0.9375,0.0625
15,A-bin/B-base,209,"(.5,.75]",0.5625,0.5,0.6875,0.1875,0.5,0.75,0.25,0.8125,0.75,-0.0625
15,B-bin/A-base,209,"(.25,.5]",0.5,0.5625,0.6875,0.125,0.625,0.75,0.125,0.625,0.75,0.125
15,A-bin/B-base,210,"(.25,.5]",0.3125,0.25,0.3125,0.0625,0.375,0.4375,0.0625,0.6875,0.5625,-0.125
15,B-bin/A-base,210,"(0,.25]",0.25,0.3125,0.3125,0.0,0.375,0.4375,0.0625,0.4375,0.5625,0.125
15,A-bin/B-base,211,"(0,.25]",0.0625,0.125,0.0,-0.125,0.5,0.25,-0.25,0.1875,0.3125,0.125
15,B-bin/A-base,211,"(0,.25]",0.125,0.0625,0.0,-0.0625,0.4375,0.25,-0.1875,0.3125,0.3125,0.0
15,A-bin/B-base,212,0,0.0,0.0,0.0,0.0,0.0,0.125,0.125,0.25,0.0625,-0.1875
15,B-bin/A-base,212,0,0.0,0.0,0.0,0.0,0.0625,0.125,0.0625,0.125,0.0625,-0.0625
15,A-bin/B-base,213,"(.5,.75]",0.5625,0.625,0.8125,0.1875,0.6875,0.875,0.1875,0.8125,0.875,0.0625
15,B-bin/A-base,213,"(.5,.75]",0.625,0.5625,0.8125,0.25,0.5625,0.875,0.3125,0.75,0.875,0.125
15,A-bin/B-base,214,"(0,.25]",0.0625,0.0,0.0,0.0,0.375,0.3125,-0.0625,0.0,0.0625,0.0625
15,B-bin/A-base,214,0,0.0,0.0625,0.0,-0.0625,0.3125,0.3125,0.0,0.0625,0.0625,0.0
15,A-bin/B-base,215,"(.25,.5]",0.5,0.75,0.6875,-0.0625,0.75,0.75,0.0,0.9375,0.8125,-0.125
15,B-bin/A-base,215,"(.5,.75]",0.75,0.5,0.6875,0.1875,0.5625,0.75,0.1875,0.875,0.8125,-0.0625
15,A-bin/B-base,216,"(.5,.75]",0.75,0.5,0.6875,0.1875,0.5,0.75,0.25,0.8125,0.75,-0.0625
15,B-bin/A-base,216,"(.25,.5]",0.5,0.75,0.6875,-0.0625,0.75,0.75,0.0,1.0,0.75,-0.25
15,A-bin/B-base,217,"(0,.25]",0.1875,0.0625,0.0625,0.0,0.0625,0.0625,0.0,0.3125,0.375,0.0625
15,B-bin/A-base,217,"(0,.25]",0.0625,0.1875,0.0625,-0.125,0.1875,0.0625,-0.125,0.375,0.375,0.0
15,A-bin/B-base,218,"(0,.25]",0.125,0.125,0.0625,-0.0625,0.75,0.75,0.0,0.1875,0.1875,0.0
15,B-bin/A-base,218,"(0,.25]",0.125,0.125,0.0625,-0.0625,0.4375,0.75,0.3125,0.1875,0.1875,0.0
15,A-bin/B-base,219,"(0,.25]",0.0625,0.0,0.1875,0.1875,0.125,0.25,0.125,0.1875,0.25,0.0625
15,B-bin/A-base,219,0,0.0,0.0625,0.1875,0.125,0.3125,0.25,-0.0625,0.3125,0.25,-0.0625
15,A-bin/B-base,220,"(0,.25]",0.0625,0.125,0.1875,0.0625,0.125,0.3125,0.1875,0.3125,0.375,0.0625
15,B-bin/A-base,220,"(0,.25]",0.125,0.0625,0.1875,0.125,0.125,0.3125,0.1875,0.25,0.375,0.125
15,A-bin/B-base,221,"(.75,1)",0.875,0.875,0.9375,0.0625,0.875,0.9375,0.0625,0.9375,1.0,0.0625
15,B-bin/A-base,221,"(.75,1)",0.875,0.875,0.9375,0.0625,0.875,0.9375,0.0625,1.0,1.0,0.0
15,A-bin/B-base,222,"(0,.25]",0.25,0.4375,0.375,-0.0625,0.5,0.6875,0.1875,0.5,0.4375,-0.0625
15,B-bin/A-base,222,"(.25,.5]",0.4375,0.25,0.375,0.125,0.5,0.6875,0.1875,0.375,0.4375,0.0625
15,A-bin/B-base,223,"(0,.25]",0.125,0.0625,0.0,-0.0625,0.125,0.125,0.0,0.3125,0.1875,-0.125
15,B-bin/A-base,223,"(0,.25]",0.0625,0.125,0.0,-0.125,0.3125,0.125,-0.1875,0.1875,0.1875,0.0
15,A-bin/B-base,224,0,0.0,0.0,0.1875,0.1875,0.0,0.375,0.375,0.25,0.1875,-0.0625
15,B-bin/A-base,224,0,0.0,0.0,0.1875,0.1875,0.1875,0.375,0.1875,0.0625,0.1875,0.125
15,A-bin/B-base,225,"(0,.25]",0.0625,0.0,0.125,0.125,0.0625,0.375,0.3125,0.1875,0.1875,0.0
15,B-bin/A-base,225,0,0.0,0.0625,0.125,0.0625,0.125,0.375,0.25,0.125,0.1875,0.0625
15,A-bin/B-base,226,"(0,.25]",0.1875,0.4375,0.3125,-0.125,0.5625,0.4375,-0.125,0.625,0.5,-0.125
15,B-bin/A-base,226,"(.25,.5]",0.4375,0.1875,0.3125,0.125,0.3125,0.4375,0.125,0.25,0.5,0.25
15,A-bin/B-base,227,"(.5,.75]",0.625,0.75,0.75,0.0,0.8125,0.8125,0.0,0.875,0.875,0.0
15,B-bin/A-base,227,"(.5,.75]",0.75,0.625,0.75,0.125,0.625,0.8125,0.1875,0.9375,0.875,-0.0625
15,A-bin/B-base,228,"(0,.25]",0.125,0.0,0.0625,0.0625,0.5625,0.75,0.1875,0.0625,0.125,0.0625
15,B-bin/A-base,228,0,0.0,0.125,0.0625,-0.0625,0.6875,0.75,0.0625,0.1875,0.125,-0.0625
15,A-bin/B-base,229,"(0,.25]",0.1875,0.0625,0.25,0.1875,0.6875,0.9375,0.25,0.125,0.25,0.125
15,B-bin/A-base,229,"(0,.25]",0.0625,0.1875,0.25,0.0625,0.75,0.9375,0.1875,0.1875,0.25,0.0625
15,A-bin/B-base,230,"(0,.25]",0.125,0.0625,0.0625,0.0,0.25,0.3125,0.0625,0.125,0.1875,0.0625
15,B-bin/A-base,230,"(0,.25]",0.0625,0.125,0.0625,-0.0625,0.4375,0.3125,-0.125,0.125,0.1875,0.0625
15,A-bin/B-base,231,"(0,.25]",0.0625,0.125,0.0,-0.125,0.1875,0.0625,-0.125,0.125,0.25,0.125
15,B-bin/A-base,231,"(0,.25]",0.125,0.0625,0.0,-0.0625,0.125,0.0625,-0.0625,0.125,0.25,0.125
15,A-bin/B-base,232,0,0.0,0.0,0.0,0.0,0.4375,0.5,0.0625,0.0,0.0,0.0
15,B-bin/A-base,232,0,0.0,0.0,0.0,0.0,0.375,0.5,0.125,0.0,0.0,0.0
15,A-bin/B-base,233,"(.25,.5]",0.5,0.375,0.25,-0.125,0.6875,0.75,0.0625,0.4375,0.3125,-0.125
15,B-bin/A-base,233,"(.25,.5]",0.375,0.5,0.25,-0.25,0.75,0.75,0.0,0.625,0.3125,-0.3125
15,A-bin/B-base,234,0,0.0,0.0,0.125,0.125,0.125,0.1875,0.0625,0.0,0.125,0.125
15,B-bin/A-base,234,0,0.0,0.0,0.125,0.125,0.125,0.1875,0.0625,0.0,0.125,0.125
15,A-bin/B-base,235,"(0,.25]",0.0625,0.125,0.0,-0.125,0.3125,0.4375,0.125,0.375,0.0625,-0.3125
15,B-bin/A-base,235,"(0,.25]",0.125,0.0625,0.0,-0.0625,0.0625,0.4375,0.375,0.1875,0.0625,-0.125
15,A-bin/B-base,236,"(.75,1)",0.9375,0.75,0.875,0.125,0.75,0.9375,0.1875,0.8125,0.9375,0.125
15,B-bin/A-base,236,"(.5,.75]",0.75,0.9375,0.875,-0.0625,0.9375,0.9375,0.0,1.0,0.9375,-0.0625
15,A-bin/B-base,237,"(0,.25]",0.0625,0.0,0.0,0.0,0.125,0.0,-0.125,0.0625,0.0625,0.0
15,B-bin/A-base,237,0,0.0,0.0625,0.0,-0.0625,0.0625,0.0,-0.0625,0.0625,0.0625,0.0
15,A-bin/B-base,238,"(.25,.5]",0.375,0.4375,0.625,0.1875,0.5,0.625,0.125,0.75,0.8125,0.0625
15,B-bin/A-base,238,"(.25,.5]",0.4375,0.375,0.625,0.25,0.4375,0.625,0.1875,0.875,0.8125,-0.0625
15,A-bin/B-base,239,"(0,.25]",0.25,0.125,0.125,0.0,0.125,0.25,0.125,0.125,0.25,0.125
15,B-bin/A-base,239,"(0,.25]",0.125,0.25,0.125,-0.125,0.25,0.25,0.0,0.375,0.25,-0.125
15,A-bin/B-base,240,"(.25,.5]",0.5,0.625,0.75,0.125,0.625,0.75,0.125,1.0,0.9375,-0.0625
15,B-bin/A-base,240,"(.5,.75]",0.625,0.5,0.75,0.25,0.5625,0.75,0.1875,0.8125,0.9375,0.125
15,A-bin/B-base,241,"(.5,.75]",0.625,0.3125,0.625,0.3125,0.3125,0.75,0.4375,0.6875,0.625,-0.0625
15,B-bin/A-base,241,"(.25,.5]",0.3125,0.625,0.625,0.0,0.6875,0.75,0.0625,0.6875,0.625,-0.0625
15,A-bin/B-base,242,"(.5,.75]",0.75,0.375,0.5,0.125,0.375,0.5,0.125,0.6875,0.875,0.1875
15,B-bin/A-base,242,"(.25,.5]",0.375,0.75,0.5,-0.25,0.8125,0.5,-0.3125,0.9375,0.875,-0.0625
15,A-bin/B-base,243,"(0,.25]",0.0625,0.0625,0.0625,0.0,0.125,0.25,0.125,0.0625,0.3125,0.25
15,B-bin/A-base,243,"(0,.25]",0.0625,0.0625,0.0625,0.0,0.4375,0.25,-0.1875,0.1875,0.3125,0.125
15,A-bin/B-base,244,"(.75,1)",0.875,0.75,0.6875,-0.0625,0.75,0.6875,-0.0625,0.9375,0.9375,0.0
15,B-bin/A-base,244,"(.5,.75]",0.75,0.875,0.6875,-0.1875,0.875,0.6875,-0.1875,0.9375,0.9375,0.0
15,A-bin/B-base,245,"(.25,.5]",0.375,0.375,0.625,0.25,0.4375,0.6875,0.25,0.625,0.75,0.125
15,B-bin/A-base,245,"(.25,.5]",0.375,0.375,0.625,0.25,0.5,0.6875,0.1875,0.5625,0.75,0.1875
15,A-bin/B-base,246,"(0,.25]",0.0625,0.0625,0.125,0.0625,0.0625,0.1875,0.125,0.125,0.25,0.125
15,B-bin/A-base,246,"(0,.25]",0.0625,0.0625,0.125,0.0625,0.125,0.1875,0.0625,0.125,0.25,0.125
15,A-bin/B-base,247,0,0.0,0.0,0.0,0.0,0.25,0.0625,-0.1875,0.0625,0.0625,0.0
15,B-bin/A-base,247,0,0.0,0.0,0.0,0.0,0.25,0.0625,-0.1875,0.125,0.0625,-0.0625
15,A-bin/B-base,248,0,0.0,0.0,0.0625,0.0625,0.0625,0.1875,0.125,0.0625,0.0625,0.0
15,B-bin/A-base,248,0,0.0,0.0,0.0625,0.0625,0.1875,0.1875,0.0,0.0625,0.0625,0.0
15,A-bin/B-base,249,"(.5,.75]",0.625,0.75,0.8125,0.0625,0.75,0.8125,0.0625,0.875,0.875,0.0
15,B-bin/A-base,249,"(.5,.75]",0.75,0.625,0.8125,0.1875,0.625,0.8125,0.1875,0.875,0.875,0.0
15,A-bin/B-base,250,0,0.0,0.125,0.125,0.0,0.4375,0.5,0.0625,0.3125,0.125,-0.1875
15,B-bin/A-base,250,"(0,.25]",0.125,0.0,0.125,0.125,0.25,0.5,0.25,0.0625,0.125,0.0625
15,A-bin/B-base,251,"(0,.25]",0.1875,0.125,0.0625,-0.0625,0.375,0.4375,0.0625,0.125,0.0625,-0.0625
15,B-bin/A-base,251,"(0,.25]",0.125,0.1875,0.0625,-0.125,0.4375,0.4375,0.0,0.3125,0.0625,-0.25
15,A-bin/B-base,252,"(.5,.75]",0.5625,0.8125,0.9375,0.125,0.8125,0.9375,0.125,1.0,1.0,0.0
15,B-bin/A-base,252,"(.75,1)",0.8125,0.5625,0.9375,0.375,0.5625,0.9375,0.375,0.8125,1.0,0.1875
15,A-bin/B-base,253,0,0.0,0.125,0.3125,0.1875,0.125,0.3125,0.1875,0.4375,0.5,0.0625
15,B-bin/A-base,253,"(0,.25]",0.125,0.0,0.3125,0.3125,0.0,0.3125,0.3125,0.125,0.5,0.375
15,A-bin/B-base,254,"(.25,.5]",0.3125,0.25,0.6875,0.4375,0.3125,0.8125,0.5,0.625,0.6875,0.0625
15,B-bin/A-base,254,"(0,.25]",0.25,0.3125,0.6875,0.375,0.3125,0.8125,0.5,0.5625,0.6875,0.125
15,A-bin/B-base,255,"(.5,.75]",0.625,0.6875,0.6875,0.0,0.75,0.75,0.0,0.8125,0.8125,0.0
15,B-bin/A-base,255,"(.5,.75]",0.6875,0.625,0.6875,0.0625,0.75,0.75,0.0,0.8125,0.8125,0.0
20,A-bin/B-base,0,"(.75,1)",0.8125,0.875,0.9375,0.0625,0.875,0.9375,0.0625,0.9375,1.0,0.0625
20,B-bin/A-base,0,"(.75,1)",0.875,0.8125,0.9375,0.125,0.8125,0.9375,0.125,0.8125,1.0,0.1875
20,A-bin/B-base,1,"(0,.25]",0.25,0.3125,0.75,0.4375,0.5,0.8125,0.3125,0.5,0.875,0.375
20,B-bin/A-base,1,"(.25,.5]",0.3125,0.25,0.75,0.5,0.3125,0.8125,0.5,0.4375,0.875,0.4375
20,A-bin/B-base,2,"(0,.25]",0.125,0.4375,0.625,0.1875,0.5625,0.75,0.1875,0.5625,0.75,0.1875
20,B-bin/A-base,2,"(.25,.5]",0.4375,0.125,0.625,0.5,0.1875,0.75,0.5625,0.5,0.75,0.25
20,A-bin/B-base,3,"(.5,.75]",0.5625,0.6875,0.8125,0.125,0.6875,0.875,0.1875,0.875,0.9375,0.0625
20,B-bin/A-base,3,"(.5,.75]",0.6875,0.5625,0.8125,0.25,0.625,0.875,0.25,0.75,0.9375,0.1875
20,A-bin/B-base,4,"(0,.25]",0.125,0.375,0.1875,-0.1875,0.5,0.4375,-0.0625,0.4375,0.3125,-0.125
20,B-bin/A-base,4,"(.25,.5]",0.375,0.125,0.1875,0.0625,0.4375,0.4375,0.0,0.1875,0.3125,0.125
20,A-bin/B-base,5,"(.25,.5]",0.375,0.625,0.6875,0.0625,0.6875,0.8125,0.125,0.8125,0.6875,-0.125
20,B-bin/A-base,5,"(.5,.75]",0.625,0.375,0.6875,0.3125,0.4375,0.8125,0.375,0.6875,0.6875,0.0
20,A-bin/B-base,6,"(.5,.75]",0.6875,0.625,0.8125,0.1875,0.625,0.9375,0.3125,0.875,0.875,0.0
20,B-bin/A-base,6,"(.5,.75]",0.625,0.6875,0.8125,0.125,0.75,0.9375,0.1875,0.875,0.875,0.0
20,A-bin/B-base,7,0,0.0,0.0,0.125,0.125,0.125,0.25,0.125,0.0,0.125,0.125
20,B-bin/A-base,7,0,0.0,0.0,0.125,0.125,0.0,0.25,0.25,0.0,0.125,0.125
20,A-bin/B-base,8,"(0,.25]",0.1875,0.125,0.0625,-0.0625,0.3125,0.375,0.0625,0.1875,0.25,0.0625
20,B-bin/A-base,8,"(0,.25]",0.125,0.1875,0.0625,-0.125,0.375,0.375,0.0,0.3125,0.25,-0.0625
20,A-bin/B-base,9,"(0,.25]",0.1875,0.0,0.0,0.0,0.25,0.3125,0.0625,0.0,0.0,0.0
20,B-bin/A-base,9,0,0.0,0.1875,0.0,-0.1875,0.5,0.3125,-0.1875,0.25,0.0,-0.25
20,A-bin/B-base,10,0,0.0,0.0625,0.0,-0.0625,0.125,0.0,-0.125,0.125,0.0625,-0.0625
20,B-bin/A-base,10,"(0,.25]",0.0625,0.0,0.0,0.0,0.0,0.0,0.0,0.0625,0.0625,0.0
20,A-bin/B-base,11,0,0.0,0.0625,0.0625,0.0,0.0625,0.1875,0.125,0.0625,0.125,0.0625
20,B-bin/A-base,11,"(0,.25]",0.0625,0.0,0.0625,0.0625,0.0,0.1875,0.1875,0.0,0.125,0.125
20,A-bin/B-base,12,"(.25,.5]",0.4375,0.625,0.6875,0.0625,0.625,0.75,0.125,0.8125,0.8125,0.0
20,B-bin/A-base,12,"(.5,.75]",0.625,0.4375,0.6875,0.25,0.4375,0.75,0.3125,0.875,0.8125,-0.0625
20,A-bin/B-base,13,"(0,.25]",0.1875,0.0625,0.125,0.0625,0.25,0.6875,0.4375,0.25,0.125,-0.125
20,B-bin/A-base,13,"(0,.25]",0.0625,0.1875,0.125,-0.0625,0.4375,0.6875,0.25,0.3125,0.125,-0.1875
20,A-bin/B-base,14,"(0,.25]",0.25,0.1875,0.375,0.1875,0.375,0.5625,0.1875,0.5625,0.625,0.0625
20,B-bin/A-base,14,"(0,.25]",0.1875,0.25,0.375,0.125,0.3125,0.5625,0.25,0.4375,0.625,0.1875
20,A-bin/B-base,15,0,0.0,0.0,0.0,0.0,0.5,0.4375,-0.0625,0.0,0.0,0.0
20,B-bin/A-base,15,0,0.0,0.0,0.0,0.0,0.0,0.4375,0.4375,0.0,0.0,0.0
20,A-bin/B-base,16,"(0,.25]",0.125,0.125,0.4375,0.3125,0.25,0.625,0.375,0.1875,0.5,0.3125
20,B-bin/A-base,16,"(0,.25]",0.125,0.125,0.4375,0.3125,0.125,0.625,0.5,0.1875,0.5,0.3125
20,A-bin/B-base,17,"(0,.25]",0.125,0.0625,0.1875,0.125,0.1875,0.25,0.0625,0.1875,0.3125,0.125
20,B-bin/A-base,17,"(0,.25]",0.0625,0.125,0.1875,0.0625,0.375,0.25,-0.125,0.1875,0.3125,0.125
20,A-bin/B-base,18,"(0,.25]",0.1875,0.0,0.0625,0.0625,0.1875,0.3125,0.125,0.125,0.125,0.0
20,B-bin/A-base,18,0,0.0,0.1875,0.0625,-0.125,0.25,0.3125,0.0625,0.3125,0.125,-0.1875
20,A-bin/B-base,19,"(0,.25]",0.25,0.1875,0.5625,0.375,0.25,0.6875,0.4375,0.375,0.6875,0.3125
20,B-bin/A-base,19,"(0,.25]",0.1875,0.25,0.5625,0.3125,0.375,0.6875,0.3125,0.5,0.6875,0.1875
20,A-bin/B-base,20,"(.75,1)",0.8125,0.875,0.9375,0.0625,0.875,1.0,0.125,1.0,0.9375,-0.0625
20,B-bin/A-base,20,"(.75,1)",0.875,0.8125,0.9375,0.125,0.8125,1.0,0.1875,1.0,0.9375,-0.0625
20,A-bin/B-base,21,"(0,.25]",0.125,0.125,0.1875,0.0625,0.125,0.3125,0.1875,0.25,0.3125,0.0625
20,B-bin/A-base,21,"(0,.25]",0.125,0.125,0.1875,0.0625,0.1875,0.3125,0.125,0.125,0.3125,0.1875
20,A-bin/B-base,22,0,0.0,0.0,0.125,0.125,0.25,0.3125,0.0625,0.0625,0.125,0.0625
20,B-bin/A-base,22,0,0.0,0.0,0.125,0.125,0.1875,0.3125,0.125,0.25,0.125,-0.125
20,A-bin/B-base,23,"(.5,.75]",0.5625,0.5,0.75,0.25,0.5625,0.8125,0.25,0.8125,0.875,0.0625
20,B-bin/A-base,23,"(.25,.5]",0.5,0.5625,0.75,0.1875,0.5625,0.8125,0.25,0.6875,0.875,0.1875
20,A-bin/B-base,24,"(.5,.75]",0.625,0.5625,0.5625,0.0,0.5625,0.6875,0.125,0.6875,0.875,0.1875
20,B-bin/A-base,24,"(.5,.75]",0.5625,0.625,0.5625,-0.0625,0.625,0.6875,0.0625,0.625,0.875,0.25
20,A-bin/B-base,25,"(.25,.5]",0.375,0.3125,0.625,0.3125,0.4375,0.625,0.1875,0.5625,0.75,0.1875
20,B-bin/A-base,25,"(.25,.5]",0.3125,0.375,0.625,0.25,0.4375,0.625,0.1875,0.625,0.75,0.125
20,A-bin/B-base,26,"(.5,.75]",0.6875,0.625,0.6875,0.0625,0.75,0.9375,0.1875,0.8125,0.6875,-0.125
20,B-bin/A-base,26,"(.5,.75]",0.625,0.6875,0.6875,0.0,0.6875,0.9375,0.25,1.0,0.6875,-0.3125
20,A-bin/B-base,27,"(0,.25]",0.0625,0.0625,0.0,-0.0625,0.3125,0.375,0.0625,0.1875,0.1875,0.0
20,B-bin/A-base,27,"(0,.25]",0.0625,0.0625,0.0,-0.0625,0.125,0.375,0.25,0.125,0.1875,0.0625
20,A-bin/B-base,28,"(.5,.75]",0.5625,0.5625,0.875,0.3125,0.5625,0.875,0.3125,0.9375,1.0,0.0625
20,B-bin/A-base,28,"(.5,.75]",0.5625,0.5625,0.875,0.3125,0.5625,0.875,0.3125,0.9375,1.0,0.0625
20,A-bin/B-base,29,"(0,.25]",0.125,0.1875,0.3125,0.125,0.3125,0.4375,0.125,0.3125,0.375,0.0625
20,B-bin/A-base,29,"(0,.25]",0.1875,0.125,0.3125,0.1875,0.3125,0.4375,0.125,0.1875,0.375,0.1875
20,A-bin/B-base,30,"(0,.25]",0.0625,0.0625,0.1875,0.125,0.0625,0.375,0.3125,0.25,0.1875,-0.0625
20,B-bin/A-base,30,"(0,.25]",0.0625,0.0625,0.1875,0.125,0.1875,0.375,0.1875,0.1875,0.1875,0.0
20,A-bin/B-base,31,"(.25,.5]",0.375,0.125,0.625,0.5,0.1875,0.9375,0.75,0.25,0.6875,0.4375
20,B-bin/A-base,31,"(0,.25]",0.125,0.375,0.625,0.25,0.5625,0.9375,0.375,0.5,0.6875,0.1875
20,A-bin/B-base,32,"(0,.25]",0.0625,0.25,0.1875,-0.0625,0.3125,0.3125,0.0,0.5,0.375,-0.125
20,B-bin/A-base,32,"(0,.25]",0.25,0.0625,0.1875,0.125,0.125,0.3125,0.1875,0.25,0.375,0.125
20,A-bin/B-base,33,"(.5,.75]",0.75,0.375,0.875,0.5,0.375,0.875,0.5,0.875,1.0,0.125
20,B-bin/A-base,33,"(.25,.5]",0.375,0.75,0.875,0.125,0.8125,0.875,0.0625,0.9375,1.0,0.0625
20,A-bin/B-base,34,"(.5,.75]",0.625,0.625,0.9375,0.3125,0.6875,0.9375,0.25,0.875,0.9375,0.0625
20,B-bin/A-base,34,"(.5,.75]",0.625,0.625,0.9375,0.3125,0.6875,0.9375,0.25,0.875,0.9375,0.0625
20,A-bin/B-base,35,"(.5,.75]",0.625,0.5625,0.625,0.0625,0.5625,0.75,0.1875,0.75,0.875,0.125
20,B-bin/A-base,35,"(.5,.75]",0.5625,0.625,0.625,0.0,0.875,0.75,-0.125,0.6875,0.875,0.1875
20,A-bin/B-base,36,"(.5,.75]",0.75,0.8125,0.75,-0.0625,0.8125,0.875,0.0625,0.875,0.8125,-0.0625
20,B-bin/A-base,36,"(.75,1)",0.8125,0.75,0.75,0.0,0.8125,0.875,0.0625,0.875,0.8125,-0.0625
20,A-bin/B-base,37,"(.25,.5]",0.5,0.6875,0.75,0.0625,0.6875,0.9375,0.25,0.8125,0.75,-0.0625
20,B-bin/A-base,37,"(.5,.75]",0.6875,0.5,0.75,0.25,0.625,0.9375,0.3125,0.5625,0.75,0.1875
20,A-bin/B-base,38,"(0,.25]",0.125,0.0,0.0625,0.0625,0.25,0.375,0.125,0.0,0.0625,0.0625
20,B-bin/A-base,38,0,0.0,0.125,0.0625,-0.0625,0.375,0.375,0.0,0.125,0.0625,-0.0625
20,A-bin/B-base,39,"(.25,.5]",0.5,0.4375,0.3125,-0.125,0.4375,0.4375,0.0,0.75,0.75,0.0
20,B-bin/A-base,39,"(.25,.5]",0.4375,0.5,0.3125,-0.1875,0.5,0.4375,-0.0625,0.6875,0.75,0.0625
20,A-bin/B-base,40,0,0.0,0.125,0.1875,0.0625,0.3125,0.5625,0.25,0.25,0.4375,0.1875
20,B-bin/A-base,40,"(0,.25]",0.125,0.0,0.1875,0.1875,0.0,0.5625,0.5625,0.125,0.4375,0.3125
20,A-bin/B-base,41,"(.75,1)",0.8125,0.75,0.9375,0.1875,0.8125,0.9375,0.125,0.9375,1.0,0.0625
20,B-bin/A-base,41,"(.5,.75]",0.75,0.8125,0.9375,0.125,0.875,0.9375,0.0625,0.9375,1.0,0.0625
20,A-bin/B-base,42,0,0.0,0.0625,0.125,0.0625,0.1875,0.125,-0.0625,0.0625,0.1875,0.125
20,B-bin/A-base,42,"(0,.25]",0.0625,0.0,0.125,0.125,0.125,0.125,0.0,0.125,0.1875,0.0625
20,A-bin/B-base,43,0,0.0,0.0625,0.125,0.0625,0.375,0.4375,0.0625,0.3125,0.125,-0.1875
20,B-bin/A-base,43,"(0,.25]",0.0625,0.0,0.125,0.125,0.375,0.4375,0.0625,0.0625,0.125,0.0625
20,A-bin/B-base,44,"(.5,.75]",0.625,0.75,0.5625,-0.1875,0.875,0.75,-0.125,0.75,0.6875,-0.0625
20,B-bin/A-base,44,"(.5,.75]",0.75,0.625,0.5625,-0.0625,0.6875,0.75,0.0625,0.8125,0.6875,-0.125
20,A-bin/B-base,45,"(.5,.75]",0.625,0.5,0.4375,-0.0625,0.5625,0.75,0.1875,0.75,0.4375,-0.3125
20,B-bin/A-base,45,"(.25,.5]",0.5,0.625,0.4375,-0.1875,0.625,0.75,0.125,0.8125,0.4375,-0.375
20,A-bin/B-base,46,"(.25,.5]",0.5,0.375,0.4375,0.0625,0.625,0.8125,0.1875,0.625,0.5,-0.125
20,B-bin/A-base,46,"(.25,.5]",0.375,0.5,0.4375,-0.0625,0.6875,0.8125,0.125,0.75,0.5,-0.25
20,A-bin/B-base,47,"(.25,.5]",0.5,0.75,0.8125,0.0625,0.75,0.8125,0.0625,0.9375,0.875,-0.0625
20,B-bin/A-base,47,"(.5,.75]",0.75,0.5,0.8125,0.3125,0.5,0.8125,0.3125,0.75,0.875,0.125
20,A-bin/B-base,48,"(.5,.75]",0.6875,0.6875,0.875,0.1875,0.6875,0.875,0.1875,1.0,0.9375,-0.0625
20,B-bin/A-base,48,"(.5,.75]",0.6875,0.6875,0.875,0.1875,0.6875,0.875,0.1875,0.9375,0.9375,0.0
20,A-bin/B-base,49,"(.5,.75]",0.6875,0.875,0.875,0.0,0.875,0.9375,0.0625,0.875,0.9375,0.0625
20,B-bin/A-base,49,"(.75,1)",0.875,0.6875,0.875,0.1875,0.75,0.9375,0.1875,0.8125,0.9375,0.125
20,A-bin/B-base,50,0,0.0,0.0,0.0,0.0,0.0625,0.25,0.1875,0.0,0.0,0.0
20,B-bin/A-base,50,0,0.0,0.0,0.0,0.0,0.375,0.25,-0.125,0.0,0.0,0.0
20,A-bin/B-base,51,"(.5,.75]",0.625,0.5,0.625,0.125,0.5,0.625,0.125,0.6875,0.625,-0.0625
20,B-bin/A-base,51,"(.25,.5]",0.5,0.625,0.625,0.0,0.625,0.625,0.0,0.6875,0.625,-0.0625
20,A-bin/B-base,52,"(.5,.75]",0.6875,0.5,0.4375,-0.0625,0.5625,0.625,0.0625,0.625,0.5625,-0.0625
20,B-bin/A-base,52,"(.25,.5]",0.5,0.6875,0.4375,-0.25,0.75,0.625,-0.125,0.75,0.5625,-0.1875
20,A-bin/B-base,53,"(.5,.75]",0.75,0.75,0.9375,0.1875,0.75,0.9375,0.1875,1.0,0.9375,-0.0625
20,B-bin/A-base,53,"(.5,.75]",0.75,0.75,0.9375,0.1875,0.8125,0.9375,0.125,0.9375,0.9375,0.0
20,A-bin/B-base,54,"(0,.25]",0.1875,0.1875,0.1875,0.0,0.375,0.5,0.125,0.1875,0.25,0.0625
20,B-bin/A-base,54,"(0,.25]",0.1875,0.1875,0.1875,0.0,0.5625,0.5,-0.0625,0.3125,0.25,-0.0625
20,A-bin/B-base,55,"(.5,.75]",0.75,0.8125,0.625,-0.1875,0.875,0.8125,-0.0625,0.875,0.8125,-0.0625
20,B-bin/A-base,55,"(.75,1)",0.8125,0.75,0.625,-0.125,0.9375,0.8125,-0.125,0.8125,0.8125,0.0
20,A-bin/B-base,56,"(.5,.75]",0.6875,0.6875,0.5625,-0.125,0.6875,0.75,0.0625,0.9375,0.6875,-0.25
20,B-bin/A-base,56,"(.5,.75]",0.6875,0.6875,0.5625,-0.125,0.75,0.75,0.0,0.875,0.6875,-0.1875
20,A-bin/B-base,57,"(0,.25]",0.1875,0.3125,0.5,0.1875,0.4375,0.5,0.0625,0.4375,0.6875,0.25
20,B-bin/A-base,57,"(.25,.5]",0.3125,0.1875,0.5,0.3125,0.375,0.5,0.125,0.375,0.6875,0.3125
20,A-bin/B-base,58,"(.25,.5]",0.375,0.5625,0.375,-0.1875,0.625,0.5,-0.125,0.6875,0.625,-0.0625
20,B-bin/A-base,58,"(.5,.75]",0.5625,0.375,0.375,0.0,0.5625,0.5,-0.0625,0.625,0.625,0.0
20,A-bin/B-base,59,"(.25,.5]",0.3125,0.3125,0.25,-0.0625,0.5,0.75,0.25,0.4375,0.3125,-0.125
20,B-bin/A-base,59,"(.25,.5]",0.3125,0.3125,0.25,-0.0625,0.5625,0.75,0.1875,0.375,0.3125,-0.0625
20,A-bin/B-base,60,"(0,.25]",0.25,0.125,0.125,0.0,0.25,0.375,0.125,0.1875,0.25,0.0625
20,B-bin/A-base,60,"(0,.25]",0.125,0.25,0.125,-0.125,0.375,0.375,0.0,0.3125,0.25,-0.0625
20,A-bin/B-base,61,"(.25,.5]",0.5,0.125,0.3125,0.1875,0.25,0.625,0.375,0.4375,0.375,-0.0625
20,B-bin/A-base,61,"(0,.25]",0.125,0.5,0.3125,-0.1875,0.625,0.625,0.0,0.625,0.375,-0.25
20,A-bin/B-base,62,"(.25,.5]",0.375,0.4375,0.4375,0.0,0.5625,0.5625,0.0,0.5625,0.5625,0.0
20,B-bin/A-base,62,"(.25,.5]",0.4375,0.375,0.4375,0.0625,0.5,0.5625,0.0625,0.4375,0.5625,0.125
20,A-bin/B-base,63,0,0.0,0.0,0.0,0.0,0.125,0.3125,0.1875,0.0,0.0,0.0
20,B-bin/A-base,63,0,0.0,0.0,0.0,0.0,0.0,0.3125,0.3125,0.0,0.0,0.0
20,A-bin/B-base,64,"(.25,.5]",0.4375,0.5,0.5625,0.0625,0.5,0.625,0.125,0.6875,0.6875,0.0
20,B-bin/A-base,64,"(.25,.5]",0.5,0.4375,0.5625,0.125,0.5,0.625,0.125,0.6875,0.6875,0.0
20,A-bin/B-base,65,"(.25,.5]",0.4375,0.375,0.5625,0.1875,0.5,0.875,0.375,0.6875,0.5625,-0.125
20,B-bin/A-base,65,"(.25,.5]",0.375,0.4375,0.5625,0.125,0.625,0.875,0.25,0.5625,0.5625,0.0
20,A-bin/B-base,66,"(0,.25]",0.125,0.0,0.25,0.25,0.125,0.375,0.25,0.25,0.5,0.25
20,B-bin/A-base,66,0,0.0,0.125,0.25,0.125,0.125,0.375,0.25,0.3125,0.5,0.1875
20,A-bin/B-base,67,"(0,.25]",0.1875,0.0625,0.125,0.0625,0.0625,0.4375,0.375,0.1875,0.125,-0.0625
20,B-bin/A-base,67,"(0,.25]",0.0625,0.1875,0.125,-0.0625,0.3125,0.4375,0.125,0.1875,0.125,-0.0625
20,A-bin/B-base,68,"(.25,.5]",0.4375,0.25,0.4375,0.1875,0.25,0.4375,0.1875,0.3125,0.6875,0.375
20,B-bin/A-base,68,"(0,.25]",0.25,0.4375,0.4375,0.0,0.4375,0.4375,0.0,0.625,0.6875,0.0625
20,A-bin/B-base,69,"(.5,.75]",0.625,0.5625,0.8125,0.25,0.625,1.0,0.375,0.6875,0.8125,0.125
20,B-bin/A-base,69,"(.5,.75]",0.5625,0.625,0.8125,0.1875,0.6875,1.0,0.3125,0.75,0.8125,0.0625
20,A-bin/B-base,70,"(.5,.75]",0.75,0.9375,0.9375,0.0,0.9375,0.9375,0.0,1.0,1.0,0.0
20,B-bin/A-base,70,"(.75,1)",0.9375,0.75,0.9375,0.1875,0.8125,0.9375,0.125,0.875,1.0,0.125
20,A-bin/B-base,71,"(.5,.75]",0.75,0.75,0.8125,0.0625,0.9375,0.875,-0.0625,0.8125,0.875,0.0625
20,B-bin/A-base,71,"(.5,.75]",0.75,0.75,0.8125,0.0625,0.875,0.875,0.0,0.875,0.875,0.0
20,A-bin/B-base,72,"(0,.25]",0.25,0.25,0.3125,0.0625,0.5625,0.625,0.0625,0.375,0.5,0.125
20,B-bin/A-base,72,"(0,.25]",0.25,0.25,0.3125,0.0625,0.5,0.625,0.125,0.3125,0.5,0.1875
20,A-bin/B-base,73,"(.25,.5]",0.5,0.8125,0.8125,0.0,0.8125,0.875,0.0625,1.0,0.875,-0.125
20,B-bin/A-base,73,"(.75,1)",0.8125,0.5,0.8125,0.3125,0.625,0.875,0.25,0.75,0.875,0.125
20,A-bin/B-base,74,"(.25,.5]",0.4375,0.6875,0.6875,0.0,0.75,0.75,0.0,0.875,0.75,-0.125
20,B-bin/A-base,74,"(.5,.75]",0.6875,0.4375,0.6875,0.25,0.5625,0.75,0.1875,0.5625,0.75,0.1875
20,A-bin/B-base,75,"(.25,.5]",0.5,0.3125,0.6875,0.375,0.3125,0.6875,0.375,0.625,0.75,0.125
20,B-bin/A-base,75,"(.25,.5]",0.3125,0.5,0.6875,0.1875,0.5625,0.6875,0.125,0.9375,0.75,-0.1875
20,A-bin/B-base,76,"(0,.25]",0.0625,0.0625,0.1875,0.125,0.3125,0.5625,0.25,0.3125,0.3125,0.0
20,B-bin/A-base,76,"(0,.25]",0.0625,0.0625,0.1875,0.125,0.3125,0.5625,0.25,0.3125,0.3125,0.0
20,A-bin/B-base,77,"(0,.25]",0.1875,0.5,0.5625,0.0625,0.5625,0.5625,0.0,0.75,0.875,0.125
20,B-bin/A-base,77,"(.25,.5]",0.5,0.1875,0.5625,0.375,0.3125,0.5625,0.25,0.5,0.875,0.375
20,A-bin/B-base,78,"(0,.25]",0.1875,0.125,0.1875,0.0625,0.625,0.6875,0.0625,0.1875,0.1875,0.0
20,B-bin/A-base,78,"(0,.25]",0.125,0.1875,0.1875,0.0,0.5625,0.6875,0.125,0.25,0.1875,-0.0625
20,A-bin/B-base,79,"(.75,1)",0.9375,0.75,1.0,0.25,0.8125,1.0,0.1875,0.9375,1.0,0.0625
20,B-bin/A-base,79,"(.5,.75]",0.75,0.9375,1.0,0.0625,0.9375,1.0,0.0625,0.9375,1.0,0.0625
20,A-bin/B-base,80,"(0,.25]",0.0625,0.1875,0.3125,0.125,0.1875,0.625,0.4375,0.5,0.375,-0.125
20,B-bin/A-base,80,"(0,.25]",0.1875,0.0625,0.3125,0.25,0.25,0.625,0.375,0.375,0.375,0.0
20,A-bin/B-base,81,"(0,.25]",0.25,0.0625,0.375,0.3125,0.4375,0.75,0.3125,0.0625,0.4375,0.375
20,B-bin/A-base,81,"(0,.25]",0.0625,0.25,0.375,0.125,0.3125,0.75,0.4375,0.375,0.4375,0.0625
20,A-bin/B-base,82,"(.25,.5]",0.375,0.375,0.375,0.0,0.4375,0.5,0.0625,0.5,0.5625,0.0625
20,B-bin/A-base,82,"(.25,.5]",0.375,0.375,0.375,0.0,0.5625,0.5,-0.0625,0.375,0.5625,0.1875
20,A-bin/B-base,83,"(.25,.5]",0.375,0.375,0.625,0.25,0.4375,0.625,0.1875,0.5625,0.8125,0.25
20,B-bin/A-base,83,"(.25,.5]",0.375,0.375,0.625,0.25,0.4375,0.625,0.1875,0.6875,0.8125,0.125
20,A-bin/B-base,84,"(.25,.5]",0.3125,0.125,0.375,0.25,0.3125,0.4375,0.125,0.375,0.5625,0.1875
20,B-bin/A-base,84,"(0,.25]",0.125,0.3125,0.375,0.0625,0.3125,0.4375,0.125,0.5625,0.5625,0.0
20,A-bin/B-base,85,"(.25,.5]",0.3125,0.4375,0.3125,-0.125,0.5625,0.4375,-0.125,0.625,0.5625,-0.0625
20,B-bin/A-base,85,"(.25,.5]",0.4375,0.3125,0.3125,0.0,0.375,0.4375,0.0625,0.5,0.5625,0.0625
20,A-bin/B-base,86,"(.25,.5]",0.5,0.625,0.875,0.25,0.625,1.0,0.375,0.8125,0.875,0.0625
20,B-bin/A-base,86,"(.5,.75]",0.625,0.5,0.875,0.375,0.625,1.0,0.375,0.8125,0.875,0.0625
20,A-bin/B-base,87,"(0,.25]",0.25,0.25,0.3125,0.0625,0.5625,0.625,0.0625,0.375,0.5,0.125
20,B-bin/A-base,87,"(0,.25]",0.25,0.25,0.3125,0.0625,0.375,0.625,0.25,0.6875,0.5,-0.1875
20,A-bin/B-base,88,"(.25,.5]",0.4375,0.5,0.3125,-0.1875,0.6875,0.9375,0.25,0.5625,0.375,-0.1875
20,B-bin/A-base,88,"(.25,.5]",0.5,0.4375,0.3125,-0.125,0.5625,0.9375,0.375,0.5625,0.375,-0.1875
20,A-bin/B-base,89,"(0,.25]",0.125,0.1875,0.1875,0.0,0.375,0.5,0.125,0.3125,0.1875,-0.125
20,B-bin/A-base,89,"(0,.25]",0.1875,0.125,0.1875,0.0625,0.1875,0.5,0.3125,0.3125,0.1875,-0.125
20,A-bin/B-base,90,"(0,.25]",0.0625,0.0625,0.125,0.0625,0.25,0.5,0.25,0.1875,0.1875,0.0
20,B-bin/A-base,90,"(0,.25]",0.0625,0.0625,0.125,0.0625,0.3125,0.5,0.1875,0.125,0.1875,0.0625
20,A-bin/B-base,91,"(0,.25]",0.125,0.125,0.3125,0.1875,0.125,0.5625,0.4375,0.375,0.5625,0.1875
20,B-bin/A-base,91,"(0,.25]",0.125,0.125,0.3125,0.1875,0.125,0.5625,0.4375,0.6875,0.5625,-0.125
20,A-bin/B-base,92,"(0,.25]",0.125,0.3125,0.3125,0.0,0.5625,0.625,0.0625,0.4375,0.375,-0.0625
20,B-bin/A-base,92,"(.25,.5]",0.3125,0.125,0.3125,0.1875,0.3125,0.625,0.3125,0.1875,0.375,0.1875
20,A-bin/B-base,93,"(.5,.75]",0.75,0.375,0.6875,0.3125,0.4375,0.75,0.3125,0.75,0.8125,0.0625
20,B-bin/A-base,93,"(.25,.5]",0.375,0.75,0.6875,-0.0625,0.75,0.75,0.0,1.0,0.8125,-0.1875
20,A-bin/B-base,94,"(.5,.75]",0.5625,0.5625,0.8125,0.25,0.5625,0.8125,0.25,0.9375,1.0,0.0625
20,B-bin/A-base,94,"(.5,.75]",0.5625,0.5625,0.8125,0.25,0.5625,0.8125,0.25,0.875,1.0,0.125
20,A-bin/B-base,95,"(0,.25]",0.125,0.0,0.125,0.125,0.3125,0.1875,-0.125,0.0,0.125,0.125
20,B-bin/A-base,95,0,0.0,0.125,0.125,0.0,0.25,0.1875,-0.0625,0.125,0.125,0.0
20,A-bin/B-base,96,"(.75,1)",0.8125,0.6875,0.625,-0.0625,0.6875,0.875,0.1875,0.75,0.625,-0.125
20,B-bin/A-base,96,"(.5,.75]",0.6875,0.8125,0.625,-0.1875,0.8125,0.875,0.0625,0.875,0.625,-0.25
20,A-bin/B-base,97,0,0.0,0.0,0.0,0.0,0.1875,0.4375,0.25,0.0,0.0,0.0
20,B-bin/A-base,97,0,0.0,0.0,0.0,0.0,0.25,0.4375,0.1875,0.0,0.0,0.0
20,A-bin/B-base,98,"(.25,.5]",0.3125,0.375,0.4375,0.0625,0.6875,0.5625,-0.125,0.375,0.5,0.125
20,B-bin/A-base,98,"(.25,.5]",0.375,0.3125,0.4375,0.125,0.5,0.5625,0.0625,0.375,0.5,0.125
20,A-bin/B-base,99,0,0.0,0.0,0.0,0.0,0.125,0.125,0.0,0.0625,0.0625,0.0
20,B-bin/A-base,99,0,0.0,0.0,0.0,0.0,0.0,0.125,0.125,0.0625,0.0625,0.0
20,A-bin/B-base,100,"(.25,.5]",0.375,0.25,0.5625,0.3125,0.375,0.5625,0.1875,0.4375,0.625,0.1875
20,B-bin/A-base,100,"(0,.25]",0.25,0.375,0.5625,0.1875,0.4375,0.5625,0.125,0.75,0.625,-0.125
20,A-bin/B-base,101,"(0,.25]",0.25,0.3125,0.625,0.3125,0.5,0.8125,0.3125,0.625,0.6875,0.0625
20,B-bin/A-base,101,"(.25,.5]",0.3125,0.25,0.625,0.375,0.5,0.8125,0.3125,0.5,0.6875,0.1875
20,A-bin/B-base,102,"(0,.25]",0.1875,0.375,0.3125,-0.0625,0.5625,0.5,-0.0625,0.5625,0.4375,-0.125
20,B-bin/A-base,102,"(.25,.5]",0.375,0.1875,0.3125,0.125,0.1875,0.5,0.3125,0.4375,0.4375,0.0
20,A-bin/B-base,103,0,0.0,0.0,0.0,0.0,0.0,0.0625,0.0625,0.0625,0.0625,0.0
20,B-bin/A-base,103,0,0.0,0.0,0.0,0.0,0.125,0.0625,-0.0625,0.0,0.0625,0.0625
20,A-bin/B-base,104,"(.5,.75]",0.75,0.4375,0.6875,0.25,0.4375,0.8125,0.375,0.875,0.8125,-0.0625
20,B-bin/A-base,104,"(.25,.5]",0.4375,0.75,0.6875,-0.0625,0.8125,0.8125,0.0,0.8125,0.8125,0.0
20,A-bin/B-base,105,"(.5,.75]",0.5625,0.5625,0.625,0.0625,0.6875,0.875,0.1875,0.75,0.6875,-0.0625
20,B-bin/A-base,105,"(.5,.75]",0.5625,0.5625,0.625,0.0625,0.6875,0.875,0.1875,0.75,0.6875,-0.0625
20,A-bin/B-base,106,"(.5,.75]",0.75,0.8125,0.6875,-0.125,0.875,0.875,0.0,0.875,0.75,-0.125
20,B-bin/A-base,106,"(.75,1)",0.8125,0.75,0.6875,-0.0625,0.75,0.875,0.125,1.0,0.75,-0.25
20,A-bin/B-base,107,"(0,.25]",0.125,0.125,0.375,0.25,0.4375,0.5625,0.125,0.25,0.4375,0.1875
20,B-bin/A-base,107,"(0,.25]",0.125,0.125,0.375,0.25,0.1875,0.5625,0.375,0.375,0.4375,0.0625
20,A-bin/B-base,108,"(.25,.5]",0.3125,0.1875,0.5625,0.375,0.375,0.6875,0.3125,0.375,0.6875,0.3125
20,B-bin/A-base,108,"(0,.25]",0.1875,0.3125,0.5625,0.25,0.5625,0.6875,0.125,0.5,0.6875,0.1875
20,A-bin/B-base,109,"(.25,.5]",0.5,0.625,0.3125,-0.3125,0.6875,0.4375,-0.25,0.8125,0.4375,-0.375
20,B-bin/A-base,109,"(.5,.75]",0.625,0.5,0.3125,-0.1875,0.5,0.4375,-0.0625,0.8125,0.4375,-0.375
20,A-bin/B-base,110,"(.5,.75]",0.5625,0.4375,0.8125,0.375,0.5625,1.0,0.4375,0.8125,0.8125,0.0
20,B-bin/A-base,110,"(.25,.5]",0.4375,0.5625,0.8125,0.25,0.625,1.0,0.375,0.75,0.8125,0.0625
20,A-bin/B-base,111,"(.75,1)",0.8125,0.625,1.0,0.375,0.625,1.0,0.375,0.875,1.0,0.125
20,B-bin/A-base,111,"(.5,.75]",0.625,0.8125,1.0,0.1875,0.8125,1.0,0.1875,0.875,1.0,0.125
20,A-bin/B-base,112,"(.25,.5]",0.5,0.625,0.8125,0.1875,0.8125,0.875,0.0625,0.75,0.9375,0.1875
20,B-bin/A-base,112,"(.5,.75]",0.625,0.5,0.8125,0.3125,0.6875,0.875,0.1875,0.625,0.9375,0.3125
20,A-bin/B-base,113,"(.5,.75]",0.5625,0.75,0.5,-0.25,0.8125,0.6875,-0.125,0.9375,0.75,-0.1875
20,B-bin/A-base,113,"(.5,.75]",0.75,0.5625,0.5,-0.0625,0.6875,0.6875,0.0,0.625,0.75,0.125
20,A-bin/B-base,114,"(.75,1)",0.8125,0.8125,0.9375,0.125,0.8125,0.9375,0.125,0.9375,1.0,0.0625
20,B-bin/A-base,114,"(.75,1)",0.8125,0.8125,0.9375,0.125,0.875,0.9375,0.0625,0.9375,1.0,0.0625
20,A-bin/B-base,115,"(.25,.5]",0.5,0.25,0.3125,0.0625,0.3125,0.375,0.0625,0.5,0.4375,-0.0625
20,B-bin/A-base,115,"(0,.25]",0.25,0.5,0.3125,-0.1875,0.625,0.375,-0.25,0.6875,0.4375,-0.25
20,A-bin/B-base,116,0,0.0,0.0,0.0625,0.0625,0.0625,0.25,0.1875,0.0625,0.125,0.0625
20,B-bin/A-base,116,0,0.0,0.0,0.0625,0.0625,0.25,0.25,0.0,0.0,0.125,0.125
20,A-bin/B-base,117,0,0.0,0.0,0.0,0.0,0.0,0.1875,0.1875,0.0625,0.0,-0.0625
20,B-bin/A-base,117,0,0.0,0.0,0.0,0.0,0.0,0.1875,0.1875,0.0625,0.0,-0.0625
20,A-bin/B-base,118,"(0,.25]",0.0625,0.0,0.0625,0.0625,0.375,0.625,0.25,0.125,0.0625,-0.0625
20,B-bin/A-base,118,0,0.0,0.0625,0.0625,0.0,0.6875,0.625,-0.0625,0.0625,0.0625,0.0
20,A-bin/B-base,119,"(.25,.5]",0.375,0.25,0.625,0.375,0.3125,0.75,0.4375,0.625,0.8125,0.1875
20,B-bin/A-base,119,"(0,.25]",0.25,0.375,0.625,0.25,0.4375,0.75,0.3125,0.875,0.8125,-0.0625
20,A-bin/B-base,120,"(.25,.5]",0.375,0.25,0.5,0.25,0.375,0.625,0.25,0.4375,0.625,0.1875
20,B-bin/A-base,120,"(0,.25]",0.25,0.375,0.5,0.125,0.625,0.625,0.0,0.5,0.625,0.125
20,A-bin/B-base,121,0,0.0,0.0625,0.0,-0.0625,0.125,0.25,0.125,0.3125,0.0625,-0.25
20,B-bin/A-base,121,"(0,.25]",0.0625,0.0,0.0,0.0,0.125,0.25,0.125,0.0,0.0625,0.0625
20,A-bin/B-base,122,"(0,.25]",0.0625,0.125,0.4375,0.3125,0.1875,0.625,0.4375,0.25,0.5,0.25
20,B-bin/A-base,122,"(0,.25]",0.125,0.0625,0.4375,0.375,0.125,0.625,0.5,0.1875,0.5,0.3125
20,A-bin/B-base,123,"(0,.25]",0.1875,0.125,0.3125,0.1875,0.25,0.4375,0.1875,0.4375,0.6875,0.25
20,B-bin/A-base,123,"(0,.25]",0.125,0.1875,0.3125,0.125,0.1875,0.4375,0.25,0.4375,0.6875,0.25
20,A-bin/B-base,124,"(.25,.5]",0.3125,0.4375,0.625,0.1875,0.4375,0.6875,0.25,0.5625,0.6875,0.125
20,B-bin/A-base,124,"(.25,.5]",0.4375,0.3125,0.625,0.3125,0.375,0.6875,0.3125,0.4375,0.6875,0.25
20,A-bin/B-base,125,"(.5,.75]",0.5625,0.8125,0.6875,-0.125,0.8125,0.75,-0.0625,0.9375,0.75,-0.1875
20,B-bin/A-base,125,"(.75,1)",0.8125,0.5625,0.6875,0.125,0.6875,0.75,0.0625,0.75,0.75,0.0
20,A-bin/B-base,126,"(.75,1)",0.8125,0.75,0.875,0.125,0.75,1.0,0.25,1.0,0.875,-0.125
20,B-bin/A-base,126,"(.5,.75]",0.75,0.8125,0.875,0.0625,0.8125,1.0,0.1875,0.9375,0.875,-0.0625
20,A-bin/B-base,127,"(.5,.75]",0.5625,0.5,0.8125,0.3125,0.5625,0.8125,0.25,0.6875,0.875,0.1875
20,B-bin/A-base,127,"(.25,.5]",0.5,0.5625,0.8125,0.25,0.5625,0.8125,0.25,0.8125,0.875,0.0625
20,A-bin/B-base,128,"(0,.25]",0.125,0.1875,0.25,0.0625,0.375,0.4375,0.0625,0.4375,0.3125,-0.125
20,B-bin/A-base,128,"(0,.25]",0.1875,0.125,0.25,0.125,0.1875,0.4375,0.25,0.375,0.3125,-0.0625
20,A-bin/B-base,129,0,0.0,0.0625,0.0,-0.0625,0.25,0.375,0.125,0.0625,0.0,-0.0625
20,B-bin/A-base,129,"(0,.25]",0.0625,0.0,0.0,0.0,0.0625,0.375,0.3125,0.0,0.0,0.0
20,A-bin/B-base,130,"(.75,1)",0.9375,0.8125,1.0,0.1875,0.8125,1.0,0.1875,0.9375,1.0,0.0625
20,B-bin/A-base,130,"(.75,1)",0.8125,0.9375,1.0,0.0625,0.9375,1.0,0.0625,1.0,1.0,0.0
20,A-bin/B-base,131,"(0,.25]",0.125,0.1875,0.3125,0.125,0.1875,0.5625,0.375,0.1875,0.375,0.1875
20,B-bin/A-base,131,"(0,.25]",0.1875,0.125,0.3125,0.1875,0.1875,0.5625,0.375,0.125,0.375,0.25
20,A-bin/B-base,132,"(.5,.75]",0.75,0.4375,0.75,0.3125,0.5625,1.0,0.4375,0.6875,0.75,0.0625
20,B-bin/A-base,132,"(.25,.5]",0.4375,0.75,0.75,0.0,0.75,1.0,0.25,0.75,0.75,0.0
20,A-bin/B-base,133,"(.25,.5]",0.4375,0.375,0.3125,-0.0625,0.375,0.5,0.125,0.75,0.625,-0.125
20,B-bin/A-base,133,"(.25,.5]",0.375,0.4375,0.3125,-0.125,0.5,0.5,0.0,0.6875,0.625,-0.0625
20,A-bin/B-base,134,"(0,.25]",0.0625,0.0,0.0,0.0,0.4375,0.6875,0.25,0.0625,0.0,-0.0625
20,B-bin/A-base,134,0,0.0,0.0625,0.0,-0.0625,0.4375,0.6875,0.25,0.0625,0.0,-0.0625
20,A-bin/B-base,135,"(.5,.75]",0.6875,0.75,0.625,-0.125,0.75,0.6875,-0.0625,0.875,0.8125,-0.0625
20,B-bin/A-base,135,"(.5,.75]",0.75,0.6875,0.625,-0.0625,0.75,0.6875,-0.0625,0.75,0.8125,0.0625
20,A-bin/B-base,136,"(0,.25]",0.25,0.125,0.375,0.25,0.1875,0.5,0.3125,0.5625,0.5625,0.0
20,B-bin/A-base,136,"(0,.25]",0.125,0.25,0.375,0.125,0.25,0.5,0.25,0.4375,0.5625,0.125
20,A-bin/B-base,137,"(.5,.75]",0.5625,0.3125,0.5625,0.25,0.375,0.625,0.25,0.5625,0.6875,0.125
20,B-bin/A-base,137,"(.25,.5]",0.3125,0.5625,0.5625,0.0,0.5625,0.625,0.0625,0.625,0.6875,0.0625
20,A-bin/B-base,138,"(0,.25]",0.1875,0.0625,0.125,0.0625,0.0625,0.4375,0.375,0.4375,0.5,0.0625
20,B-bin/A-base,138,"(0,.25]",0.0625,0.1875,0.125,-0.0625,0.25,0.4375,0.1875,0.25,0.5,0.25
20,A-bin/B-base,139,0,0.0,0.125,0.3125,0.1875,0.1875,0.4375,0.25,0.5625,0.5625,0.0
20,B-bin/A-base,139,"(0,.25]",0.125,0.0,0.3125,0.3125,0.0,0.4375,0.4375,0.25,0.5625,0.3125
20,A-bin/B-base,140,"(.25,.5]",0.3125,0.25,0.4375,0.1875,0.25,0.5,0.25,0.4375,0.6875,0.25
20,B-bin/A-base,140,"(0,.25]",0.25,0.3125,0.4375,0.125,0.3125,0.5,0.1875,0.5625,0.6875,0.125
20,A-bin/B-base,141,"(0,.25]",0.1875,0.3125,0.5625,0.25,0.75,0.625,-0.125,0.4375,0.6875,0.25
20,B-bin/A-base,141,"(.25,.5]",0.3125,0.1875,0.5625,0.375,0.1875,0.625,0.4375,0.4375,0.6875,0.25
20,A-bin/B-base,142,0,0.0,0.0625,0.125,0.0625,0.125,0.25,0.125,0.1875,0.125,-0.0625
20,B-bin/A-base,142,"(0,.25]",0.0625,0.0,0.125,0.125,0.125,0.25,0.125,0.125,0.125,0.0
20,A-bin/B-base,143,"(.25,.5]",0.3125,0.4375,0.1875,-0.25,0.5625,0.5,-0.0625,0.5,0.25,-0.25
20,B-bin/A-base,143,"(.25,.5]",0.4375,0.3125,0.1875,-0.125,0.5,0.5,0.0,0.4375,0.25,-0.1875
20,A-bin/B-base,144,"(0,.25]",0.25,0.1875,0.625,0.4375,0.25,0.6875,0.4375,0.5,0.8125,0.3125
20,B-bin/A-base,144,"(0,.25]",0.1875,0.25,0.625,0.375,0.3125,0.6875,0.375,0.5625,0.8125,0.25
20,A-bin/B-base,145,"(.5,.75]",0.6875,0.375,0.6875,0.3125,0.5,0.75,0.25,0.5625,0.8125,0.25
20,B-bin/A-base,145,"(.25,.5]",0.375,0.6875,0.6875,0.0,0.6875,0.75,0.0625,0.875,0.8125,-0.0625
20,A-bin/B-base,146,"(0,.25]",0.25,0.0625,0.5,0.4375,0.3125,0.75,0.4375,0.1875,0.5625,0.375
20,B-bin/A-base,146,"(0,.25]",0.0625,0.25,0.5,0.25,0.25,0.75,0.5,0.4375,0.5625,0.125
20,A-bin/B-base,147,"(.75,1)",0.8125,0.6875,0.875,0.1875,0.6875,0.9375,0.25,0.875,0.875,0.0
20,B-bin/A-base,147,"(.5,.75]",0.6875,0.8125,0.875,0.0625,0.8125,0.9375,0.125,0.9375,0.875,-0.0625
20,A-bin/B-base,148,"(.5,.75]",0.5625,0.1875,0.4375,0.25,0.3125,0.875,0.5625,0.5,0.5,0.0
20,B-bin/A-base,148,"(0,.25]",0.1875,0.5625,0.4375,-0.125,0.625,0.875,0.25,0.75,0.5,-0.25
20,A-bin/B-base,149,"(.5,.75]",0.5625,0.5,0.8125,0.3125,0.5625,0.8125,0.25,0.875,0.8125,-0.0625
20,B-bin/A-base,149,"(.25,.5]",0.5,0.5625,0.8125,0.25,0.625,0.8125,0.1875,0.625,0.8125,0.1875
20,A-bin/B-base,150,"(.5,.75]",0.75,0.4375,0.8125,0.375,0.5,0.8125,0.3125,0.75,0.875,0.125
20,B-bin/A-base,150,"(.25,.5]",0.4375,0.75,0.8125,0.0625,0.75,0.8125,0.0625,0.9375,0.875,-0.0625
20,A-bin/B-base,151,"(.25,.5]",0.5,0.5625,0.5625,0.0,0.625,0.875,0.25,0.8125,0.625,-0.1875
20,B-bin/A-base,151,"(.5,.75]",0.5625,0.5,0.5625,0.0625,0.75,0.875,0.125,0.5625,0.625,0.0625
20,A-bin/B-base,152,"(.5,.75]",0.6875,0.5625,0.75,0.1875,0.625,0.75,0.125,0.75,0.9375,0.1875
20,B-bin/A-base,152,"(.5,.75]",0.5625,0.6875,0.75,0.0625,0.75,0.75,0.0,0.8125,0.9375,0.125
20,A-bin/B-base,153,"(.25,.5]",0.3125,0.4375,0.375,-0.0625,0.5625,0.5625,0.0,0.5,0.5,0.0
20,B-bin/A-base,153,"(.25,.5]",0.4375,0.3125,0.375,0.0625,0.625,0.5625,-0.0625,0.375,0.5,0.125
20,A-bin/B-base,154,"(.25,.5]",0.3125,0.4375,0.625,0.1875,0.5,0.625,0.125,0.625,0.75,0.125
20,B-bin/A-base,154,"(.25,.5]",0.4375,0.3125,0.625,0.3125,0.3125,0.625,0.3125,0.625,0.75,0.125
20,A-bin/B-base,155,"(.25,.5]",0.375,0.125,0.1875,0.0625,0.375,0.4375,0.0625,0.3125,0.4375,0.125
20,B-bin/A-base,155,"(0,.25]",0.125,0.375,0.1875,-0.1875,0.4375,0.4375,0.0,0.4375,0.4375,0.0
20,A-bin/B-base,156,"(.5,.75]",0.5625,0.6875,0.75,0.0625,0.75,0.8125,0.0625,0.875,0.875,0.0
20,B-bin/A-base,156,"(.5,.75]",0.6875,0.5625,0.75,0.1875,0.5625,0.8125,0.25,0.9375,0.875,-0.0625
20,A-bin/B-base,157,"(.25,.5]",0.3125,0.5,0.6875,0.1875,0.5,0.8125,0.3125,0.75,0.75,0.0
20,B-bin/A-base,157,"(.25,.5]",0.5,0.3125,0.6875,0.375,0.3125,0.8125,0.5,0.5,0.75,0.25
20,A-bin/B-base,158,"(.25,.5]",0.4375,0.0625,0.375,0.3125,0.1875,0.375,0.1875,0.5,0.625,0.125
20,B-bin/A-base,158,"(0,.25]",0.0625,0.4375,0.375,-0.0625,0.5625,0.375,-0.1875,0.625,0.625,0.0
20,A-bin/B-base,159,"(0,.25]",0.0625,0.0625,0.125,0.0625,0.3125,0.5625,0.25,0.125,0.1875,0.0625
20,B-bin/A-base,159,"(0,.25]",0.0625,0.0625,0.125,0.0625,0.25,0.5625,0.3125,0.125,0.1875,0.0625
20,A-bin/B-base,160,0,0.0,0.0,0.0,0.0,0.3125,0.4375,0.125,0.0,0.0,0.0
20,B-bin/A-base,160,0,0.0,0.0,0.0,0.0,0.375,0.4375,0.0625,0.0,0.0,0.0
20,A-bin/B-base,161,"(.75,1)",0.875,0.6875,0.6875,0.0,0.8125,0.875,0.0625,0.75,0.75,0.0
20,B-bin/A-base,161,"(.5,.75]",0.6875,0.875,0.6875,-0.1875,0.9375,0.875,-0.0625,0.875,0.75,-0.125
20,A-bin/B-base,162,"(0,.25]",0.0625,0.1875,0.0625,-0.125,0.375,0.4375,0.0625,0.1875,0.0625,-0.125
20,B-bin/A-base,162,"(0,.25]",0.1875,0.0625,0.0625,0.0,0.3125,0.4375,0.125,0.125,0.0625,-0.0625
20,A-bin/B-base,163,"(.25,.5]",0.5,0.625,0.625,0.0,0.6875,0.8125,0.125,0.8125,0.625,-0.1875
20,B-bin/A-base,163,"(.5,.75]",0.625,0.5,0.625,0.125,0.625,0.8125,0.1875,0.75,0.625,-0.125
20,A-bin/B-base,164,"(.5,.75]",0.5625,0.5,0.5,0.0,0.6875,0.5625,-0.125,0.625,0.75,0.125
20,B-bin/A-base,164,"(.25,.5]",0.5,0.5625,0.5,-0.0625,0.8125,0.5625,-0.25,0.6875,0.75,0.0625
20,A-bin/B-base,165,0,0.0,0.0,0.125,0.125,0.375,0.375,0.0,0.0,0.1875,0.1875
20,B-bin/A-base,165,0,0.0,0.0,0.125,0.125,0.0,0.375,0.375,0.0625,0.1875,0.125
20,A-bin/B-base,166,"(0,.25]",0.125,0.125,0.1875,0.0625,0.25,0.3125,0.0625,0.1875,0.3125,0.125
20,B-bin/A-base,166,"(0,.25]",0.125,0.125,0.1875,0.0625,0.125,0.3125,0.1875,0.5625,0.3125,-0.25
20,A-bin/B-base,167,0,0.0,0.0,0.0,0.0,0.5,0.6875,0.1875,0.0,0.0,0.0
20,B-bin/A-base,167,0,0.0,0.0,0.0,0.0,0.5,0.6875,0.1875,0.0,0.0,0.0
20,A-bin/B-base,168,"(.75,1)",0.8125,0.875,0.8125,-0.0625,0.875,0.8125,-0.0625,0.875,0.875,0.0
20,B-bin/A-base,168,"(.75,1)",0.875,0.8125,0.8125,0.0,0.875,0.8125,-0.0625,0.9375,0.875,-0.0625
20,A-bin/B-base,169,"(0,.25]",0.125,0.0,0.25,0.25,0.25,0.375,0.125,0.1875,0.5,0.3125
20,B-bin/A-base,169,0,0.0,0.125,0.25,0.125,0.25,0.375,0.125,0.25,0.5,0.25
20,A-bin/B-base,170,"(.5,.75]",0.5625,0.5625,0.625,0.0625,0.625,0.8125,0.1875,0.75,0.8125,0.0625
20,B-bin/A-base,170,"(.5,.75]",0.5625,0.5625,0.625,0.0625,0.5625,0.8125,0.25,0.75,0.8125,0.0625
20,A-bin/B-base,171,0,0.0,0.0625,0.125,0.0625,0.125,0.375,0.25,0.125,0.25,0.125
20,B-bin/A-base,171,"(0,.25]",0.0625,0.0,0.125,0.125,0.0625,0.375,0.3125,0.1875,0.25,0.0625
20,A-bin/B-base,172,"(.5,.75]",0.5625,0.5625,0.75,0.1875,0.5625,0.875,0.3125,0.8125,0.8125,0.0
20,B-bin/A-base,172,"(.5,.75]",0.5625,0.5625,0.75,0.1875,0.625,0.875,0.25,0.875,0.8125,-0.0625
20,A-bin/B-base,173,"(0,.25]",0.125,0.0,0.0625,0.0625,0.0,0.25,0.25,0.0,0.1875,0.1875
20,B-bin/A-base,173,0,0.0,0.125,0.0625,-0.0625,0.1875,0.25,0.0625,0.25,0.1875,-0.0625
20,A-bin/B-base,174,"(.5,.75]",0.625,0.5,0.625,0.125,0.625,0.75,0.125,0.75,0.75,0.0
20,B-bin/A-base,174,"(.25,.5]",0.5,0.625,0.625,0.0,0.6875,0.75,0.0625,0.8125,0.75,-0.0625
20,A-bin/B-base,175,"(0,.25]",0.0625,0.1875,0.3125,0.125,0.1875,0.4375,0.25,0.5,0.4375,-0.0625
20,B-bin/A-base,175,"(0,.25]",0.1875,0.0625,0.3125,0.25,0.0625,0.4375,0.375,0.4375,0.4375,0.0
20,A-bin/B-base,176,1,1.0,0.8125,0.9375,0.125,0.8125,1.0,0.1875,0.9375,0.9375,0.0
20,B-bin/A-base,176,"(.75,1)",0.8125,1.0,0.9375,-0.0625,1.0,1.0,0.0,1.0,0.9375,-0.0625
20,A-bin/B-base,177,"(.25,.5]",0.375,0.3125,0.4375,0.125,0.375,0.6875,0.3125,0.375,0.4375,0.0625
20,B-bin/A-base,177,"(.25,.5]",0.3125,0.375,0.4375,0.0625,0.625,0.6875,0.0625,0.5625,0.4375,-0.125
20,A-bin/B-base,178,"(.25,.5]",0.5,0.5,0.375,-0.125,0.5625,0.5625,0.0,0.6875,0.5625,-0.125
20,B-bin/A-base,178,"(.25,.5]",0.5,0.5,0.375,-0.125,0.5625,0.5625,0.0,0.75,0.5625,-0.1875
20,A-bin/B-base,179,"(.25,.5]",0.3125,0.5625,0.625,0.0625,0.6875,0.75,0.0625,0.625,0.6875,0.0625
20,B-bin/A-base,179,"(.5,.75]",0.5625,0.3125,0.625,0.3125,0.375,0.75,0.375,0.6875,0.6875,0.0
20,A-bin/B-base,180,"(.75,1)",0.875,0.75,0.9375,0.1875,0.75,0.9375,0.1875,0.9375,0.9375,0.0
20,B-bin/A-base,180,"(.5,.75]",0.75,0.875,0.9375,0.0625,0.875,0.9375,0.0625,0.9375,0.9375,0.0
20,A-bin/B-base,181,"(0,.25]",0.125,0.0625,0.1875,0.125,0.125,0.4375,0.3125,0.125,0.3125,0.1875
20,B-bin/A-base,181,"(0,.25]",0.0625,0.125,0.1875,0.0625,0.25,0.4375,0.1875,0.375,0.3125,-0.0625
20,A-bin/B-base,182,"(0,.25]",0.25,0.0625,0.375,0.3125,0.375,0.75,0.375,0.125,0.375,0.25
20,B-bin/A-base,182,"(0,.25]",0.0625,0.25,0.375,0.125,0.4375,0.75,0.3125,0.25,0.375,0.125
20,A-bin/B-base,183,"(0,.25]",0.0625,0.0625,0.5,0.4375,0.125,0.5625,0.4375,0.25,0.6875,0.4375
20,B-bin/A-base,183,"(0,.25]",0.0625,0.0625,0.5,0.4375,0.1875,0.5625,0.375,0.1875,0.6875,0.5
20,A-bin/B-base,184,0,0.0,0.125,0.125,0.0,0.4375,0.5,0.0625,0.125,0.1875,0.0625
20,B-bin/A-base,184,"(0,.25]",0.125,0.0,0.125,0.125,0.0625,0.5,0.4375,0.0625,0.1875,0.125
20,A-bin/B-base,185,"(.75,1)",0.8125,0.875,0.9375,0.0625,0.875,0.9375,0.0625,1.0,0.9375,-0.0625
20,B-bin/A-base,185,"(.75,1)",0.875,0.8125,0.9375,0.125,0.8125,0.9375,0.125,0.9375,0.9375,0.0
20,A-bin/B-base,186,"(.5,.75]",0.625,0.625,0.8125,0.1875,0.6875,0.875,0.1875,0.8125,0.9375,0.125
20,B-bin/A-base,186,"(.5,.75]",0.625,0.625,0.8125,0.1875,0.6875,0.875,0.1875,0.9375,0.9375,0.0
20,A-bin/B-base,187,"(0,.25]",0.0625,0.0,0.0,0.0,0.0625,0.0625,0.0,0.0625,0.0,-0.0625
20,B-bin/A-base,187,0,0.0,0.0625,0.0,-0.0625,0.0625,0.0625,0.0,0.0625,0.0,-0.0625
20,A-bin/B-base,188,"(.75,1)",0.875,0.9375,0.875,-0.0625,0.9375,0.9375,0.0,1.0,0.9375,-0.0625
20,B-bin/A-base,188,"(.75,1)",0.9375,0.875,0.875,0.0,0.875,0.9375,0.0625,1.0,0.9375,-0.0625
20,A-bin/B-base,189,"(0,.25]",0.25,0.1875,0.25,0.0625,0.3125,0.4375,0.125,0.5625,0.375,-0.1875
20,B-bin/A-base,189,"(0,.25]",0.1875,0.25,0.25,0.0,0.375,0.4375,0.0625,0.375,0.375,0.0
20,A-bin/B-base,190,"(0,.25]",0.125,0.0,0.1875,0.1875,0.125,0.375,0.25,0.0625,0.3125,0.25
20,B-bin/A-base,190,0,0.0,0.125,0.1875,0.0625,0.375,0.375,0.0,0.3125,0.3125,0.0
20,A-bin/B-base,191,0,0.0,0.0,0.0,0.0,0.1875,0.625,0.4375,0.0625,0.0,-0.0625
20,B-bin/A-base,191,0,0.0,0.0,0.0,0.0,0.125,0.625,0.5,0.0625,0.0,-0.0625
20,A-bin/B-base,192,"(0,.25]",0.25,0.3125,0.1875,-0.125,0.375,0.3125,-0.0625,0.4375,0.5,0.0625
20,B-bin/A-base,192,"(.25,.5]",0.3125,0.25,0.1875,-0.0625,0.25,0.3125,0.0625,0.625,0.5,-0.125
20,A-bin/B-base,193,"(.25,.5]",0.5,0.1875,0.125,-0.0625,0.4375,0.5,0.0625,0.3125,0.125,-0.1875
20,B-bin/A-base,193,"(0,.25]",0.1875,0.5,0.125,-0.375,0.5625,0.5,-0.0625,0.5,0.125,-0.375
20,A-bin/B-base,194,"(0,.25]",0.25,0.25,0.4375,0.1875,0.5625,0.625,0.0625,0.375,0.625,0.25
20,B-bin/A-base,194,"(0,.25]",0.25,0.25,0.4375,0.1875,0.4375,0.625,0.1875,0.375,0.625,0.25
20,A-bin/B-base,195,"(.5,.75]",0.5625,0.6875,0.875,0.1875,0.6875,0.875,0.1875,0.9375,1.0,0.0625
20,B-bin/A-base,195,"(.5,.75]",0.6875,0.5625,0.875,0.3125,0.5625,0.875,0.3125,0.875,1.0,0.125
20,A-bin/B-base,196,"(.25,.5]",0.5,0.625,0.8125,0.1875,0.6875,0.8125,0.125,0.875,1.0,0.125
20,B-bin/A-base,196,"(.5,.75]",0.625,0.5,0.8125,0.3125,0.5625,0.8125,0.25,0.75,1.0,0.25
20,A-bin/B-base,197,"(0,.25]",0.1875,0.3125,0.4375,0.125,0.375,0.4375,0.0625,0.75,0.5625,-0.1875
20,B-bin/A-base,197,"(.25,.5]",0.3125,0.1875,0.4375,0.25,0.1875,0.4375,0.25,0.5,0.5625,0.0625
20,A-bin/B-base,198,"(0,.25]",0.1875,0.125,0.1875,0.0625,0.1875,0.3125,0.125,0.125,0.25,0.125
20,B-bin/A-base,198,"(0,.25]",0.125,0.1875,0.1875,0.0,0.1875,0.3125,0.125,0.1875,0.25,0.0625
20,A-bin/B-base,199,"(0,.25]",0.1875,0.0,0.0,0.0,0.0,0.125,0.125,0.0,0.0,0.0
20,B-bin/A-base,199,0,0.0,0.1875,0.0,-0.1875,0.1875,0.125,-0.0625,0.3125,0.0,-0.3125
20,A-bin/B-base,200,"(.25,.5]",0.375,0.6875,0.5,-0.1875,0.6875,0.6875,0.0,0.8125,0.625,-0.1875
20,B-bin/A-base,200,"(.5,.75]",0.6875,0.375,0.5,0.125,0.4375,0.6875,0.25,0.625,0.625,0.0
20,A-bin/B-base,201,"(0,.25]",0.0625,0.0625,0.125,0.0625,0.1875,0.25,0.0625,0.125,0.1875,0.0625
20,B-bin/A-base,201,"(0,.25]",0.0625,0.0625,0.125,0.0625,0.25,0.25,0.0,0.125,0.1875,0.0625
20,A-bin/B-base,202,"(.75,1)",0.875,0.875,0.75,-0.125,0.9375,0.875,-0.0625,0.9375,0.875,-0.0625
20,B-bin/A-base,202,"(.75,1)",0.875,0.875,0.75,-0.125,0.875,0.875,0.0,1.0,0.875,-0.125
20,A-bin/B-base,203,"(.75,1)",0.8125,0.8125,0.8125,0.0,0.8125,0.8125,0.0,0.9375,0.875,-0.0625
20,B-bin/A-base,203,"(.75,1)",0.8125,0.8125,0.8125,0.0,0.875,0.8125,-0.0625,0.9375,0.875,-0.0625
20,A-bin/B-base,204,"(0,.25]",0.25,0.375,0.4375,0.0625,0.4375,0.5625,0.125,0.5,0.4375,-0.0625
20,B-bin/A-base,204,"(.25,.5]",0.375,0.25,0.4375,0.1875,0.3125,0.5625,0.25,0.4375,0.4375,0.0
20,A-bin/B-base,205,"(0,.25]",0.125,0.25,0.1875,-0.0625,0.375,0.5625,0.1875,0.25,0.3125,0.0625
20,B-bin/A-base,205,"(0,.25]",0.25,0.125,0.1875,0.0625,0.375,0.5625,0.1875,0.125,0.3125,0.1875
20,A-bin/B-base,206,"(0,.25]",0.25,0.4375,0.4375,0.0,0.4375,0.5625,0.125,0.5625,0.5625,0.0
20,B-bin/A-base,206,"(.25,.5]",0.4375,0.25,0.4375,0.1875,0.25,0.5625,0.3125,0.6875,0.5625,-0.125
20,A-bin/B-base,207,"(.25,.5]",0.5,0.5625,0.8125,0.25,0.625,0.9375,0.3125,0.75,0.8125,0.0625
20,B-bin/A-base,207,"(.5,.75]",0.5625,0.5,0.8125,0.3125,0.5625,0.9375,0.375,0.6875,0.8125,0.125
20,A-bin/B-base,208,"(.5,.75]",0.6875,0.75,0.75,0.0,0.75,0.75,0.0,0.9375,0.9375,0.0
20,B-bin/A-base,208,"(.5,.75]",0.75,0.6875,0.75,0.0625,0.6875,0.75,0.0625,0.875,0.9375,0.0625
20,A-bin/B-base,209,"(.5,.75]",0.5625,0.5,0.75,0.25,0.5,0.75,0.25,0.8125,0.8125,0.0
20,B-bin/A-base,209,"(.25,.5]",0.5,0.5625,0.75,0.1875,0.625,0.75,0.125,0.625,0.8125,0.1875
20,A-bin/B-base,210,"(.25,.5]",0.3125,0.25,0.4375,0.1875,0.375,0.6875,0.3125,0.6875,0.5,-0.1875
20,B-bin/A-base,210,"(0,.25]",0.25,0.3125,0.4375,0.125,0.375,0.6875,0.3125,0.4375,0.5,0.0625
20,A-bin/B-base,211,"(0,.25]",0.0625,0.125,0.25,0.125,0.5,0.4375,-0.0625,0.1875,0.3125,0.125
20,B-bin/A-base,211,"(0,.25]",0.125,0.0625,0.25,0.1875,0.4375,0.4375,0.0,0.3125,0.3125,0.0
20,A-bin/B-base,212,0,0.0,0.0,0.0,0.0,0.0,0.0625,0.0625,0.25,0.0625,-0.1875
20,B-bin/A-base,212,0,0.0,0.0,0.0,0.0,0.0625,0.0625,0.0,0.125,0.0625,-0.0625
20,A-bin/B-base,213,"(.5,.75]",0.5625,0.625,0.6875,0.0625,0.6875,0.6875,0.0,0.8125,0.6875,-0.125
20,B-bin/A-base,213,"(.5,.75]",0.625,0.5625,0.6875,0.125,0.5625,0.6875,0.125,0.75,0.6875,-0.0625
20,A-bin/B-base,214,"(0,.25]",0.0625,0.0,0.0,0.0,0.375,0.625,0.25,0.0,0.0,0.0
20,B-bin/A-base,214,0,0.0,0.0625,0.0,-0.0625,0.3125,0.625,0.3125,0.0625,0.0,-0.0625
20,A-bin/B-base,215,"(.25,.5]",0.5,0.75,0.9375,0.1875,0.75,1.0,0.25,0.9375,0.9375,0.0
20,B-bin/A-base,215,"(.5,.75]",0.75,0.5,0.9375,0.4375,0.5625,1.0,0.4375,0.875,0.9375,0.0625
20,A-bin/B-base,216,"(.5,.75]",0.75,0.5,0.6875,0.1875,0.5,0.6875,0.1875,0.8125,0.75,-0.0625
20,B-bin/A-base,216,"(.25,.5]",0.5,0.75,0.6875,-0.0625,0.75,0.6875,-0.0625,1.0,0.75,-0.25
20,A-bin/B-base,217,"(0,.25]",0.1875,0.0625,0.0625,0.0,0.0625,0.125,0.0625,0.3125,0.1875,-0.125
20,B-bin/A-base,217,"(0,.25]",0.0625,0.1875,0.0625,-0.125,0.1875,0.125,-0.0625,0.375,0.1875,-0.1875
20,A-bin/B-base,218,"(0,.25]",0.125,0.125,0.0625,-0.0625,0.75,0.625,-0.125,0.1875,0.0625,-0.125
20,B-bin/A-base,218,"(0,.25]",0.125,0.125,0.0625,-0.0625,0.4375,0.625,0.1875,0.1875,0.0625,-0.125
20,A-bin/B-base,219,"(0,.25]",0.0625,0.0,0.1875,0.1875,0.125,0.375,0.25,0.1875,0.1875,0.0
20,B-bin/A-base,219,0,0.0,0.0625,0.1875,0.125,0.3125,0.375,0.0625,0.3125,0.1875,-0.125
20,A-bin/B-base,220,"(0,.25]",0.0625,0.125,0.1875,0.0625,0.125,0.5,0.375,0.3125,0.1875,-0.125
20,B-bin/A-base,220,"(0,.25]",0.125,0.0625,0.1875,0.125,0.125,0.5,0.375,0.25,0.1875,-0.0625
20,A-bin/B-base,221,"(.75,1)",0.875,0.875,0.875,0.0,0.875,0.9375,0.0625,0.9375,0.875,-0.0625
20,B-bin/A-base,221,"(.75,1)",0.875,0.875,0.875,0.0,0.875,0.9375,0.0625,1.0,0.875,-0.125
20,A-bin/B-base,222,"(0,.25]",0.25,0.4375,0.625,0.1875,0.5,0.6875,0.1875,0.5,0.6875,0.1875
20,B-bin/A-base,222,"(.25,.5]",0.4375,0.25,0.625,0.375,0.5,0.6875,0.1875,0.375,0.6875,0.3125
20,A-bin/B-base,223,"(0,.25]",0.125,0.0625,0.1875,0.125,0.125,0.375,0.25,0.3125,0.25,-0.0625
20,B-bin/A-base,223,"(0,.25]",0.0625,0.125,0.1875,0.0625,0.3125,0.375,0.0625,0.1875,0.25,0.0625
20,A-bin/B-base,224,0,0.0,0.0,0.125,0.125,0.0,0.1875,0.1875,0.25,0.375,0.125
20,B-bin/A-base,224,0,0.0,0.0,0.125,0.125,0.1875,0.1875,0.0,0.0625,0.375,0.3125
20,A-bin/B-base,225,"(0,.25]",0.0625,0.0,0.25,0.25,0.0625,0.5,0.4375,0.1875,0.375,0.1875
20,B-bin/A-base,225,0,0.0,0.0625,0.25,0.1875,0.125,0.5,0.375,0.125,0.375,0.25
20,A-bin/B-base,226,"(0,.25]",0.1875,0.4375,0.3125,-0.125,0.5625,0.5,-0.0625,0.625,0.5,-0.125
20,B-bin/A-base,226,"(.25,.5]",0.4375,0.1875,0.3125,0.125,0.3125,0.5,0.1875,0.25,0.5,0.25
20,A-bin/B-base,227,"(.5,.75]",0.625,0.75,0.75,0.0,0.8125,0.75,-0.0625,0.875,0.9375,0.0625
20,B-bin/A-base,227,"(.5,.75]",0.75,0.625,0.75,0.125,0.625,0.75,0.125,0.9375,0.9375,0.0
20,A-bin/B-base,228,"(0,.25]",0.125,0.0,0.0625,0.0625,0.5625,0.75,0.1875,0.0625,0.125,0.0625
20,B-bin/A-base,228,0,0.0,0.125,0.0625,-0.0625,0.6875,0.75,0.0625,0.1875,0.125,-0.0625
20,A-bin/B-base,229,"(0,.25]",0.1875,0.0625,0.1875,0.125,0.6875,0.875,0.1875,0.125,0.25,0.125
20,B-bin/A-base,229,"(0,.25]",0.0625,0.1875,0.1875,0.0,0.75,0.875,0.125,0.1875,0.25,0.0625
20,A-bin/B-base,230,"(0,.25]",0.125,0.0625,0.125,0.0625,0.25,0.375,0.125,0.125,0.1875,0.0625
20,B-bin/A-base,230,"(0,.25]",0.0625,0.125,0.125,0.0,0.4375,0.375,-0.0625,0.125,0.1875,0.0625
20,A-bin/B-base,231,"(0,.25]",0.0625,0.125,0.0625,-0.0625,0.1875,0.125,-0.0625,0.125,0.125,0.0
20,B-bin/A-base,231,"(0,.25]",0.125,0.0625,0.0625,0.0,0.125,0.125,0.0,0.125,0.125,0.0
20,A-bin/B-base,232,0,0.0,0.0,0.0,0.0,0.4375,0.5,0.0625,0.0,0.0,0.0
20,B-bin/A-base,232,0,0.0,0.0,0.0,0.0,0.375,0.5,0.125,0.0,0.0,0.0
20,A-bin/B-base,233,"(.25,.5]",0.5,0.375,0.3125,-0.0625,0.6875,0.875,0.1875,0.4375,0.3125,-0.125
20,B-bin/A-base,233,"(.25,.5]",0.375,0.5,0.3125,-0.1875,0.75,0.875,0.125,0.625,0.3125,-0.3125
20,A-bin/B-base,234,0,0.0,0.0,0.0,0.0,0.125,0.125,0.0,0.0,0.0,0.0
20,B-bin/A-base,234,0,0.0,0.0,0.0,0.0,0.125,0.125,0.0,0.0,0.0,0.0
20,A-bin/B-base,235,"(0,.25]",0.0625,0.125,0.0625,-0.0625,0.3125,0.4375,0.125,0.375,0.1875,-0.1875
20,B-bin/A-base,235,"(0,.25]",0.125,0.0625,0.0625,0.0,0.0625,0.4375,0.375,0.1875,0.1875,0.0
20,A-bin/B-base,236,"(.75,1)",0.9375,0.75,0.9375,0.1875,0.75,1.0,0.25,0.8125,0.9375,0.125
20,B-bin/A-base,236,"(.5,.75]",0.75,0.9375,0.9375,0.0,0.9375,1.0,0.0625,1.0,0.9375,-0.0625
20,A-bin/B-base,237,"(0,.25]",0.0625,0.0,0.0,0.0,0.125,0.25,0.125,0.0625,0.0,-0.0625
20,B-bin/A-base,237,0,0.0,0.0625,0.0,-0.0625,0.0625,0.25,0.1875,0.0625,0.0,-0.0625
20,A-bin/B-base,238,"(.25,.5]",0.375,0.4375,0.75,0.3125,0.5,0.75,0.25,0.75,1.0,0.25
20,B-bin/A-base,238,"(.25,.5]",0.4375,0.375,0.75,0.375,0.4375,0.75,0.3125,0.875,1.0,0.125
20,A-bin/B-base,239,"(0,.25]",0.25,0.125,0.25,0.125,0.125,0.4375,0.3125,0.125,0.3125,0.1875
20,B-bin/A-base,239,"(0,.25]",0.125,0.25,0.25,0.0,0.25,0.4375,0.1875,0.375,0.3125,-0.0625
20,A-bin/B-base,240,"(.25,.5]",0.5,0.625,0.8125,0.1875,0.625,0.8125,0.1875,1.0,1.0,0.0
20,B-bin/A-base,240,"(.5,.75]",0.625,0.5,0.8125,0.3125,0.5625,0.8125,0.25,0.8125,1.0,0.1875
20,A-bin/B-base,241,"(.5,.75]",0.625,0.3125,0.6875,0.375,0.3125,0.8125,0.5,0.6875,0.75,0.0625
20,B-bin/A-base,241,"(.25,.5]",0.3125,0.625,0.6875,0.0625,0.6875,0.8125,0.125,0.6875,0.75,0.0625
20,A-bin/B-base,242,"(.5,.75]",0.75,0.375,0.6875,0.3125,0.375,0.6875,0.3125,0.6875,0.8125,0.125
20,B-bin/A-base,242,"(.25,.5]",0.375,0.75,0.6875,-0.0625,0.8125,0.6875,-0.125,0.9375,0.8125,-0.125
20,A-bin/B-base,243,"(0,.25]",0.0625,0.0625,0.25,0.1875,0.125,0.625,0.5,0.0625,0.3125,0.25
20,B-bin/A-base,243,"(0,.25]",0.0625,0.0625,0.25,0.1875,0.4375,0.625,0.1875,0.1875,0.3125,0.125
20,A-bin/B-base,244,"(.75,1)",0.875,0.75,0.9375,0.1875,0.75,0.9375,0.1875,0.9375,1.0,0.0625
20,B-bin/A-base,244,"(.5,.75]",0.75,0.875,0.9375,0.0625,0.875,0.9375,0.0625,0.9375,1.0,0.0625
20,A-bin/B-base,245,"(.25,.5]",0.375,0.375,0.8125,0.4375,0.4375,0.8125,0.375,0.625,0.875,0.25
20,B-bin/A-base,245,"(.25,.5]",0.375,0.375,0.8125,0.4375,0.5,0.8125,0.3125,0.5625,0.875,0.3125
20,A-bin/B-base,246,"(0,.25]",0.0625,0.0625,0.125,0.0625,0.0625,0.3125,0.25,0.125,0.25,0.125
20,B-bin/A-base,246,"(0,.25]",0.0625,0.0625,0.125,0.0625,0.125,0.3125,0.1875,0.125,0.25,0.125
20,A-bin/B-base,247,0,0.0,0.0,0.0625,0.0625,0.25,0.3125,0.0625,0.0625,0.125,0.0625
20,B-bin/A-base,247,0,0.0,0.0,0.0625,0.0625,0.25,0.3125,0.0625,0.125,0.125,0.0
20,A-bin/B-base,248,0,0.0,0.0,0.0,0.0,0.0625,0.3125,0.25,0.0625,0.0,-0.0625
20,B-bin/A-base,248,0,0.0,0.0,0.0,0.0,0.1875,0.3125,0.125,0.0625,0.0,-0.0625
20,A-bin/B-base,249,"(.5,.75]",0.625,0.75,0.75,0.0,0.75,0.8125,0.0625,0.875,0.75,-0.125
20,B-bin/A-base,249,"(.5,.75]",0.75,0.625,0.75,0.125,0.625,0.8125,0.1875,0.875,0.75,-0.125
20,A-bin/B-base,250,0,0.0,0.125,0.25,0.125,0.4375,0.75,0.3125,0.3125,0.25,-0.0625
20,B-bin/A-base,250,"(0,.25]",0.125,0.0,0.25,0.25,0.25,0.75,0.5,0.0625,0.25,0.1875
20,A-bin/B-base,251,"(0,.25]",0.1875,0.125,0.25,0.125,0.375,0.5,0.125,0.125,0.3125,0.1875
20,B-bin/A-base,251,"(0,.25]",0.125,0.1875,0.25,0.0625,0.4375,0.5,0.0625,0.3125,0.3125,0.0
20,A-bin/B-base,252,"(.5,.75]",0.5625,0.8125,0.875,0.0625,0.8125,0.9375,0.125,1.0,0.875,-0.125
20,B-bin/A-base,252,"(.75,1)",0.8125,0.5625,0.875,0.3125,0.5625,0.9375,0.375,0.8125,0.875,0.0625
20,A-bin/B-base,253,0,0.0,0.125,0.1875,0.0625,0.125,0.3125,0.1875,0.4375,0.4375,0.0
20,B-bin/A-base,253,"(0,.25]",0.125,0.0,0.1875,0.1875,0.0,0.3125,0.3125,0.125,0.4375,0.3125
20,A-bin/B-base,254,"(.25,.5]",0.3125,0.25,0.5625,0.3125,0.3125,0.5625,0.25,0.625,0.75,0.125
20,B-bin/A-base,254,"(0,.25]",0.25,0.3125,0.5625,0.25,0.3125,0.5625,0.25,0.5625,0.75,0.1875
20,A-bin/B-base,255,"(.5,.75]",0.625,0.6875,0.625,-0.0625,0.75,0.75,0.0,0.8125,0.6875,-0.125
20,B-bin/A-base,255,"(.5,.75]",0.6875,0.625,0.625,0.0,0.75,0.75,0.0,0.8125,0.6875,-0.125
25,A-bin/B-base,0,"(.75,1)",0.8125,0.875,0.9375,0.0625,0.875,0.9375,0.0625,0.9375,1.0,0.0625
25,B-bin/A-base,0,"(.75,1)",0.875,0.8125,0.9375,0.125,0.8125,0.9375,0.125,0.8125,1.0,0.1875
25,A-bin/B-base,1,"(0,.25]",0.25,0.3125,0.5,0.1875,0.5,0.5625,0.0625,0.5,0.5,0.0
25,B-bin/A-base,1,"(.25,.5]",0.3125,0.25,0.5,0.25,0.3125,0.5625,0.25,0.4375,0.5,0.0625
25,A-bin/B-base,2,"(0,.25]",0.125,0.4375,0.625,0.1875,0.5625,0.75,0.1875,0.5625,0.75,0.1875
25,B-bin/A-base,2,"(.25,.5]",0.4375,0.125,0.625,0.5,0.1875,0.75,0.5625,0.5,0.75,0.25
25,A-bin/B-base,3,"(.5,.75]",0.5625,0.6875,0.8125,0.125,0.6875,0.8125,0.125,0.875,1.0,0.125
25,B-bin/A-base,3,"(.5,.75]",0.6875,0.5625,0.8125,0.25,0.625,0.8125,0.1875,0.75,1.0,0.25
25,A-bin/B-base,4,"(0,.25]",0.125,0.375,0.375,0.0,0.5,0.8125,0.3125,0.4375,0.4375,0.0
25,B-bin/A-base,4,"(.25,.5]",0.375,0.125,0.375,0.25,0.4375,0.8125,0.375,0.1875,0.4375,0.25
25,A-bin/B-base,5,"(.25,.5]",0.375,0.625,0.875,0.25,0.6875,0.9375,0.25,0.8125,0.875,0.0625
25,B-bin/A-base,5,"(.5,.75]",0.625,0.375,0.875,0.5,0.4375,0.9375,0.5,0.6875,0.875,0.1875
25,A-bin/B-base,6,"(.5,.75]",0.6875,0.625,0.875,0.25,0.625,0.9375,0.3125,0.875,0.9375,0.0625
25,B-bin/A-base,6,"(.5,.75]",0.625,0.6875,0.875,0.1875,0.75,0.9375,0.1875,0.875,0.9375,0.0625
25,A-bin/B-base,7,0,0.0,0.0,0.3125,0.3125,0.125,0.5625,0.4375,0.0,0.375,0.375
25,B-bin/A-base,7,0,0.0,0.0,0.3125,0.3125,0.0,0.5625,0.5625,0.0,0.375,0.375
25,A-bin/B-base,8,"(0,.25]",0.1875,0.125,0.1875,0.0625,0.3125,0.375,0.0625,0.1875,0.25,0.0625
25,B-bin/A-base,8,"(0,.25]",0.125,0.1875,0.1875,0.0,0.375,0.375,0.0,0.3125,0.25,-0.0625
25,A-bin/B-base,9,"(0,.25]",0.1875,0.0,0.25,0.25,0.25,0.5625,0.3125,0.0,0.3125,0.3125
25,B-bin/A-base,9,0,0.0,0.1875,0.25,0.0625,0.5,0.5625,0.0625,0.25,0.3125,0.0625
25,A-bin/B-base,10,0,0.0,0.0625,0.0,-0.0625,0.125,0.0,-0.125,0.125,0.0,-0.125
25,B-bin/A-base,10,"(0,.25]",0.0625,0.0,0.0,0.0,0.0,0.0,0.0,0.0625,0.0,-0.0625
25,A-bin/B-base,11,0,0.0,0.0625,0.0625,0.0,0.0625,0.1875,0.125,0.0625,0.0625,0.0
25,B-bin/A-base,11,"(0,.25]",0.0625,0.0,0.0625,0.0625,0.0,0.1875,0.1875,0.0,0.0625,0.0625
25,A-bin/B-base,12,"(.25,.5]",0.4375,0.625,0.9375,0.3125,0.625,1.0,0.375,0.8125,0.9375,0.125
25,B-bin/A-base,12,"(.5,.75]",0.625,0.4375,0.9375,0.5,0.4375,1.0,0.5625,0.875,0.9375,0.0625
25,A-bin/B-base,13,"(0,.25]",0.1875,0.0625,0.1875,0.125,0.25,0.75,0.5,0.25,0.1875,-0.0625
25,B-bin/A-base,13,"(0,.25]",0.0625,0.1875,0.1875,0.0,0.4375,0.75,0.3125,0.3125,0.1875,-0.125
25,A-bin/B-base,14,"(0,.25]",0.25,0.1875,0.625,0.4375,0.375,0.75,0.375,0.5625,0.6875,0.125
25,B-bin/A-base,14,"(0,.25]",0.1875,0.25,0.625,0.375,0.3125,0.75,0.4375,0.4375,0.6875,0.25
25,A-bin/B-base,15,0,0.0,0.0,0.0,0.0,0.5,0.25,-0.25,0.0,0.0,0.0
25,B-bin/A-base,15,0,0.0,0.0,0.0,0.0,0.0,0.25,0.25,0.0,0.0,0.0
25,A-bin/B-base,16,"(0,.25]",0.125,0.125,0.4375,0.3125,0.25,0.625,0.375,0.1875,0.5,0.3125
25,B-bin/A-base,16,"(0,.25]",0.125,0.125,0.4375,0.3125,0.125,0.625,0.5,0.1875,0.5,0.3125
25,A-bin/B-base,17,"(0,.25]",0.125,0.0625,0.0625,0.0,0.1875,0.6875,0.5,0.1875,0.0625,-0.125
25,B-bin/A-base,17,"(0,.25]",0.0625,0.125,0.0625,-0.0625,0.375,0.6875,0.3125,0.1875,0.0625,-0.125
25,A-bin/B-base,18,"(0,.25]",0.1875,0.0,0.125,0.125,0.1875,0.4375,0.25,0.125,0.125,0.0
25,B-bin/A-base,18,0,0.0,0.1875,0.125,-0.0625,0.25,0.4375,0.1875,0.3125,0.125,-0.1875
25,A-bin/B-base,19,"(0,.25]",0.25,0.1875,0.25,0.0625,0.25,0.6875,0.4375,0.375,0.375,0.0
25,B-bin/A-base,19,"(0,.25]",0.1875,0.25,0.25,0.0,0.375,0.6875,0.3125,0.5,0.375,-0.125
25,A-bin/B-base,20,"(.75,1)",0.8125,0.875,0.9375,0.0625,0.875,0.9375,0.0625,1.0,0.9375,-0.0625
25,B-bin/A-base,20,"(.75,1)",0.875,0.8125,0.9375,0.125,0.8125,0.9375,0.125,1.0,0.9375,-0.0625
25,A-bin/B-base,21,"(0,.25]",0.125,0.125,0.3125,0.1875,0.125,0.5,0.375,0.25,0.5,0.25
25,B-bin/A-base,21,"(0,.25]",0.125,0.125,0.3125,0.1875,0.1875,0.5,0.3125,0.125,0.5,0.375
25,A-bin/B-base,22,0,0.0,0.0,0.1875,0.1875,0.25,0.5625,0.3125,0.0625,0.25,0.1875
25,B-bin/A-base,22,0,0.0,0.0,0.1875,0.1875,0.1875,0.5625,0.375,0.25,0.25,0.0
25,A-bin/B-base,23,"(.5,.75]",0.5625,0.5,0.6875,0.1875,0.5625,0.75,0.1875,0.8125,0.75,-0.0625
25,B-bin/A-base,23,"(.25,.5]",0.5,0.5625,0.6875,0.125,0.5625,0.75,0.1875,0.6875,0.75,0.0625
25,A-bin/B-base,24,"(.5,.75]",0.625,0.5625,0.75,0.1875,0.5625,0.9375,0.375,0.6875,0.8125,0.125
25,B-bin/A-base,24,"(.5,.75]",0.5625,0.625,0.75,0.125,0.625,0.9375,0.3125,0.625,0.8125,0.1875
25,A-bin/B-base,25,"(.25,.5]",0.375,0.3125,0.5625,0.25,0.4375,0.625,0.1875,0.5625,0.6875,0.125
25,B-bin/A-base,25,"(.25,.5]",0.3125,0.375,0.5625,0.1875,0.4375,0.625,0.1875,0.625,0.6875,0.0625
25,A-bin/B-base,26,"(.5,.75]",0.6875,0.625,0.6875,0.0625,0.75,0.8125,0.0625,0.8125,0.8125,0.0
25,B-bin/A-base,26,"(.5,.75]",0.625,0.6875,0.6875,0.0,0.6875,0.8125,0.125,1.0,0.8125,-0.1875
25,A-bin/B-base,27,"(0,.25]",0.0625,0.0625,0.25,0.1875,0.3125,0.625,0.3125,0.1875,0.4375,0.25
25,B-bin/A-base,27,"(0,.25]",0.0625,0.0625,0.25,0.1875,0.125,0.625,0.5,0.125,0.4375,0.3125
25,A-bin/B-base,28,"(.5,.75]",0.5625,0.5625,0.875,0.3125,0.5625,0.9375,0.375,0.9375,0.875,-0.0625
25,B-bin/A-base,28,"(.5,.75]",0.5625,0.5625,0.875,0.3125,0.5625,0.9375,0.375,0.9375,0.875,-0.0625
25,A-bin/B-base,29,"(0,.25]",0.125,0.1875,0.0,-0.1875,0.3125,0.1875,-0.125,0.3125,0.0,-0.3125
25,B-bin/A-base,29,"(0,.25]",0.1875,0.125,0.0,-0.125,0.3125,0.1875,-0.125,0.1875,0.0,-0.1875
25,A-bin/B-base,30,"(0,.25]",0.0625,0.0625,0.25,0.1875,0.0625,0.3125,0.25,0.25,0.3125,0.0625
25,B-bin/A-base,30,"(0,.25]",0.0625,0.0625,0.25,0.1875,0.1875,0.3125,0.125,0.1875,0.3125,0.125
25,A-bin/B-base,31,"(.25,.5]",0.375,0.125,0.4375,0.3125,0.1875,0.6875,0.5,0.25,0.625,0.375
25,B-bin/A-base,31,"(0,.25]",0.125,0.375,0.4375,0.0625,0.5625,0.6875,0.125,0.5,0.625,0.125
25,A-bin/B-base,32,"(0,.25]",0.0625,0.25,0.125,-0.125,0.3125,0.125,-0.1875,0.5,0.5625,0.0625
25,B-bin/A-base,32,"(0,.25]",0.25,0.0625,0.125,0.0625,0.125,0.125,0.0,0.25,0.5625,0.3125
25,A-bin/B-base,33,"(.5,.75]",0.75,0.375,0.875,0.5,0.375,0.875,0.5,0.875,0.9375,0.0625
25,B-bin/A-base,33,"(.25,.5]",0.375,0.75,0.875,0.125,0.8125,0.875,0.0625,0.9375,0.9375,0.0
25,A-bin/B-base,34,"(.5,.75]",0.625,0.625,0.875,0.25,0.6875,0.9375,0.25,0.875,0.875,0.0
25,B-bin/A-base,34,"(.5,.75]",0.625,0.625,0.875,0.25,0.6875,0.9375,0.25,0.875,0.875,0.0
25,A-bin/B-base,35,"(.5,.75]",0.625,0.5625,0.8125,0.25,0.5625,0.9375,0.375,0.75,0.8125,0.0625
25,B-bin/A-base,35,"(.5,.75]",0.5625,0.625,0.8125,0.1875,0.875,0.9375,0.0625,0.6875,0.8125,0.125
25,A-bin/B-base,36,"(.5,.75]",0.75,0.8125,0.8125,0.0,0.8125,1.0,0.1875,0.875,0.8125,-0.0625
25,B-bin/A-base,36,"(.75,1)",0.8125,0.75,0.8125,0.0625,0.8125,1.0,0.1875,0.875,0.8125,-0.0625
25,A-bin/B-base,37,"(.25,.5]",0.5,0.6875,0.6875,0.0,0.6875,0.875,0.1875,0.8125,0.75,-0.0625
25,B-bin/A-base,37,"(.5,.75]",0.6875,0.5,0.6875,0.1875,0.625,0.875,0.25,0.5625,0.75,0.1875
25,A-bin/B-base,38,"(0,.25]",0.125,0.0,0.0625,0.0625,0.25,0.5,0.25,0.0,0.0625,0.0625
25,B-bin/A-base,38,0,0.0,0.125,0.0625,-0.0625,0.375,0.5,0.125,0.125,0.0625,-0.0625
25,A-bin/B-base,39,"(.25,.5]",0.5,0.4375,0.3125,-0.125,0.4375,0.625,0.1875,0.75,0.5,-0.25
25,B-bin/A-base,39,"(.25,.5]",0.4375,0.5,0.3125,-0.1875,0.5,0.625,0.125,0.6875,0.5,-0.1875
25,A-bin/B-base,40,0,0.0,0.125,0.3125,0.1875,0.3125,0.625,0.3125,0.25,0.3125,0.0625
25,B-bin/A-base,40,"(0,.25]",0.125,0.0,0.3125,0.3125,0.0,0.625,0.625,0.125,0.3125,0.1875
25,A-bin/B-base,41,"(.75,1)",0.8125,0.75,0.9375,0.1875,0.8125,0.9375,0.125,0.9375,1.0,0.0625
25,B-bin/A-base,41,"(.5,.75]",0.75,0.8125,0.9375,0.125,0.875,0.9375,0.0625,0.9375,1.0,0.0625
25,A-bin/B-base,42,0,0.0,0.0625,0.1875,0.125,0.1875,0.25,0.0625,0.0625,0.3125,0.25
25,B-bin/A-base,42,"(0,.25]",0.0625,0.0,0.1875,0.1875,0.125,0.25,0.125,0.125,0.3125,0.1875
25,A-bin/B-base,43,0,0.0,0.0625,0.3125,0.25,0.375,0.625,0.25,0.3125,0.375,0.0625
25,B-bin/A-base,43,"(0,.25]",0.0625,0.0,0.3125,0.3125,0.375,0.625,0.25,0.0625,0.375,0.3125
25,A-bin/B-base,44,"(.5,.75]",0.625,0.75,0.625,-0.125,0.875,0.6875,-0.1875,0.75,0.75,0.0
25,B-bin/A-base,44,"(.5,.75]",0.75,0.625,0.625,0.0,0.6875,0.6875,0.0,0.8125,0.75,-0.0625
25,A-bin/B-base,45,"(.5,.75]",0.625,0.5,0.3125,-0.1875,0.5625,0.6875,0.125,0.75,0.3125,-0.4375
25,B-bin/A-base,45,"(.25,.5]",0.5,0.625,0.3125,-0.3125,0.625,0.6875,0.0625,0.8125,0.3125,-0.5
25,A-bin/B-base,46,"(.25,.5]",0.5,0.375,0.3125,-0.0625,0.625,0.6875,0.0625,0.625,0.4375,-0.1875
25,B-bin/A-base,46,"(.25,.5]",0.375,0.5,0.3125,-0.1875,0.6875,0.6875,0.0,0.75,0.4375,-0.3125
25,A-bin/B-base,47,"(.25,.5]",0.5,0.75,0.75,0.0,0.75,0.75,0.0,0.9375,1.0,0.0625
25,B-bin/A-base,47,"(.5,.75]",0.75,0.5,0.75,0.25,0.5,0.75,0.25,0.75,1.0,0.25
25,A-bin/B-base,48,"(.5,.75]",0.6875,0.6875,0.9375,0.25,0.6875,0.9375,0.25,1.0,1.0,0.0
25,B-bin/A-base,48,"(.5,.75]",0.6875,0.6875,0.9375,0.25,0.6875,0.9375,0.25,0.9375,1.0,0.0625
25,A-bin/B-base,49,"(.5,.75]",0.6875,0.875,0.75,-0.125,0.875,0.75,-0.125,0.875,1.0,0.125
25,B-bin/A-base,49,"(.75,1)",0.875,0.6875,0.75,0.0625,0.75,0.75,0.0,0.8125,1.0,0.1875
25,A-bin/B-base,50,0,0.0,0.0,0.0,0.0,0.0625,0.3125,0.25,0.0,0.0,0.0
25,B-bin/A-base,50,0,0.0,0.0,0.0,0.0,0.375,0.3125,-0.0625,0.0,0.0,0.0
25,A-bin/B-base,51,"(.5,.75]",0.625,0.5,0.6875,0.1875,0.5,0.6875,0.1875,0.6875,0.875,0.1875
25,B-bin/A-base,51,"(.25,.5]",0.5,0.625,0.6875,0.0625,0.625,0.6875,0.0625,0.6875,0.875,0.1875
25,A-bin/B-base,52,"(.5,.75]",0.6875,0.5,0.75,0.25,0.5625,0.9375,0.375,0.625,0.75,0.125
25,B-bin/A-base,52,"(.25,.5]",0.5,0.6875,0.75,0.0625,0.75,0.9375,0.1875,0.75,0.75,0.0
25,A-bin/B-base,53,"(.5,.75]",0.75,0.75,0.8125,0.0625,0.75,0.875,0.125,1.0,0.875,-0.125
25,B-bin/A-base,53,"(.5,.75]",0.75,0.75,0.8125,0.0625,0.8125,0.875,0.0625,0.9375,0.875,-0.0625
25,A-bin/B-base,54,"(0,.25]",0.1875,0.1875,0.1875,0.0,0.375,0.5625,0.1875,0.1875,0.25,0.0625
25,B-bin/A-base,54,"(0,.25]",0.1875,0.1875,0.1875,0.0,0.5625,0.5625,0.0,0.3125,0.25,-0.0625
25,A-bin/B-base,55,"(.5,.75]",0.75,0.8125,0.75,-0.0625,0.875,0.875,0.0,0.875,0.8125,-0.0625
25,B-bin/A-base,55,"(.75,1)",0.8125,0.75,0.75,0.0,0.9375,0.875,-0.0625,0.8125,0.8125,0.0
25,A-bin/B-base,56,"(.5,.75]",0.6875,0.6875,0.75,0.0625,0.6875,0.8125,0.125,0.9375,0.875,-0.0625
25,B-bin/A-base,56,"(.5,.75]",0.6875,0.6875,0.75,0.0625,0.75,0.8125,0.0625,0.875,0.875,0.0
25,A-bin/B-base,57,"(0,.25]",0.1875,0.3125,0.4375,0.125,0.4375,0.5,0.0625,0.4375,0.5,0.0625
25,B-bin/A-base,57,"(.25,.5]",0.3125,0.1875,0.4375,0.25,0.375,0.5,0.125,0.375,0.5,0.125
25,A-bin/B-base,58,"(.25,.5]",0.375,0.5625,0.5,-0.0625,0.625,0.6875,0.0625,0.6875,0.625,-0.0625
25,B-bin/A-base,58,"(.5,.75]",0.5625,0.375,0.5,0.125,0.5625,0.6875,0.125,0.625,0.625,0.0
25,A-bin/B-base,59,"(.25,.5]",0.3125,0.3125,0.4375,0.125,0.5,0.875,0.375,0.4375,0.4375,0.0
25,B-bin/A-base,59,"(.25,.5]",0.3125,0.3125,0.4375,0.125,0.5625,0.875,0.3125,0.375,0.4375,0.0625
25,A-bin/B-base,60,"(0,.25]",0.25,0.125,0.1875,0.0625,0.25,0.5625,0.3125,0.1875,0.25,0.0625
25,B-bin/A-base,60,"(0,.25]",0.125,0.25,0.1875,-0.0625,0.375,0.5625,0.1875,0.3125,0.25,-0.0625
25,A-bin/B-base,61,"(.25,.5]",0.5,0.125,0.3125,0.1875,0.25,0.6875,0.4375,0.4375,0.375,-0.0625
25,B-bin/A-base,61,"(0,.25]",0.125,0.5,0.3125,-0.1875,0.625,0.6875,0.0625,0.625,0.375,-0.25
25,A-bin/B-base,62,"(.25,.5]",0.375,0.4375,0.5,0.0625,0.5625,0.5625,0.0,0.5625,0.5625,0.0
25,B-bin/A-base,62,"(.25,.5]",0.4375,0.375,0.5,0.125,0.5,0.5625,0.0625,0.4375,0.5625,0.125
25,A-bin/B-base,63,0,0.0,0.0,0.0,0.0,0.125,0.5,0.375,0.0,0.0,0.0
25,B-bin/A-base,63,0,0.0,0.0,0.0,0.0,0.0,0.5,0.5,0.0,0.0,0.0
25,A-bin/B-base,64,"(.25,.5]",0.4375,0.5,0.8125,0.3125,0.5,0.875,0.375,0.6875,0.8125,0.125
25,B-bin/A-base,64,"(.25,.5]",0.5,0.4375,0.8125,0.375,0.5,0.875,0.375,0.6875,0.8125,0.125
25,A-bin/B-base,65,"(.25,.5]",0.4375,0.375,0.6875,0.3125,0.5,0.9375,0.4375,0.6875,0.6875,0.0
25,B-bin/A-base,65,"(.25,.5]",0.375,0.4375,0.6875,0.25,0.625,0.9375,0.3125,0.5625,0.6875,0.125
25,A-bin/B-base,66,"(0,.25]",0.125,0.0,0.4375,0.4375,0.125,0.75,0.625,0.25,0.5625,0.3125
25,B-bin/A-base,66,0,0.0,0.125,0.4375,0.3125,0.125,0.75,0.625,0.3125,0.5625,0.25
25,A-bin/B-base,67,"(0,.25]",0.1875,0.0625,0.0,-0.0625,0.0625,0.125,0.0625,0.1875,0.25,0.0625
25,B-bin/A-base,67,"(0,.25]",0.0625,0.1875,0.0,-0.1875,0.3125,0.125,-0.1875,0.1875,0.25,0.0625
25,A-bin/B-base,68,"(.25,.5]",0.4375,0.25,0.3125,0.0625,0.25,0.4375,0.1875,0.3125,0.5625,0.25
25,B-bin/A-base,68,"(0,.25]",0.25,0.4375,0.3125,-0.125,0.4375,0.4375,0.0,0.625,0.5625,-0.0625
25,A-bin/B-base,69,"(.5,.75]",0.625,0.5625,0.75,0.1875,0.625,0.8125,0.1875,0.6875,0.875,0.1875
25,B-bin/A-base,69,"(.5,.75]",0.5625,0.625,0.75,0.125,0.6875,0.8125,0.125,0.75,0.875,0.125
25,A-bin/B-base,70,"(.5,.75]",0.75,0.9375,0.9375,0.0,0.9375,0.9375,0.0,1.0,1.0,0.0
25,B-bin/A-base,70,"(.75,1)",0.9375,0.75,0.9375,0.1875,0.8125,0.9375,0.125,0.875,1.0,0.125
25,A-bin/B-base,71,"(.5,.75]",0.75,0.75,0.9375,0.1875,0.9375,1.0,0.0625,0.8125,0.9375,0.125
25,B-bin/A-base,71,"(.5,.75]",0.75,0.75,0.9375,0.1875,0.875,1.0,0.125,0.875,0.9375,0.0625
25,A-bin/B-base,72,"(0,.25]",0.25,0.25,0.4375,0.1875,0.5625,0.6875,0.125,0.375,0.4375,0.0625
25,B-bin/A-base,72,"(0,.25]",0.25,0.25,0.4375,0.1875,0.5,0.6875,0.1875,0.3125,0.4375,0.125
25,A-bin/B-base,73,"(.25,.5]",0.5,0.8125,0.75,-0.0625,0.8125,0.8125,0.0,1.0,0.75,-0.25
25,B-bin/A-base,73,"(.75,1)",0.8125,0.5,0.75,0.25,0.625,0.8125,0.1875,0.75,0.75,0.0
25,A-bin/B-base,74,"(.25,.5]",0.4375,0.6875,0.75,0.0625,0.75,0.8125,0.0625,0.875,0.875,0.0
25,B-bin/A-base,74,"(.5,.75]",0.6875,0.4375,0.75,0.3125,0.5625,0.8125,0.25,0.5625,0.875,0.3125
25,A-bin/B-base,75,"(.25,.5]",0.5,0.3125,0.625,0.3125,0.3125,0.625,0.3125,0.625,0.9375,0.3125
25,B-bin/A-base,75,"(.25,.5]",0.3125,0.5,0.625,0.125,0.5625,0.625,0.0625,0.9375,0.9375,0.0
25,A-bin/B-base,76,"(0,.25]",0.0625,0.0625,0.25,0.1875,0.3125,0.4375,0.125,0.3125,0.375,0.0625
25,B-bin/A-base,76,"(0,.25]",0.0625,0.0625,0.25,0.1875,0.3125,0.4375,0.125,0.3125,0.375,0.0625
25,A-bin/B-base,77,"(0,.25]",0.1875,0.5,0.6875,0.1875,0.5625,0.8125,0.25,0.75,0.75,0.0
25,B-bin/A-base,77,"(.25,.5]",0.5,0.1875,0.6875,0.5,0.3125,0.8125,0.5,0.5,0.75,0.25
25,A-bin/B-base,78,"(0,.25]",0.1875,0.125,0.4375,0.3125,0.625,0.75,0.125,0.1875,0.5,0.3125
25,B-bin/A-base,78,"(0,.25]",0.125,0.1875,0.4375,0.25,0.5625,0.75,0.1875,0.25,0.5,0.25
25,A-bin/B-base,79,"(.75,1)",0.9375,0.75,0.8125,0.0625,0.8125,0.875,0.0625,0.9375,0.9375,0.0
25,B-bin/A-base,79,"(.5,.75]",0.75,0.9375,0.8125,-0.125,0.9375,0.875,-0.0625,0.9375,0.9375,0.0
25,A-bin/B-base,80,"(0,.25]",0.0625,0.1875,0.5,0.3125,0.1875,0.6875,0.5,0.5,0.5625,0.0625
25,B-bin/A-base,80,"(0,.25]",0.1875,0.0625,0.5,0.4375,0.25,0.6875,0.4375,0.375,0.5625,0.1875
25,A-bin/B-base,81,"(0,.25]",0.25,0.0625,0.25,0.1875,0.4375,0.75,0.3125,0.0625,0.25,0.1875
25,B-bin/A-base,81,"(0,.25]",0.0625,0.25,0.25,0.0,0.3125,0.75,0.4375,0.375,0.25,-0.125
25,A-bin/B-base,82,"(.25,.5]",0.375,0.375,0.625,0.25,0.4375,0.8125,0.375,0.5,0.75,0.25
25,B-bin/A-base,82,"(.25,.5]",0.375,0.375,0.625,0.25,0.5625,0.8125,0.25,0.375,0.75,0.375
25,A-bin/B-base,83,"(.25,.5]",0.375,0.375,0.5625,0.1875,0.4375,0.5625,0.125,0.5625,0.6875,0.125
25,B-bin/A-base,83,"(.25,.5]",0.375,0.375,0.5625,0.1875,0.4375,0.5625,0.125,0.6875,0.6875,0.0
25,A-bin/B-base,84,"(.25,.5]",0.3125,0.125,0.5,0.375,0.3125,0.625,0.3125,0.375,0.625,0.25
25,B-bin/A-base,84,"(0,.25]",0.125,0.3125,0.5,0.1875,0.3125,0.625,0.3125,0.5625,0.625,0.0625
25,A-bin/B-base,85,"(.25,.5]",0.3125,0.4375,0.5625,0.125,0.5625,0.6875,0.125,0.625,0.6875,0.0625
25,B-bin/A-base,85,"(.25,.5]",0.4375,0.3125,0.5625,0.25,0.375,0.6875,0.3125,0.5,0.6875,0.1875
25,A-bin/B-base,86,"(.25,.5]",0.5,0.625,0.875,0.25,0.625,0.875,0.25,0.8125,0.9375,0.125
25,B-bin/A-base,86,"(.5,.75]",0.625,0.5,0.875,0.375,0.625,0.875,0.25,0.8125,0.9375,0.125
25,A-bin/B-base,87,"(0,.25]",0.25,0.25,0.25,0.0,0.5625,0.5,-0.0625,0.375,0.375,0.0
25,B-bin/A-base,87,"(0,.25]",0.25,0.25,0.25,0.0,0.375,0.5,0.125,0.6875,0.375,-0.3125
25,A-bin/B-base,88,"(.25,.5]",0.4375,0.5,0.375,-0.125,0.6875,0.875,0.1875,0.5625,0.375,-0.1875
25,B-bin/A-base,88,"(.25,.5]",0.5,0.4375,0.375,-0.0625,0.5625,0.875,0.3125,0.5625,0.375,-0.1875
25,A-bin/B-base,89,"(0,.25]",0.125,0.1875,0.0625,-0.125,0.375,0.375,0.0,0.3125,0.1875,-0.125
25,B-bin/A-base,89,"(0,.25]",0.1875,0.125,0.0625,-0.0625,0.1875,0.375,0.1875,0.3125,0.1875,-0.125
25,A-bin/B-base,90,"(0,.25]",0.0625,0.0625,0.25,0.1875,0.25,0.6875,0.4375,0.1875,0.25,0.0625
25,B-bin/A-base,90,"(0,.25]",0.0625,0.0625,0.25,0.1875,0.3125,0.6875,0.375,0.125,0.25,0.125
25,A-bin/B-base,91,"(0,.25]",0.125,0.125,0.1875,0.0625,0.125,0.4375,0.3125,0.375,0.6875,0.3125
25,B-bin/A-base,91,"(0,.25]",0.125,0.125,0.1875,0.0625,0.125,0.4375,0.3125,0.6875,0.6875,0.0
25,A-bin/B-base,92,"(0,.25]",0.125,0.3125,0.4375,0.125,0.5625,0.6875,0.125,0.4375,0.5,0.0625
25,B-bin/A-base,92,"(.25,.5]",0.3125,0.125,0.4375,0.3125,0.3125,0.6875,0.375,0.1875,0.5,0.3125
25,A-bin/B-base,93,"(.5,.75]",0.75,0.375,0.75,0.375,0.4375,0.75,0.3125,0.75,0.875,0.125
25,B-bin/A-base,93,"(.25,.5]",0.375,0.75,0.75,0.0,0.75,0.75,0.0,1.0,0.875,-0.125
25,A-bin/B-base,94,"(.5,.75]",0.5625,0.5625,0.8125,0.25,0.5625,0.8125,0.25,0.9375,0.9375,0.0
25,B-bin/A-base,94,"(.5,.75]",0.5625,0.5625,0.8125,0.25,0.5625,0.8125,0.25,0.875,0.9375,0.0625
25,A-bin/B-base,95,"(0,.25]",0.125,0.0,0.0,0.0,0.3125,0.4375,0.125,0.0,0.0,0.0
25,B-bin/A-base,95,0,0.0,0.125,0.0,-0.125,0.25,0.4375,0.1875,0.125,0.0,-0.125
25,A-bin/B-base,96,"(.75,1)",0.8125,0.6875,0.8125,0.125,0.6875,0.9375,0.25,0.75,0.8125,0.0625
25,B-bin/A-base,96,"(.5,.75]",0.6875,0.8125,0.8125,0.0,0.8125,0.9375,0.125,0.875,0.8125,-0.0625
25,A-bin/B-base,97,0,0.0,0.0,0.0625,0.0625,0.1875,0.1875,0.0,0.0,0.0625,0.0625
25,B-bin/A-base,97,0,0.0,0.0,0.0625,0.0625,0.25,0.1875,-0.0625,0.0,0.0625,0.0625
25,A-bin/B-base,98,"(.25,.5]",0.3125,0.375,0.5625,0.1875,0.6875,0.6875,0.0,0.375,0.625,0.25
25,B-bin/A-base,98,"(.25,.5]",0.375,0.3125,0.5625,0.25,0.5,0.6875,0.1875,0.375,0.625,0.25
25,A-bin/B-base,99,0,0.0,0.0,0.125,0.125,0.125,0.25,0.125,0.0625,0.125,0.0625
25,B-bin/A-base,99,0,0.0,0.0,0.125,0.125,0.0,0.25,0.25,0.0625,0.125,0.0625
25,A-bin/B-base,100,"(.25,.5]",0.375,0.25,0.4375,0.1875,0.375,0.4375,0.0625,0.4375,0.6875,0.25
25,B-bin/A-base,100,"(0,.25]",0.25,0.375,0.4375,0.0625,0.4375,0.4375,0.0,0.75,0.6875,-0.0625
25,A-bin/B-base,101,"(0,.25]",0.25,0.3125,0.6875,0.375,0.5,0.9375,0.4375,0.625,0.75,0.125
25,B-bin/A-base,101,"(.25,.5]",0.3125,0.25,0.6875,0.4375,0.5,0.9375,0.4375,0.5,0.75,0.25
25,A-bin/B-base,102,"(0,.25]",0.1875,0.375,0.3125,-0.0625,0.5625,0.5,-0.0625,0.5625,0.4375,-0.125
25,B-bin/A-base,102,"(.25,.5]",0.375,0.1875,0.3125,0.125,0.1875,0.5,0.3125,0.4375,0.4375,0.0
25,A-bin/B-base,103,0,0.0,0.0,0.125,0.125,0.0,0.3125,0.3125,0.0625,0.125,0.0625
25,B-bin/A-base,103,0,0.0,0.0,0.125,0.125,0.125,0.3125,0.1875,0.0,0.125,0.125
25,A-bin/B-base,104,"(.5,.75]",0.75,0.4375,0.8125,0.375,0.4375,0.8125,0.375,0.875,1.0,0.125
25,B-bin/A-base,104,"(.25,.5]",0.4375,0.75,0.8125,0.0625,0.8125,0.8125,0.0,0.8125,1.0,0.1875
25,A-bin/B-base,105,"(.5,.75]",0.5625,0.5625,0.5625,0.0,0.6875,0.6875,0.0,0.75,0.6875,-0.0625
25,B-bin/A-base,105,"(.5,.75]",0.5625,0.5625,0.5625,0.0,0.6875,0.6875,0.0,0.75,0.6875,-0.0625
25,A-bin/B-base,106,"(.5,.75]",0.75,0.8125,0.875,0.0625,0.875,1.0,0.125,0.875,0.875,0.0
25,B-bin/A-base,106,"(.75,1)",0.8125,0.75,0.875,0.125,0.75,1.0,0.25,1.0,0.875,-0.125
25,A-bin/B-base,107,"(0,.25]",0.125,0.125,0.0,-0.125,0.4375,0.625,0.1875,0.25,0.125,-0.125
25,B-bin/A-base,107,"(0,.25]",0.125,0.125,0.0,-0.125,0.1875,0.625,0.4375,0.375,0.125,-0.25
25,A-bin/B-base,108,"(.25,.5]",0.3125,0.1875,0.4375,0.25,0.375,0.625,0.25,0.375,0.5,0.125
25,B-bin/A-base,108,"(0,.25]",0.1875,0.3125,0.4375,0.125,0.5625,0.625,0.0625,0.5,0.5,0.0
25,A-bin/B-base,109,"(.25,.5]",0.5,0.625,0.5,-0.125,0.6875,0.625,-0.0625,0.8125,0.5,-0.3125
25,B-bin/A-base,109,"(.5,.75]",0.625,0.5,0.5,0.0,0.5,0.625,0.125,0.8125,0.5,-0.3125
25,A-bin/B-base,110,"(.5,.75]",0.5625,0.4375,0.6875,0.25,0.5625,0.8125,0.25,0.8125,0.8125,0.0
25,B-bin/A-base,110,"(.25,.5]",0.4375,0.5625,0.6875,0.125,0.625,0.8125,0.1875,0.75,0.8125,0.0625
25,A-bin/B-base,111,"(.75,1)",0.8125,0.625,0.9375,0.3125,0.625,0.9375,0.3125,0.875,1.0,0.125
25,B-bin/A-base,111,"(.5,.75]",0.625,0.8125,0.9375,0.125,0.8125,0.9375,0.125,0.875,1.0,0.125
25,A-bin/B-base,112,"(.25,.5]",0.5,0.625,0.8125,0.1875,0.8125,0.875,0.0625,0.75,0.8125,0.0625
25,B-bin/A-base,112,"(.5,.75]",0.625,0.5,0.8125,0.3125,0.6875,0.875,0.1875,0.625,0.8125,0.1875
25,A-bin/B-base,113,"(.5,.75]",0.5625,0.75,0.375,-0.375,0.8125,0.6875,-0.125,0.9375,0.4375,-0.5
25,B-bin/A-base,113,"(.5,.75]",0.75,0.5625,0.375,-0.1875,0.6875,0.6875,0.0,0.625,0.4375,-0.1875
25,A-bin/B-base,114,"(.75,1)",0.8125,0.8125,1.0,0.1875,0.8125,1.0,0.1875,0.9375,1.0,0.0625
25,B-bin/A-base,114,"(.75,1)",0.8125,0.8125,1.0,0.1875,0.875,1.0,0.125,0.9375,1.0,0.0625
25,A-bin/B-base,115,"(.25,.5]",0.5,0.25,0.4375,0.1875,0.3125,0.5625,0.25,0.5,0.5,0.0
25,B-bin/A-base,115,"(0,.25]",0.25,0.5,0.4375,-0.0625,0.625,0.5625,-0.0625,0.6875,0.5,-0.1875
25,A-bin/B-base,116,0,0.0,0.0,0.125,0.125,0.0625,0.4375,0.375,0.0625,0.1875,0.125
25,B-bin/A-base,116,0,0.0,0.0,0.125,0.125,0.25,0.4375,0.1875,0.0,0.1875,0.1875
25,A-bin/B-base,117,0,0.0,0.0,0.0,0.0,0.0,0.0625,0.0625,0.0625,0.0,-0.0625
25,B-bin/A-base,117,0,0.0,0.0,0.0,0.0,0.0,0.0625,0.0625,0.0625,0.0,-0.0625
25,A-bin/B-base,118,"(0,.25]",0.0625,0.0,0.125,0.125,0.375,0.75,0.375,0.125,0.1875,0.0625
25,B-bin/A-base,118,0,0.0,0.0625,0.125,0.0625,0.6875,0.75,0.0625,0.0625,0.1875,0.125
25,A-bin/B-base,119,"(.25,.5]",0.375,0.25,0.625,0.375,0.3125,0.75,0.4375,0.625,0.8125,0.1875
25,B-bin/A-base,119,"(0,.25]",0.25,0.375,0.625,0.25,0.4375,0.75,0.3125,0.875,0.8125,-0.0625
25,A-bin/B-base,120,"(.25,.5]",0.375,0.25,0.5625,0.3125,0.375,0.75,0.375,0.4375,0.75,0.3125
25,B-bin/A-base,120,"(0,.25]",0.25,0.375,0.5625,0.1875,0.625,0.75,0.125,0.5,0.75,0.25
25,A-bin/B-base,121,0,0.0,0.0625,0.0,-0.0625,0.125,0.1875,0.0625,0.3125,0.0,-0.3125
25,B-bin/A-base,121,"(0,.25]",0.0625,0.0,0.0,0.0,0.125,0.1875,0.0625,0.0,0.0,0.0
25,A-bin/B-base,122,"(0,.25]",0.0625,0.125,0.25,0.125,0.1875,0.4375,0.25,0.25,0.25,0.0
25,B-bin/A-base,122,"(0,.25]",0.125,0.0625,0.25,0.1875,0.125,0.4375,0.3125,0.1875,0.25,0.0625
25,A-bin/B-base,123,"(0,.25]",0.1875,0.125,0.4375,0.3125,0.25,0.5625,0.3125,0.4375,0.75,0.3125
25,B-bin/A-base,123,"(0,.25]",0.125,0.1875,0.4375,0.25,0.1875,0.5625,0.375,0.4375,0.75,0.3125
25,A-bin/B-base,124,"(.25,.5]",0.3125,0.4375,0.5,0.0625,0.4375,0.625,0.1875,0.5625,0.5,-0.0625
25,B-bin/A-base,124,"(.25,.5]",0.4375,0.3125,0.5,0.1875,0.375,0.625,0.25,0.4375,0.5,0.0625
25,A-bin/B-base,125,"(.5,.75]",0.5625,0.8125,0.6875,-0.125,0.8125,0.875,0.0625,0.9375,0.8125,-0.125
25,B-bin/A-base,125,"(.75,1)",0.8125,0.5625,0.6875,0.125,0.6875,0.875,0.1875,0.75,0.8125,0.0625
25,A-bin/B-base,126,"(.75,1)",0.8125,0.75,0.875,0.125,0.75,0.9375,0.1875,1.0,0.9375,-0.0625
25,B-bin/A-base,126,"(.5,.75]",0.75,0.8125,0.875,0.0625,0.8125,0.9375,0.125,0.9375,0.9375,0.0
25,A-bin/B-base,127,"(.5,.75]",0.5625,0.5,0.8125,0.3125,0.5625,0.875,0.3125,0.6875,0.875,0.1875
25,B-bin/A-base,127,"(.25,.5]",0.5,0.5625,0.8125,0.25,0.5625,0.875,0.3125,0.8125,0.875,0.0625
25,A-bin/B-base,128,"(0,.25]",0.125,0.1875,0.25,0.0625,0.375,0.625,0.25,0.4375,0.3125,-0.125
25,B-bin/A-base,128,"(0,.25]",0.1875,0.125,0.25,0.125,0.1875,0.625,0.4375,0.375,0.3125,-0.0625
25,A-bin/B-base,129,0,0.0,0.0625,0.0,-0.0625,0.25,0.5,0.25,0.0625,0.0,-0.0625
25,B-bin/A-base,129,"(0,.25]",0.0625,0.0,0.0,0.0,0.0625,0.5,0.4375,0.0,0.0,0.0
25,A-bin/B-base,130,"(.75,1)",0.9375,0.8125,0.875,0.0625,0.8125,0.9375,0.125,0.9375,0.875,-0.0625
25,B-bin/A-base,130,"(.75,1)",0.8125,0.9375,0.875,-0.0625,0.9375,0.9375,0.0,1.0,0.875,-0.125
25,A-bin/B-base,131,"(0,.25]",0.125,0.1875,0.3125,0.125,0.1875,0.5625,0.375,0.1875,0.4375,0.25
25,B-bin/A-base,131,"(0,.25]",0.1875,0.125,0.3125,0.1875,0.1875,0.5625,0.375,0.125,0.4375,0.3125
25,A-bin/B-base,132,"(.5,.75]",0.75,0.4375,0.75,0.3125,0.5625,0.875,0.3125,0.6875,0.75,0.0625
25,B-bin/A-base,132,"(.25,.5]",0.4375,0.75,0.75,0.0,0.75,0.875,0.125,0.75,0.75,0.0
25,A-bin/B-base,133,"(.25,.5]",0.4375,0.375,0.6875,0.3125,0.375,0.75,0.375,0.75,0.875,0.125
25,B-bin/A-base,133,"(.25,.5]",0.375,0.4375,0.6875,0.25,0.5,0.75,0.25,0.6875,0.875,0.1875
25,A-bin/B-base,134,"(0,.25]",0.0625,0.0,0.0625,0.0625,0.4375,0.5625,0.125,0.0625,0.0625,0.0
25,B-bin/A-base,134,0,0.0,0.0625,0.0625,0.0,0.4375,0.5625,0.125,0.0625,0.0625,0.0
25,A-bin/B-base,135,"(.5,.75]",0.6875,0.75,0.75,0.0,0.75,0.8125,0.0625,0.875,0.8125,-0.0625
25,B-bin/A-base,135,"(.5,.75]",0.75,0.6875,0.75,0.0625,0.75,0.8125,0.0625,0.75,0.8125,0.0625
25,A-bin/B-base,136,"(0,.25]",0.25,0.125,0.625,0.5,0.1875,0.6875,0.5,0.5625,0.75,0.1875
25,B-bin/A-base,136,"(0,.25]",0.125,0.25,0.625,0.375,0.25,0.6875,0.4375,0.4375,0.75,0.3125
25,A-bin/B-base,137,"(.5,.75]",0.5625,0.3125,0.3125,0.0,0.375,0.4375,0.0625,0.5625,0.5,-0.0625
25,B-bin/A-base,137,"(.25,.5]",0.3125,0.5625,0.3125,-0.25,0.5625,0.4375,-0.125,0.625,0.5,-0.125
25,A-bin/B-base,138,"(0,.25]",0.1875,0.0625,0.25,0.1875,0.0625,0.3125,0.25,0.4375,0.4375,0.0
25,B-bin/A-base,138,"(0,.25]",0.0625,0.1875,0.25,0.0625,0.25,0.3125,0.0625,0.25,0.4375,0.1875
25,A-bin/B-base,139,0,0.0,0.125,0.3125,0.1875,0.1875,0.375,0.1875,0.5625,0.4375,-0.125
25,B-bin/A-base,139,"(0,.25]",0.125,0.0,0.3125,0.3125,0.0,0.375,0.375,0.25,0.4375,0.1875
25,A-bin/B-base,140,"(.25,.5]",0.3125,0.25,0.1875,-0.0625,0.25,0.375,0.125,0.4375,0.3125,-0.125
25,B-bin/A-base,140,"(0,.25]",0.25,0.3125,0.1875,-0.125,0.3125,0.375,0.0625,0.5625,0.3125,-0.25
25,A-bin/B-base,141,"(0,.25]",0.1875,0.3125,0.8125,0.5,0.75,0.8125,0.0625,0.4375,0.875,0.4375
25,B-bin/A-base,141,"(.25,.5]",0.3125,0.1875,0.8125,0.625,0.1875,0.8125,0.625,0.4375,0.875,0.4375
25,A-bin/B-base,142,0,0.0,0.0625,0.125,0.0625,0.125,0.375,0.25,0.1875,0.1875,0.0
25,B-bin/A-base,142,"(0,.25]",0.0625,0.0,0.125,0.125,0.125,0.375,0.25,0.125,0.1875,0.0625
25,A-bin/B-base,143,"(.25,.5]",0.3125,0.4375,0.3125,-0.125,0.5625,0.5,-0.0625,0.5,0.4375,-0.0625
25,B-bin/A-base,143,"(.25,.5]",0.4375,0.3125,0.3125,0.0,0.5,0.5,0.0,0.4375,0.4375,0.0
25,A-bin/B-base,144,"(0,.25]",0.25,0.1875,0.625,0.4375,0.25,0.75,0.5,0.5,0.6875,0.1875
25,B-bin/A-base,144,"(0,.25]",0.1875,0.25,0.625,0.375,0.3125,0.75,0.4375,0.5625,0.6875,0.125
25,A-bin/B-base,145,"(.5,.75]",0.6875,0.375,0.75,0.375,0.5,0.9375,0.4375,0.5625,0.75,0.1875
25,B-bin/A-base,145,"(.25,.5]",0.375,0.6875,0.75,0.0625,0.6875,0.9375,0.25,0.875,0.75,-0.125
25,A-bin/B-base,146,"(0,.25]",0.25,0.0625,0.1875,0.125,0.3125,0.5625,0.25,0.1875,0.25,0.0625
25,B-bin/A-base,146,"(0,.25]",0.0625,0.25,0.1875,-0.0625,0.25,0.5625,0.3125,0.4375,0.25,-0.1875
25,A-bin/B-base,147,"(.75,1)",0.8125,0.6875,1.0,0.3125,0.6875,1.0,0.3125,0.875,1.0,0.125
25,B-bin/A-base,147,"(.5,.75]",0.6875,0.8125,1.0,0.1875,0.8125,1.0,0.1875,0.9375,1.0,0.0625
25,A-bin/B-base,148,"(.5,.75]",0.5625,0.1875,0.75,0.5625,0.3125,1.0,0.6875,0.5,0.75,0.25
25,B-bin/A-base,148,"(0,.25]",0.1875,0.5625,0.75,0.1875,0.625,1.0,0.375,0.75,0.75,0.0
25,A-bin/B-base,149,"(.5,.75]",0.5625,0.5,0.625,0.125,0.5625,0.8125,0.25,0.875,0.75,-0.125
25,B-bin/A-base,149,"(.25,.5]",0.5,0.5625,0.625,0.0625,0.625,0.8125,0.1875,0.625,0.75,0.125
25,A-bin/B-base,150,"(.5,.75]",0.75,0.4375,0.875,0.4375,0.5,0.9375,0.4375,0.75,0.875,0.125
25,B-bin/A-base,150,"(.25,.5]",0.4375,0.75,0.875,0.125,0.75,0.9375,0.1875,0.9375,0.875,-0.0625
25,A-bin/B-base,151,"(.25,.5]",0.5,0.5625,0.5625,0.0,0.625,0.75,0.125,0.8125,0.625,-0.1875
25,B-bin/A-base,151,"(.5,.75]",0.5625,0.5,0.5625,0.0625,0.75,0.75,0.0,0.5625,0.625,0.0625
25,A-bin/B-base,152,"(.5,.75]",0.6875,0.5625,0.5,-0.0625,0.625,0.8125,0.1875,0.75,0.6875,-0.0625
25,B-bin/A-base,152,"(.5,.75]",0.5625,0.6875,0.5,-0.1875,0.75,0.8125,0.0625,0.8125,0.6875,-0.125
25,A-bin/B-base,153,"(.25,.5]",0.3125,0.4375,0.3125,-0.125,0.5625,0.875,0.3125,0.5,0.3125,-0.1875
25,B-bin/A-base,153,"(.25,.5]",0.4375,0.3125,0.3125,0.0,0.625,0.875,0.25,0.375,0.3125,-0.0625
25,A-bin/B-base,154,"(.25,.5]",0.3125,0.4375,0.4375,0.0,0.5,0.6875,0.1875,0.625,0.625,0.0
25,B-bin/A-base,154,"(.25,.5]",0.4375,0.3125,0.4375,0.125,0.3125,0.6875,0.375,0.625,0.625,0.0
25,A-bin/B-base,155,"(.25,.5]",0.375,0.125,0.6875,0.5625,0.375,0.8125,0.4375,0.3125,0.75,0.4375
25,B-bin/A-base,155,"(0,.25]",0.125,0.375,0.6875,0.3125,0.4375,0.8125,0.375,0.4375,0.75,0.3125
25,A-bin/B-base,156,"(.5,.75]",0.5625,0.6875,0.6875,0.0,0.75,0.8125,0.0625,0.875,0.75,-0.125
25,B-bin/A-base,156,"(.5,.75]",0.6875,0.5625,0.6875,0.125,0.5625,0.8125,0.25,0.9375,0.75,-0.1875
25,A-bin/B-base,157,"(.25,.5]",0.3125,0.5,0.375,-0.125,0.5,0.5,0.0,0.75,0.6875,-0.0625
25,B-bin/A-base,157,"(.25,.5]",0.5,0.3125,0.375,0.0625,0.3125,0.5,0.1875,0.5,0.6875,0.1875
25,A-bin/B-base,158,"(.25,.5]",0.4375,0.0625,0.4375,0.375,0.1875,0.625,0.4375,0.5,0.5625,0.0625
25,B-bin/A-base,158,"(0,.25]",0.0625,0.4375,0.4375,0.0,0.5625,0.625,0.0625,0.625,0.5625,-0.0625
25,A-bin/B-base,159,"(0,.25]",0.0625,0.0625,0.25,0.1875,0.3125,0.5625,0.25,0.125,0.375,0.25
25,B-bin/A-base,159,"(0,.25]",0.0625,0.0625,0.25,0.1875,0.25,0.5625,0.3125,0.125,0.375,0.25
25,A-bin/B-base,160,0,0.0,0.0,0.0,0.0,0.3125,0.6875,0.375,0.0,0.0,0.0
25,B-bin/A-base,160,0,0.0,0.0,0.0,0.0,0.375,0.6875,0.3125,0.0,0.0,0.0
25,A-bin/B-base,161,"(.75,1)",0.875,0.6875,0.5625,-0.125,0.8125,0.875,0.0625,0.75,0.625,-0.125
25,B-bin/A-base,161,"(.5,.75]",0.6875,0.875,0.5625,-0.3125,0.9375,0.875,-0.0625,0.875,0.625,-0.25
25,A-bin/B-base,162,"(0,.25]",0.0625,0.1875,0.25,0.0625,0.375,0.4375,0.0625,0.1875,0.25,0.0625
25,B-bin/A-base,162,"(0,.25]",0.1875,0.0625,0.25,0.1875,0.3125,0.4375,0.125,0.125,0.25,0.125
25,A-bin/B-base,163,"(.25,.5]",0.5,0.625,0.625,0.0,0.6875,0.6875,0.0,0.8125,0.6875,-0.125
25,B-bin/A-base,163,"(.5,.75]",0.625,0.5,0.625,0.125,0.625,0.6875,0.0625,0.75,0.6875,-0.0625
25,A-bin/B-base,164,"(.5,.75]",0.5625,0.5,0.625,0.125,0.6875,0.625,-0.0625,0.625,0.6875,0.0625
25,B-bin/A-base,164,"(.25,.5]",0.5,0.5625,0.625,0.0625,0.8125,0.625,-0.1875,0.6875,0.6875,0.0
25,A-bin/B-base,165,0,0.0,0.0,0.0625,0.0625,0.375,0.25,-0.125,0.0,0.125,0.125
25,B-bin/A-base,165,0,0.0,0.0,0.0625,0.0625,0.0,0.25,0.25,0.0625,0.125,0.0625
25,A-bin/B-base,166,"(0,.25]",0.125,0.125,0.125,0.0,0.25,0.4375,0.1875,0.1875,0.1875,0.0
25,B-bin/A-base,166,"(0,.25]",0.125,0.125,0.125,0.0,0.125,0.4375,0.3125,0.5625,0.1875,-0.375
25,A-bin/B-base,167,0,0.0,0.0,0.0,0.0,0.5,0.875,0.375,0.0,0.0,0.0
25,B-bin/A-base,167,0,0.0,0.0,0.0,0.0,0.5,0.875,0.375,0.0,0.0,0.0
25,A-bin/B-base,168,"(.75,1)",0.8125,0.875,0.9375,0.0625,0.875,1.0,0.125,0.875,0.9375,0.0625
25,B-bin/A-base,168,"(.75,1)",0.875,0.8125,0.9375,0.125,0.875,1.0,0.125,0.9375,0.9375,0.0
25,A-bin/B-base,169,"(0,.25]",0.125,0.0,0.25,0.25,0.25,0.5,0.25,0.1875,0.3125,0.125
25,B-bin/A-base,169,0,0.0,0.125,0.25,0.125,0.25,0.5,0.25,0.25,0.3125,0.0625
25,A-bin/B-base,170,"(.5,.75]",0.5625,0.5625,0.8125,0.25,0.625,0.875,0.25,0.75,0.875,0.125
25,B-bin/A-base,170,"(.5,.75]",0.5625,0.5625,0.8125,0.25,0.5625,0.875,0.3125,0.75,0.875,0.125
25,A-bin/B-base,171,0,0.0,0.0625,0.25,0.1875,0.125,0.5625,0.4375,0.125,0.3125,0.1875
25,B-bin/A-base,171,"(0,.25]",0.0625,0.0,0.25,0.25,0.0625,0.5625,0.5,0.1875,0.3125,0.125
25,A-bin/B-base,172,"(.5,.75]",0.5625,0.5625,0.875,0.3125,0.5625,0.875,0.3125,0.8125,1.0,0.1875
25,B-bin/A-base,172,"(.5,.75]",0.5625,0.5625,0.875,0.3125,0.625,0.875,0.25,0.875,1.0,0.125
25,A-bin/B-base,173,"(0,.25]",0.125,0.0,0.0,0.0,0.0,0.1875,0.1875,0.0,0.0625,0.0625
25,B-bin/A-base,173,0,0.0,0.125,0.0,-0.125,0.1875,0.1875,0.0,0.25,0.0625,-0.1875
25,A-bin/B-base,174,"(.5,.75]",0.625,0.5,0.75,0.25,0.625,0.8125,0.1875,0.75,0.75,0.0
25,B-bin/A-base,174,"(.25,.5]",0.5,0.625,0.75,0.125,0.6875,0.8125,0.125,0.8125,0.75,-0.0625
25,A-bin/B-base,175,"(0,.25]",0.0625,0.1875,0.375,0.1875,0.1875,0.5,0.3125,0.5,0.6875,0.1875
25,B-bin/A-base,175,"(0,.25]",0.1875,0.0625,0.375,0.3125,0.0625,0.5,0.4375,0.4375,0.6875,0.25
25,A-bin/B-base,176,1,1.0,0.8125,0.875,0.0625,0.8125,0.875,0.0625,0.9375,0.9375,0.0
25,B-bin/A-base,176,"(.75,1)",0.8125,1.0,0.875,-0.125,1.0,0.875,-0.125,1.0,0.9375,-0.0625
25,A-bin/B-base,177,"(.25,.5]",0.375,0.3125,0.1875,-0.125,0.375,0.6875,0.3125,0.375,0.1875,-0.1875
25,B-bin/A-base,177,"(.25,.5]",0.3125,0.375,0.1875,-0.1875,0.625,0.6875,0.0625,0.5625,0.1875,-0.375
25,A-bin/B-base,178,"(.25,.5]",0.5,0.5,0.5625,0.0625,0.5625,0.75,0.1875,0.6875,0.6875,0.0
25,B-bin/A-base,178,"(.25,.5]",0.5,0.5,0.5625,0.0625,0.5625,0.75,0.1875,0.75,0.6875,-0.0625
25,A-bin/B-base,179,"(.25,.5]",0.3125,0.5625,0.625,0.0625,0.6875,0.8125,0.125,0.625,0.6875,0.0625
25,B-bin/A-base,179,"(.5,.75]",0.5625,0.3125,0.625,0.3125,0.375,0.8125,0.4375,0.6875,0.6875,0.0
25,A-bin/B-base,180,"(.75,1)",0.875,0.75,0.8125,0.0625,0.75,0.875,0.125,0.9375,0.875,-0.0625
25,B-bin/A-base,180,"(.5,.75]",0.75,0.875,0.8125,-0.0625,0.875,0.875,0.0,0.9375,0.875,-0.0625
25,A-bin/B-base,181,"(0,.25]",0.125,0.0625,0.0625,0.0,0.125,0.25,0.125,0.125,0.125,0.0
25,B-bin/A-base,181,"(0,.25]",0.0625,0.125,0.0625,-0.0625,0.25,0.25,0.0,0.375,0.125,-0.25
25,A-bin/B-base,182,"(0,.25]",0.25,0.0625,0.25,0.1875,0.375,0.5625,0.1875,0.125,0.3125,0.1875
25,B-bin/A-base,182,"(0,.25]",0.0625,0.25,0.25,0.0,0.4375,0.5625,0.125,0.25,0.3125,0.0625
25,A-bin/B-base,183,"(0,.25]",0.0625,0.0625,0.3125,0.25,0.125,0.375,0.25,0.25,0.625,0.375
25,B-bin/A-base,183,"(0,.25]",0.0625,0.0625,0.3125,0.25,0.1875,0.375,0.1875,0.1875,0.625,0.4375
25,A-bin/B-base,184,0,0.0,0.125,0.125,0.0,0.4375,0.4375,0.0,0.125,0.1875,0.0625
25,B-bin/A-base,184,"(0,.25]",0.125,0.0,0.125,0.125,0.0625,0.4375,0.375,0.0625,0.1875,0.125
25,A-bin/B-base,185,"(.75,1)",0.8125,0.875,0.875,0.0,0.875,0.9375,0.0625,1.0,0.9375,-0.0625
25,B-bin/A-base,185,"(.75,1)",0.875,0.8125,0.875,0.0625,0.8125,0.9375,0.125,0.9375,0.9375,0.0
25,A-bin/B-base,186,"(.5,.75]",0.625,0.625,0.9375,0.3125,0.6875,1.0,0.3125,0.8125,0.9375,0.125
25,B-bin/A-base,186,"(.5,.75]",0.625,0.625,0.9375,0.3125,0.6875,1.0,0.3125,0.9375,0.9375,0.0
25,A-bin/B-base,187,"(0,.25]",0.0625,0.0,0.0,0.0,0.0625,0.25,0.1875,0.0625,0.0,-0.0625
25,B-bin/A-base,187,0,0.0,0.0625,0.0,-0.0625,0.0625,0.25,0.1875,0.0625,0.0,-0.0625
25,A-bin/B-base,188,"(.75,1)",0.875,0.9375,0.8125,-0.125,0.9375,0.9375,0.0,1.0,0.875,-0.125
25,B-bin/A-base,188,"(.75,1)",0.9375,0.875,0.8125,-0.0625,0.875,0.9375,0.0625,1.0,0.875,-0.125
25,A-bin/B-base,189,"(0,.25]",0.25,0.1875,0.4375,0.25,0.3125,0.5,0.1875,0.5625,0.5625,0.0
25,B-bin/A-base,189,"(0,.25]",0.1875,0.25,0.4375,0.1875,0.375,0.5,0.125,0.375,0.5625,0.1875
25,A-bin/B-base,190,"(0,.25]",0.125,0.0,0.25,0.25,0.125,0.8125,0.6875,0.0625,0.25,0.1875
25,B-bin/A-base,190,0,0.0,0.125,0.25,0.125,0.375,0.8125,0.4375,0.3125,0.25,-0.0625
25,A-bin/B-base,191,0,0.0,0.0,0.0625,0.0625,0.1875,0.5,0.3125,0.0625,0.125,0.0625
25,B-bin/A-base,191,0,0.0,0.0,0.0625,0.0625,0.125,0.5,0.375,0.0625,0.125,0.0625
25,A-bin/B-base,192,"(0,.25]",0.25,0.3125,0.3125,0.0,0.375,0.4375,0.0625,0.4375,0.375,-0.0625
25,B-bin/A-base,192,"(.25,.5]",0.3125,0.25,0.3125,0.0625,0.25,0.4375,0.1875,0.625,0.375,-0.25
25,A-bin/B-base,193,"(.25,.5]",0.5,0.1875,0.5625,0.375,0.4375,0.625,0.1875,0.3125,0.75,0.4375
25,B-bin/A-base,193,"(0,.25]",0.1875,0.5,0.5625,0.0625,0.5625,0.625,0.0625,0.5,0.75,0.25
25,A-bin/B-base,194,"(0,.25]",0.25,0.25,0.4375,0.1875,0.5625,0.875,0.3125,0.375,0.4375,0.0625
25,B-bin/A-base,194,"(0,.25]",0.25,0.25,0.4375,0.1875,0.4375,0.875,0.4375,0.375,0.4375,0.0625
25,A-bin/B-base,195,"(.5,.75]",0.5625,0.6875,0.8125,0.125,0.6875,0.8125,0.125,0.9375,1.0,0.0625
25,B-bin/A-base,195,"(.5,.75]",0.6875,0.5625,0.8125,0.25,0.5625,0.8125,0.25,0.875,1.0,0.125
25,A-bin/B-base,196,"(.25,.5]",0.5,0.625,0.6875,0.0625,0.6875,0.6875,0.0,0.875,0.9375,0.0625
25,B-bin/A-base,196,"(.5,.75]",0.625,0.5,0.6875,0.1875,0.5625,0.6875,0.125,0.75,0.9375,0.1875
25,A-bin/B-base,197,"(0,.25]",0.1875,0.3125,0.25,-0.0625,0.375,0.5,0.125,0.75,0.4375,-0.3125
25,B-bin/A-base,197,"(.25,.5]",0.3125,0.1875,0.25,0.0625,0.1875,0.5,0.3125,0.5,0.4375,-0.0625
25,A-bin/B-base,198,"(0,.25]",0.1875,0.125,0.0,-0.125,0.1875,0.1875,0.0,0.125,0.1875,0.0625
25,B-bin/A-base,198,"(0,.25]",0.125,0.1875,0.0,-0.1875,0.1875,0.1875,0.0,0.1875,0.1875,0.0
25,A-bin/B-base,199,"(0,.25]",0.1875,0.0,0.0,0.0,0.0,0.25,0.25,0.0,0.0625,0.0625
25,B-bin/A-base,199,0,0.0,0.1875,0.0,-0.1875,0.1875,0.25,0.0625,0.3125,0.0625,-0.25
25,A-bin/B-base,200,"(.25,.5]",0.375,0.6875,0.5625,-0.125,0.6875,0.6875,0.0,0.8125,0.5625,-0.25
25,B-bin/A-base,200,"(.5,.75]",0.6875,0.375,0.5625,0.1875,0.4375,0.6875,0.25,0.625,0.5625,-0.0625
25,A-bin/B-base,201,"(0,.25]",0.0625,0.0625,0.125,0.0625,0.1875,0.3125,0.125,0.125,0.1875,0.0625
25,B-bin/A-base,201,"(0,.25]",0.0625,0.0625,0.125,0.0625,0.25,0.3125,0.0625,0.125,0.1875,0.0625
25,A-bin/B-base,202,"(.75,1)",0.875,0.875,0.875,0.0,0.9375,0.9375,0.0,0.9375,0.9375,0.0
25,B-bin/A-base,202,"(.75,1)",0.875,0.875,0.875,0.0,0.875,0.9375,0.0625,1.0,0.9375,-0.0625
25,A-bin/B-base,203,"(.75,1)",0.8125,0.8125,0.9375,0.125,0.8125,1.0,0.1875,0.9375,0.9375,0.0
25,B-bin/A-base,203,"(.75,1)",0.8125,0.8125,0.9375,0.125,0.875,1.0,0.125,0.9375,0.9375,0.0
25,A-bin/B-base,204,"(0,.25]",0.25,0.375,0.4375,0.0625,0.4375,0.75,0.3125,0.5,0.4375,-0.0625
25,B-bin/A-base,204,"(.25,.5]",0.375,0.25,0.4375,0.1875,0.3125,0.75,0.4375,0.4375,0.4375,0.0
25,A-bin/B-base,205,"(0,.25]",0.125,0.25,0.25,0.0,0.375,0.6875,0.3125,0.25,0.25,0.0
25,B-bin/A-base,205,"(0,.25]",0.25,0.125,0.25,0.125,0.375,0.6875,0.3125,0.125,0.25,0.125
25,A-bin/B-base,206,"(0,.25]",0.25,0.4375,0.375,-0.0625,0.4375,0.5625,0.125,0.5625,0.6875,0.125
25,B-bin/A-base,206,"(.25,.5]",0.4375,0.25,0.375,0.125,0.25,0.5625,0.3125,0.6875,0.6875,0.0
25,A-bin/B-base,207,"(.25,.5]",0.5,0.5625,0.6875,0.125,0.625,0.9375,0.3125,0.75,0.6875,-0.0625
25,B-bin/A-base,207,"(.5,.75]",0.5625,0.5,0.6875,0.1875,0.5625,0.9375,0.375,0.6875,0.6875,0.0
25,A-bin/B-base,208,"(.5,.75]",0.6875,0.75,0.9375,0.1875,0.75,1.0,0.25,0.9375,0.9375,0.0
25,B-bin/A-base,208,"(.5,.75]",0.75,0.6875,0.9375,0.25,0.6875,1.0,0.3125,0.875,0.9375,0.0625
25,A-bin/B-base,209,"(.5,.75]",0.5625,0.5,0.6875,0.1875,0.5,0.6875,0.1875,0.8125,0.8125,0.0
25,B-bin/A-base,209,"(.25,.5]",0.5,0.5625,0.6875,0.125,0.625,0.6875,0.0625,0.625,0.8125,0.1875
25,A-bin/B-base,210,"(.25,.5]",0.3125,0.25,0.3125,0.0625,0.375,0.375,0.0,0.6875,0.5625,-0.125
25,B-bin/A-base,210,"(0,.25]",0.25,0.3125,0.3125,0.0,0.375,0.375,0.0,0.4375,0.5625,0.125
25,A-bin/B-base,211,"(0,.25]",0.0625,0.125,0.1875,0.0625,0.5,0.75,0.25,0.1875,0.1875,0.0
25,B-bin/A-base,211,"(0,.25]",0.125,0.0625,0.1875,0.125,0.4375,0.75,0.3125,0.3125,0.1875,-0.125
25,A-bin/B-base,212,0,0.0,0.0,0.0,0.0,0.0,0.0,0.0,0.25,0.0625,-0.1875
25,B-bin/A-base,212,0,0.0,0.0,0.0,0.0,0.0625,0.0,-0.0625,0.125,0.0625,-0.0625
25,A-bin/B-base,213,"(.5,.75]",0.5625,0.625,0.75,0.125,0.6875,0.8125,0.125,0.8125,0.8125,0.0
25,B-bin/A-base,213,"(.5,.75]",0.625,0.5625,0.75,0.1875,0.5625,0.8125,0.25,0.75,0.8125,0.0625
25,A-bin/B-base,214,"(0,.25]",0.0625,0.0,0.0,0.0,0.375,0.5,0.125,0.0,0.0625,0.0625
25,B-bin/A-base,214,0,0.0,0.0625,0.0,-0.0625,0.3125,0.5,0.1875,0.0625,0.0625,0.0
25,A-bin/B-base,215,"(.25,.5]",0.5,0.75,0.9375,0.1875,0.75,1.0,0.25,0.9375,0.9375,0.0
25,B-bin/A-base,215,"(.5,.75]",0.75,0.5,0.9375,0.4375,0.5625,1.0,0.4375,0.875,0.9375,0.0625
25,A-bin/B-base,216,"(.5,.75]",0.75,0.5,0.8125,0.3125,0.5,0.8125,0.3125,0.8125,0.875,0.0625
25,B-bin/A-base,216,"(.25,.5]",0.5,0.75,0.8125,0.0625,0.75,0.8125,0.0625,1.0,0.875,-0.125
25,A-bin/B-base,217,"(0,.25]",0.1875,0.0625,0.375,0.3125,0.0625,0.375,0.3125,0.3125,0.5,0.1875
25,B-bin/A-base,217,"(0,.25]",0.0625,0.1875,0.375,0.1875,0.1875,0.375,0.1875,0.375,0.5,0.125
25,A-bin/B-base,218,"(0,.25]",0.125,0.125,0.0625,-0.0625,0.75,0.8125,0.0625,0.1875,0.0625,-0.125
25,B-bin/A-base,218,"(0,.25]",0.125,0.125,0.0625,-0.0625,0.4375,0.8125,0.375,0.1875,0.0625,-0.125
25,A-bin/B-base,219,"(0,.25]",0.0625,0.0,0.0625,0.0625,0.125,0.375,0.25,0.1875,0.1875,0.0
25,B-bin/A-base,219,0,0.0,0.0625,0.0625,0.0,0.3125,0.375,0.0625,0.3125,0.1875,-0.125
25,A-bin/B-base,220,"(0,.25]",0.0625,0.125,0.25,0.125,0.125,0.375,0.25,0.3125,0.3125,0.0
25,B-bin/A-base,220,"(0,.25]",0.125,0.0625,0.25,0.1875,0.125,0.375,0.25,0.25,0.3125,0.0625
25,A-bin/B-base,221,"(.75,1)",0.875,0.875,0.9375,0.0625,0.875,0.9375,0.0625,0.9375,1.0,0.0625
25,B-bin/A-base,221,"(.75,1)",0.875,0.875,0.9375,0.0625,0.875,0.9375,0.0625,1.0,1.0,0.0
25,A-bin/B-base,222,"(0,.25]",0.25,0.4375,0.5625,0.125,0.5,0.625,0.125,0.5,0.6875,0.1875
25,B-bin/A-base,222,"(.25,.5]",0.4375,0.25,0.5625,0.3125,0.5,0.625,0.125,0.375,0.6875,0.3125
25,A-bin/B-base,223,"(0,.25]",0.125,0.0625,0.25,0.1875,0.125,0.5625,0.4375,0.3125,0.3125,0.0
25,B-bin/A-base,223,"(0,.25]",0.0625,0.125,0.25,0.125,0.3125,0.5625,0.25,0.1875,0.3125,0.125
25,A-bin/B-base,224,0,0.0,0.0,0.125,0.125,0.0,0.25,0.25,0.25,0.25,0.0
25,B-bin/A-base,224,0,0.0,0.0,0.125,0.125,0.1875,0.25,0.0625,0.0625,0.25,0.1875
25,A-bin/B-base,225,"(0,.25]",0.0625,0.0,0.0625,0.0625,0.0625,0.25,0.1875,0.1875,0.1875,0.0
25,B-bin/A-base,225,0,0.0,0.0625,0.0625,0.0,0.125,0.25,0.125,0.125,0.1875,0.0625
25,A-bin/B-base,226,"(0,.25]",0.1875,0.4375,0.3125,-0.125,0.5625,0.5625,0.0,0.625,0.375,-0.25
25,B-bin/A-base,226,"(.25,.5]",0.4375,0.1875,0.3125,0.125,0.3125,0.5625,0.25,0.25,0.375,0.125
25,A-bin/B-base,227,"(.5,.75]",0.625,0.75,0.8125,0.0625,0.8125,0.875,0.0625,0.875,0.9375,0.0625
25,B-bin/A-base,227,"(.5,.75]",0.75,0.625,0.8125,0.1875,0.625,0.875,0.25,0.9375,0.9375,0.0
25,A-bin/B-base,228,"(0,.25]",0.125,0.0,0.1875,0.1875,0.5625,0.875,0.3125,0.0625,0.1875,0.125
25,B-bin/A-base,228,0,0.0,0.125,0.1875,0.0625,0.6875,0.875,0.1875,0.1875,0.1875,0.0
25,A-bin/B-base,229,"(0,.25]",0.1875,0.0625,0.25,0.1875,0.6875,0.9375,0.25,0.125,0.25,0.125
25,B-bin/A-base,229,"(0,.25]",0.0625,0.1875,0.25,0.0625,0.75,0.9375,0.1875,0.1875,0.25,0.0625
25,A-bin/B-base,230,"(0,.25]",0.125,0.0625,0.0,-0.0625,0.25,0.4375,0.1875,0.125,0.0625,-0.0625
25,B-bin/A-base,230,"(0,.25]",0.0625,0.125,0.0,-0.125,0.4375,0.4375,0.0,0.125,0.0625,-0.0625
25,A-bin/B-base,231,"(0,.25]",0.0625,0.125,0.125,0.0,0.1875,0.25,0.0625,0.125,0.1875,0.0625
25,B-bin/A-base,231,"(0,.25]",0.125,0.0625,0.125,0.0625,0.125,0.25,0.125,0.125,0.1875,0.0625
25,A-bin/B-base,232,0,0.0,0.0,0.0,0.0,0.4375,0.375,-0.0625,0.0,0.0,0.0
25,B-bin/A-base,232,0,0.0,0.0,0.0,0.0,0.375,0.375,0.0,0.0,0.0,0.0
25,A-bin/B-base,233,"(.25,.5]",0.5,0.375,0.375,0.0,0.6875,0.875,0.1875,0.4375,0.375,-0.0625
25,B-bin/A-base,233,"(.25,.5]",0.375,0.5,0.375,-0.125,0.75,0.875,0.125,0.625,0.375,-0.25
25,A-bin/B-base,234,0,0.0,0.0,0.0,0.0,0.125,0.375,0.25,0.0,0.0,0.0
25,B-bin/A-base,234,0,0.0,0.0,0.0,0.0,0.125,0.375,0.25,0.0,0.0,0.0
25,A-bin/B-base,235,"(0,.25]",0.0625,0.125,0.125,0.0,0.3125,0.5,0.1875,0.375,0.125,-0.25
25,B-bin/A-base,235,"(0,.25]",0.125,0.0625,0.125,0.0625,0.0625,0.5,0.4375,0.1875,0.125,-0.0625
25,A-bin/B-base,236,"(.75,1)",0.9375,0.75,0.75,0.0,0.75,0.8125,0.0625,0.8125,0.8125,0.0
25,B-bin/A-base,236,"(.5,.75]",0.75,0.9375,0.75,-0.1875,0.9375,0.8125,-0.125,1.0,0.8125,-0.1875
25,A-bin/B-base,237,"(0,.25]",0.0625,0.0,0.0,0.0,0.125,0.1875,0.0625,0.0625,0.0,-0.0625
25,B-bin/A-base,237,0,0.0,0.0625,0.0,-0.0625,0.0625,0.1875,0.125,0.0625,0.0,-0.0625
25,A-bin/B-base,238,"(.25,.5]",0.375,0.4375,0.75,0.3125,0.5,0.75,0.25,0.75,0.8125,0.0625
25,B-bin/A-base,238,"(.25,.5]",0.4375,0.375,0.75,0.375,0.4375,0.75,0.3125,0.875,0.8125,-0.0625
25,A-bin/B-base,239,"(0,.25]",0.25,0.125,0.1875,0.0625,0.125,0.3125,0.1875,0.125,0.3125,0.1875
25,B-bin/A-base,239,"(0,.25]",0.125,0.25,0.1875,-0.0625,0.25,0.3125,0.0625,0.375,0.3125,-0.0625
25,A-bin/B-base,240,"(.25,.5]",0.5,0.625,0.875,0.25,0.625,0.9375,0.3125,1.0,0.9375,-0.0625
25,B-bin/A-base,240,"(.5,.75]",0.625,0.5,0.875,0.375,0.5625,0.9375,0.375,0.8125,0.9375,0.125
25,A-bin/B-base,241,"(.5,.75]",0.625,0.3125,0.75,0.4375,0.3125,0.875,0.5625,0.6875,0.8125,0.125
25,B-bin/A-base,241,"(.25,.5]",0.3125,0.625,0.75,0.125,0.6875,0.875,0.1875,0.6875,0.8125,0.125
25,A-bin/B-base,242,"(.5,.75]",0.75,0.375,0.6875,0.3125,0.375,0.6875,0.3125,0.6875,0.8125,0.125
25,B-bin/A-base,242,"(.25,.5]",0.375,0.75,0.6875,-0.0625,0.8125,0.6875,-0.125,0.9375,0.8125,-0.125
25,A-bin/B-base,243,"(0,.25]",0.0625,0.0625,0.25,0.1875,0.125,0.6875,0.5625,0.0625,0.25,0.1875
25,B-bin/A-base,243,"(0,.25]",0.0625,0.0625,0.25,0.1875,0.4375,0.6875,0.25,0.1875,0.25,0.0625
25,A-bin/B-base,244,"(.75,1)",0.875,0.75,1.0,0.25,0.75,1.0,0.25,0.9375,1.0,0.0625
25,B-bin/A-base,244,"(.5,.75]",0.75,0.875,1.0,0.125,0.875,1.0,0.125,0.9375,1.0,0.0625
25,A-bin/B-base,245,"(.25,.5]",0.375,0.375,0.6875,0.3125,0.4375,0.75,0.3125,0.625,0.8125,0.1875
25,B-bin/A-base,245,"(.25,.5]",0.375,0.375,0.6875,0.3125,0.5,0.75,0.25,0.5625,0.8125,0.25
25,A-bin/B-base,246,"(0,.25]",0.0625,0.0625,0.125,0.0625,0.0625,0.5,0.4375,0.125,0.3125,0.1875
25,B-bin/A-base,246,"(0,.25]",0.0625,0.0625,0.125,0.0625,0.125,0.5,0.375,0.125,0.3125,0.1875
25,A-bin/B-base,247,0,0.0,0.0,0.0625,0.0625,0.25,0.25,0.0,0.0625,0.125,0.0625
25,B-bin/A-base,247,0,0.0,0.0,0.0625,0.0625,0.25,0.25,0.0,0.125,0.125,0.0
25,A-bin/B-base,248,0,0.0,0.0,0.125,0.125,0.0625,0.4375,0.375,0.0625,0.1875,0.125
25,B-bin/A-base,248,0,0.0,0.0,0.125,0.125,0.1875,0.4375,0.25,0.0625,0.1875,0.125
25,A-bin/B-base,249,"(.5,.75]",0.625,0.75,0.8125,0.0625,0.75,0.8125,0.0625,0.875,1.0,0.125
25,B-bin/A-base,249,"(.5,.75]",0.75,0.625,0.8125,0.1875,0.625,0.8125,0.1875,0.875,1.0,0.125
25,A-bin/B-base,250,0,0.0,0.125,0.25,0.125,0.4375,0.8125,0.375,0.3125,0.3125,0.0
25,B-bin/A-base,250,"(0,.25]",0.125,0.0,0.25,0.25,0.25,0.8125,0.5625,0.0625,0.3125,0.25
25,A-bin/B-base,251,"(0,.25]",0.1875,0.125,0.0,-0.125,0.375,0.25,-0.125,0.125,0.0625,-0.0625
25,B-bin/A-base,251,"(0,.25]",0.125,0.1875,0.0,-0.1875,0.4375,0.25,-0.1875,0.3125,0.0625,-0.25
25,A-bin/B-base,252,"(.5,.75]",0.5625,0.8125,0.875,0.0625,0.8125,0.9375,0.125,1.0,0.9375,-0.0625
25,B-bin/A-base,252,"(.75,1)",0.8125,0.5625,0.875,0.3125,0.5625,0.9375,0.375,0.8125,0.9375,0.125
25,A-bin/B-base,253,0,0.0,0.125,0.0625,-0.0625,0.125,0.1875,0.0625,0.4375,0.4375,0.0
25,B-bin/A-base,253,"(0,.25]",0.125,0.0,0.0625,0.0625,0.0,0.1875,0.1875,0.125,0.4375,0.3125
25,A-bin/B-base,254,"(.25,.5]",0.3125,0.25,0.75,0.5,0.3125,0.75,0.4375,0.625,0.75,0.125
25,B-bin/A-base,254,"(0,.25]",0.25,0.3125,0.75,0.4375,0.3125,0.75,0.4375,0.5625,0.75,0.1875
25,A-bin/B-base,255,"(.5,.75]",0.625,0.6875,0.875,0.1875,0.75,0.9375,0.1875,0.8125,0.875,0.0625
25,B-bin/A-base,255,"(.5,.75]",0.6875,0.625,0.875,0.25,0.75,0.9375,0.1875,0.8125,0.875,0.0625
30,A-bin/B-base,0,"(.75,1)",0.8125,0.875,1.0,0.125,0.875,1.0,0.125,0.9375,1.0,0.0625
30,B-bin/A-base,0,"(.75,1)",0.875,0.8125,1.0,0.1875,0.8125,1.0,0.1875,0.8125,1.0,0.1875
30,A-bin/B-base,1,"(0,.25]",0.25,0.3125,0.75,0.4375,0.5,0.75,0.25,0.5,0.875,0.375
30,B-bin/A-base,1,"(.25,.5]",0.3125,0.25,0.75,0.5,0.3125,0.75,0.4375,0.4375,0.875,0.4375
30,A-bin/B-base,2,"(0,.25]",0.125,0.4375,0.5,0.0625,0.5625,0.5625,0.0,0.5625,0.75,0.1875
30,B-bin/A-base,2,"(.25,.5]",0.4375,0.125,0.5,0.375,0.1875,0.5625,0.375,0.5,0.75,0.25
30,A-bin/B-base,3,"(.5,.75]",0.5625,0.6875,0.75,0.0625,0.6875,0.875,0.1875,0.875,0.8125,-0.0625
30,B-bin/A-base,3,"(.5,.75]",0.6875,0.5625,0.75,0.1875,0.625,0.875,0.25,0.75,0.8125,0.0625
30,A-bin/B-base,4,"(0,.25]",0.125,0.375,0.4375,0.0625,0.5,0.875,0.375,0.4375,0.5,0.0625
30,B-bin/A-base,4,"(.25,.5]",0.375,0.125,0.4375,0.3125,0.4375,0.875,0.4375,0.1875,0.5,0.3125
30,A-bin/B-base,5,"(.25,.5]",0.375,0.625,0.75,0.125,0.6875,0.8125,0.125,0.8125,0.9375,0.125
30,B-bin/A-base,5,"(.5,.75]",0.625,0.375,0.75,0.375,0.4375,0.8125,0.375,0.6875,0.9375,0.25
30,A-bin/B-base,6,"(.5,.75]",0.6875,0.625,0.875,0.25,0.625,0.9375,0.3125,0.875,0.875,0.0
30,B-bin/A-base,6,"(.5,.75]",0.625,0.6875,0.875,0.1875,0.75,0.9375,0.1875,0.875,0.875,0.0
30,A-bin/B-base,7,0,0.0,0.0,0.3125,0.3125,0.125,0.5,0.375,0.0,0.375,0.375
30,B-bin/A-base,7,0,0.0,0.0,0.3125,0.3125,0.0,0.5,0.5,0.0,0.375,0.375
30,A-bin/B-base,8,"(0,.25]",0.1875,0.125,0.125,0.0,0.3125,0.5,0.1875,0.1875,0.25,0.0625
30,B-bin/A-base,8,"(0,.25]",0.125,0.1875,0.125,-0.0625,0.375,0.5,0.125,0.3125,0.25,-0.0625
30,A-bin/B-base,9,"(0,.25]",0.1875,0.0,0.125,0.125,0.25,0.6875,0.4375,0.0,0.125,0.125
30,B-bin/A-base,9,0,0.0,0.1875,0.125,-0.0625,0.5,0.6875,0.1875,0.25,0.125,-0.125
30,A-bin/B-base,10,0,0.0,0.0625,0.0,-0.0625,0.125,0.0625,-0.0625,0.125,0.0625,-0.0625
30,B-bin/A-base,10,"(0,.25]",0.0625,0.0,0.0,0.0,0.0,0.0625,0.0625,0.0625,0.0625,0.0
30,A-bin/B-base,11,0,0.0,0.0625,0.0625,0.0,0.0625,0.125,0.0625,0.0625,0.0625,0.0
30,B-bin/A-base,11,"(0,.25]",0.0625,0.0,0.0625,0.0625,0.0,0.125,0.125,0.0,0.0625,0.0625
30,A-bin/B-base,12,"(.25,.5]",0.4375,0.625,0.9375,0.3125,0.625,0.9375,0.3125,0.8125,0.9375,0.125
30,B-bin/A-base,12,"(.5,.75]",0.625,0.4375,0.9375,0.5,0.4375,0.9375,0.5,0.875,0.9375,0.0625
30,A-bin/B-base,13,"(0,.25]",0.1875,0.0625,0.25,0.1875,0.25,0.5,0.25,0.25,0.3125,0.0625
30,B-bin/A-base,13,"(0,.25]",0.0625,0.1875,0.25,0.0625,0.4375,0.5,0.0625,0.3125,0.3125,0.0
30,A-bin/B-base,14,"(0,.25]",0.25,0.1875,0.3125,0.125,0.375,0.375,0.0,0.5625,0.75,0.1875
30,B-bin/A-base,14,"(0,.25]",0.1875,0.25,0.3125,0.0625,0.3125,0.375,0.0625,0.4375,0.75,0.3125
30,A-bin/B-base,15,0,0.0,0.0,0.0,0.0,0.5,0.5,0.0,0.0,0.0,0.0
30,B-bin/A-base,15,0,0.0,0.0,0.0,0.0,0.0,0.5,0.5,0.0,0.0,0.0
30,A-bin/B-base,16,"(0,.25]",0.125,0.125,0.625,0.5,0.25,0.75,0.5,0.1875,0.75,0.5625
30,B-bin/A-base,16,"(0,.25]",0.125,0.125,0.625,0.5,0.125,0.75,0.625,0.1875,0.75,0.5625
30,A-bin/B-base,17,"(0,.25]",0.125,0.0625,0.125,0.0625,0.1875,0.5625,0.375,0.1875,0.1875,0.0
30,B-bin/A-base,17,"(0,.25]",0.0625,0.125,0.125,0.0,0.375,0.5625,0.1875,0.1875,0.1875,0.0
30,A-bin/B-base,18,"(0,.25]",0.1875,0.0,0.0,0.0,0.1875,0.625,0.4375,0.125,0.0,-0.125
30,B-bin/A-base,18,0,0.0,0.1875,0.0,-0.1875,0.25,0.625,0.375,0.3125,0.0,-0.3125
30,A-bin/B-base,19,"(0,.25]",0.25,0.1875,0.1875,0.0,0.25,0.625,0.375,0.375,0.25,-0.125
30,B-bin/A-base,19,"(0,.25]",0.1875,0.25,0.1875,-0.0625,0.375,0.625,0.25,0.5,0.25,-0.25
30,A-bin/B-base,20,"(.75,1)",0.8125,0.875,0.9375,0.0625,0.875,0.9375,0.0625,1.0,1.0,0.0
30,B-bin/A-base,20,"(.75,1)",0.875,0.8125,0.9375,0.125,0.8125,0.9375,0.125,1.0,1.0,0.0
30,A-bin/B-base,21,"(0,.25]",0.125,0.125,0.25,0.125,0.125,0.625,0.5,0.25,0.375,0.125
30,B-bin/A-base,21,"(0,.25]",0.125,0.125,0.25,0.125,0.1875,0.625,0.4375,0.125,0.375,0.25
30,A-bin/B-base,22,0,0.0,0.0,0.125,0.125,0.25,0.375,0.125,0.0625,0.125,0.0625
30,B-bin/A-base,22,0,0.0,0.0,0.125,0.125,0.1875,0.375,0.1875,0.25,0.125,-0.125
30,A-bin/B-base,23,"(.5,.75]",0.5625,0.5,0.8125,0.3125,0.5625,0.8125,0.25,0.8125,0.875,0.0625
30,B-bin/A-base,23,"(.25,.5]",0.5,0.5625,0.8125,0.25,0.5625,0.8125,0.25,0.6875,0.875,0.1875
30,A-bin/B-base,24,"(.5,.75]",0.625,0.5625,0.75,0.1875,0.5625,0.8125,0.25,0.6875,0.9375,0.25
30,B-bin/A-base,24,"(.5,.75]",0.5625,0.625,0.75,0.125,0.625,0.8125,0.1875,0.625,0.9375,0.3125
30,A-bin/B-base,25,"(.25,.5]",0.375,0.3125,0.625,0.3125,0.4375,0.6875,0.25,0.5625,0.8125,0.25
30,B-bin/A-base,25,"(.25,.5]",0.3125,0.375,0.625,0.25,0.4375,0.6875,0.25,0.625,0.8125,0.1875
30,A-bin/B-base,26,"(.5,.75]",0.6875,0.625,0.75,0.125,0.75,0.8125,0.0625,0.8125,0.8125,0.0
30,B-bin/A-base,26,"(.5,.75]",0.625,0.6875,0.75,0.0625,0.6875,0.8125,0.125,1.0,0.8125,-0.1875
30,A-bin/B-base,27,"(0,.25]",0.0625,0.0625,0.1875,0.125,0.3125,0.5,0.1875,0.1875,0.25,0.0625
30,B-bin/A-base,27,"(0,.25]",0.0625,0.0625,0.1875,0.125,0.125,0.5,0.375,0.125,0.25,0.125
30,A-bin/B-base,28,"(.5,.75]",0.5625,0.5625,0.875,0.3125,0.5625,0.9375,0.375,0.9375,0.9375,0.0
30,B-bin/A-base,28,"(.5,.75]",0.5625,0.5625,0.875,0.3125,0.5625,0.9375,0.375,0.9375,0.9375,0.0
30,A-bin/B-base,29,"(0,.25]",0.125,0.1875,0.125,-0.0625,0.3125,0.5,0.1875,0.3125,0.1875,-0.125
30,B-bin/A-base,29,"(0,.25]",0.1875,0.125,0.125,0.0,0.3125,0.5,0.1875,0.1875,0.1875,0.0
30,A-bin/B-base,30,"(0,.25]",0.0625,0.0625,0.3125,0.25,0.0625,0.5,0.4375,0.25,0.375,0.125
30,B-bin/A-base,30,"(0,.25]",0.0625,0.0625,0.3125,0.25,0.1875,0.5,0.3125,0.1875,0.375,0.1875
30,A-bin/B-base,31,"(.25,.5]",0.375,0.125,0.375,0.25,0.1875,0.75,0.5625,0.25,0.375,0.125
30,B-bin/A-base,31,"(0,.25]",0.125,0.375,0.375,0.0,0.5625,0.75,0.1875,0.5,0.375,-0.125
30,A-bin/B-base,32,"(0,.25]",0.0625,0.25,0.375,0.125,0.3125,0.5,0.1875,0.5,0.4375,-0.0625
30,B-bin/A-base,32,"(0,.25]",0.25,0.0625,0.375,0.3125,0.125,0.5,0.375,0.25,0.4375,0.1875
30,A-bin/B-base,33,"(.5,.75]",0.75,0.375,0.8125,0.4375,0.375,0.8125,0.4375,0.875,0.9375,0.0625
30,B-bin/A-base,33,"(.25,.5]",0.375,0.75,0.8125,0.0625,0.8125,0.8125,0.0,0.9375,0.9375,0.0
30,A-bin/B-base,34,"(.5,.75]",0.625,0.625,0.875,0.25,0.6875,0.875,0.1875,0.875,0.9375,0.0625
30,B-bin/A-base,34,"(.5,.75]",0.625,0.625,0.875,0.25,0.6875,0.875,0.1875,0.875,0.9375,0.0625
30,A-bin/B-base,35,"(.5,.75]",0.625,0.5625,0.75,0.1875,0.5625,0.9375,0.375,0.75,0.75,0.0
30,B-bin/A-base,35,"(.5,.75]",0.5625,0.625,0.75,0.125,0.875,0.9375,0.0625,0.6875,0.75,0.0625
30,A-bin/B-base,36,"(.5,.75]",0.75,0.8125,0.5625,-0.25,0.8125,0.625,-0.1875,0.875,0.9375,0.0625
30,B-bin/A-base,36,"(.75,1)",0.8125,0.75,0.5625,-0.1875,0.8125,0.625,-0.1875,0.875,0.9375,0.0625
30,A-bin/B-base,37,"(.25,.5]",0.5,0.6875,0.8125,0.125,0.6875,0.875,0.1875,0.8125,0.9375,0.125
30,B-bin/A-base,37,"(.5,.75]",0.6875,0.5,0.8125,0.3125,0.625,0.875,0.25,0.5625,0.9375,0.375
30,A-bin/B-base,38,"(0,.25]",0.125,0.0,0.1875,0.1875,0.25,0.4375,0.1875,0.0,0.3125,0.3125
30,B-bin/A-base,38,0,0.0,0.125,0.1875,0.0625,0.375,0.4375,0.0625,0.125,0.3125,0.1875
30,A-bin/B-base,39,"(.25,.5]",0.5,0.4375,0.5625,0.125,0.4375,0.75,0.3125,0.75,0.6875,-0.0625
30,B-bin/A-base,39,"(.25,.5]",0.4375,0.5,0.5625,0.0625,0.5,0.75,0.25,0.6875,0.6875,0.0
30,A-bin/B-base,40,0,0.0,0.125,0.25,0.125,0.3125,0.75,0.4375,0.25,0.25,0.0
30,B-bin/A-base,40,"(0,.25]",0.125,0.0,0.25,0.25,0.0,0.75,0.75,0.125,0.25,0.125
30,A-bin/B-base,41,"(.75,1)",0.8125,0.75,0.9375,0.1875,0.8125,0.9375,0.125,0.9375,0.9375,0.0
30,B-bin/A-base,41,"(.5,.75]",0.75,0.8125,0.9375,0.125,0.875,0.9375,0.0625,0.9375,0.9375,0.0
30,A-bin/B-base,42,0,0.0,0.0625,0.0,-0.0625,0.1875,0.25,0.0625,0.0625,0.1875,0.125
30,B-bin/A-base,42,"(0,.25]",0.0625,0.0,0.0,0.0,0.125,0.25,0.125,0.125,0.1875,0.0625
30,A-bin/B-base,43,0,0.0,0.0625,0.3125,0.25,0.375,0.6875,0.3125,0.3125,0.3125,0.0
30,B-bin/A-base,43,"(0,.25]",0.0625,0.0,0.3125,0.3125,0.375,0.6875,0.3125,0.0625,0.3125,0.25
30,A-bin/B-base,44,"(.5,.75]",0.625,0.75,0.75,0.0,0.875,0.875,0.0,0.75,0.8125,0.0625
30,B-bin/A-base,44,"(.5,.75]",0.75,0.625,0.75,0.125,0.6875,0.875,0.1875,0.8125,0.8125,0.0
30,A-bin/B-base,45,"(.5,.75]",0.625,0.5,0.625,0.125,0.5625,0.8125,0.25,0.75,0.75,0.0
30,B-bin/A-base,45,"(.25,.5]",0.5,0.625,0.625,0.0,0.625,0.8125,0.1875,0.8125,0.75,-0.0625
30,A-bin/B-base,46,"(.25,.5]",0.5,0.375,0.5625,0.1875,0.625,0.6875,0.0625,0.625,0.625,0.0
30,B-bin/A-base,46,"(.25,.5]",0.375,0.5,0.5625,0.0625,0.6875,0.6875,0.0,0.75,0.625,-0.125
30,A-bin/B-base,47,"(.25,.5]",0.5,0.75,0.75,0.0,0.75,0.8125,0.0625,0.9375,0.875,-0.0625
30,B-bin/A-base,47,"(.5,.75]",0.75,0.5,0.75,0.25,0.5,0.8125,0.3125,0.75,0.875,0.125
30,A-bin/B-base,48,"(.5,.75]",0.6875,0.6875,1.0,0.3125,0.6875,1.0,0.3125,1.0,1.0,0.0
30,B-bin/A-base,48,"(.5,.75]",0.6875,0.6875,1.0,0.3125,0.6875,1.0,0.3125,0.9375,1.0,0.0625
30,A-bin/B-base,49,"(.5,.75]",0.6875,0.875,0.9375,0.0625,0.875,0.9375,0.0625,0.875,1.0,0.125
30,B-bin/A-base,49,"(.75,1)",0.875,0.6875,0.9375,0.25,0.75,0.9375,0.1875,0.8125,1.0,0.1875
30,A-bin/B-base,50,0,0.0,0.0,0.0,0.0,0.0625,0.5,0.4375,0.0,0.0625,0.0625
30,B-bin/A-base,50,0,0.0,0.0,0.0,0.0,0.375,0.5,0.125,0.0,0.0625,0.0625
30,A-bin/B-base,51,"(.5,.75]",0.625,0.5,0.75,0.25,0.5,0.75,0.25,0.6875,0.75,0.0625
30,B-bin/A-base,51,"(.25,.5]",0.5,0.625,0.75,0.125,0.625,0.75,0.125,0.6875,0.75,0.0625
30,A-bin/B-base,52,"(.5,.75]",0.6875,0.5,0.6875,0.1875,0.5625,0.75,0.1875,0.625,0.8125,0.1875
30,B-bin/A-base,52,"(.25,.5]",0.5,0.6875,0.6875,0.0,0.75,0.75,0.0,0.75,0.8125,0.0625
30,A-bin/B-base,53,"(.5,.75]",0.75,0.75,0.6875,-0.0625,0.75,0.75,0.0,1.0,0.875,-0.125
30,B-bin/A-base,53,"(.5,.75]",0.75,0.75,0.6875,-0.0625,0.8125,0.75,-0.0625,0.9375,0.875,-0.0625
30,A-bin/B-base,54,"(0,.25]",0.1875,0.1875,0.5,0.3125,0.375,0.75,0.375,0.1875,0.5625,0.375
30,B-bin/A-base,54,"(0,.25]",0.1875,0.1875,0.5,0.3125,0.5625,0.75,0.1875,0.3125,0.5625,0.25
30,A-bin/B-base,55,"(.5,.75]",0.75,0.8125,0.9375,0.125,0.875,1.0,0.125,0.875,0.9375,0.0625
30,B-bin/A-base,55,"(.75,1)",0.8125,0.75,0.9375,0.1875,0.9375,1.0,0.0625,0.8125,0.9375,0.125
30,A-bin/B-base,56,"(.5,.75]",0.6875,0.6875,0.625,-0.0625,0.6875,0.75,0.0625,0.9375,0.6875,-0.25
30,B-bin/A-base,56,"(.5,.75]",0.6875,0.6875,0.625,-0.0625,0.75,0.75,0.0,0.875,0.6875,-0.1875
30,A-bin/B-base,57,"(0,.25]",0.1875,0.3125,0.625,0.3125,0.4375,0.75,0.3125,0.4375,0.75,0.3125
30,B-bin/A-base,57,"(.25,.5]",0.3125,0.1875,0.625,0.4375,0.375,0.75,0.375,0.375,0.75,0.375
30,A-bin/B-base,58,"(.25,.5]",0.375,0.5625,0.4375,-0.125,0.625,0.6875,0.0625,0.6875,0.5625,-0.125
30,B-bin/A-base,58,"(.5,.75]",0.5625,0.375,0.4375,0.0625,0.5625,0.6875,0.125,0.625,0.5625,-0.0625
30,A-bin/B-base,59,"(.25,.5]",0.3125,0.3125,0.4375,0.125,0.5,0.6875,0.1875,0.4375,0.5,0.0625
30,B-bin/A-base,59,"(.25,.5]",0.3125,0.3125,0.4375,0.125,0.5625,0.6875,0.125,0.375,0.5,0.125
30,A-bin/B-base,60,"(0,.25]",0.25,0.125,0.25,0.125,0.25,0.6875,0.4375,0.1875,0.3125,0.125
30,B-bin/A-base,60,"(0,.25]",0.125,0.25,0.25,0.0,0.375,0.6875,0.3125,0.3125,0.3125,0.0
30,A-bin/B-base,61,"(.25,.5]",0.5,0.125,0.3125,0.1875,0.25,0.625,0.375,0.4375,0.4375,0.0
30,B-bin/A-base,61,"(0,.25]",0.125,0.5,0.3125,-0.1875,0.625,0.625,0.0,0.625,0.4375,-0.1875
30,A-bin/B-base,62,"(.25,.5]",0.375,0.4375,0.5625,0.125,0.5625,0.6875,0.125,0.5625,0.5625,0.0
30,B-bin/A-base,62,"(.25,.5]",0.4375,0.375,0.5625,0.1875,0.5,0.6875,0.1875,0.4375,0.5625,0.125
30,A-bin/B-base,63,0,0.0,0.0,0.0,0.0,0.125,0.4375,0.3125,0.0,0.0,0.0
30,B-bin/A-base,63,0,0.0,0.0,0.0,0.0,0.0,0.4375,0.4375,0.0,0.0,0.0
30,A-bin/B-base,64,"(.25,.5]",0.4375,0.5,0.6875,0.1875,0.5,0.875,0.375,0.6875,0.6875,0.0
30,B-bin/A-base,64,"(.25,.5]",0.5,0.4375,0.6875,0.25,0.5,0.875,0.375,0.6875,0.6875,0.0
30,A-bin/B-base,65,"(.25,.5]",0.4375,0.375,0.6875,0.3125,0.5,0.9375,0.4375,0.6875,0.6875,0.0
30,B-bin/A-base,65,"(.25,.5]",0.375,0.4375,0.6875,0.25,0.625,0.9375,0.3125,0.5625,0.6875,0.125
30,A-bin/B-base,66,"(0,.25]",0.125,0.0,0.25,0.25,0.125,0.5,0.375,0.25,0.4375,0.1875
30,B-bin/A-base,66,0,0.0,0.125,0.25,0.125,0.125,0.5,0.375,0.3125,0.4375,0.125
30,A-bin/B-base,67,"(0,.25]",0.1875,0.0625,0.125,0.0625,0.0625,0.4375,0.375,0.1875,0.1875,0.0
30,B-bin/A-base,67,"(0,.25]",0.0625,0.1875,0.125,-0.0625,0.3125,0.4375,0.125,0.1875,0.1875,0.0
30,A-bin/B-base,68,"(.25,.5]",0.4375,0.25,0.4375,0.1875,0.25,0.5625,0.3125,0.3125,0.5625,0.25
30,B-bin/A-base,68,"(0,.25]",0.25,0.4375,0.4375,0.0,0.4375,0.5625,0.125,0.625,0.5625,-0.0625
30,A-bin/B-base,69,"(.5,.75]",0.625,0.5625,0.75,0.1875,0.625,0.875,0.25,0.6875,0.875,0.1875
30,B-bin/A-base,69,"(.5,.75]",0.5625,0.625,0.75,0.125,0.6875,0.875,0.1875,0.75,0.875,0.125
30,A-bin/B-base,70,"(.5,.75]",0.75,0.9375,1.0,0.0625,0.9375,1.0,0.0625,1.0,1.0,0.0
30,B-bin/A-base,70,"(.75,1)",0.9375,0.75,1.0,0.25,0.8125,1.0,0.1875,0.875,1.0,0.125
30,A-bin/B-base,71,"(.5,.75]",0.75,0.75,0.8125,0.0625,0.9375,0.9375,0.0,0.8125,0.8125,0.0
30,B-bin/A-base,71,"(.5,.75]",0.75,0.75,0.8125,0.0625,0.875,0.9375,0.0625,0.875,0.8125,-0.0625
30,A-bin/B-base,72,"(0,.25]",0.25,0.25,0.625,0.375,0.5625,0.75,0.1875,0.375,0.75,0.375
30,B-bin/A-base,72,"(0,.25]",0.25,0.25,0.625,0.375,0.5,0.75,0.25,0.3125,0.75,0.4375
30,A-bin/B-base,73,"(.25,.5]",0.5,0.8125,0.6875,-0.125,0.8125,0.875,0.0625,1.0,0.6875,-0.3125
30,B-bin/A-base,73,"(.75,1)",0.8125,0.5,0.6875,0.1875,0.625,0.875,0.25,0.75,0.6875,-0.0625
30,A-bin/B-base,74,"(.25,.5]",0.4375,0.6875,0.6875,0.0,0.75,0.75,0.0,0.875,0.8125,-0.0625
30,B-bin/A-base,74,"(.5,.75]",0.6875,0.4375,0.6875,0.25,0.5625,0.75,0.1875,0.5625,0.8125,0.25
30,A-bin/B-base,75,"(.25,.5]",0.5,0.3125,0.875,0.5625,0.3125,0.875,0.5625,0.625,0.9375,0.3125
30,B-bin/A-base,75,"(.25,.5]",0.3125,0.5,0.875,0.375,0.5625,0.875,0.3125,0.9375,0.9375,0.0
30,A-bin/B-base,76,"(0,.25]",0.0625,0.0625,0.1875,0.125,0.3125,0.4375,0.125,0.3125,0.1875,-0.125
30,B-bin/A-base,76,"(0,.25]",0.0625,0.0625,0.1875,0.125,0.3125,0.4375,0.125,0.3125,0.1875,-0.125
30,A-bin/B-base,77,"(0,.25]",0.1875,0.5,0.5,0.0,0.5625,0.625,0.0625,0.75,0.625,-0.125
30,B-bin/A-base,77,"(.25,.5]",0.5,0.1875,0.5,0.3125,0.3125,0.625,0.3125,0.5,0.625,0.125
30,A-bin/B-base,78,"(0,.25]",0.1875,0.125,0.3125,0.1875,0.625,0.6875,0.0625,0.1875,0.375,0.1875
30,B-bin/A-base,78,"(0,.25]",0.125,0.1875,0.3125,0.125,0.5625,0.6875,0.125,0.25,0.375,0.125
30,A-bin/B-base,79,"(.75,1)",0.9375,0.75,0.9375,0.1875,0.8125,0.9375,0.125,0.9375,0.9375,0.0
30,B-bin/A-base,79,"(.5,.75]",0.75,0.9375,0.9375,0.0,0.9375,0.9375,0.0,0.9375,0.9375,0.0
30,A-bin/B-base,80,"(0,.25]",0.0625,0.1875,0.4375,0.25,0.1875,0.75,0.5625,0.5,0.4375,-0.0625
30,B-bin/A-base,80,"(0,.25]",0.1875,0.0625,0.4375,0.375,0.25,0.75,0.5,0.375,0.4375,0.0625
30,A-bin/B-base,81,"(0,.25]",0.25,0.0625,0.375,0.3125,0.4375,0.6875,0.25,0.0625,0.4375,0.375
30,B-bin/A-base,81,"(0,.25]",0.0625,0.25,0.375,0.125,0.3125,0.6875,0.375,0.375,0.4375,0.0625
30,A-bin/B-base,82,"(.25,.5]",0.375,0.375,0.75,0.375,0.4375,0.9375,0.5,0.5,0.8125,0.3125
30,B-bin/A-base,82,"(.25,.5]",0.375,0.375,0.75,0.375,0.5625,0.9375,0.375,0.375,0.8125,0.4375
30,A-bin/B-base,83,"(.25,.5]",0.375,0.375,0.4375,0.0625,0.4375,0.5625,0.125,0.5625,0.5625,0.0
30,B-bin/A-base,83,"(.25,.5]",0.375,0.375,0.4375,0.0625,0.4375,0.5625,0.125,0.6875,0.5625,-0.125
30,A-bin/B-base,84,"(.25,.5]",0.3125,0.125,0.5625,0.4375,0.3125,0.75,0.4375,0.375,0.625,0.25
30,B-bin/A-base,84,"(0,.25]",0.125,0.3125,0.5625,0.25,0.3125,0.75,0.4375,0.5625,0.625,0.0625
30,A-bin/B-base,85,"(.25,.5]",0.3125,0.4375,0.625,0.1875,0.5625,0.625,0.0625,0.625,0.8125,0.1875
30,B-bin/A-base,85,"(.25,.5]",0.4375,0.3125,0.625,0.3125,0.375,0.625,0.25,0.5,0.8125,0.3125
30,A-bin/B-base,86,"(.25,.5]",0.5,0.625,0.6875,0.0625,0.625,0.875,0.25,0.8125,0.8125,0.0
30,B-bin/A-base,86,"(.5,.75]",0.625,0.5,0.6875,0.1875,0.625,0.875,0.25,0.8125,0.8125,0.0
30,A-bin/B-base,87,"(0,.25]",0.25,0.25,0.5,0.25,0.5625,0.75,0.1875,0.375,0.6875,0.3125
30,B-bin/A-base,87,"(0,.25]",0.25,0.25,0.5,0.25,0.375,0.75,0.375,0.6875,0.6875,0.0
30,A-bin/B-base,88,"(.25,.5]",0.4375,0.5,0.3125,-0.1875,0.6875,0.875,0.1875,0.5625,0.375,-0.1875
30,B-bin/A-base,88,"(.25,.5]",0.5,0.4375,0.3125,-0.125,0.5625,0.875,0.3125,0.5625,0.375,-0.1875
30,A-bin/B-base,89,"(0,.25]",0.125,0.1875,0.125,-0.0625,0.375,0.5625,0.1875,0.3125,0.125,-0.1875
30,B-bin/A-base,89,"(0,.25]",0.1875,0.125,0.125,0.0,0.1875,0.5625,0.375,0.3125,0.125,-0.1875
30,A-bin/B-base,90,"(0,.25]",0.0625,0.0625,0.0625,0.0,0.25,0.5,0.25,0.1875,0.125,-0.0625
30,B-bin/A-base,90,"(0,.25]",0.0625,0.0625,0.0625,0.0,0.3125,0.5,0.1875,0.125,0.125,0.0
30,A-bin/B-base,91,"(0,.25]",0.125,0.125,0.5,0.375,0.125,0.5625,0.4375,0.375,0.5625,0.1875
30,B-bin/A-base,91,"(0,.25]",0.125,0.125,0.5,0.375,0.125,0.5625,0.4375,0.6875,0.5625,-0.125
30,A-bin/B-base,92,"(0,.25]",0.125,0.3125,0.25,-0.0625,0.5625,0.4375,-0.125,0.4375,0.25,-0.1875
30,B-bin/A-base,92,"(.25,.5]",0.3125,0.125,0.25,0.125,0.3125,0.4375,0.125,0.1875,0.25,0.0625
30,A-bin/B-base,93,"(.5,.75]",0.75,0.375,0.8125,0.4375,0.4375,0.875,0.4375,0.75,0.875,0.125
30,B-bin/A-base,93,"(.25,.5]",0.375,0.75,0.8125,0.0625,0.75,0.875,0.125,1.0,0.875,-0.125
30,A-bin/B-base,94,"(.5,.75]",0.5625,0.5625,0.9375,0.375,0.5625,0.9375,0.375,0.9375,1.0,0.0625
30,B-bin/A-base,94,"(.5,.75]",0.5625,0.5625,0.9375,0.375,0.5625,0.9375,0.375,0.875,1.0,0.125
30,A-bin/B-base,95,"(0,.25]",0.125,0.0,0.0,0.0,0.3125,0.5,0.1875,0.0,0.0,0.0
30,B-bin/A-base,95,0,0.0,0.125,0.0,-0.125,0.25,0.5,0.25,0.125,0.0,-0.125
30,A-bin/B-base,96,"(.75,1)",0.8125,0.6875,0.8125,0.125,0.6875,1.0,0.3125,0.75,0.8125,0.0625
30,B-bin/A-base,96,"(.5,.75]",0.6875,0.8125,0.8125,0.0,0.8125,1.0,0.1875,0.875,0.8125,-0.0625
30,A-bin/B-base,97,0,0.0,0.0,0.0,0.0,0.1875,0.5625,0.375,0.0,0.0625,0.0625
30,B-bin/A-base,97,0,0.0,0.0,0.0,0.0,0.25,0.5625,0.3125,0.0,0.0625,0.0625
30,A-bin/B-base,98,"(.25,.5]",0.3125,0.375,0.625,0.25,0.6875,0.6875,0.0,0.375,0.6875,0.3125
30,B-bin/A-base,98,"(.25,.5]",0.375,0.3125,0.625,0.3125,0.5,0.6875,0.1875,0.375,0.6875,0.3125
30,A-bin/B-base,99,0,0.0,0.0,0.0,0.0,0.125,0.3125,0.1875,0.0625,0.0,-0.0625
30,B-bin/A-base,99,0,0.0,0.0,0.0,0.0,0.0,0.3125,0.3125,0.0625,0.0,-0.0625
30,A-bin/B-base,100,"(.25,.5]",0.375,0.25,0.5625,0.3125,0.375,0.625,0.25,0.4375,0.75,0.3125
30,B-bin/A-base,100,"(0,.25]",0.25,0.375,0.5625,0.1875,0.4375,0.625,0.1875,0.75,0.75,0.0
30,A-bin/B-base,101,"(0,.25]",0.25,0.3125,0.625,0.3125,0.5,0.8125,0.3125,0.625,0.6875,0.0625
30,B-bin/A-base,101,"(.25,.5]",0.3125,0.25,0.625,0.375,0.5,0.8125,0.3125,0.5,0.6875,0.1875
30,A-bin/B-base,102,"(0,.25]",0.1875,0.375,0.5,0.125,0.5625,0.625,0.0625,0.5625,0.625,0.0625
30,B-bin/A-base,102,"(.25,.5]",0.375,0.1875,0.5,0.3125,0.1875,0.625,0.4375,0.4375,0.625,0.1875
30,A-bin/B-base,103,0,0.0,0.0,0.0625,0.0625,0.0,0.1875,0.1875,0.0625,0.125,0.0625
30,B-bin/A-base,103,0,0.0,0.0,0.0625,0.0625,0.125,0.1875,0.0625,0.0,0.125,0.125
30,A-bin/B-base,104,"(.5,.75]",0.75,0.4375,0.8125,0.375,0.4375,0.875,0.4375,0.875,0.875,0.0
30,B-bin/A-base,104,"(.25,.5]",0.4375,0.75,0.8125,0.0625,0.8125,0.875,0.0625,0.8125,0.875,0.0625
30,A-bin/B-base,105,"(.5,.75]",0.5625,0.5625,0.625,0.0625,0.6875,0.875,0.1875,0.75,0.625,-0.125
30,B-bin/A-base,105,"(.5,.75]",0.5625,0.5625,0.625,0.0625,0.6875,0.875,0.1875,0.75,0.625,-0.125
30,A-bin/B-base,106,"(.5,.75]",0.75,0.8125,0.875,0.0625,0.875,0.875,0.0,0.875,1.0,0.125
30,B-bin/A-base,106,"(.75,1)",0.8125,0.75,0.875,0.125,0.75,0.875,0.125,1.0,1.0,0.0
30,A-bin/B-base,107,"(0,.25]",0.125,0.125,0.0625,-0.0625,0.4375,0.75,0.3125,0.25,0.0625,-0.1875
30,B-bin/A-base,107,"(0,.25]",0.125,0.125,0.0625,-0.0625,0.1875,0.75,0.5625,0.375,0.0625,-0.3125
30,A-bin/B-base,108,"(.25,.5]",0.3125,0.1875,0.4375,0.25,0.375,0.6875,0.3125,0.375,0.5,0.125
30,B-bin/A-base,108,"(0,.25]",0.1875,0.3125,0.4375,0.125,0.5625,0.6875,0.125,0.5,0.5,0.0
30,A-bin/B-base,109,"(.25,.5]",0.5,0.625,0.375,-0.25,0.6875,0.4375,-0.25,0.8125,0.5,-0.3125
30,B-bin/A-base,109,"(.5,.75]",0.625,0.5,0.375,-0.125,0.5,0.4375,-0.0625,0.8125,0.5,-0.3125
30,A-bin/B-base,110,"(.5,.75]",0.5625,0.4375,0.8125,0.375,0.5625,0.9375,0.375,0.8125,0.8125,0.0
30,B-bin/A-base,110,"(.25,.5]",0.4375,0.5625,0.8125,0.25,0.625,0.9375,0.3125,0.75,0.8125,0.0625
30,A-bin/B-base,111,"(.75,1)",0.8125,0.625,0.9375,0.3125,0.625,0.9375,0.3125,0.875,0.9375,0.0625
30,B-bin/A-base,111,"(.5,.75]",0.625,0.8125,0.9375,0.125,0.8125,0.9375,0.125,0.875,0.9375,0.0625
30,A-bin/B-base,112,"(.25,.5]",0.5,0.625,0.75,0.125,0.8125,0.875,0.0625,0.75,0.8125,0.0625
30,B-bin/A-base,112,"(.5,.75]",0.625,0.5,0.75,0.25,0.6875,0.875,0.1875,0.625,0.8125,0.1875
30,A-bin/B-base,113,"(.5,.75]",0.5625,0.75,0.5625,-0.1875,0.8125,0.6875,-0.125,0.9375,0.625,-0.3125
30,B-bin/A-base,113,"(.5,.75]",0.75,0.5625,0.5625,0.0,0.6875,0.6875,0.0,0.625,0.625,0.0
30,A-bin/B-base,114,"(.75,1)",0.8125,0.8125,0.875,0.0625,0.8125,0.875,0.0625,0.9375,0.9375,0.0
30,B-bin/A-base,114,"(.75,1)",0.8125,0.8125,0.875,0.0625,0.875,0.875,0.0,0.9375,0.9375,0.0
30,A-bin/B-base,115,"(.25,.5]",0.5,0.25,0.5,0.25,0.3125,0.5625,0.25,0.5,0.625,0.125
30,B-bin/A-base,115,"(0,.25]",0.25,0.5,0.5,0.0,0.625,0.5625,-0.0625,0.6875,0.625,-0.0625
30,A-bin/B-base,116,0,0.0,0.0,0.0,0.0,0.0625,0.4375,0.375,0.0625,0.0625,0.0
30,B-bin/A-base,116,0,0.0,0.0,0.0,0.0,0.25,0.4375,0.1875,0.0,0.0625,0.0625
30,A-bin/B-base,117,0,0.0,0.0,0.0,0.0,0.0,0.125,0.125,0.0625,0.0,-0.0625
30,B-bin/A-base,117,0,0.0,0.0,0.0,0.0,0.0,0.125,0.125,0.0625,0.0,-0.0625
30,A-bin/B-base,118,"(0,.25]",0.0625,0.0,0.0625,0.0625,0.375,0.8125,0.4375,0.125,0.0625,-0.0625
30,B-bin/A-base,118,0,0.0,0.0625,0.0625,0.0,0.6875,0.8125,0.125,0.0625,0.0625,0.0
30,A-bin/B-base,119,"(.25,.5]",0.375,0.25,0.6875,0.4375,0.3125,0.875,0.5625,0.625,0.75,0.125
30,B-bin/A-base,119,"(0,.25]",0.25,0.375,0.6875,0.3125,0.4375,0.875,0.4375,0.875,0.75,-0.125
30,A-bin/B-base,120,"(.25,.5]",0.375,0.25,0.5625,0.3125,0.375,0.8125,0.4375,0.4375,0.625,0.1875
30,B-bin/A-base,120,"(0,.25]",0.25,0.375,0.5625,0.1875,0.625,0.8125,0.1875,0.5,0.625,0.125
30,A-bin/B-base,121,0,0.0,0.0625,0.0,-0.0625,0.125,0.0625,-0.0625,0.3125,0.0,-0.3125
30,B-bin/A-base,121,"(0,.25]",0.0625,0.0,0.0,0.0,0.125,0.0625,-0.0625,0.0,0.0,0.0
30,A-bin/B-base,122,"(0,.25]",0.0625,0.125,0.3125,0.1875,0.1875,0.5625,0.375,0.25,0.3125,0.0625
30,B-bin/A-base,122,"(0,.25]",0.125,0.0625,0.3125,0.25,0.125,0.5625,0.4375,0.1875,0.3125,0.125
30,A-bin/B-base,123,"(0,.25]",0.1875,0.125,0.3125,0.1875,0.25,0.5,0.25,0.4375,0.5,0.0625
30,B-bin/A-base,123,"(0,.25]",0.125,0.1875,0.3125,0.125,0.1875,0.5,0.3125,0.4375,0.5,0.0625
30,A-bin/B-base,124,"(.25,.5]",0.3125,0.4375,0.4375,0.0,0.4375,0.625,0.1875,0.5625,0.5625,0.0
30,B-bin/A-base,124,"(.25,.5]",0.4375,0.3125,0.4375,0.125,0.375,0.625,0.25,0.4375,0.5625,0.125
30,A-bin/B-base,125,"(.5,.75]",0.5625,0.8125,0.875,0.0625,0.8125,0.9375,0.125,0.9375,0.875,-0.0625
30,B-bin/A-base,125,"(.75,1)",0.8125,0.5625,0.875,0.3125,0.6875,0.9375,0.25,0.75,0.875,0.125
30,A-bin/B-base,126,"(.75,1)",0.8125,0.75,0.9375,0.1875,0.75,1.0,0.25,1.0,0.9375,-0.0625
30,B-bin/A-base,126,"(.5,.75]",0.75,0.8125,0.9375,0.125,0.8125,1.0,0.1875,0.9375,0.9375,0.0
30,A-bin/B-base,127,"(.5,.75]",0.5625,0.5,0.625,0.125,0.5625,0.6875,0.125,0.6875,0.75,0.0625
30,B-bin/A-base,127,"(.25,.5]",0.5,0.5625,0.625,0.0625,0.5625,0.6875,0.125,0.8125,0.75,-0.0625
30,A-bin/B-base,128,"(0,.25]",0.125,0.1875,0.125,-0.0625,0.375,0.625,0.25,0.4375,0.375,-0.0625
30,B-bin/A-base,128,"(0,.25]",0.1875,0.125,0.125,0.0,0.1875,0.625,0.4375,0.375,0.375,0.0
30,A-bin/B-base,129,0,0.0,0.0625,0.0,-0.0625,0.25,0.5,0.25,0.0625,0.0,-0.0625
30,B-bin/A-base,129,"(0,.25]",0.0625,0.0,0.0,0.0,0.0625,0.5,0.4375,0.0,0.0,0.0
30,A-bin/B-base,130,"(.75,1)",0.9375,0.8125,0.75,-0.0625,0.8125,0.8125,0.0,0.9375,0.875,-0.0625
30,B-bin/A-base,130,"(.75,1)",0.8125,0.9375,0.75,-0.1875,0.9375,0.8125,-0.125,1.0,0.875,-0.125
30,A-bin/B-base,131,"(0,.25]",0.125,0.1875,0.1875,0.0,0.1875,0.5,0.3125,0.1875,0.3125,0.125
30,B-bin/A-base,131,"(0,.25]",0.1875,0.125,0.1875,0.0625,0.1875,0.5,0.3125,0.125,0.3125,0.1875
30,A-bin/B-base,132,"(.5,.75]",0.75,0.4375,0.75,0.3125,0.5625,0.9375,0.375,0.6875,0.8125,0.125
30,B-bin/A-base,132,"(.25,.5]",0.4375,0.75,0.75,0.0,0.75,0.9375,0.1875,0.75,0.8125,0.0625
30,A-bin/B-base,133,"(.25,.5]",0.4375,0.375,0.5,0.125,0.375,0.75,0.375,0.75,0.625,-0.125
30,B-bin/A-base,133,"(.25,.5]",0.375,0.4375,0.5,0.0625,0.5,0.75,0.25,0.6875,0.625,-0.0625
30,A-bin/B-base,134,"(0,.25]",0.0625,0.0,0.0,0.0,0.4375,0.625,0.1875,0.0625,0.0,-0.0625
30,B-bin/A-base,134,0,0.0,0.0625,0.0,-0.0625,0.4375,0.625,0.1875,0.0625,0.0,-0.0625
30,A-bin/B-base,135,"(.5,.75]",0.6875,0.75,0.75,0.0,0.75,0.8125,0.0625,0.875,0.8125,-0.0625
30,B-bin/A-base,135,"(.5,.75]",0.75,0.6875,0.75,0.0625,0.75,0.8125,0.0625,0.75,0.8125,0.0625
30,A-bin/B-base,136,"(0,.25]",0.25,0.125,0.4375,0.3125,0.1875,0.6875,0.5,0.5625,0.5625,0.0
30,B-bin/A-base,136,"(0,.25]",0.125,0.25,0.4375,0.1875,0.25,0.6875,0.4375,0.4375,0.5625,0.125
30,A-bin/B-base,137,"(.5,.75]",0.5625,0.3125,0.5625,0.25,0.375,0.8125,0.4375,0.5625,0.625,0.0625
30,B-bin/A-base,137,"(.25,.5]",0.3125,0.5625,0.5625,0.0,0.5625,0.8125,0.25,0.625,0.625,0.0
30,A-bin/B-base,138,"(0,.25]",0.1875,0.0625,0.3125,0.25,0.0625,0.5,0.4375,0.4375,0.4375,0.0
30,B-bin/A-base,138,"(0,.25]",0.0625,0.1875,0.3125,0.125,0.25,0.5,0.25,0.25,0.4375,0.1875
30,A-bin/B-base,139,0,0.0,0.125,0.3125,0.1875,0.1875,0.3125,0.125,0.5625,0.5625,0.0
30,B-bin/A-base,139,"(0,.25]",0.125,0.0,0.3125,0.3125,0.0,0.3125,0.3125,0.25,0.5625,0.3125
30,A-bin/B-base,140,"(.25,.5]",0.3125,0.25,0.4375,0.1875,0.25,0.5625,0.3125,0.4375,0.75,0.3125
30,B-bin/A-base,140,"(0,.25]",0.25,0.3125,0.4375,0.125,0.3125,0.5625,0.25,0.5625,0.75,0.1875
30,A-bin/B-base,141,"(0,.25]",0.1875,0.3125,0.6875,0.375,0.75,0.875,0.125,0.4375,0.75,0.3125
30,B-bin/A-base,141,"(.25,.5]",0.3125,0.1875,0.6875,0.5,0.1875,0.875,0.6875,0.4375,0.75,0.3125
30,A-bin/B-base,142,0,0.0,0.0625,0.0625,0.0,0.125,0.3125,0.1875,0.1875,0.125,-0.0625
30,B-bin/A-base,142,"(0,.25]",0.0625,0.0,0.0625,0.0625,0.125,0.3125,0.1875,0.125,0.125,0.0
30,A-bin/B-base,143,"(.25,.5]",0.3125,0.4375,0.3125,-0.125,0.5625,0.5625,0.0,0.5,0.3125,-0.1875
30,B-bin/A-base,143,"(.25,.5]",0.4375,0.3125,0.3125,0.0,0.5,0.5625,0.0625,0.4375,0.3125,-0.125
30,A-bin/B-base,144,"(0,.25]",0.25,0.1875,0.375,0.1875,0.25,0.4375,0.1875,0.5,0.625,0.125
30,B-bin/A-base,144,"(0,.25]",0.1875,0.25,0.375,0.125,0.3125,0.4375,0.125,0.5625,0.625,0.0625
30,A-bin/B-base,145,"(.5,.75]",0.6875,0.375,0.625,0.25,0.5,0.75,0.25,0.5625,0.75,0.1875
30,B-bin/A-base,145,"(.25,.5]",0.375,0.6875,0.625,-0.0625,0.6875,0.75,0.0625,0.875,0.75,-0.125
30,A-bin/B-base,146,"(0,.25]",0.25,0.0625,0.5625,0.5,0.3125,0.9375,0.625,0.1875,0.5625,0.375
30,B-bin/A-base,146,"(0,.25]",0.0625,0.25,0.5625,0.3125,0.25,0.9375,0.6875,0.4375,0.5625,0.125
30,A-bin/B-base,147,"(.75,1)",0.8125,0.6875,0.875,0.1875,0.6875,0.9375,0.25,0.875,0.875,0.0
30,B-bin/A-base,147,"(.5,.75]",0.6875,0.8125,0.875,0.0625,0.8125,0.9375,0.125,0.9375,0.875,-0.0625
30,A-bin/B-base,148,"(.5,.75]",0.5625,0.1875,0.75,0.5625,0.3125,0.9375,0.625,0.5,0.75,0.25
30,B-bin/A-base,148,"(0,.25]",0.1875,0.5625,0.75,0.1875,0.625,0.9375,0.3125,0.75,0.75,0.0
30,A-bin/B-base,149,"(.5,.75]",0.5625,0.5,0.625,0.125,0.5625,0.8125,0.25,0.875,0.6875,-0.1875
30,B-bin/A-base,149,"(.25,.5]",0.5,0.5625,0.625,0.0625,0.625,0.8125,0.1875,0.625,0.6875,0.0625
30,A-bin/B-base,150,"(.5,.75]",0.75,0.4375,0.875,0.4375,0.5,0.9375,0.4375,0.75,0.9375,0.1875
30,B-bin/A-base,150,"(.25,.5]",0.4375,0.75,0.875,0.125,0.75,0.9375,0.1875,0.9375,0.9375,0.0
30,A-bin/B-base,151,"(.25,.5]",0.5,0.5625,0.5,-0.0625,0.625,0.625,0.0,0.8125,0.625,-0.1875
30,B-bin/A-base,151,"(.5,.75]",0.5625,0.5,0.5,0.0,0.75,0.625,-0.125,0.5625,0.625,0.0625
30,A-bin/B-base,152,"(.5,.75]",0.6875,0.5625,0.625,0.0625,0.625,0.6875,0.0625,0.75,0.75,0.0
30,B-bin/A-base,152,"(.5,.75]",0.5625,0.6875,0.625,-0.0625,0.75,0.6875,-0.0625,0.8125,0.75,-0.0625
30,A-bin/B-base,153,"(.25,.5]",0.3125,0.4375,0.3125,-0.125,0.5625,0.625,0.0625,0.5,0.3125,-0.1875
30,B-bin/A-base,153,"(.25,.5]",0.4375,0.3125,0.3125,0.0,0.625,0.625,0.0,0.375,0.3125,-0.0625
30,A-bin/B-base,154,"(.25,.5]",0.3125,0.4375,0.5625,0.125,0.5,0.75,0.25,0.625,0.5625,-0.0625
30,B-bin/A-base,154,"(.25,.5]",0.4375,0.3125,0.5625,0.25,0.3125,0.75,0.4375,0.625,0.5625,-0.0625
30,A-bin/B-base,155,"(.25,.5]",0.375,0.125,0.5625,0.4375,0.375,0.875,0.5,0.3125,0.5625,0.25
30,B-bin/A-base,155,"(0,.25]",0.125,0.375,0.5625,0.1875,0.4375,0.875,0.4375,0.4375,0.5625,0.125
30,A-bin/B-base,156,"(.5,.75]",0.5625,0.6875,0.625,-0.0625,0.75,0.75,0.0,0.875,0.75,-0.125
30,B-bin/A-base,156,"(.5,.75]",0.6875,0.5625,0.625,0.0625,0.5625,0.75,0.1875,0.9375,0.75,-0.1875
30,A-bin/B-base,157,"(.25,.5]",0.3125,0.5,0.625,0.125,0.5,0.625,0.125,0.75,0.8125,0.0625
30,B-bin/A-base,157,"(.25,.5]",0.5,0.3125,0.625,0.3125,0.3125,0.625,0.3125,0.5,0.8125,0.3125
30,A-bin/B-base,158,"(.25,.5]",0.4375,0.0625,0.5625,0.5,0.1875,0.75,0.5625,0.5,0.5625,0.0625
30,B-bin/A-base,158,"(0,.25]",0.0625,0.4375,0.5625,0.125,0.5625,0.75,0.1875,0.625,0.5625,-0.0625
30,A-bin/B-base,159,"(0,.25]",0.0625,0.0625,0.5,0.4375,0.3125,0.8125,0.5,0.125,0.5625,0.4375
30,B-bin/A-base,159,"(0,.25]",0.0625,0.0625,0.5,0.4375,0.25,0.8125,0.5625,0.125,0.5625,0.4375
30,A-bin/B-base,160,0,0.0,0.0,0.0,0.0,0.3125,0.75,0.4375,0.0,0.0,0.0
30,B-bin/A-base,160,0,0.0,0.0,0.0,0.0,0.375,0.75,0.375,0.0,0.0,0.0
30,A-bin/B-base,161,"(.75,1)",0.875,0.6875,0.5,-0.1875,0.8125,0.75,-0.0625,0.75,0.5625,-0.1875
30,B-bin/A-base,161,"(.5,.75]",0.6875,0.875,0.5,-0.375,0.9375,0.75,-0.1875,0.875,0.5625,-0.3125
30,A-bin/B-base,162,"(0,.25]",0.0625,0.1875,0.0,-0.1875,0.375,0.6875,0.3125,0.1875,0.0,-0.1875
30,B-bin/A-base,162,"(0,.25]",0.1875,0.0625,0.0,-0.0625,0.3125,0.6875,0.375,0.125,0.0,-0.125
30,A-bin/B-base,163,"(.25,.5]",0.5,0.625,0.625,0.0,0.6875,0.9375,0.25,0.8125,0.625,-0.1875
30,B-bin/A-base,163,"(.5,.75]",0.625,0.5,0.625,0.125,0.625,0.9375,0.3125,0.75,0.625,-0.125
30,A-bin/B-base,164,"(.5,.75]",0.5625,0.5,0.6875,0.1875,0.6875,0.8125,0.125,0.625,0.6875,0.0625
30,B-bin/A-base,164,"(.25,.5]",0.5,0.5625,0.6875,0.125,0.8125,0.8125,0.0,0.6875,0.6875,0.0
30,A-bin/B-base,165,0,0.0,0.0,0.0625,0.0625,0.375,0.375,0.0,0.0,0.0625,0.0625
30,B-bin/A-base,165,0,0.0,0.0,0.0625,0.0625,0.0,0.375,0.375,0.0625,0.0625,0.0
30,A-bin/B-base,166,"(0,.25]",0.125,0.125,0.1875,0.0625,0.25,0.3125,0.0625,0.1875,0.4375,0.25
30,B-bin/A-base,166,"(0,.25]",0.125,0.125,0.1875,0.0625,0.125,0.3125,0.1875,0.5625,0.4375,-0.125
30,A-bin/B-base,167,0,0.0,0.0,0.0,0.0,0.5,0.5625,0.0625,0.0,0.0,0.0
30,B-bin/A-base,167,0,0.0,0.0,0.0,0.0,0.5,0.5625,0.0625,0.0,0.0,0.0
30,A-bin/B-base,168,"(.75,1)",0.8125,0.875,0.875,0.0,0.875,1.0,0.125,0.875,0.875,0.0
30,B-bin/A-base,168,"(.75,1)",0.875,0.8125,0.875,0.0625,0.875,1.0,0.125,0.9375,0.875,-0.0625
30,A-bin/B-base,169,"(0,.25]",0.125,0.0,0.25,0.25,0.25,0.625,0.375,0.1875,0.25,0.0625
30,B-bin/A-base,169,0,0.0,0.125,0.25,0.125,0.25,0.625,0.375,0.25,0.25,0.0
30,A-bin/B-base,170,"(.5,.75]",0.5625,0.5625,0.6875,0.125,0.625,0.75,0.125,0.75,0.8125,0.0625
30,B-bin/A-base,170,"(.5,.75]",0.5625,0.5625,0.6875,0.125,0.5625,0.75,0.1875,0.75,0.8125,0.0625
30,A-bin/B-base,171,0,0.0,0.0625,0.3125,0.25,0.125,0.5,0.375,0.125,0.6875,0.5625
30,B-bin/A-base,171,"(0,.25]",0.0625,0.0,0.3125,0.3125,0.0625,0.5,0.4375,0.1875,0.6875,0.5
30,A-bin/B-base,172,"(.5,.75]",0.5625,0.5625,0.75,0.1875,0.5625,0.875,0.3125,0.8125,0.875,0.0625
30,B-bin/A-base,172,"(.5,.75]",0.5625,0.5625,0.75,0.1875,0.625,0.875,0.25,0.875,0.875,0.0
30,A-bin/B-base,173,"(0,.25]",0.125,0.0,0.125,0.125,0.0,0.4375,0.4375,0.0,0.1875,0.1875
30,B-bin/A-base,173,0,0.0,0.125,0.125,0.0,0.1875,0.4375,0.25,0.25,0.1875,-0.0625
30,A-bin/B-base,174,"(.5,.75]",0.625,0.5,0.625,0.125,0.625,0.6875,0.0625,0.75,0.6875,-0.0625
30,B-bin/A-base,174,"(.25,.5]",0.5,0.625,0.625,0.0,0.6875,0.6875,0.0,0.8125,0.6875,-0.125
30,A-bin/B-base,175,"(0,.25]",0.0625,0.1875,0.5625,0.375,0.1875,0.5625,0.375,0.5,0.625,0.125
30,B-bin/A-base,175,"(0,.25]",0.1875,0.0625,0.5625,0.5,0.0625,0.5625,0.5,0.4375,0.625,0.1875
30,A-bin/B-base,176,1,1.0,0.8125,1.0,0.1875,0.8125,1.0,0.1875,0.9375,1.0,0.0625
30,B-bin/A-base,176,"(.75,1)",0.8125,1.0,1.0,0.0,1.0,1.0,0.0,1.0,1.0,0.0
30,A-bin/B-base,177,"(.25,.5]",0.375,0.3125,0.5625,0.25,0.375,0.625,0.25,0.375,0.625,0.25
30,B-bin/A-base,177,"(.25,.5]",0.3125,0.375,0.5625,0.1875,0.625,0.625,0.0,0.5625,0.625,0.0625
30,A-bin/B-base,178,"(.25,.5]",0.5,0.5,0.625,0.125,0.5625,0.8125,0.25,0.6875,0.625,-0.0625
30,B-bin/A-base,178,"(.25,.5]",0.5,0.5,0.625,0.125,0.5625,0.8125,0.25,0.75,0.625,-0.125
30,A-bin/B-base,179,"(.25,.5]",0.3125,0.5625,0.8125,0.25,0.6875,0.9375,0.25,0.625,0.8125,0.1875
30,B-bin/A-base,179,"(.5,.75]",0.5625,0.3125,0.8125,0.5,0.375,0.9375,0.5625,0.6875,0.8125,0.125
30,A-bin/B-base,180,"(.75,1)",0.875,0.75,0.875,0.125,0.75,0.875,0.125,0.9375,0.875,-0.0625
30,B-bin/A-base,180,"(.5,.75]",0.75,0.875,0.875,0.0,0.875,0.875,0.0,0.9375,0.875,-0.0625
30,A-bin/B-base,181,"(0,.25]",0.125,0.0625,0.1875,0.125,0.125,0.375,0.25,0.125,0.375,0.25
30,B-bin/A-base,181,"(0,.25]",0.0625,0.125,0.1875,0.0625,0.25,0.375,0.125,0.375,0.375,0.0
30,A-bin/B-base,182,"(0,.25]",0.25,0.0625,0.25,0.1875,0.375,0.75,0.375,0.125,0.3125,0.1875
30,B-bin/A-base,182,"(0,.25]",0.0625,0.25,0.25,0.0,0.4375,0.75,0.3125,0.25,0.3125,0.0625
30,A-bin/B-base,183,"(0,.25]",0.0625,0.0625,0.3125,0.25,0.125,0.4375,0.3125,0.25,0.4375,0.1875
30,B-bin/A-base,183,"(0,.25]",0.0625,0.0625,0.3125,0.25,0.1875,0.4375,0.25,0.1875,0.4375,0.25
30,A-bin/B-base,184,0,0.0,0.125,0.3125,0.1875,0.4375,0.6875,0.25,0.125,0.3125,0.1875
30,B-bin/A-base,184,"(0,.25]",0.125,0.0,0.3125,0.3125,0.0625,0.6875,0.625,0.0625,0.3125,0.25
30,A-bin/B-base,185,"(.75,1)",0.8125,0.875,0.9375,0.0625,0.875,0.9375,0.0625,1.0,0.9375,-0.0625
30,B-bin/A-base,185,"(.75,1)",0.875,0.8125,0.9375,0.125,0.8125,0.9375,0.125,0.9375,0.9375,0.0
30,A-bin/B-base,186,"(.5,.75]",0.625,0.625,0.875,0.25,0.6875,1.0,0.3125,0.8125,0.875,0.0625
30,B-bin/A-base,186,"(.5,.75]",0.625,0.625,0.875,0.25,0.6875,1.0,0.3125,0.9375,0.875,-0.0625
30,A-bin/B-base,187,"(0,.25]",0.0625,0.0,0.0625,0.0625,0.0625,0.25,0.1875,0.0625,0.0625,0.0
30,B-bin/A-base,187,0,0.0,0.0625,0.0625,0.0,0.0625,0.25,0.1875,0.0625,0.0625,0.0
30,A-bin/B-base,188,"(.75,1)",0.875,0.9375,1.0,0.0625,0.9375,1.0,0.0625,1.0,1.0,0.0
30,B-bin/A-base,188,"(.75,1)",0.9375,0.875,1.0,0.125,0.875,1.0,0.125,1.0,1.0,0.0
30,A-bin/B-base,189,"(0,.25]",0.25,0.1875,0.3125,0.125,0.3125,0.6875,0.375,0.5625,0.3125,-0.25
30,B-bin/A-base,189,"(0,.25]",0.1875,0.25,0.3125,0.0625,0.375,0.6875,0.3125,0.375,0.3125,-0.0625
30,A-bin/B-base,190,"(0,.25]",0.125,0.0,0.25,0.25,0.125,0.6875,0.5625,0.0625,0.25,0.1875
30,B-bin/A-base,190,0,0.0,0.125,0.25,0.125,0.375,0.6875,0.3125,0.3125,0.25,-0.0625
30,A-bin/B-base,191,0,0.0,0.0,0.0,0.0,0.1875,0.3125,0.125,0.0625,0.0625,0.0
30,B-bin/A-base,191,0,0.0,0.0,0.0,0.0,0.125,0.3125,0.1875,0.0625,0.0625,0.0
30,A-bin/B-base,192,"(0,.25]",0.25,0.3125,0.1875,-0.125,0.375,0.375,0.0,0.4375,0.4375,0.0
30,B-bin/A-base,192,"(.25,.5]",0.3125,0.25,0.1875,-0.0625,0.25,0.375,0.125,0.625,0.4375,-0.1875
30,A-bin/B-base,193,"(.25,.5]",0.5,0.1875,0.375,0.1875,0.4375,0.625,0.1875,0.3125,0.375,0.0625
30,B-bin/A-base,193,"(0,.25]",0.1875,0.5,0.375,-0.125,0.5625,0.625,0.0625,0.5,0.375,-0.125
30,A-bin/B-base,194,"(0,.25]",0.25,0.25,0.4375,0.1875,0.5625,0.875,0.3125,0.375,0.4375,0.0625
30,B-bin/A-base,194,"(0,.25]",0.25,0.25,0.4375,0.1875,0.4375,0.875,0.4375,0.375,0.4375,0.0625
30,A-bin/B-base,195,"(.5,.75]",0.5625,0.6875,0.875,0.1875,0.6875,0.875,0.1875,0.9375,0.9375,0.0
30,B-bin/A-base,195,"(.5,.75]",0.6875,0.5625,0.875,0.3125,0.5625,0.875,0.3125,0.875,0.9375,0.0625
30,A-bin/B-base,196,"(.25,.5]",0.5,0.625,0.875,0.25,0.6875,0.875,0.1875,0.875,0.875,0.0
30,B-bin/A-base,196,"(.5,.75]",0.625,0.5,0.875,0.375,0.5625,0.875,0.3125,0.75,0.875,0.125
30,A-bin/B-base,197,"(0,.25]",0.1875,0.3125,0.4375,0.125,0.375,0.5625,0.1875,0.75,0.625,-0.125
30,B-bin/A-base,197,"(.25,.5]",0.3125,0.1875,0.4375,0.25,0.1875,0.5625,0.375,0.5,0.625,0.125
30,A-bin/B-base,198,"(0,.25]",0.1875,0.125,0.125,0.0,0.1875,0.4375,0.25,0.125,0.3125,0.1875
30,B-bin/A-base,198,"(0,.25]",0.125,0.1875,0.125,-0.0625,0.1875,0.4375,0.25,0.1875,0.3125,0.125
30,A-bin/B-base,199,"(0,.25]",0.1875,0.0,0.0625,0.0625,0.0,0.3125,0.3125,0.0,0.0625,0.0625
30,B-bin/A-base,199,0,0.0,0.1875,0.0625,-0.125,0.1875,0.3125,0.125,0.3125,0.0625,-0.25
30,A-bin/B-base,200,"(.25,.5]",0.375,0.6875,0.75,0.0625,0.6875,0.875,0.1875,0.8125,0.75,-0.0625
30,B-bin/A-base,200,"(.5,.75]",0.6875,0.375,0.75,0.375,0.4375,0.875,0.4375,0.625,0.75,0.125
30,A-bin/B-base,201,"(0,.25]",0.0625,0.0625,0.0625,0.0,0.1875,0.5,0.3125,0.125,0.0625,-0.0625
30,B-bin/A-base,201,"(0,.25]",0.0625,0.0625,0.0625,0.0,0.25,0.5,0.25,0.125,0.0625,-0.0625
30,A-bin/B-base,202,"(.75,1)",0.875,0.875,0.875,0.0,0.9375,0.9375,0.0,0.9375,0.875,-0.0625
30,B-bin/A-base,202,"(.75,1)",0.875,0.875,0.875,0.0,0.875,0.9375,0.0625,1.0,0.875,-0.125
30,A-bin/B-base,203,"(.75,1)",0.8125,0.8125,0.9375,0.125,0.8125,0.9375,0.125,0.9375,1.0,0.0625
30,B-bin/A-base,203,"(.75,1)",0.8125,0.8125,0.9375,0.125,0.875,0.9375,0.0625,0.9375,1.0,0.0625
30,A-bin/B-base,204,"(0,.25]",0.25,0.375,0.4375,0.0625,0.4375,0.75,0.3125,0.5,0.4375,-0.0625
30,B-bin/A-base,204,"(.25,.5]",0.375,0.25,0.4375,0.1875,0.3125,0.75,0.4375,0.4375,0.4375,0.0
30,A-bin/B-base,205,"(0,.25]",0.125,0.25,0.125,-0.125,0.375,0.4375,0.0625,0.25,0.125,-0.125
30,B-bin/A-base,205,"(0,.25]",0.25,0.125,0.125,0.0,0.375,0.4375,0.0625,0.125,0.125,0.0
30,A-bin/B-base,206,"(0,.25]",0.25,0.4375,0.5625,0.125,0.4375,0.625,0.1875,0.5625,0.5625,0.0
30,B-bin/A-base,206,"(.25,.5]",0.4375,0.25,0.5625,0.3125,0.25,0.625,0.375,0.6875,0.5625,-0.125
30,A-bin/B-base,207,"(.25,.5]",0.5,0.5625,0.9375,0.375,0.625,1.0,0.375,0.75,0.9375,0.1875
30,B-bin/A-base,207,"(.5,.75]",0.5625,0.5,0.9375,0.4375,0.5625,1.0,0.4375,0.6875,0.9375,0.25
30,A-bin/B-base,208,"(.5,.75]",0.6875,0.75,0.9375,0.1875,0.75,1.0,0.25,0.9375,0.9375,0.0
30,B-bin/A-base,208,"(.5,.75]",0.75,0.6875,0.9375,0.25,0.6875,1.0,0.3125,0.875,0.9375,0.0625
30,A-bin/B-base,209,"(.5,.75]",0.5625,0.5,0.75,0.25,0.5,0.75,0.25,0.8125,0.9375,0.125
30,B-bin/A-base,209,"(.25,.5]",0.5,0.5625,0.75,0.1875,0.625,0.75,0.125,0.625,0.9375,0.3125
30,A-bin/B-base,210,"(.25,.5]",0.3125,0.25,0.375,0.125,0.375,0.625,0.25,0.6875,0.375,-0.3125
30,B-bin/A-base,210,"(0,.25]",0.25,0.3125,0.375,0.0625,0.375,0.625,0.25,0.4375,0.375,-0.0625
30,A-bin/B-base,211,"(0,.25]",0.0625,0.125,0.375,0.25,0.5,0.625,0.125,0.1875,0.375,0.1875
30,B-bin/A-base,211,"(0,.25]",0.125,0.0625,0.375,0.3125,0.4375,0.625,0.1875,0.3125,0.375,0.0625
30,A-bin/B-base,212,0,0.0,0.0,0.0,0.0,0.0,0.0,0.0,0.25,0.0625,-0.1875
30,B-bin/A-base,212,0,0.0,0.0,0.0,0.0,0.0625,0.0,-0.0625,0.125,0.0625,-0.0625
30,A-bin/B-base,213,"(.5,.75]",0.5625,0.625,0.9375,0.3125,0.6875,1.0,0.3125,0.8125,0.9375,0.125
30,B-bin/A-base,213,"(.5,.75]",0.625,0.5625,0.9375,0.375,0.5625,1.0,0.4375,0.75,0.9375,0.1875
30,A-bin/B-base,214,"(0,.25]",0.0625,0.0,0.125,0.125,0.375,0.4375,0.0625,0.0,0.1875,0.1875
30,B-bin/A-base,214,0,0.0,0.0625,0.125,0.0625,0.3125,0.4375,0.125,0.0625,0.1875,0.125
30,A-bin/B-base,215,"(.25,.5]",0.5,0.75,0.8125,0.0625,0.75,0.8125,0.0625,0.9375,0.875,-0.0625
30,B-bin/A-base,215,"(.5,.75]",0.75,0.5,0.8125,0.3125,0.5625,0.8125,0.25,0.875,0.875,0.0
30,A-bin/B-base,216,"(.5,.75]",0.75,0.5,0.75,0.25,0.5,0.75,0.25,0.8125,0.875,0.0625
30,B-bin/A-base,216,"(.25,.5]",0.5,0.75,0.75,0.0,0.75,0.75,0.0,1.0,0.875,-0.125
30,A-bin/B-base,217,"(0,.25]",0.1875,0.0625,0.3125,0.25,0.0625,0.4375,0.375,0.3125,0.4375,0.125
30,B-bin/A-base,217,"(0,.25]",0.0625,0.1875,0.3125,0.125,0.1875,0.4375,0.25,0.375,0.4375,0.0625
30,A-bin/B-base,218,"(0,.25]",0.125,0.125,0.0625,-0.0625,0.75,1.0,0.25,0.1875,0.0625,-0.125
30,B-bin/A-base,218,"(0,.25]",0.125,0.125,0.0625,-0.0625,0.4375,1.0,0.5625,0.1875,0.0625,-0.125
30,A-bin/B-base,219,"(0,.25]",0.0625,0.0,0.25,0.25,0.125,0.5625,0.4375,0.1875,0.3125,0.125
30,B-bin/A-base,219,0,0.0,0.0625,0.25,0.1875,0.3125,0.5625,0.25,0.3125,0.3125,0.0
30,A-bin/B-base,220,"(0,.25]",0.0625,0.125,0.125,0.0,0.125,0.3125,0.1875,0.3125,0.25,-0.0625
30,B-bin/A-base,220,"(0,.25]",0.125,0.0625,0.125,0.0625,0.125,0.3125,0.1875,0.25,0.25,0.0
30,A-bin/B-base,221,"(.75,1)",0.875,0.875,1.0,0.125,0.875,1.0,0.125,0.9375,1.0,0.0625
30,B-bin/A-base,221,"(.75,1)",0.875,0.875,1.0,0.125,0.875,1.0,0.125,1.0,1.0,0.0
30,A-bin/B-base,222,"(0,.25]",0.25,0.4375,0.4375,0.0,0.5,0.6875,0.1875,0.5,0.4375,-0.0625
30,B-bin/A-base,222,"(.25,.5]",0.4375,0.25,0.4375,0.1875,0.5,0.6875,0.1875,0.375,0.4375,0.0625
30,A-bin/B-base,223,"(0,.25]",0.125,0.0625,0.25,0.1875,0.125,0.5625,0.4375,0.3125,0.25,-0.0625
30,B-bin/A-base,223,"(0,.25]",0.0625,0.125,0.25,0.125,0.3125,0.5625,0.25,0.1875,0.25,0.0625
30,A-bin/B-base,224,0,0.0,0.0,0.1875,0.1875,0.0,0.3125,0.3125,0.25,0.25,0.0
30,B-bin/A-base,224,0,0.0,0.0,0.1875,0.1875,0.1875,0.3125,0.125,0.0625,0.25,0.1875
30,A-bin/B-base,225,"(0,.25]",0.0625,0.0,0.1875,0.1875,0.0625,0.375,0.3125,0.1875,0.1875,0.0
30,B-bin/A-base,225,0,0.0,0.0625,0.1875,0.125,0.125,0.375,0.25,0.125,0.1875,0.0625
30,A-bin/B-base,226,"(0,.25]",0.1875,0.4375,0.3125,-0.125,0.5625,0.8125,0.25,0.625,0.375,-0.25
30,B-bin/A-base,226,"(.25,.5]",0.4375,0.1875,0.3125,0.125,0.3125,0.8125,0.5,0.25,0.375,0.125
30,A-bin/B-base,227,"(.5,.75]",0.625,0.75,0.9375,0.1875,0.8125,1.0,0.1875,0.875,0.9375,0.0625
30,B-bin/A-base,227,"(.5,.75]",0.75,0.625,0.9375,0.3125,0.625,1.0,0.375,0.9375,0.9375,0.0
30,A-bin/B-base,228,"(0,.25]",0.125,0.0,0.0625,0.0625,0.5625,0.6875,0.125,0.0625,0.0625,0.0
30,B-bin/A-base,228,0,0.0,0.125,0.0625,-0.0625,0.6875,0.6875,0.0,0.1875,0.0625,-0.125
30,A-bin/B-base,229,"(0,.25]",0.1875,0.0625,0.3125,0.25,0.6875,0.875,0.1875,0.125,0.3125,0.1875
30,B-bin/A-base,229,"(0,.25]",0.0625,0.1875,0.3125,0.125,0.75,0.875,0.125,0.1875,0.3125,0.125
30,A-bin/B-base,230,"(0,.25]",0.125,0.0625,0.0,-0.0625,0.25,0.1875,-0.0625,0.125,0.0,-0.125
30,B-bin/A-base,230,"(0,.25]",0.0625,0.125,0.0,-0.125,0.4375,0.1875,-0.25,0.125,0.0,-0.125
30,A-bin/B-base,231,"(0,.25]",0.0625,0.125,0.125,0.0,0.1875,0.3125,0.125,0.125,0.125,0.0
30,B-bin/A-base,231,"(0,.25]",0.125,0.0625,0.125,0.0625,0.125,0.3125,0.1875,0.125,0.125,0.0
30,A-bin/B-base,232,0,0.0,0.0,0.0,0.0,0.4375,0.5,0.0625,0.0,0.0625,0.0625
30,B-bin/A-base,232,0,0.0,0.0,0.0,0.0,0.375,0.5,0.125,0.0,0.0625,0.0625
30,A-bin/B-base,233,"(.25,.5]",0.5,0.375,0.1875,-0.1875,0.6875,0.8125,0.125,0.4375,0.25,-0.1875
30,B-bin/A-base,233,"(.25,.5]",0.375,0.5,0.1875,-0.3125,0.75,0.8125,0.0625,0.625,0.25,-0.375
30,A-bin/B-base,234,0,0.0,0.0,0.0,0.0,0.125,0.25,0.125,0.0,0.1875,0.1875
30,B-bin/A-base,234,0,0.0,0.0,0.0,0.0,0.125,0.25,0.125,0.0,0.1875,0.1875
30,A-bin/B-base,235,"(0,.25]",0.0625,0.125,0.0,-0.125,0.3125,0.375,0.0625,0.375,0.0625,-0.3125
30,B-bin/A-base,235,"(0,.25]",0.125,0.0625,0.0,-0.0625,0.0625,0.375,0.3125,0.1875,0.0625,-0.125
30,A-bin/B-base,236,"(.75,1)",0.9375,0.75,0.9375,0.1875,0.75,1.0,0.25,0.8125,0.9375,0.125
30,B-bin/A-base,236,"(.5,.75]",0.75,0.9375,0.9375,0.0,0.9375,1.0,0.0625,1.0,0.9375,-0.0625
30,A-bin/B-base,237,"(0,.25]",0.0625,0.0,0.0,0.0,0.125,0.0625,-0.0625,0.0625,0.0625,0.0
30,B-bin/A-base,237,0,0.0,0.0625,0.0,-0.0625,0.0625,0.0625,0.0,0.0625,0.0625,0.0
30,A-bin/B-base,238,"(.25,.5]",0.375,0.4375,0.875,0.4375,0.5,0.875,0.375,0.75,0.9375,0.1875
30,B-bin/A-base,238,"(.25,.5]",0.4375,0.375,0.875,0.5,0.4375,0.875,0.4375,0.875,0.9375,0.0625
30,A-bin/B-base,239,"(0,.25]",0.25,0.125,0.125,0.0,0.125,0.1875,0.0625,0.125,0.25,0.125
30,B-bin/A-base,239,"(0,.25]",0.125,0.25,0.125,-0.125,0.25,0.1875,-0.0625,0.375,0.25,-0.125
30,A-bin/B-base,240,"(.25,.5]",0.5,0.625,0.875,0.25,0.625,0.875,0.25,1.0,1.0,0.0
30,B-bin/A-base,240,"(.5,.75]",0.625,0.5,0.875,0.375,0.5625,0.875,0.3125,0.8125,1.0,0.1875
30,A-bin/B-base,241,"(.5,.75]",0.625,0.3125,0.6875,0.375,0.3125,0.75,0.4375,0.6875,0.8125,0.125
30,B-bin/A-base,241,"(.25,.5]",0.3125,0.625,0.6875,0.0625,0.6875,0.75,0.0625,0.6875,0.8125,0.125
30,A-bin/B-base,242,"(.5,.75]",0.75,0.375,0.5,0.125,0.375,0.5625,0.1875,0.6875,0.75,0.0625
30,B-bin/A-base,242,"(.25,.5]",0.375,0.75,0.5,-0.25,0.8125,0.5625,-0.25,0.9375,0.75,-0.1875
30,A-bin/B-base,243,"(0,.25]",0.0625,0.0625,0.1875,0.125,0.125,0.625,0.5,0.0625,0.25,0.1875
30,B-bin/A-base,243,"(0,.25]",0.0625,0.0625,0.1875,0.125,0.4375,0.625,0.1875,0.1875,0.25,0.0625
30,A-bin/B-base,244,"(.75,1)",0.875,0.75,0.9375,0.1875,0.75,0.9375,0.1875,0.9375,0.9375,0.0
30,B-bin/A-base,244,"(.5,.75]",0.75,0.875,0.9375,0.0625,0.875,0.9375,0.0625,0.9375,0.9375,0.0
30,A-bin/B-base,245,"(.25,.5]",0.375,0.375,0.75,0.375,0.4375,0.875,0.4375,0.625,0.8125,0.1875
30,B-bin/A-base,245,"(.25,.5]",0.375,0.375,0.75,0.375,0.5,0.875,0.375,0.5625,0.8125,0.25
30,A-bin/B-base,246,"(0,.25]",0.0625,0.0625,0.4375,0.375,0.0625,0.625,0.5625,0.125,0.4375,0.3125
30,B-bin/A-base,246,"(0,.25]",0.0625,0.0625,0.4375,0.375,0.125,0.625,0.5,0.125,0.4375,0.3125
30,A-bin/B-base,247,0,0.0,0.0,0.0625,0.0625,0.25,0.3125,0.0625,0.0625,0.0625,0.0
30,B-bin/A-base,247,0,0.0,0.0,0.0625,0.0625,0.25,0.3125,0.0625,0.125,0.0625,-0.0625
30,A-bin/B-base,248,0,0.0,0.0,0.0,0.0,0.0625,0.1875,0.125,0.0625,0.0625,0.0
30,B-bin/A-base,248,0,0.0,0.0,0.0,0.0,0.1875,0.1875,0.0,0.0625,0.0625,0.0
30,A-bin/B-base,249,"(.5,.75]",0.625,0.75,0.875,0.125,0.75,0.875,0.125,0.875,0.9375,0.0625
30,B-bin/A-base,249,"(.5,.75]",0.75,0.625,0.875,0.25,0.625,0.875,0.25,0.875,0.9375,0.0625
30,A-bin/B-base,250,0,0.0,0.125,0.125,0.0,0.4375,0.5625,0.125,0.3125,0.25,-0.0625
30,B-bin/A-base,250,"(0,.25]",0.125,0.0,0.125,0.125,0.25,0.5625,0.3125,0.0625,0.25,0.1875
30,A-bin/B-base,251,"(0,.25]",0.1875,0.125,0.0,-0.125,0.375,0.75,0.375,0.125,0.0,-0.125
30,B-bin/A-base,251,"(0,.25]",0.125,0.1875,0.0,-0.1875,0.4375,0.75,0.3125,0.3125,0.0,-0.3125
30,A-bin/B-base,252,"(.5,.75]",0.5625,0.8125,0.9375,0.125,0.8125,1.0,0.1875,1.0,0.9375,-0.0625
30,B-bin/A-base,252,"(.75,1)",0.8125,0.5625,0.9375,0.375,0.5625,1.0,0.4375,0.8125,0.9375,0.125
30,A-bin/B-base,253,0,0.0,0.125,0.3125,0.1875,0.125,0.625,0.5,0.4375,0.375,-0.0625
30,B-bin/A-base,253,"(0,.25]",0.125,0.0,0.3125,0.3125,0.0,0.625,0.625,0.125,0.375,0.25
30,A-bin/B-base,254,"(.25,.5]",0.3125,0.25,0.6875,0.4375,0.3125,0.75,0.4375,0.625,0.6875,0.0625
30,B-bin/A-base,254,"(0,.25]",0.25,0.3125,0.6875,0.375,0.3125,0.75,0.4375,0.5625,0.6875,0.125
30,A-bin/B-base,255,"(.5,.75]",0.625,0.6875,0.5625,-0.125,0.75,0.6875,-0.0625,0.8125,0.8125,0.0
30,B-bin/A-base,255,"(.5,.75]",0.6875,0.625,0.5625,-0.0625,0.75,0.6875,-0.0625,0.8125,0.8125,0.0
35,A-bin/B-base,0,"(.75,1)",0.8125,0.875,0.875,0.0,0.875,0.9375,0.0625,0.9375,0.9375,0.0
35,B-bin/A-base,0,"(.75,1)",0.875,0.8125,0.875,0.0625,0.8125,0.9375,0.125,0.8125,0.9375,0.125
35,A-bin/B-base,1,"(0,.25]",0.25,0.3125,0.625,0.3125,0.5,0.875,0.375,0.5,0.625,0.125
35,B-bin/A-base,1,"(.25,.5]",0.3125,0.25,0.625,0.375,0.3125,0.875,0.5625,0.4375,0.625,0.1875
35,A-bin/B-base,2,"(0,.25]",0.125,0.4375,0.75,0.3125,0.5625,0.9375,0.375,0.5625,0.75,0.1875
35,B-bin/A-base,2,"(.25,.5]",0.4375,0.125,0.75,0.625,0.1875,0.9375,0.75,0.5,0.75,0.25
35,A-bin/B-base,3,"(.5,.75]",0.5625,0.6875,1.0,0.3125,0.6875,1.0,0.3125,0.875,1.0,0.125
35,B-bin/A-base,3,"(.5,.75]",0.6875,0.5625,1.0,0.4375,0.625,1.0,0.375,0.75,1.0,0.25
35,A-bin/B-base,4,"(0,.25]",0.125,0.375,0.3125,-0.0625,0.5,0.75,0.25,0.4375,0.3125,-0.125
35,B-bin/A-base,4,"(.25,.5]",0.375,0.125,0.3125,0.1875,0.4375,0.75,0.3125,0.1875,0.3125,0.125
35,A-bin/B-base,5,"(.25,.5]",0.375,0.625,0.6875,0.0625,0.6875,0.75,0.0625,0.8125,0.8125,0.0
35,B-bin/A-base,5,"(.5,.75]",0.625,0.375,0.6875,0.3125,0.4375,0.75,0.3125,0.6875,0.8125,0.125
35,A-bin/B-base,6,"(.5,.75]",0.6875,0.625,0.875,0.25,0.625,0.875,0.25,0.875,0.9375,0.0625
35,B-bin/A-base,6,"(.5,.75]",0.625,0.6875,0.875,0.1875,0.75,0.875,0.125,0.875,0.9375,0.0625
35,A-bin/B-base,7,0,0.0,0.0,0.0625,0.0625,0.125,0.5,0.375,0.0,0.1875,0.1875
35,B-bin/A-base,7,0,0.0,0.0,0.0625,0.0625,0.0,0.5,0.5,0.0,0.1875,0.1875
35,A-bin/B-base,8,"(0,.25]",0.1875,0.125,0.25,0.125,0.3125,0.5,0.1875,0.1875,0.25,0.0625
35,B-bin/A-base,8,"(0,.25]",0.125,0.1875,0.25,0.0625,0.375,0.5,0.125,0.3125,0.25,-0.0625
35,A-bin/B-base,9,"(0,.25]",0.1875,0.0,0.125,0.125,0.25,0.5625,0.3125,0.0,0.1875,0.1875
35,B-bin/A-base,9,0,0.0,0.1875,0.125,-0.0625,0.5,0.5625,0.0625,0.25,0.1875,-0.0625
35,A-bin/B-base,10,0,0.0,0.0625,0.125,0.0625,0.125,0.125,0.0,0.125,0.1875,0.0625
35,B-bin/A-base,10,"(0,.25]",0.0625,0.0,0.125,0.125,0.0,0.125,0.125,0.0625,0.1875,0.125
35,A-bin/B-base,11,0,0.0,0.0625,0.0,-0.0625,0.0625,0.0625,0.0,0.0625,0.0625,0.0
35,B-bin/A-base,11,"(0,.25]",0.0625,0.0,0.0,0.0,0.0,0.0625,0.0625,0.0,0.0625,0.0625
35,A-bin/B-base,12,"(.25,.5]",0.4375,0.625,0.75,0.125,0.625,0.8125,0.1875,0.8125,0.8125,0.0
35,B-bin/A-base,12,"(.5,.75]",0.625,0.4375,0.75,0.3125,0.4375,0.8125,0.375,0.875,0.8125,-0.0625
35,A-bin/B-base,13,"(0,.25]",0.1875,0.0625,0.3125,0.25,0.25,0.75,0.5,0.25,0.3125,0.0625
35,B-bin/A-base,13,"(0,.25]",0.0625,0.1875,0.3125,0.125,0.4375,0.75,0.3125,0.3125,0.3125,0.0
35,A-bin/B-base,14,"(0,.25]",0.25,0.1875,0.4375,0.25,0.375,0.6875,0.3125,0.5625,0.5,-0.0625
35,B-bin/A-base,14,"(0,.25]",0.1875,0.25,0.4375,0.1875,0.3125,0.6875,0.375,0.4375,0.5,0.0625
35,A-bin/B-base,15,0,0.0,0.0,0.0625,0.0625,0.5,0.625,0.125,0.0,0.0625,0.0625
35,B-bin/A-base,15,0,0.0,0.0,0.0625,0.0625,0.0,0.625,0.625,0.0,0.0625,0.0625
35,A-bin/B-base,16,"(0,.25]",0.125,0.125,0.625,0.5,0.25,0.6875,0.4375,0.1875,0.625,0.4375
35,B-bin/A-base,16,"(0,.25]",0.125,0.125,0.625,0.5,0.125,0.6875,0.5625,0.1875,0.625,0.4375
35,A-bin/B-base,17,"(0,.25]",0.125,0.0625,0.125,0.0625,0.1875,0.5625,0.375,0.1875,0.3125,0.125
35,B-bin/A-base,17,"(0,.25]",0.0625,0.125,0.125,0.0,0.375,0.5625,0.1875,0.1875,0.3125,0.125
35,A-bin/B-base,18,"(0,.25]",0.1875,0.0,0.0,0.0,0.1875,0.25,0.0625,0.125,0.0,-0.125
35,B-bin/A-base,18,0,0.0,0.1875,0.0,-0.1875,0.25,0.25,0.0,0.3125,0.0,-0.3125
35,A-bin/B-base,19,"(0,.25]",0.25,0.1875,0.3125,0.125,0.25,0.6875,0.4375,0.375,0.375,0.0
35,B-bin/A-base,19,"(0,.25]",0.1875,0.25,0.3125,0.0625,0.375,0.6875,0.3125,0.5,0.375,-0.125
35,A-bin/B-base,20,"(.75,1)",0.8125,0.875,0.9375,0.0625,0.875,0.9375,0.0625,1.0,1.0,0.0
35,B-bin/A-base,20,"(.75,1)",0.875,0.8125,0.9375,0.125,0.8125,0.9375,0.125,1.0,1.0,0.0
35,A-bin/B-base,21,"(0,.25]",0.125,0.125,0.625,0.5,0.125,0.625,0.5,0.25,0.6875,0.4375
35,B-bin/A-base,21,"(0,.25]",0.125,0.125,0.625,0.5,0.1875,0.625,0.4375,0.125,0.6875,0.5625
35,A-bin/B-base,22,0,0.0,0.0,0.1875,0.1875,0.25,0.375,0.125,0.0625,0.1875,0.125
35,B-bin/A-base,22,0,0.0,0.0,0.1875,0.1875,0.1875,0.375,0.1875,0.25,0.1875,-0.0625
35,A-bin/B-base,23,"(.5,.75]",0.5625,0.5,0.625,0.125,0.5625,0.75,0.1875,0.8125,0.8125,0.0
35,B-bin/A-base,23,"(.25,.5]",0.5,0.5625,0.625,0.0625,0.5625,0.75,0.1875,0.6875,0.8125,0.125
35,A-bin/B-base,24,"(.5,.75]",0.625,0.5625,0.75,0.1875,0.5625,0.9375,0.375,0.6875,0.8125,0.125
35,B-bin/A-base,24,"(.5,.75]",0.5625,0.625,0.75,0.125,0.625,0.9375,0.3125,0.625,0.8125,0.1875
35,A-bin/B-base,25,"(.25,.5]",0.375,0.3125,0.5,0.1875,0.4375,0.5,0.0625,0.5625,0.75,0.1875
35,B-bin/A-base,25,"(.25,.5]",0.3125,0.375,0.5,0.125,0.4375,0.5,0.0625,0.625,0.75,0.125
35,A-bin/B-base,26,"(.5,.75]",0.6875,0.625,0.5,-0.125,0.75,0.6875,-0.0625,0.8125,0.6875,-0.125
35,B-bin/A-base,26,"(.5,.75]",0.625,0.6875,0.5,-0.1875,0.6875,0.6875,0.0,1.0,0.6875,-0.3125
35,A-bin/B-base,27,"(0,.25]",0.0625,0.0625,0.0625,0.0,0.3125,0.625,0.3125,0.1875,0.125,-0.0625
35,B-bin/A-base,27,"(0,.25]",0.0625,0.0625,0.0625,0.0,0.125,0.625,0.5,0.125,0.125,0.0
35,A-bin/B-base,28,"(.5,.75]",0.5625,0.5625,0.875,0.3125,0.5625,0.875,0.3125,0.9375,0.875,-0.0625
35,B-bin/A-base,28,"(.5,.75]",0.5625,0.5625,0.875,0.3125,0.5625,0.875,0.3125,0.9375,0.875,-0.0625
35,A-bin/B-base,29,"(0,.25]",0.125,0.1875,0.1875,0.0,0.3125,0.4375,0.125,0.3125,0.25,-0.0625
35,B-bin/A-base,29,"(0,.25]",0.1875,0.125,0.1875,0.0625,0.3125,0.4375,0.125,0.1875,0.25,0.0625
35,A-bin/B-base,30,"(0,.25]",0.0625,0.0625,0.25,0.1875,0.0625,0.375,0.3125,0.25,0.5,0.25
35,B-bin/A-base,30,"(0,.25]",0.0625,0.0625,0.25,0.1875,0.1875,0.375,0.1875,0.1875,0.5,0.3125
35,A-bin/B-base,31,"(.25,.5]",0.375,0.125,0.3125,0.1875,0.1875,0.875,0.6875,0.25,0.4375,0.1875
35,B-bin/A-base,31,"(0,.25]",0.125,0.375,0.3125,-0.0625,0.5625,0.875,0.3125,0.5,0.4375,-0.0625
35,A-bin/B-base,32,"(0,.25]",0.0625,0.25,0.25,0.0,0.3125,0.3125,0.0,0.5,0.5,0.0
35,B-bin/A-base,32,"(0,.25]",0.25,0.0625,0.25,0.1875,0.125,0.3125,0.1875,0.25,0.5,0.25
35,A-bin/B-base,33,"(.5,.75]",0.75,0.375,0.875,0.5,0.375,0.875,0.5,0.875,1.0,0.125
35,B-bin/A-base,33,"(.25,.5]",0.375,0.75,0.875,0.125,0.8125,0.875,0.0625,0.9375,1.0,0.0625
35,A-bin/B-base,34,"(.5,.75]",0.625,0.625,1.0,0.375,0.6875,1.0,0.3125,0.875,1.0,0.125
35,B-bin/A-base,34,"(.5,.75]",0.625,0.625,1.0,0.375,0.6875,1.0,0.3125,0.875,1.0,0.125
35,A-bin/B-base,35,"(.5,.75]",0.625,0.5625,0.8125,0.25,0.5625,0.8125,0.25,0.75,0.875,0.125
35,B-bin/A-base,35,"(.5,.75]",0.5625,0.625,0.8125,0.1875,0.875,0.8125,-0.0625,0.6875,0.875,0.1875
35,A-bin/B-base,36,"(.5,.75]",0.75,0.8125,0.6875,-0.125,0.8125,0.75,-0.0625,0.875,0.875,0.0
35,B-bin/A-base,36,"(.75,1)",0.8125,0.75,0.6875,-0.0625,0.8125,0.75,-0.0625,0.875,0.875,0.0
35,A-bin/B-base,37,"(.25,.5]",0.5,0.6875,0.75,0.0625,0.6875,0.75,0.0625,0.8125,0.8125,0.0
35,B-bin/A-base,37,"(.5,.75]",0.6875,0.5,0.75,0.25,0.625,0.75,0.125,0.5625,0.8125,0.25
35,A-bin/B-base,38,"(0,.25]",0.125,0.0,0.125,0.125,0.25,0.625,0.375,0.0,0.1875,0.1875
35,B-bin/A-base,38,0,0.0,0.125,0.125,0.0,0.375,0.625,0.25,0.125,0.1875,0.0625
35,A-bin/B-base,39,"(.25,.5]",0.5,0.4375,0.5625,0.125,0.4375,0.8125,0.375,0.75,0.6875,-0.0625
35,B-bin/A-base,39,"(.25,.5]",0.4375,0.5,0.5625,0.0625,0.5,0.8125,0.3125,0.6875,0.6875,0.0
35,A-bin/B-base,40,0,0.0,0.125,0.0,-0.125,0.3125,0.4375,0.125,0.25,0.1875,-0.0625
35,B-bin/A-base,40,"(0,.25]",0.125,0.0,0.0,0.0,0.0,0.4375,0.4375,0.125,0.1875,0.0625
35,A-bin/B-base,41,"(.75,1)",0.8125,0.75,0.9375,0.1875,0.8125,0.9375,0.125,0.9375,1.0,0.0625
35,B-bin/A-base,41,"(.5,.75]",0.75,0.8125,0.9375,0.125,0.875,0.9375,0.0625,0.9375,1.0,0.0625
35,A-bin/B-base,42,0,0.0,0.0625,0.1875,0.125,0.1875,0.25,0.0625,0.0625,0.3125,0.25
35,B-bin/A-base,42,"(0,.25]",0.0625,0.0,0.1875,0.1875,0.125,0.25,0.125,0.125,0.3125,0.1875
35,A-bin/B-base,43,0,0.0,0.0625,0.125,0.0625,0.375,0.625,0.25,0.3125,0.25,-0.0625
35,B-bin/A-base,43,"(0,.25]",0.0625,0.0,0.125,0.125,0.375,0.625,0.25,0.0625,0.25,0.1875
35,A-bin/B-base,44,"(.5,.75]",0.625,0.75,0.875,0.125,0.875,0.9375,0.0625,0.75,0.875,0.125
35,B-bin/A-base,44,"(.5,.75]",0.75,0.625,0.875,0.25,0.6875,0.9375,0.25,0.8125,0.875,0.0625
35,A-bin/B-base,45,"(.5,.75]",0.625,0.5,0.375,-0.125,0.5625,0.75,0.1875,0.75,0.375,-0.375
35,B-bin/A-base,45,"(.25,.5]",0.5,0.625,0.375,-0.25,0.625,0.75,0.125,0.8125,0.375,-0.4375
35,A-bin/B-base,46,"(.25,.5]",0.5,0.375,0.625,0.25,0.625,0.875,0.25,0.625,0.6875,0.0625
35,B-bin/A-base,46,"(.25,.5]",0.375,0.5,0.625,0.125,0.6875,0.875,0.1875,0.75,0.6875,-0.0625
35,A-bin/B-base,47,"(.25,.5]",0.5,0.75,0.8125,0.0625,0.75,0.8125,0.0625,0.9375,0.875,-0.0625
35,B-bin/A-base,47,"(.5,.75]",0.75,0.5,0.8125,0.3125,0.5,0.8125,0.3125,0.75,0.875,0.125
35,A-bin/B-base,48,"(.5,.75]",0.6875,0.6875,0.875,0.1875,0.6875,0.9375,0.25,1.0,0.875,-0.125
35,B-bin/A-base,48,"(.5,.75]",0.6875,0.6875,0.875,0.1875,0.6875,0.9375,0.25,0.9375,0.875,-0.0625
35,A-bin/B-base,49,"(.5,.75]",0.6875,0.875,0.9375,0.0625,0.875,0.9375,0.0625,0.875,0.9375,0.0625
35,B-bin/A-base,49,"(.75,1)",0.875,0.6875,0.9375,0.25,0.75,0.9375,0.1875,0.8125,0.9375,0.125
35,A-bin/B-base,50,0,0.0,0.0,0.0,0.0,0.0625,0.25,0.1875,0.0,0.0,0.0
35,B-bin/A-base,50,0,0.0,0.0,0.0,0.0,0.375,0.25,-0.125,0.0,0.0,0.0
35,A-bin/B-base,51,"(.5,.75]",0.625,0.5,0.625,0.125,0.5,0.6875,0.1875,0.6875,0.625,-0.0625
35,B-bin/A-base,51,"(.25,.5]",0.5,0.625,0.625,0.0,0.625,0.6875,0.0625,0.6875,0.625,-0.0625
35,A-bin/B-base,52,"(.5,.75]",0.6875,0.5,0.5625,0.0625,0.5625,0.75,0.1875,0.625,0.6875,0.0625
35,B-bin/A-base,52,"(.25,.5]",0.5,0.6875,0.5625,-0.125,0.75,0.75,0.0,0.75,0.6875,-0.0625
35,A-bin/B-base,53,"(.5,.75]",0.75,0.75,0.875,0.125,0.75,0.9375,0.1875,1.0,0.9375,-0.0625
35,B-bin/A-base,53,"(.5,.75]",0.75,0.75,0.875,0.125,0.8125,0.9375,0.125,0.9375,0.9375,0.0
35,A-bin/B-base,54,"(0,.25]",0.1875,0.1875,0.5625,0.375,0.375,0.875,0.5,0.1875,0.625,0.4375
35,B-bin/A-base,54,"(0,.25]",0.1875,0.1875,0.5625,0.375,0.5625,0.875,0.3125,0.3125,0.625,0.3125
35,A-bin/B-base,55,"(.5,.75]",0.75,0.8125,0.75,-0.0625,0.875,0.9375,0.0625,0.875,0.8125,-0.0625
35,B-bin/A-base,55,"(.75,1)",0.8125,0.75,0.75,0.0,0.9375,0.9375,0.0,0.8125,0.8125,0.0
35,A-bin/B-base,56,"(.5,.75]",0.6875,0.6875,0.75,0.0625,0.6875,0.8125,0.125,0.9375,0.9375,0.0
35,B-bin/A-base,56,"(.5,.75]",0.6875,0.6875,0.75,0.0625,0.75,0.8125,0.0625,0.875,0.9375,0.0625
35,A-bin/B-base,57,"(0,.25]",0.1875,0.3125,0.375,0.0625,0.4375,0.5625,0.125,0.4375,0.5,0.0625
35,B-bin/A-base,57,"(.25,.5]",0.3125,0.1875,0.375,0.1875,0.375,0.5625,0.1875,0.375,0.5,0.125
35,A-bin/B-base,58,"(.25,.5]",0.375,0.5625,0.5625,0.0,0.625,0.875,0.25,0.6875,0.625,-0.0625
35,B-bin/A-base,58,"(.5,.75]",0.5625,0.375,0.5625,0.1875,0.5625,0.875,0.3125,0.625,0.625,0.0
35,A-bin/B-base,59,"(.25,.5]",0.3125,0.3125,0.375,0.0625,0.5,0.625,0.125,0.4375,0.5,0.0625
35,B-bin/A-base,59,"(.25,.5]",0.3125,0.3125,0.375,0.0625,0.5625,0.625,0.0625,0.375,0.5,0.125
35,A-bin/B-base,60,"(0,.25]",0.25,0.125,0.0625,-0.0625,0.25,0.5,0.25,0.1875,0.1875,0.0
35,B-bin/A-base,60,"(0,.25]",0.125,0.25,0.0625,-0.1875,0.375,0.5,0.125,0.3125,0.1875,-0.125
35,A-bin/B-base,61,"(.25,.5]",0.5,0.125,0.4375,0.3125,0.25,0.6875,0.4375,0.4375,0.5625,0.125
35,B-bin/A-base,61,"(0,.25]",0.125,0.5,0.4375,-0.0625,0.625,0.6875,0.0625,0.625,0.5625,-0.0625
35,A-bin/B-base,62,"(.25,.5]",0.375,0.4375,0.5625,0.125,0.5625,0.6875,0.125,0.5625,0.5625,0.0
35,B-bin/A-base,62,"(.25,.5]",0.4375,0.375,0.5625,0.1875,0.5,0.6875,0.1875,0.4375,0.5625,0.125
35,A-bin/B-base,63,0,0.0,0.0,0.0,0.0,0.125,0.4375,0.3125,0.0,0.0,0.0
35,B-bin/A-base,63,0,0.0,0.0,0.0,0.0,0.0,0.4375,0.4375,0.0,0.0,0.0
35,A-bin/B-base,64,"(.25,.5]",0.4375,0.5,0.6875,0.1875,0.5,0.8125,0.3125,0.6875,0.6875,0.0
35,B-bin/A-base,64,"(.25,.5]",0.5,0.4375,0.6875,0.25,0.5,0.8125,0.3125,0.6875,0.6875,0.0
35,A-bin/B-base,65,"(.25,.5]",0.4375,0.375,0.8125,0.4375,0.5,1.0,0.5,0.6875,0.8125,0.125
35,B-bin/A-base,65,"(.25,.5]",0.375,0.4375,0.8125,0.375,0.625,1.0,0.375,0.5625,0.8125,0.25
35,A-bin/B-base,66,"(0,.25]",0.125,0.0,0.4375,0.4375,0.125,0.75,0.625,0.25,0.5625,0.3125
35,B-bin/A-base,66,0,0.0,0.125,0.4375,0.3125,0.125,0.75,0.625,0.3125,0.5625,0.25
35,A-bin/B-base,67,"(0,.25]",0.1875,0.0625,0.0625,0.0,0.0625,0.3125,0.25,0.1875,0.0625,-0.125
35,B-bin/A-base,67,"(0,.25]",0.0625,0.1875,0.0625,-0.125,0.3125,0.3125,0.0,0.1875,0.0625,-0.125
35,A-bin/B-base,68,"(.25,.5]",0.4375,0.25,0.75,0.5,0.25,0.75,0.5,0.3125,0.75,0.4375
35,B-bin/A-base,68,"(0,.25]",0.25,0.4375,0.75,0.3125,0.4375,0.75,0.3125,0.625,0.75,0.125
35,A-bin/B-base,69,"(.5,.75]",0.625,0.5625,0.6875,0.125,0.625,1.0,0.375,0.6875,0.6875,0.0
35,B-bin/A-base,69,"(.5,.75]",0.5625,0.625,0.6875,0.0625,0.6875,1.0,0.3125,0.75,0.6875,-0.0625
35,A-bin/B-base,70,"(.5,.75]",0.75,0.9375,0.9375,0.0,0.9375,0.9375,0.0,1.0,1.0,0.0
35,B-bin/A-base,70,"(.75,1)",0.9375,0.75,0.9375,0.1875,0.8125,0.9375,0.125,0.875,1.0,0.125
35,A-bin/B-base,71,"(.5,.75]",0.75,0.75,0.6875,-0.0625,0.9375,0.9375,0.0,0.8125,0.6875,-0.125
35,B-bin/A-base,71,"(.5,.75]",0.75,0.75,0.6875,-0.0625,0.875,0.9375,0.0625,0.875,0.6875,-0.1875
35,A-bin/B-base,72,"(0,.25]",0.25,0.25,0.625,0.375,0.5625,0.8125,0.25,0.375,0.6875,0.3125
35,B-bin/A-base,72,"(0,.25]",0.25,0.25,0.625,0.375,0.5,0.8125,0.3125,0.3125,0.6875,0.375
35,A-bin/B-base,73,"(.25,.5]",0.5,0.8125,0.8125,0.0,0.8125,0.875,0.0625,1.0,0.875,-0.125
35,B-bin/A-base,73,"(.75,1)",0.8125,0.5,0.8125,0.3125,0.625,0.875,0.25,0.75,0.875,0.125
35,A-bin/B-base,74,"(.25,.5]",0.4375,0.6875,0.4375,-0.25,0.75,0.625,-0.125,0.875,0.5625,-0.3125
35,B-bin/A-base,74,"(.5,.75]",0.6875,0.4375,0.4375,0.0,0.5625,0.625,0.0625,0.5625,0.5625,0.0
35,A-bin/B-base,75,"(.25,.5]",0.5,0.3125,0.9375,0.625,0.3125,1.0,0.6875,0.625,0.9375,0.3125
35,B-bin/A-base,75,"(.25,.5]",0.3125,0.5,0.9375,0.4375,0.5625,1.0,0.4375,0.9375,0.9375,0.0
35,A-bin/B-base,76,"(0,.25]",0.0625,0.0625,0.125,0.0625,0.3125,0.375,0.0625,0.3125,0.1875,-0.125
35,B-bin/A-base,76,"(0,.25]",0.0625,0.0625,0.125,0.0625,0.3125,0.375,0.0625,0.3125,0.1875,-0.125
35,A-bin/B-base,77,"(0,.25]",0.1875,0.5,0.625,0.125,0.5625,0.625,0.0625,0.75,0.875,0.125
35,B-bin/A-base,77,"(.25,.5]",0.5,0.1875,0.625,0.4375,0.3125,0.625,0.3125,0.5,0.875,0.375
35,A-bin/B-base,78,"(0,.25]",0.1875,0.125,0.1875,0.0625,0.625,0.8125,0.1875,0.1875,0.1875,0.0
35,B-bin/A-base,78,"(0,.25]",0.125,0.1875,0.1875,0.0,0.5625,0.8125,0.25,0.25,0.1875,-0.0625
35,A-bin/B-base,79,"(.75,1)",0.9375,0.75,0.9375,0.1875,0.8125,0.9375,0.125,0.9375,0.9375,0.0
35,B-bin/A-base,79,"(.5,.75]",0.75,0.9375,0.9375,0.0,0.9375,0.9375,0.0,0.9375,0.9375,0.0
35,A-bin/B-base,80,"(0,.25]",0.0625,0.1875,0.25,0.0625,0.1875,0.5625,0.375,0.5,0.375,-0.125
35,B-bin/A-base,80,"(0,.25]",0.1875,0.0625,0.25,0.1875,0.25,0.5625,0.3125,0.375,0.375,0.0
35,A-bin/B-base,81,"(0,.25]",0.25,0.0625,0.4375,0.375,0.4375,0.625,0.1875,0.0625,0.4375,0.375
35,B-bin/A-base,81,"(0,.25]",0.0625,0.25,0.4375,0.1875,0.3125,0.625,0.3125,0.375,0.4375,0.0625
35,A-bin/B-base,82,"(.25,.5]",0.375,0.375,0.5625,0.1875,0.4375,0.6875,0.25,0.5,0.6875,0.1875
35,B-bin/A-base,82,"(.25,.5]",0.375,0.375,0.5625,0.1875,0.5625,0.6875,0.125,0.375,0.6875,0.3125
35,A-bin/B-base,83,"(.25,.5]",0.375,0.375,0.5625,0.1875,0.4375,0.8125,0.375,0.5625,0.5625,0.0
35,B-bin/A-base,83,"(.25,.5]",0.375,0.375,0.5625,0.1875,0.4375,0.8125,0.375,0.6875,0.5625,-0.125
35,A-bin/B-base,84,"(.25,.5]",0.3125,0.125,0.5625,0.4375,0.3125,0.8125,0.5,0.375,0.6875,0.3125
35,B-bin/A-base,84,"(0,.25]",0.125,0.3125,0.5625,0.25,0.3125,0.8125,0.5,0.5625,0.6875,0.125
35,A-bin/B-base,85,"(.25,.5]",0.3125,0.4375,0.5,0.0625,0.5625,0.6875,0.125,0.625,0.75,0.125
35,B-bin/A-base,85,"(.25,.5]",0.4375,0.3125,0.5,0.1875,0.375,0.6875,0.3125,0.5,0.75,0.25
35,A-bin/B-base,86,"(.25,.5]",0.5,0.625,0.75,0.125,0.625,0.8125,0.1875,0.8125,0.8125,0.0
35,B-bin/A-base,86,"(.5,.75]",0.625,0.5,0.75,0.25,0.625,0.8125,0.1875,0.8125,0.8125,0.0
35,A-bin/B-base,87,"(0,.25]",0.25,0.25,0.3125,0.0625,0.5625,0.5625,0.0,0.375,0.375,0.0
35,B-bin/A-base,87,"(0,.25]",0.25,0.25,0.3125,0.0625,0.375,0.5625,0.1875,0.6875,0.375,-0.3125
35,A-bin/B-base,88,"(.25,.5]",0.4375,0.5,0.4375,-0.0625,0.6875,0.875,0.1875,0.5625,0.4375,-0.125
35,B-bin/A-base,88,"(.25,.5]",0.5,0.4375,0.4375,0.0,0.5625,0.875,0.3125,0.5625,0.4375,-0.125
35,A-bin/B-base,89,"(0,.25]",0.125,0.1875,0.1875,0.0,0.375,0.75,0.375,0.3125,0.3125,0.0
35,B-bin/A-base,89,"(0,.25]",0.1875,0.125,0.1875,0.0625,0.1875,0.75,0.5625,0.3125,0.3125,0.0
35,A-bin/B-base,90,"(0,.25]",0.0625,0.0625,0.125,0.0625,0.25,0.5625,0.3125,0.1875,0.1875,0.0
35,B-bin/A-base,90,"(0,.25]",0.0625,0.0625,0.125,0.0625,0.3125,0.5625,0.25,0.125,0.1875,0.0625
35,A-bin/B-base,91,"(0,.25]",0.125,0.125,0.3125,0.1875,0.125,0.375,0.25,0.375,0.5625,0.1875
35,B-bin/A-base,91,"(0,.25]",0.125,0.125,0.3125,0.1875,0.125,0.375,0.25,0.6875,0.5625,-0.125
35,A-bin/B-base,92,"(0,.25]",0.125,0.3125,0.3125,0.0,0.5625,0.8125,0.25,0.4375,0.3125,-0.125
35,B-bin/A-base,92,"(.25,.5]",0.3125,0.125,0.3125,0.1875,0.3125,0.8125,0.5,0.1875,0.3125,0.125
35,A-bin/B-base,93,"(.5,.75]",0.75,0.375,0.875,0.5,0.4375,0.9375,0.5,0.75,0.875,0.125
35,B-bin/A-base,93,"(.25,.5]",0.375,0.75,0.875,0.125,0.75,0.9375,0.1875,1.0,0.875,-0.125
35,A-bin/B-base,94,"(.5,.75]",0.5625,0.5625,0.8125,0.25,0.5625,0.875,0.3125,0.9375,0.9375,0.0
35,B-bin/A-base,94,"(.5,.75]",0.5625,0.5625,0.8125,0.25,0.5625,0.875,0.3125,0.875,0.9375,0.0625
35,A-bin/B-base,95,"(0,.25]",0.125,0.0,0.0,0.0,0.3125,0.4375,0.125,0.0,0.0,0.0
35,B-bin/A-base,95,0,0.0,0.125,0.0,-0.125,0.25,0.4375,0.1875,0.125,0.0,-0.125
35,A-bin/B-base,96,"(.75,1)",0.8125,0.6875,0.8125,0.125,0.6875,1.0,0.3125,0.75,0.8125,0.0625
35,B-bin/A-base,96,"(.5,.75]",0.6875,0.8125,0.8125,0.0,0.8125,1.0,0.1875,0.875,0.8125,-0.0625
35,A-bin/B-base,97,0,0.0,0.0,0.0,0.0,0.1875,0.375,0.1875,0.0,0.0,0.0
35,B-bin/A-base,97,0,0.0,0.0,0.0,0.0,0.25,0.375,0.125,0.0,0.0,0.0
35,A-bin/B-base,98,"(.25,.5]",0.3125,0.375,0.4375,0.0625,0.6875,0.6875,0.0,0.375,0.5,0.125
35,B-bin/A-base,98,"(.25,.5]",0.375,0.3125,0.4375,0.125,0.5,0.6875,0.1875,0.375,0.5,0.125
35,A-bin/B-base,99,0,0.0,0.0,0.0,0.0,0.125,0.1875,0.0625,0.0625,0.0,-0.0625
35,B-bin/A-base,99,0,0.0,0.0,0.0,0.0,0.0,0.1875,0.1875,0.0625,0.0,-0.0625
35,A-bin/B-base,100,"(.25,.5]",0.375,0.25,0.75,0.5,0.375,0.875,0.5,0.4375,0.75,0.3125
35,B-bin/A-base,100,"(0,.25]",0.25,0.375,0.75,0.375,0.4375,0.875,0.4375,0.75,0.75,0.0
35,A-bin/B-base,101,"(0,.25]",0.25,0.3125,0.625,0.3125,0.5,0.8125,0.3125,0.625,0.6875,0.0625
35,B-bin/A-base,101,"(.25,.5]",0.3125,0.25,0.625,0.375,0.5,0.8125,0.3125,0.5,0.6875,0.1875
35,A-bin/B-base,102,"(0,.25]",0.1875,0.375,0.3125,-0.0625,0.5625,0.5625,0.0,0.5625,0.4375,-0.125
35,B-bin/A-base,102,"(.25,.5]",0.375,0.1875,0.3125,0.125,0.1875,0.5625,0.375,0.4375,0.4375,0.0
35,A-bin/B-base,103,0,0.0,0.0,0.1875,0.1875,0.0,0.3125,0.3125,0.0625,0.1875,0.125
35,B-bin/A-base,103,0,0.0,0.0,0.1875,0.1875,0.125,0.3125,0.1875,0.0,0.1875,0.1875
35,A-bin/B-base,104,"(.5,.75]",0.75,0.4375,0.75,0.3125,0.4375,0.8125,0.375,0.875,0.8125,-0.0625
35,B-bin/A-base,104,"(.25,.5]",0.4375,0.75,0.75,0.0,0.8125,0.8125,0.0,0.8125,0.8125,0.0
35,A-bin/B-base,105,"(.5,.75]",0.5625,0.5625,0.875,0.3125,0.6875,0.9375,0.25,0.75,0.875,0.125
35,B-bin/A-base,105,"(.5,.75]",0.5625,0.5625,0.875,0.3125,0.6875,0.9375,0.25,0.75,0.875,0.125
35,A-bin/B-base,106,"(.5,.75]",0.75,0.8125,1.0,0.1875,0.875,1.0,0.125,0.875,1.0,0.125
35,B-bin/A-base,106,"(.75,1)",0.8125,0.75,1.0,0.25,0.75,1.0,0.25,1.0,1.0,0.0
35,A-bin/B-base,107,"(0,.25]",0.125,0.125,0.25,0.125,0.4375,0.75,0.3125,0.25,0.3125,0.0625
35,B-bin/A-base,107,"(0,.25]",0.125,0.125,0.25,0.125,0.1875,0.75,0.5625,0.375,0.3125,-0.0625
35,A-bin/B-base,108,"(.25,.5]",0.3125,0.1875,0.375,0.1875,0.375,0.75,0.375,0.375,0.5625,0.1875
35,B-bin/A-base,108,"(0,.25]",0.1875,0.3125,0.375,0.0625,0.5625,0.75,0.1875,0.5,0.5625,0.0625
35,A-bin/B-base,109,"(.25,.5]",0.5,0.625,0.625,0.0,0.6875,0.75,0.0625,0.8125,0.625,-0.1875
35,B-bin/A-base,109,"(.5,.75]",0.625,0.5,0.625,0.125,0.5,0.75,0.25,0.8125,0.625,-0.1875
35,A-bin/B-base,110,"(.5,.75]",0.5625,0.4375,0.625,0.1875,0.5625,0.75,0.1875,0.8125,0.75,-0.0625
35,B-bin/A-base,110,"(.25,.5]",0.4375,0.5625,0.625,0.0625,0.625,0.75,0.125,0.75,0.75,0.0
35,A-bin/B-base,111,"(.75,1)",0.8125,0.625,1.0,0.375,0.625,1.0,0.375,0.875,1.0,0.125
35,B-bin/A-base,111,"(.5,.75]",0.625,0.8125,1.0,0.1875,0.8125,1.0,0.1875,0.875,1.0,0.125
35,A-bin/B-base,112,"(.25,.5]",0.5,0.625,0.75,0.125,0.8125,0.9375,0.125,0.75,0.75,0.0
35,B-bin/A-base,112,"(.5,.75]",0.625,0.5,0.75,0.25,0.6875,0.9375,0.25,0.625,0.75,0.125
35,A-bin/B-base,113,"(.5,.75]",0.5625,0.75,0.625,-0.125,0.8125,0.8125,0.0,0.9375,0.625,-0.3125
35,B-bin/A-base,113,"(.5,.75]",0.75,0.5625,0.625,0.0625,0.6875,0.8125,0.125,0.625,0.625,0.0
35,A-bin/B-base,114,"(.75,1)",0.8125,0.8125,1.0,0.1875,0.8125,1.0,0.1875,0.9375,1.0,0.0625
35,B-bin/A-base,114,"(.75,1)",0.8125,0.8125,1.0,0.1875,0.875,1.0,0.125,0.9375,1.0,0.0625
35,A-bin/B-base,115,"(.25,.5]",0.5,0.25,0.5,0.25,0.3125,0.625,0.3125,0.5,0.625,0.125
35,B-bin/A-base,115,"(0,.25]",0.25,0.5,0.5,0.0,0.625,0.625,0.0,0.6875,0.625,-0.0625
35,A-bin/B-base,116,0,0.0,0.0,0.0,0.0,0.0625,0.375,0.3125,0.0625,0.0,-0.0625
35,B-bin/A-base,116,0,0.0,0.0,0.0,0.0,0.25,0.375,0.125,0.0,0.0,0.0
35,A-bin/B-base,117,0,0.0,0.0,0.0625,0.0625,0.0,0.0625,0.0625,0.0625,0.0625,0.0
35,B-bin/A-base,117,0,0.0,0.0,0.0625,0.0625,0.0,0.0625,0.0625,0.0625,0.0625,0.0
35,A-bin/B-base,118,"(0,.25]",0.0625,0.0,0.125,0.125,0.375,0.8125,0.4375,0.125,0.125,0.0
35,B-bin/A-base,118,0,0.0,0.0625,0.125,0.0625,0.6875,0.8125,0.125,0.0625,0.125,0.0625
35,A-bin/B-base,119,"(.25,.5]",0.375,0.25,0.875,0.625,0.3125,0.9375,0.625,0.625,0.875,0.25
35,B-bin/A-base,119,"(0,.25]",0.25,0.375,0.875,0.5,0.4375,0.9375,0.5,0.875,0.875,0.0
35,A-bin/B-base,120,"(.25,.5]",0.375,0.25,0.3125,0.0625,0.375,0.625,0.25,0.4375,0.5625,0.125
35,B-bin/A-base,120,"(0,.25]",0.25,0.375,0.3125,-0.0625,0.625,0.625,0.0,0.5,0.5625,0.0625
35,A-bin/B-base,121,0,0.0,0.0625,0.0,-0.0625,0.125,0.125,0.0,0.3125,0.0625,-0.25
35,B-bin/A-base,121,"(0,.25]",0.0625,0.0,0.0,0.0,0.125,0.125,0.0,0.0,0.0625,0.0625
35,A-bin/B-base,122,"(0,.25]",0.0625,0.125,0.3125,0.1875,0.1875,0.4375,0.25,0.25,0.4375,0.1875
35,B-bin/A-base,122,"(0,.25]",0.125,0.0625,0.3125,0.25,0.125,0.4375,0.3125,0.1875,0.4375,0.25
35,A-bin/B-base,123,"(0,.25]",0.1875,0.125,0.5625,0.4375,0.25,0.5625,0.3125,0.4375,0.8125,0.375
35,B-bin/A-base,123,"(0,.25]",0.125,0.1875,0.5625,0.375,0.1875,0.5625,0.375,0.4375,0.8125,0.375
35,A-bin/B-base,124,"(.25,.5]",0.3125,0.4375,0.5625,0.125,0.4375,0.5625,0.125,0.5625,0.625,0.0625
35,B-bin/A-base,124,"(.25,.5]",0.4375,0.3125,0.5625,0.25,0.375,0.5625,0.1875,0.4375,0.625,0.1875
35,A-bin/B-base,125,"(.5,.75]",0.5625,0.8125,0.9375,0.125,0.8125,1.0,0.1875,0.9375,0.9375,0.0
35,B-bin/A-base,125,"(.75,1)",0.8125,0.5625,0.9375,0.375,0.6875,1.0,0.3125,0.75,0.9375,0.1875
35,A-bin/B-base,126,"(.75,1)",0.8125,0.75,0.875,0.125,0.75,1.0,0.25,1.0,0.875,-0.125
35,B-bin/A-base,126,"(.5,.75]",0.75,0.8125,0.875,0.0625,0.8125,1.0,0.1875,0.9375,0.875,-0.0625
35,A-bin/B-base,127,"(.5,.75]",0.5625,0.5,0.75,0.25,0.5625,0.8125,0.25,0.6875,0.8125,0.125
35,B-bin/A-base,127,"(.25,.5]",0.5,0.5625,0.75,0.1875,0.5625,0.8125,0.25,0.8125,0.8125,0.0
35,A-bin/B-base,128,"(0,.25]",0.125,0.1875,0.25,0.0625,0.375,0.3125,-0.0625,0.4375,0.5625,0.125
35,B-bin/A-base,128,"(0,.25]",0.1875,0.125,0.25,0.125,0.1875,0.3125,0.125,0.375,0.5625,0.1875
35,A-bin/B-base,129,0,0.0,0.0625,0.1875,0.125,0.25,0.625,0.375,0.0625,0.25,0.1875
35,B-bin/A-base,129,"(0,.25]",0.0625,0.0,0.1875,0.1875,0.0625,0.625,0.5625,0.0,0.25,0.25
35,A-bin/B-base,130,"(.75,1)",0.9375,0.8125,0.8125,0.0,0.8125,0.875,0.0625,0.9375,0.9375,0.0
35,B-bin/A-base,130,"(.75,1)",0.8125,0.9375,0.8125,-0.125,0.9375,0.875,-0.0625,1.0,0.9375,-0.0625
35,A-bin/B-base,131,"(0,.25]",0.125,0.1875,0.375,0.1875,0.1875,0.5625,0.375,0.1875,0.4375,0.25
35,B-bin/A-base,131,"(0,.25]",0.1875,0.125,0.375,0.25,0.1875,0.5625,0.375,0.125,0.4375,0.3125
35,A-bin/B-base,132,"(.5,.75]",0.75,0.4375,0.75,0.3125,0.5625,0.8125,0.25,0.6875,0.8125,0.125
35,B-bin/A-base,132,"(.25,.5]",0.4375,0.75,0.75,0.0,0.75,0.8125,0.0625,0.75,0.8125,0.0625
35,A-bin/B-base,133,"(.25,.5]",0.4375,0.375,0.6875,0.3125,0.375,0.8125,0.4375,0.75,0.6875,-0.0625
35,B-bin/A-base,133,"(.25,.5]",0.375,0.4375,0.6875,0.25,0.5,0.8125,0.3125,0.6875,0.6875,0.0
35,A-bin/B-base,134,"(0,.25]",0.0625,0.0,0.0,0.0,0.4375,0.625,0.1875,0.0625,0.0625,0.0
35,B-bin/A-base,134,0,0.0,0.0625,0.0,-0.0625,0.4375,0.625,0.1875,0.0625,0.0625,0.0
35,A-bin/B-base,135,"(.5,.75]",0.6875,0.75,0.6875,-0.0625,0.75,0.9375,0.1875,0.875,0.6875,-0.1875
35,B-bin/A-base,135,"(.5,.75]",0.75,0.6875,0.6875,0.0,0.75,0.9375,0.1875,0.75,0.6875,-0.0625
35,A-bin/B-base,136,"(0,.25]",0.25,0.125,0.75,0.625,0.1875,0.8125,0.625,0.5625,0.75,0.1875
35,B-bin/A-base,136,"(0,.25]",0.125,0.25,0.75,0.5,0.25,0.8125,0.5625,0.4375,0.75,0.3125
35,A-bin/B-base,137,"(.5,.75]",0.5625,0.3125,0.4375,0.125,0.375,0.5625,0.1875,0.5625,0.4375,-0.125
35,B-bin/A-base,137,"(.25,.5]",0.3125,0.5625,0.4375,-0.125,0.5625,0.5625,0.0,0.625,0.4375,-0.1875
35,A-bin/B-base,138,"(0,.25]",0.1875,0.0625,0.1875,0.125,0.0625,0.4375,0.375,0.4375,0.4375,0.0
35,B-bin/A-base,138,"(0,.25]",0.0625,0.1875,0.1875,0.0,0.25,0.4375,0.1875,0.25,0.4375,0.1875
35,A-bin/B-base,139,0,0.0,0.125,0.4375,0.3125,0.1875,0.625,0.4375,0.5625,0.5,-0.0625
35,B-bin/A-base,139,"(0,.25]",0.125,0.0,0.4375,0.4375,0.0,0.625,0.625,0.25,0.5,0.25
35,A-bin/B-base,140,"(.25,.5]",0.3125,0.25,0.375,0.125,0.25,0.5625,0.3125,0.4375,0.4375,0.0
35,B-bin/A-base,140,"(0,.25]",0.25,0.3125,0.375,0.0625,0.3125,0.5625,0.25,0.5625,0.4375,-0.125
35,A-bin/B-base,141,"(0,.25]",0.1875,0.3125,0.5,0.1875,0.75,0.75,0.0,0.4375,0.6875,0.25
35,B-bin/A-base,141,"(.25,.5]",0.3125,0.1875,0.5,0.3125,0.1875,0.75,0.5625,0.4375,0.6875,0.25
35,A-bin/B-base,142,0,0.0,0.0625,0.0,-0.0625,0.125,0.25,0.125,0.1875,0.1875,0.0
35,B-bin/A-base,142,"(0,.25]",0.0625,0.0,0.0,0.0,0.125,0.25,0.125,0.125,0.1875,0.0625
35,A-bin/B-base,143,"(.25,.5]",0.3125,0.4375,0.0,-0.4375,0.5625,0.3125,-0.25,0.5,0.0625,-0.4375
35,B-bin/A-base,143,"(.25,.5]",0.4375,0.3125,0.0,-0.3125,0.5,0.3125,-0.1875,0.4375,0.0625,-0.375
35,A-bin/B-base,144,"(0,.25]",0.25,0.1875,0.75,0.5625,0.25,0.8125,0.5625,0.5,0.875,0.375
35,B-bin/A-base,144,"(0,.25]",0.1875,0.25,0.75,0.5,0.3125,0.8125,0.5,0.5625,0.875,0.3125
35,A-bin/B-base,145,"(.5,.75]",0.6875,0.375,0.6875,0.3125,0.5,0.875,0.375,0.5625,0.75,0.1875
35,B-bin/A-base,145,"(.25,.5]",0.375,0.6875,0.6875,0.0,0.6875,0.875,0.1875,0.875,0.75,-0.125
35,A-bin/B-base,146,"(0,.25]",0.25,0.0625,0.5,0.4375,0.3125,0.8125,0.5,0.1875,0.5625,0.375
35,B-bin/A-base,146,"(0,.25]",0.0625,0.25,0.5,0.25,0.25,0.8125,0.5625,0.4375,0.5625,0.125
35,A-bin/B-base,147,"(.75,1)",0.8125,0.6875,0.9375,0.25,0.6875,1.0,0.3125,0.875,0.9375,0.0625
35,B-bin/A-base,147,"(.5,.75]",0.6875,0.8125,0.9375,0.125,0.8125,1.0,0.1875,0.9375,0.9375,0.0
35,A-bin/B-base,148,"(.5,.75]",0.5625,0.1875,0.75,0.5625,0.3125,0.9375,0.625,0.5,0.8125,0.3125
35,B-bin/A-base,148,"(0,.25]",0.1875,0.5625,0.75,0.1875,0.625,0.9375,0.3125,0.75,0.8125,0.0625
35,A-bin/B-base,149,"(.5,.75]",0.5625,0.5,0.5625,0.0625,0.5625,0.6875,0.125,0.875,0.6875,-0.1875
35,B-bin/A-base,149,"(.25,.5]",0.5,0.5625,0.5625,0.0,0.625,0.6875,0.0625,0.625,0.6875,0.0625
35,A-bin/B-base,150,"(.5,.75]",0.75,0.4375,0.9375,0.5,0.5,0.9375,0.4375,0.75,0.9375,0.1875
35,B-bin/A-base,150,"(.25,.5]",0.4375,0.75,0.9375,0.1875,0.75,0.9375,0.1875,0.9375,0.9375,0.0
35,A-bin/B-base,151,"(.25,.5]",0.5,0.5625,0.625,0.0625,0.625,0.875,0.25,0.8125,0.625,-0.1875
35,B-bin/A-base,151,"(.5,.75]",0.5625,0.5,0.625,0.125,0.75,0.875,0.125,0.5625,0.625,0.0625
35,A-bin/B-base,152,"(.5,.75]",0.6875,0.5625,0.75,0.1875,0.625,0.875,0.25,0.75,0.875,0.125
35,B-bin/A-base,152,"(.5,.75]",0.5625,0.6875,0.75,0.0625,0.75,0.875,0.125,0.8125,0.875,0.0625
35,A-bin/B-base,153,"(.25,.5]",0.3125,0.4375,0.25,-0.1875,0.5625,0.8125,0.25,0.5,0.3125,-0.1875
35,B-bin/A-base,153,"(.25,.5]",0.4375,0.3125,0.25,-0.0625,0.625,0.8125,0.1875,0.375,0.3125,-0.0625
35,A-bin/B-base,154,"(.25,.5]",0.3125,0.4375,0.5,0.0625,0.5,0.875,0.375,0.625,0.5625,-0.0625
35,B-bin/A-base,154,"(.25,.5]",0.4375,0.3125,0.5,0.1875,0.3125,0.875,0.5625,0.625,0.5625,-0.0625
35,A-bin/B-base,155,"(.25,.5]",0.375,0.125,0.625,0.5,0.375,0.8125,0.4375,0.3125,0.6875,0.375
35,B-bin/A-base,155,"(0,.25]",0.125,0.375,0.625,0.25,0.4375,0.8125,0.375,0.4375,0.6875,0.25
35,A-bin/B-base,156,"(.5,.75]",0.5625,0.6875,0.8125,0.125,0.75,0.875,0.125,0.875,0.875,0.0
35,B-bin/A-base,156,"(.5,.75]",0.6875,0.5625,0.8125,0.25,0.5625,0.875,0.3125,0.9375,0.875,-0.0625
35,A-bin/B-base,157,"(.25,.5]",0.3125,0.5,0.8125,0.3125,0.5,0.9375,0.4375,0.75,0.8125,0.0625
35,B-bin/A-base,157,"(.25,.5]",0.5,0.3125,0.8125,0.5,0.3125,0.9375,0.625,0.5,0.8125,0.3125
35,A-bin/B-base,158,"(.25,.5]",0.4375,0.0625,0.5,0.4375,0.1875,0.625,0.4375,0.5,0.5625,0.0625
35,B-bin/A-base,158,"(0,.25]",0.0625,0.4375,0.5,0.0625,0.5625,0.625,0.0625,0.625,0.5625,-0.0625
35,A-bin/B-base,159,"(0,.25]",0.0625,0.0625,0.375,0.3125,0.3125,0.75,0.4375,0.125,0.5,0.375
35,B-bin/A-base,159,"(0,.25]",0.0625,0.0625,0.375,0.3125,0.25,0.75,0.5,0.125,0.5,0.375
35,A-bin/B-base,160,0,0.0,0.0,0.0,0.0,0.3125,0.5,0.1875,0.0,0.0,0.0
35,B-bin/A-base,160,0,0.0,0.0,0.0,0.0,0.375,0.5,0.125,0.0,0.0,0.0
35,A-bin/B-base,161,"(.75,1)",0.875,0.6875,0.75,0.0625,0.8125,1.0,0.1875,0.75,0.75,0.0
35,B-bin/A-base,161,"(.5,.75]",0.6875,0.875,0.75,-0.125,0.9375,1.0,0.0625,0.875,0.75,-0.125
35,A-bin/B-base,162,"(0,.25]",0.0625,0.1875,0.0625,-0.125,0.375,0.5,0.125,0.1875,0.0625,-0.125
35,B-bin/A-base,162,"(0,.25]",0.1875,0.0625,0.0625,0.0,0.3125,0.5,0.1875,0.125,0.0625,-0.0625
35,A-bin/B-base,163,"(.25,.5]",0.5,0.625,0.6875,0.0625,0.6875,0.875,0.1875,0.8125,0.75,-0.0625
35,B-bin/A-base,163,"(.5,.75]",0.625,0.5,0.6875,0.1875,0.625,0.875,0.25,0.75,0.75,0.0
35,A-bin/B-base,164,"(.5,.75]",0.5625,0.5,0.8125,0.3125,0.6875,0.875,0.1875,0.625,0.8125,0.1875
35,B-bin/A-base,164,"(.25,.5]",0.5,0.5625,0.8125,0.25,0.8125,0.875,0.0625,0.6875,0.8125,0.125
35,A-bin/B-base,165,0,0.0,0.0,0.0625,0.0625,0.375,0.5,0.125,0.0,0.0625,0.0625
35,B-bin/A-base,165,0,0.0,0.0,0.0625,0.0625,0.0,0.5,0.5,0.0625,0.0625,0.0
35,A-bin/B-base,166,"(0,.25]",0.125,0.125,0.25,0.125,0.25,0.375,0.125,0.1875,0.4375,0.25
35,B-bin/A-base,166,"(0,.25]",0.125,0.125,0.25,0.125,0.125,0.375,0.25,0.5625,0.4375,-0.125
35,A-bin/B-base,167,0,0.0,0.0,0.0,0.0,0.5,0.8125,0.3125,0.0,0.0,0.0
35,B-bin/A-base,167,0,0.0,0.0,0.0,0.0,0.5,0.8125,0.3125,0.0,0.0,0.0
35,A-bin/B-base,168,"(.75,1)",0.8125,0.875,0.8125,-0.0625,0.875,0.8125,-0.0625,0.875,0.875,0.0
35,B-bin/A-base,168,"(.75,1)",0.875,0.8125,0.8125,0.0,0.875,0.8125,-0.0625,0.9375,0.875,-0.0625
35,A-bin/B-base,169,"(0,.25]",0.125,0.0,0.25,0.25,0.25,0.5625,0.3125,0.1875,0.3125,0.125
35,B-bin/A-base,169,0,0.0,0.125,0.25,0.125,0.25,0.5625,0.3125,0.25,0.3125,0.0625
35,A-bin/B-base,170,"(.5,.75]",0.5625,0.5625,0.875,0.3125,0.625,0.875,0.25,0.75,1.0,0.25
35,B-bin/A-base,170,"(.5,.75]",0.5625,0.5625,0.875,0.3125,0.5625,0.875,0.3125,0.75,1.0,0.25
35,A-bin/B-base,171,0,0.0,0.0625,0.1875,0.125,0.125,0.5,0.375,0.125,0.375,0.25
35,B-bin/A-base,171,"(0,.25]",0.0625,0.0,0.1875,0.1875,0.0625,0.5,0.4375,0.1875,0.375,0.1875
35,A-bin/B-base,172,"(.5,.75]",0.5625,0.5625,0.9375,0.375,0.5625,0.9375,0.375,0.8125,0.9375,0.125
35,B-bin/A-base,172,"(.5,.75]",0.5625,0.5625,0.9375,0.375,0.625,0.9375,0.3125,0.875,0.9375,0.0625
35,A-bin/B-base,173,"(0,.25]",0.125,0.0,0.0625,0.0625,0.0,0.1875,0.1875,0.0,0.125,0.125
35,B-bin/A-base,173,0,0.0,0.125,0.0625,-0.0625,0.1875,0.1875,0.0,0.25,0.125,-0.125
35,A-bin/B-base,174,"(.5,.75]",0.625,0.5,0.6875,0.1875,0.625,0.9375,0.3125,0.75,0.6875,-0.0625
35,B-bin/A-base,174,"(.25,.5]",0.5,0.625,0.6875,0.0625,0.6875,0.9375,0.25,0.8125,0.6875,-0.125
35,A-bin/B-base,175,"(0,.25]",0.0625,0.1875,0.3125,0.125,0.1875,0.375,0.1875,0.5,0.5,0.0
35,B-bin/A-base,175,"(0,.25]",0.1875,0.0625,0.3125,0.25,0.0625,0.375,0.3125,0.4375,0.5,0.0625
35,A-bin/B-base,176,1,1.0,0.8125,0.875,0.0625,0.8125,0.875,0.0625,0.9375,0.9375,0.0
35,B-bin/A-base,176,"(.75,1)",0.8125,1.0,0.875,-0.125,1.0,0.875,-0.125,1.0,0.9375,-0.0625
35,A-bin/B-base,177,"(.25,.5]",0.375,0.3125,0.5625,0.25,0.375,0.8125,0.4375,0.375,0.625,0.25
35,B-bin/A-base,177,"(.25,.5]",0.3125,0.375,0.5625,0.1875,0.625,0.8125,0.1875,0.5625,0.625,0.0625
35,A-bin/B-base,178,"(.25,.5]",0.5,0.5,0.4375,-0.0625,0.5625,0.5625,0.0,0.6875,0.5625,-0.125
35,B-bin/A-base,178,"(.25,.5]",0.5,0.5,0.4375,-0.0625,0.5625,0.5625,0.0,0.75,0.5625,-0.1875
35,A-bin/B-base,179,"(.25,.5]",0.3125,0.5625,0.625,0.0625,0.6875,0.6875,0.0,0.625,0.875,0.25
35,B-bin/A-base,179,"(.5,.75]",0.5625,0.3125,0.625,0.3125,0.375,0.6875,0.3125,0.6875,0.875,0.1875
35,A-bin/B-base,180,"(.75,1)",0.875,0.75,0.8125,0.0625,0.75,0.8125,0.0625,0.9375,0.875,-0.0625
35,B-bin/A-base,180,"(.5,.75]",0.75,0.875,0.8125,-0.0625,0.875,0.8125,-0.0625,0.9375,0.875,-0.0625
35,A-bin/B-base,181,"(0,.25]",0.125,0.0625,0.125,0.0625,0.125,0.25,0.125,0.125,0.25,0.125
35,B-bin/A-base,181,"(0,.25]",0.0625,0.125,0.125,0.0,0.25,0.25,0.0,0.375,0.25,-0.125
35,A-bin/B-base,182,"(0,.25]",0.25,0.0625,0.25,0.1875,0.375,0.5625,0.1875,0.125,0.3125,0.1875
35,B-bin/A-base,182,"(0,.25]",0.0625,0.25,0.25,0.0,0.4375,0.5625,0.125,0.25,0.3125,0.0625
35,A-bin/B-base,183,"(0,.25]",0.0625,0.0625,0.5,0.4375,0.125,0.5625,0.4375,0.25,0.625,0.375
35,B-bin/A-base,183,"(0,.25]",0.0625,0.0625,0.5,0.4375,0.1875,0.5625,0.375,0.1875,0.625,0.4375
35,A-bin/B-base,184,0,0.0,0.125,0.1875,0.0625,0.4375,0.5625,0.125,0.125,0.25,0.125
35,B-bin/A-base,184,"(0,.25]",0.125,0.0,0.1875,0.1875,0.0625,0.5625,0.5,0.0625,0.25,0.1875
35,A-bin/B-base,185,"(.75,1)",0.8125,0.875,0.9375,0.0625,0.875,0.9375,0.0625,1.0,0.9375,-0.0625
35,B-bin/A-base,185,"(.75,1)",0.875,0.8125,0.9375,0.125,0.8125,0.9375,0.125,0.9375,0.9375,0.0
35,A-bin/B-base,186,"(.5,.75]",0.625,0.625,0.6875,0.0625,0.6875,0.875,0.1875,0.8125,0.75,-0.0625
35,B-bin/A-base,186,"(.5,.75]",0.625,0.625,0.6875,0.0625,0.6875,0.875,0.1875,0.9375,0.75,-0.1875
35,A-bin/B-base,187,"(0,.25]",0.0625,0.0,0.0,0.0,0.0625,0.125,0.0625,0.0625,0.0,-0.0625
35,B-bin/A-base,187,0,0.0,0.0625,0.0,-0.0625,0.0625,0.125,0.0625,0.0625,0.0,-0.0625
35,A-bin/B-base,188,"(.75,1)",0.875,0.9375,0.9375,0.0,0.9375,0.9375,0.0,1.0,0.9375,-0.0625
35,B-bin/A-base,188,"(.75,1)",0.9375,0.875,0.9375,0.0625,0.875,0.9375,0.0625,1.0,0.9375,-0.0625
35,A-bin/B-base,189,"(0,.25]",0.25,0.1875,0.4375,0.25,0.3125,0.5,0.1875,0.5625,0.5,-0.0625
35,B-bin/A-base,189,"(0,.25]",0.1875,0.25,0.4375,0.1875,0.375,0.5,0.125,0.375,0.5,0.125
35,A-bin/B-base,190,"(0,.25]",0.125,0.0,0.1875,0.1875,0.125,0.5625,0.4375,0.0625,0.25,0.1875
35,B-bin/A-base,190,0,0.0,0.125,0.1875,0.0625,0.375,0.5625,0.1875,0.3125,0.25,-0.0625
35,A-bin/B-base,191,0,0.0,0.0,0.0,0.0,0.1875,0.25,0.0625,0.0625,0.125,0.0625
35,B-bin/A-base,191,0,0.0,0.0,0.0,0.0,0.125,0.25,0.125,0.0625,0.125,0.0625
35,A-bin/B-base,192,"(0,.25]",0.25,0.3125,0.5,0.1875,0.375,0.6875,0.3125,0.4375,0.5625,0.125
35,B-bin/A-base,192,"(.25,.5]",0.3125,0.25,0.5,0.25,0.25,0.6875,0.4375,0.625,0.5625,-0.0625
35,A-bin/B-base,193,"(.25,.5]",0.5,0.1875,0.3125,0.125,0.4375,0.6875,0.25,0.3125,0.3125,0.0
35,B-bin/A-base,193,"(0,.25]",0.1875,0.5,0.3125,-0.1875,0.5625,0.6875,0.125,0.5,0.3125,-0.1875
35,A-bin/B-base,194,"(0,.25]",0.25,0.25,0.5,0.25,0.5625,0.6875,0.125,0.375,0.5,0.125
35,B-bin/A-base,194,"(0,.25]",0.25,0.25,0.5,0.25,0.4375,0.6875,0.25,0.375,0.5,0.125
35,A-bin/B-base,195,"(.5,.75]",0.5625,0.6875,1.0,0.3125,0.6875,1.0,0.3125,0.9375,1.0,0.0625
35,B-bin/A-base,195,"(.5,.75]",0.6875,0.5625,1.0,0.4375,0.5625,1.0,0.4375,0.875,1.0,0.125
35,A-bin/B-base,196,"(.25,.5]",0.5,0.625,0.8125,0.1875,0.6875,0.875,0.1875,0.875,0.8125,-0.0625
35,B-bin/A-base,196,"(.5,.75]",0.625,0.5,0.8125,0.3125,0.5625,0.875,0.3125,0.75,0.8125,0.0625
35,A-bin/B-base,197,"(0,.25]",0.1875,0.3125,0.5,0.1875,0.375,0.5625,0.1875,0.75,0.875,0.125
35,B-bin/A-base,197,"(.25,.5]",0.3125,0.1875,0.5,0.3125,0.1875,0.5625,0.375,0.5,0.875,0.375
35,A-bin/B-base,198,"(0,.25]",0.1875,0.125,0.1875,0.0625,0.1875,0.25,0.0625,0.125,0.25,0.125
35,B-bin/A-base,198,"(0,.25]",0.125,0.1875,0.1875,0.0,0.1875,0.25,0.0625,0.1875,0.25,0.0625
35,A-bin/B-base,199,"(0,.25]",0.1875,0.0,0.25,0.25,0.0,0.375,0.375,0.0,0.375,0.375
35,B-bin/A-base,199,0,0.0,0.1875,0.25,0.0625,0.1875,0.375,0.1875,0.3125,0.375,0.0625
35,A-bin/B-base,200,"(.25,.5]",0.375,0.6875,0.75,0.0625,0.6875,0.9375,0.25,0.8125,0.75,-0.0625
35,B-bin/A-base,200,"(.5,.75]",0.6875,0.375,0.75,0.375,0.4375,0.9375,0.5,0.625,0.75,0.125
35,A-bin/B-base,201,"(0,.25]",0.0625,0.0625,0.125,0.0625,0.1875,0.5,0.3125,0.125,0.25,0.125
35,B-bin/A-base,201,"(0,.25]",0.0625,0.0625,0.125,0.0625,0.25,0.5,0.25,0.125,0.25,0.125
35,A-bin/B-base,202,"(.75,1)",0.875,0.875,0.875,0.0,0.9375,0.875,-0.0625,0.9375,1.0,0.0625
35,B-bin/A-base,202,"(.75,1)",0.875,0.875,0.875,0.0,0.875,0.875,0.0,1.0,1.0,0.0
35,A-bin/B-base,203,"(.75,1)",0.8125,0.8125,1.0,0.1875,0.8125,1.0,0.1875,0.9375,1.0,0.0625
35,B-bin/A-base,203,"(.75,1)",0.8125,0.8125,1.0,0.1875,0.875,1.0,0.125,0.9375,1.0,0.0625
35,A-bin/B-base,204,"(0,.25]",0.25,0.375,0.5625,0.1875,0.4375,0.75,0.3125,0.5,0.625,0.125
35,B-bin/A-base,204,"(.25,.5]",0.375,0.25,0.5625,0.3125,0.3125,0.75,0.4375,0.4375,0.625,0.1875
35,A-bin/B-base,205,"(0,.25]",0.125,0.25,0.0625,-0.1875,0.375,0.625,0.25,0.25,0.125,-0.125
35,B-bin/A-base,205,"(0,.25]",0.25,0.125,0.0625,-0.0625,0.375,0.625,0.25,0.125,0.125,0.0
35,A-bin/B-base,206,"(0,.25]",0.25,0.4375,0.5625,0.125,0.4375,0.5625,0.125,0.5625,0.625,0.0625
35,B-bin/A-base,206,"(.25,.5]",0.4375,0.25,0.5625,0.3125,0.25,0.5625,0.3125,0.6875,0.625,-0.0625
35,A-bin/B-base,207,"(.25,.5]",0.5,0.5625,0.5625,0.0,0.625,0.9375,0.3125,0.75,0.625,-0.125
35,B-bin/A-base,207,"(.5,.75]",0.5625,0.5,0.5625,0.0625,0.5625,0.9375,0.375,0.6875,0.625,-0.0625
35,A-bin/B-base,208,"(.5,.75]",0.6875,0.75,0.9375,0.1875,0.75,1.0,0.25,0.9375,0.9375,0.0
35,B-bin/A-base,208,"(.5,.75]",0.75,0.6875,0.9375,0.25,0.6875,1.0,0.3125,0.875,0.9375,0.0625
35,A-bin/B-base,209,"(.5,.75]",0.5625,0.5,0.9375,0.4375,0.5,0.9375,0.4375,0.8125,0.9375,0.125
35,B-bin/A-base,209,"(.25,.5]",0.5,0.5625,0.9375,0.375,0.625,0.9375,0.3125,0.625,0.9375,0.3125
35,A-bin/B-base,210,"(.25,.5]",0.3125,0.25,0.5,0.25,0.375,0.625,0.25,0.6875,0.5625,-0.125
35,B-bin/A-base,210,"(0,.25]",0.25,0.3125,0.5,0.1875,0.375,0.625,0.25,0.4375,0.5625,0.125
35,A-bin/B-base,211,"(0,.25]",0.0625,0.125,0.1875,0.0625,0.5,0.5625,0.0625,0.1875,0.25,0.0625
35,B-bin/A-base,211,"(0,.25]",0.125,0.0625,0.1875,0.125,0.4375,0.5625,0.125,0.3125,0.25,-0.0625
35,A-bin/B-base,212,0,0.0,0.0,0.0,0.0,0.0,0.0625,0.0625,0.25,0.0,-0.25
35,B-bin/A-base,212,0,0.0,0.0,0.0,0.0,0.0625,0.0625,0.0,0.125,0.0,-0.125
35,A-bin/B-base,213,"(.5,.75]",0.5625,0.625,0.9375,0.3125,0.6875,1.0,0.3125,0.8125,0.9375,0.125
35,B-bin/A-base,213,"(.5,.75]",0.625,0.5625,0.9375,0.375,0.5625,1.0,0.4375,0.75,0.9375,0.1875
35,A-bin/B-base,214,"(0,.25]",0.0625,0.0,0.0,0.0,0.375,0.5625,0.1875,0.0,0.0,0.0
35,B-bin/A-base,214,0,0.0,0.0625,0.0,-0.0625,0.3125,0.5625,0.25,0.0625,0.0,-0.0625
35,A-bin/B-base,215,"(.25,.5]",0.5,0.75,0.8125,0.0625,0.75,0.8125,0.0625,0.9375,0.9375,0.0
35,B-bin/A-base,215,"(.5,.75]",0.75,0.5,0.8125,0.3125,0.5625,0.8125,0.25,0.875,0.9375,0.0625
35,A-bin/B-base,216,"(.5,.75]",0.75,0.5,0.5625,0.0625,0.5,0.5625,0.0625,0.8125,0.75,-0.0625
35,B-bin/A-base,216,"(.25,.5]",0.5,0.75,0.5625,-0.1875,0.75,0.5625,-0.1875,1.0,0.75,-0.25
35,A-bin/B-base,217,"(0,.25]",0.1875,0.0625,0.125,0.0625,0.0625,0.125,0.0625,0.3125,0.25,-0.0625
35,B-bin/A-base,217,"(0,.25]",0.0625,0.1875,0.125,-0.0625,0.1875,0.125,-0.0625,0.375,0.25,-0.125
35,A-bin/B-base,218,"(0,.25]",0.125,0.125,0.0625,-0.0625,0.75,0.6875,-0.0625,0.1875,0.125,-0.0625
35,B-bin/A-base,218,"(0,.25]",0.125,0.125,0.0625,-0.0625,0.4375,0.6875,0.25,0.1875,0.125,-0.0625
35,A-bin/B-base,219,"(0,.25]",0.0625,0.0,0.0,0.0,0.125,0.4375,0.3125,0.1875,0.0,-0.1875
35,B-bin/A-base,219,0,0.0,0.0625,0.0,-0.0625,0.3125,0.4375,0.125,0.3125,0.0,-0.3125
35,A-bin/B-base,220,"(0,.25]",0.0625,0.125,0.125,0.0,0.125,0.625,0.5,0.3125,0.1875,-0.125
35,B-bin/A-base,220,"(0,.25]",0.125,0.0625,0.125,0.0625,0.125,0.625,0.5,0.25,0.1875,-0.0625
35,A-bin/B-base,221,"(.75,1)",0.875,0.875,1.0,0.125,0.875,1.0,0.125,0.9375,1.0,0.0625
35,B-bin/A-base,221,"(.75,1)",0.875,0.875,1.0,0.125,0.875,1.0,0.125,1.0,1.0,0.0
35,A-bin/B-base,222,"(0,.25]",0.25,0.4375,0.625,0.1875,0.5,0.75,0.25,0.5,0.625,0.125
35,B-bin/A-base,222,"(.25,.5]",0.4375,0.25,0.625,0.375,0.5,0.75,0.25,0.375,0.625,0.25
35,A-bin/B-base,223,"(0,.25]",0.125,0.0625,0.25,0.1875,0.125,0.4375,0.3125,0.3125,0.25,-0.0625
35,B-bin/A-base,223,"(0,.25]",0.0625,0.125,0.25,0.125,0.3125,0.4375,0.125,0.1875,0.25,0.0625
35,A-bin/B-base,224,0,0.0,0.0,0.25,0.25,0.0,0.3125,0.3125,0.25,0.5,0.25
35,B-bin/A-base,224,0,0.0,0.0,0.25,0.25,0.1875,0.3125,0.125,0.0625,0.5,0.4375
35,A-bin/B-base,225,"(0,.25]",0.0625,0.0,0.3125,0.3125,0.0625,0.5625,0.5,0.1875,0.3125,0.125
35,B-bin/A-base,225,0,0.0,0.0625,0.3125,0.25,0.125,0.5625,0.4375,0.125,0.3125,0.1875
35,A-bin/B-base,226,"(0,.25]",0.1875,0.4375,0.375,-0.0625,0.5625,0.5625,0.0,0.625,0.4375,-0.1875
35,B-bin/A-base,226,"(.25,.5]",0.4375,0.1875,0.375,0.1875,0.3125,0.5625,0.25,0.25,0.4375,0.1875
35,A-bin/B-base,227,"(.5,.75]",0.625,0.75,0.875,0.125,0.8125,0.9375,0.125,0.875,0.9375,0.0625
35,B-bin/A-base,227,"(.5,.75]",0.75,0.625,0.875,0.25,0.625,0.9375,0.3125,0.9375,0.9375,0.0
35,A-bin/B-base,228,"(0,.25]",0.125,0.0,0.0,0.0,0.5625,0.8125,0.25,0.0625,0.0,-0.0625
35,B-bin/A-base,228,0,0.0,0.125,0.0,-0.125,0.6875,0.8125,0.125,0.1875,0.0,-0.1875
35,A-bin/B-base,229,"(0,.25]",0.1875,0.0625,0.125,0.0625,0.6875,0.6875,0.0,0.125,0.1875,0.0625
35,B-bin/A-base,229,"(0,.25]",0.0625,0.1875,0.125,-0.0625,0.75,0.6875,-0.0625,0.1875,0.1875,0.0
35,A-bin/B-base,230,"(0,.25]",0.125,0.0625,0.0625,0.0,0.25,0.4375,0.1875,0.125,0.0625,-0.0625
35,B-bin/A-base,230,"(0,.25]",0.0625,0.125,0.0625,-0.0625,0.4375,0.4375,0.0,0.125,0.0625,-0.0625
35,A-bin/B-base,231,"(0,.25]",0.0625,0.125,0.125,0.0,0.1875,0.4375,0.25,0.125,0.125,0.0
35,B-bin/A-base,231,"(0,.25]",0.125,0.0625,0.125,0.0625,0.125,0.4375,0.3125,0.125,0.125,0.0
35,A-bin/B-base,232,0,0.0,0.0,0.0,0.0,0.4375,0.6875,0.25,0.0,0.0,0.0
35,B-bin/A-base,232,0,0.0,0.0,0.0,0.0,0.375,0.6875,0.3125,0.0,0.0,0.0
35,A-bin/B-base,233,"(.25,.5]",0.5,0.375,0.25,-0.125,0.6875,0.875,0.1875,0.4375,0.25,-0.1875
35,B-bin/A-base,233,"(.25,.5]",0.375,0.5,0.25,-0.25,0.75,0.875,0.125,0.625,0.25,-0.375
35,A-bin/B-base,234,0,0.0,0.0,0.0625,0.0625,0.125,0.3125,0.1875,0.0,0.125,0.125
35,B-bin/A-base,234,0,0.0,0.0,0.0625,0.0625,0.125,0.3125,0.1875,0.0,0.125,0.125
35,A-bin/B-base,235,"(0,.25]",0.0625,0.125,0.125,0.0,0.3125,0.5625,0.25,0.375,0.25,-0.125
35,B-bin/A-base,235,"(0,.25]",0.125,0.0625,0.125,0.0625,0.0625,0.5625,0.5,0.1875,0.25,0.0625
35,A-bin/B-base,236,"(.75,1)",0.9375,0.75,0.8125,0.0625,0.75,1.0,0.25,0.8125,0.8125,0.0
35,B-bin/A-base,236,"(.5,.75]",0.75,0.9375,0.8125,-0.125,0.9375,1.0,0.0625,1.0,0.8125,-0.1875
35,A-bin/B-base,237,"(0,.25]",0.0625,0.0,0.0,0.0,0.125,0.125,0.0,0.0625,0.0,-0.0625
35,B-bin/A-base,237,0,0.0,0.0625,0.0,-0.0625,0.0625,0.125,0.0625,0.0625,0.0,-0.0625
35,A-bin/B-base,238,"(.25,.5]",0.375,0.4375,0.9375,0.5,0.5,0.9375,0.4375,0.75,1.0,0.25
35,B-bin/A-base,238,"(.25,.5]",0.4375,0.375,0.9375,0.5625,0.4375,0.9375,0.5,0.875,1.0,0.125
35,A-bin/B-base,239,"(0,.25]",0.25,0.125,0.1875,0.0625,0.125,0.3125,0.1875,0.125,0.3125,0.1875
35,B-bin/A-base,239,"(0,.25]",0.125,0.25,0.1875,-0.0625,0.25,0.3125,0.0625,0.375,0.3125,-0.0625
35,A-bin/B-base,240,"(.25,.5]",0.5,0.625,0.875,0.25,0.625,0.875,0.25,1.0,0.9375,-0.0625
35,B-bin/A-base,240,"(.5,.75]",0.625,0.5,0.875,0.375,0.5625,0.875,0.3125,0.8125,0.9375,0.125
35,A-bin/B-base,241,"(.5,.75]",0.625,0.3125,0.75,0.4375,0.3125,0.75,0.4375,0.6875,0.8125,0.125
35,B-bin/A-base,241,"(.25,.5]",0.3125,0.625,0.75,0.125,0.6875,0.75,0.0625,0.6875,0.8125,0.125
35,A-bin/B-base,242,"(.5,.75]",0.75,0.375,0.4375,0.0625,0.375,0.625,0.25,0.6875,0.625,-0.0625
35,B-bin/A-base,242,"(.25,.5]",0.375,0.75,0.4375,-0.3125,0.8125,0.625,-0.1875,0.9375,0.625,-0.3125
35,A-bin/B-base,243,"(0,.25]",0.0625,0.0625,0.0625,0.0,0.125,0.5625,0.4375,0.0625,0.1875,0.125
35,B-bin/A-base,243,"(0,.25]",0.0625,0.0625,0.0625,0.0,0.4375,0.5625,0.125,0.1875,0.1875,0.0
35,A-bin/B-base,244,"(.75,1)",0.875,0.75,1.0,0.25,0.75,1.0,0.25,0.9375,1.0,0.0625
35,B-bin/A-base,244,"(.5,.75]",0.75,0.875,1.0,0.125,0.875,1.0,0.125,0.9375,1.0,0.0625
35,A-bin/B-base,245,"(.25,.5]",0.375,0.375,0.875,0.5,0.4375,1.0,0.5625,0.625,0.875,0.25
35,B-bin/A-base,245,"(.25,.5]",0.375,0.375,0.875,0.5,0.5,1.0,0.5,0.5625,0.875,0.3125
35,A-bin/B-base,246,"(0,.25]",0.0625,0.0625,0.25,0.1875,0.0625,0.5,0.4375,0.125,0.3125,0.1875
35,B-bin/A-base,246,"(0,.25]",0.0625,0.0625,0.25,0.1875,0.125,0.5,0.375,0.125,0.3125,0.1875
35,A-bin/B-base,247,0,0.0,0.0,0.0625,0.0625,0.25,0.375,0.125,0.0625,0.125,0.0625
35,B-bin/A-base,247,0,0.0,0.0,0.0625,0.0625,0.25,0.375,0.125,0.125,0.125,0.0
35,A-bin/B-base,248,0,0.0,0.0,0.0,0.0,0.0625,0.5,0.4375,0.0625,0.0625,0.0
35,B-bin/A-base,248,0,0.0,0.0,0.0,0.0,0.1875,0.5,0.3125,0.0625,0.0625,0.0
35,A-bin/B-base,249,"(.5,.75]",0.625,0.75,0.8125,0.0625,0.75,0.8125,0.0625,0.875,0.9375,0.0625
35,B-bin/A-base,249,"(.5,.75]",0.75,0.625,0.8125,0.1875,0.625,0.8125,0.1875,0.875,0.9375,0.0625
35,A-bin/B-base,250,0,0.0,0.125,0.25,0.125,0.4375,0.6875,0.25,0.3125,0.3125,0.0
35,B-bin/A-base,250,"(0,.25]",0.125,0.0,0.25,0.25,0.25,0.6875,0.4375,0.0625,0.3125,0.25
35,A-bin/B-base,251,"(0,.25]",0.1875,0.125,0.125,0.0,0.375,0.5625,0.1875,0.125,0.1875,0.0625
35,B-bin/A-base,251,"(0,.25]",0.125,0.1875,0.125,-0.0625,0.4375,0.5625,0.125,0.3125,0.1875,-0.125
35,A-bin/B-base,252,"(.5,.75]",0.5625,0.8125,0.8125,0.0,0.8125,0.9375,0.125,1.0,0.8125,-0.1875
35,B-bin/A-base,252,"(.75,1)",0.8125,0.5625,0.8125,0.25,0.5625,0.9375,0.375,0.8125,0.8125,0.0
35,A-bin/B-base,253,0,0.0,0.125,0.125,0.0,0.125,0.625,0.5,0.4375,0.1875,-0.25
35,B-bin/A-base,253,"(0,.25]",0.125,0.0,0.125,0.125,0.0,0.625,0.625,0.125,0.1875,0.0625
35,A-bin/B-base,254,"(.25,.5]",0.3125,0.25,0.9375,0.6875,0.3125,0.9375,0.625,0.625,1.0,0.375
35,B-bin/A-base,254,"(0,.25]",0.25,0.3125,0.9375,0.625,0.3125,0.9375,0.625,0.5625,1.0,0.4375
35,A-bin/B-base,255,"(.5,.75]",0.625,0.6875,0.8125,0.125,0.75,0.875,0.125,0.8125,0.875,0.0625
35,B-bin/A-base,255,"(.5,.75]",0.6875,0.625,0.8125,0.1875,0.75,0.875,0.125,0.8125,0.875,0.0625
40,A-bin/B-base,0,"(.75,1)",0.8125,0.875,1.0,0.125,0.875,1.0,0.125,0.9375,1.0,0.0625
40,B-bin/A-base,0,"(.75,1)",0.875,0.8125,1.0,0.1875,0.8125,1.0,0.1875,0.8125,1.0,0.1875
40,A-bin/B-base,1,"(0,.25]",0.25,0.3125,0.375,0.0625,0.5,0.75,0.25,0.5,0.5625,0.0625
40,B-bin/A-base,1,"(.25,.5]",0.3125,0.25,0.375,0.125,0.3125,0.75,0.4375,0.4375,0.5625,0.125
40,A-bin/B-base,2,"(0,.25]",0.125,0.4375,0.625,0.1875,0.5625,0.75,0.1875,0.5625,0.6875,0.125
40,B-bin/A-base,2,"(.25,.5]",0.4375,0.125,0.625,0.5,0.1875,0.75,0.5625,0.5,0.6875,0.1875
40,A-bin/B-base,3,"(.5,.75]",0.5625,0.6875,0.875,0.1875,0.6875,0.9375,0.25,0.875,0.875,0.0
40,B-bin/A-base,3,"(.5,.75]",0.6875,0.5625,0.875,0.3125,0.625,0.9375,0.3125,0.75,0.875,0.125
40,A-bin/B-base,4,"(0,.25]",0.125,0.375,0.5,0.125,0.5,0.6875,0.1875,0.4375,0.6875,0.25
40,B-bin/A-base,4,"(.25,.5]",0.375,0.125,0.5,0.375,0.4375,0.6875,0.25,0.1875,0.6875,0.5
40,A-bin/B-base,5,"(.25,.5]",0.375,0.625,0.8125,0.1875,0.6875,0.875,0.1875,0.8125,0.875,0.0625
40,B-bin/A-base,5,"(.5,.75]",0.625,0.375,0.8125,0.4375,0.4375,0.875,0.4375,0.6875,0.875,0.1875
40,A-bin/B-base,6,"(.5,.75]",0.6875,0.625,0.875,0.25,0.625,0.9375,0.3125,0.875,0.9375,0.0625
40,B-bin/A-base,6,"(.5,.75]",0.625,0.6875,0.875,0.1875,0.75,0.9375,0.1875,0.875,0.9375,0.0625
40,A-bin/B-base,7,0,0.0,0.0,0.0625,0.0625,0.125,0.25,0.125,0.0,0.25,0.25
40,B-bin/A-base,7,0,0.0,0.0,0.0625,0.0625,0.0,0.25,0.25,0.0,0.25,0.25
40,A-bin/B-base,8,"(0,.25]",0.1875,0.125,0.25,0.125,0.3125,0.75,0.4375,0.1875,0.3125,0.125
40,B-bin/A-base,8,"(0,.25]",0.125,0.1875,0.25,0.0625,0.375,0.75,0.375,0.3125,0.3125,0.0
40,A-bin/B-base,9,"(0,.25]",0.1875,0.0,0.0625,0.0625,0.25,0.5,0.25,0.0,0.0625,0.0625
40,B-bin/A-base,9,0,0.0,0.1875,0.0625,-0.125,0.5,0.5,0.0,0.25,0.0625,-0.1875
40,A-bin/B-base,10,0,0.0,0.0625,0.0,-0.0625,0.125,0.0,-0.125,0.125,0.0625,-0.0625
40,B-bin/A-base,10,"(0,.25]",0.0625,0.0,0.0,0.0,0.0,0.0,0.0,0.0625,0.0625,0.0
40,A-bin/B-base,11,0,0.0,0.0625,0.0,-0.0625,0.0625,0.125,0.0625,0.0625,0.0625,0.0
40,B-bin/A-base,11,"(0,.25]",0.0625,0.0,0.0,0.0,0.0,0.125,0.125,0.0,0.0625,0.0625
40,A-bin/B-base,12,"(.25,.5]",0.4375,0.625,0.9375,0.3125,0.625,0.9375,0.3125,0.8125,1.0,0.1875
40,B-bin/A-base,12,"(.5,.75]",0.625,0.4375,0.9375,0.5,0.4375,0.9375,0.5,0.875,1.0,0.125
40,A-bin/B-base,13,"(0,.25]",0.1875,0.0625,0.5,0.4375,0.25,0.75,0.5,0.25,0.5625,0.3125
40,B-bin/A-base,13,"(0,.25]",0.0625,0.1875,0.5,0.3125,0.4375,0.75,0.3125,0.3125,0.5625,0.25
40,A-bin/B-base,14,"(0,.25]",0.25,0.1875,0.4375,0.25,0.375,0.6875,0.3125,0.5625,0.625,0.0625
40,B-bin/A-base,14,"(0,.25]",0.1875,0.25,0.4375,0.1875,0.3125,0.6875,0.375,0.4375,0.625,0.1875
40,A-bin/B-base,15,0,0.0,0.0,0.0,0.0,0.5,0.5,0.0,0.0,0.0,0.0
40,B-bin/A-base,15,0,0.0,0.0,0.0,0.0,0.0,0.5,0.5,0.0,0.0,0.0
40,A-bin/B-base,16,"(0,.25]",0.125,0.125,0.5,0.375,0.25,0.75,0.5,0.1875,0.5625,0.375
40,B-bin/A-base,16,"(0,.25]",0.125,0.125,0.5,0.375,0.125,0.75,0.625,0.1875,0.5625,0.375
40,A-bin/B-base,17,"(0,.25]",0.125,0.0625,0.1875,0.125,0.1875,0.5,0.3125,0.1875,0.1875,0.0
40,B-bin/A-base,17,"(0,.25]",0.0625,0.125,0.1875,0.0625,0.375,0.5,0.125,0.1875,0.1875,0.0
40,A-bin/B-base,18,"(0,.25]",0.1875,0.0,0.125,0.125,0.1875,0.6875,0.5,0.125,0.25,0.125
40,B-bin/A-base,18,0,0.0,0.1875,0.125,-0.0625,0.25,0.6875,0.4375,0.3125,0.25,-0.0625
40,A-bin/B-base,19,"(0,.25]",0.25,0.1875,0.4375,0.25,0.25,0.875,0.625,0.375,0.5,0.125
40,B-bin/A-base,19,"(0,.25]",0.1875,0.25,0.4375,0.1875,0.375,0.875,0.5,0.5,0.5,0.0
40,A-bin/B-base,20,"(.75,1)",0.8125,0.875,0.9375,0.0625,0.875,1.0,0.125,1.0,0.9375,-0.0625
40,B-bin/A-base,20,"(.75,1)",0.875,0.8125,0.9375,0.125,0.8125,1.0,0.1875,1.0,0.9375,-0.0625
40,A-bin/B-base,21,"(0,.25]",0.125,0.125,0.625,0.5,0.125,0.75,0.625,0.25,0.625,0.375
40,B-bin/A-base,21,"(0,.25]",0.125,0.125,0.625,0.5,0.1875,0.75,0.5625,0.125,0.625,0.5
40,A-bin/B-base,22,0,0.0,0.0,0.25,0.25,0.25,0.5,0.25,0.0625,0.3125,0.25
40,B-bin/A-base,22,0,0.0,0.0,0.25,0.25,0.1875,0.5,0.3125,0.25,0.3125,0.0625
40,A-bin/B-base,23,"(.5,.75]",0.5625,0.5,0.5625,0.0625,0.5625,0.6875,0.125,0.8125,0.75,-0.0625
40,B-bin/A-base,23,"(.25,.5]",0.5,0.5625,0.5625,0.0,0.5625,0.6875,0.125,0.6875,0.75,0.0625
40,A-bin/B-base,24,"(.5,.75]",0.625,0.5625,0.9375,0.375,0.5625,0.9375,0.375,0.6875,1.0,0.3125
40,B-bin/A-base,24,"(.5,.75]",0.5625,0.625,0.9375,0.3125,0.625,0.9375,0.3125,0.625,1.0,0.375
40,A-bin/B-base,25,"(.25,.5]",0.375,0.3125,0.875,0.5625,0.4375,0.875,0.4375,0.5625,0.9375,0.375
40,B-bin/A-base,25,"(.25,.5]",0.3125,0.375,0.875,0.5,0.4375,0.875,0.4375,0.625,0.9375,0.3125
40,A-bin/B-base,26,"(.5,.75]",0.6875,0.625,0.5625,-0.0625,0.75,0.75,0.0,0.8125,0.6875,-0.125
40,B-bin/A-base,26,"(.5,.75]",0.625,0.6875,0.5625,-0.125,0.6875,0.75,0.0625,1.0,0.6875,-0.3125
40,A-bin/B-base,27,"(0,.25]",0.0625,0.0625,0.0625,0.0,0.3125,0.625,0.3125,0.1875,0.125,-0.0625
40,B-bin/A-base,27,"(0,.25]",0.0625,0.0625,0.0625,0.0,0.125,0.625,0.5,0.125,0.125,0.0
40,A-bin/B-base,28,"(.5,.75]",0.5625,0.5625,0.8125,0.25,0.5625,0.8125,0.25,0.9375,0.9375,0.0
40,B-bin/A-base,28,"(.5,.75]",0.5625,0.5625,0.8125,0.25,0.5625,0.8125,0.25,0.9375,0.9375,0.0
40,A-bin/B-base,29,"(0,.25]",0.125,0.1875,0.25,0.0625,0.3125,0.5625,0.25,0.3125,0.25,-0.0625
40,B-bin/A-base,29,"(0,.25]",0.1875,0.125,0.25,0.125,0.3125,0.5625,0.25,0.1875,0.25,0.0625
40,A-bin/B-base,30,"(0,.25]",0.0625,0.0625,0.375,0.3125,0.0625,0.5,0.4375,0.25,0.4375,0.1875
40,B-bin/A-base,30,"(0,.25]",0.0625,0.0625,0.375,0.3125,0.1875,0.5,0.3125,0.1875,0.4375,0.25
40,A-bin/B-base,31,"(.25,.5]",0.375,0.125,0.375,0.25,0.1875,0.8125,0.625,0.25,0.4375,0.1875
40,B-bin/A-base,31,"(0,.25]",0.125,0.375,0.375,0.0,0.5625,0.8125,0.25,0.5,0.4375,-0.0625
40,A-bin/B-base,32,"(0,.25]",0.0625,0.25,0.1875,-0.0625,0.3125,0.25,-0.0625,0.5,0.5625,0.0625
40,B-bin/A-base,32,"(0,.25]",0.25,0.0625,0.1875,0.125,0.125,0.25,0.125,0.25,0.5625,0.3125
40,A-bin/B-base,33,"(.5,.75]",0.75,0.375,0.9375,0.5625,0.375,0.9375,0.5625,0.875,0.9375,0.0625
40,B-bin/A-base,33,"(.25,.5]",0.375,0.75,0.9375,0.1875,0.8125,0.9375,0.125,0.9375,0.9375,0.0
40,A-bin/B-base,34,"(.5,.75]",0.625,0.625,0.875,0.25,0.6875,0.9375,0.25,0.875,0.875,0.0
40,B-bin/A-base,34,"(.5,.75]",0.625,0.625,0.875,0.25,0.6875,0.9375,0.25,0.875,0.875,0.0
40,A-bin/B-base,35,"(.5,.75]",0.625,0.5625,0.8125,0.25,0.5625,0.9375,0.375,0.75,0.8125,0.0625
40,B-bin/A-base,35,"(.5,.75]",0.5625,0.625,0.8125,0.1875,0.875,0.9375,0.0625,0.6875,0.8125,0.125
40,A-bin/B-base,36,"(.5,.75]",0.75,0.8125,0.6875,-0.125,0.8125,0.875,0.0625,0.875,0.6875,-0.1875
40,B-bin/A-base,36,"(.75,1)",0.8125,0.75,0.6875,-0.0625,0.8125,0.875,0.0625,0.875,0.6875,-0.1875
40,A-bin/B-base,37,"(.25,.5]",0.5,0.6875,0.6875,0.0,0.6875,0.9375,0.25,0.8125,0.75,-0.0625
40,B-bin/A-base,37,"(.5,.75]",0.6875,0.5,0.6875,0.1875,0.625,0.9375,0.3125,0.5625,0.75,0.1875
40,A-bin/B-base,38,"(0,.25]",0.125,0.0,0.125,0.125,0.25,0.625,0.375,0.0,0.1875,0.1875
40,B-bin/A-base,38,0,0.0,0.125,0.125,0.0,0.375,0.625,0.25,0.125,0.1875,0.0625
40,A-bin/B-base,39,"(.25,.5]",0.5,0.4375,0.5625,0.125,0.4375,0.6875,0.25,0.75,0.75,0.0
40,B-bin/A-base,39,"(.25,.5]",0.4375,0.5,0.5625,0.0625,0.5,0.6875,0.1875,0.6875,0.75,0.0625
40,A-bin/B-base,40,0,0.0,0.125,0.25,0.125,0.3125,0.4375,0.125,0.25,0.25,0.0
40,B-bin/A-base,40,"(0,.25]",0.125,0.0,0.25,0.25,0.0,0.4375,0.4375,0.125,0.25,0.125
40,A-bin/B-base,41,"(.75,1)",0.8125,0.75,0.9375,0.1875,0.8125,1.0,0.1875,0.9375,0.9375,0.0
40,B-bin/A-base,41,"(.5,.75]",0.75,0.8125,0.9375,0.125,0.875,1.0,0.125,0.9375,0.9375,0.0
40,A-bin/B-base,42,0,0.0,0.0625,0.0625,0.0,0.1875,0.1875,0.0,0.0625,0.1875,0.125
40,B-bin/A-base,42,"(0,.25]",0.0625,0.0,0.0625,0.0625,0.125,0.1875,0.0625,0.125,0.1875,0.0625
40,A-bin/B-base,43,0,0.0,0.0625,0.1875,0.125,0.375,0.5,0.125,0.3125,0.3125,0.0
40,B-bin/A-base,43,"(0,.25]",0.0625,0.0,0.1875,0.1875,0.375,0.5,0.125,0.0625,0.3125,0.25
40,A-bin/B-base,44,"(.5,.75]",0.625,0.75,0.75,0.0,0.875,0.9375,0.0625,0.75,0.75,0.0
40,B-bin/A-base,44,"(.5,.75]",0.75,0.625,0.75,0.125,0.6875,0.9375,0.25,0.8125,0.75,-0.0625
40,A-bin/B-base,45,"(.5,.75]",0.625,0.5,0.4375,-0.0625,0.5625,0.875,0.3125,0.75,0.5,-0.25
40,B-bin/A-base,45,"(.25,.5]",0.5,0.625,0.4375,-0.1875,0.625,0.875,0.25,0.8125,0.5,-0.3125
40,A-bin/B-base,46,"(.25,.5]",0.5,0.375,0.625,0.25,0.625,0.6875,0.0625,0.625,0.6875,0.0625
40,B-bin/A-base,46,"(.25,.5]",0.375,0.5,0.625,0.125,0.6875,0.6875,0.0,0.75,0.6875,-0.0625
40,A-bin/B-base,47,"(.25,.5]",0.5,0.75,0.875,0.125,0.75,0.875,0.125,0.9375,0.9375,0.0
40,B-bin/A-base,47,"(.5,.75]",0.75,0.5,0.875,0.375,0.5,0.875,0.375,0.75,0.9375,0.1875
40,A-bin/B-base,48,"(.5,.75]",0.6875,0.6875,0.8125,0.125,0.6875,0.8125,0.125,1.0,0.9375,-0.0625
40,B-bin/A-base,48,"(.5,.75]",0.6875,0.6875,0.8125,0.125,0.6875,0.8125,0.125,0.9375,0.9375,0.0
40,A-bin/B-base,49,"(.5,.75]",0.6875,0.875,0.9375,0.0625,0.875,0.9375,0.0625,0.875,1.0,0.125
40,B-bin/A-base,49,"(.75,1)",0.875,0.6875,0.9375,0.25,0.75,0.9375,0.1875,0.8125,1.0,0.1875
40,A-bin/B-base,50,0,0.0,0.0,0.0,0.0,0.0625,0.4375,0.375,0.0,0.0625,0.0625
40,B-bin/A-base,50,0,0.0,0.0,0.0,0.0,0.375,0.4375,0.0625,0.0,0.0625,0.0625
40,A-bin/B-base,51,"(.5,.75]",0.625,0.5,0.8125,0.3125,0.5,0.8125,0.3125,0.6875,0.8125,0.125
40,B-bin/A-base,51,"(.25,.5]",0.5,0.625,0.8125,0.1875,0.625,0.8125,0.1875,0.6875,0.8125,0.125
40,A-bin/B-base,52,"(.5,.75]",0.6875,0.5,0.6875,0.1875,0.5625,0.875,0.3125,0.625,0.6875,0.0625
40,B-bin/A-base,52,"(.25,.5]",0.5,0.6875,0.6875,0.0,0.75,0.875,0.125,0.75,0.6875,-0.0625
40,A-bin/B-base,53,"(.5,.75]",0.75,0.75,0.8125,0.0625,0.75,0.9375,0.1875,1.0,0.875,-0.125
40,B-bin/A-base,53,"(.5,.75]",0.75,0.75,0.8125,0.0625,0.8125,0.9375,0.125,0.9375,0.875,-0.0625
40,A-bin/B-base,54,"(0,.25]",0.1875,0.1875,0.5,0.3125,0.375,0.8125,0.4375,0.1875,0.5625,0.375
40,B-bin/A-base,54,"(0,.25]",0.1875,0.1875,0.5,0.3125,0.5625,0.8125,0.25,0.3125,0.5625,0.25
40,A-bin/B-base,55,"(.5,.75]",0.75,0.8125,0.9375,0.125,0.875,1.0,0.125,0.875,0.9375,0.0625
40,B-bin/A-base,55,"(.75,1)",0.8125,0.75,0.9375,0.1875,0.9375,1.0,0.0625,0.8125,0.9375,0.125
40,A-bin/B-base,56,"(.5,.75]",0.6875,0.6875,0.875,0.1875,0.6875,0.875,0.1875,0.9375,0.9375,0.0
40,B-bin/A-base,56,"(.5,.75]",0.6875,0.6875,0.875,0.1875,0.75,0.875,0.125,0.875,0.9375,0.0625
40,A-bin/B-base,57,"(0,.25]",0.1875,0.3125,0.375,0.0625,0.4375,0.5625,0.125,0.4375,0.625,0.1875
40,B-bin/A-base,57,"(.25,.5]",0.3125,0.1875,0.375,0.1875,0.375,0.5625,0.1875,0.375,0.625,0.25
40,A-bin/B-base,58,"(.25,.5]",0.375,0.5625,0.8125,0.25,0.625,0.8125,0.1875,0.6875,0.8125,0.125
40,B-bin/A-base,58,"(.5,.75]",0.5625,0.375,0.8125,0.4375,0.5625,0.8125,0.25,0.625,0.8125,0.1875
40,A-bin/B-base,59,"(.25,.5]",0.3125,0.3125,0.375,0.0625,0.5,0.75,0.25,0.4375,0.375,-0.0625
40,B-bin/A-base,59,"(.25,.5]",0.3125,0.3125,0.375,0.0625,0.5625,0.75,0.1875,0.375,0.375,0.0
40,A-bin/B-base,60,"(0,.25]",0.25,0.125,0.1875,0.0625,0.25,0.625,0.375,0.1875,0.25,0.0625
40,B-bin/A-base,60,"(0,.25]",0.125,0.25,0.1875,-0.0625,0.375,0.625,0.25,0.3125,0.25,-0.0625
40,A-bin/B-base,61,"(.25,.5]",0.5,0.125,0.0625,-0.0625,0.25,0.375,0.125,0.4375,0.125,-0.3125
40,B-bin/A-base,61,"(0,.25]",0.125,0.5,0.0625,-0.4375,0.625,0.375,-0.25,0.625,0.125,-0.5
40,A-bin/B-base,62,"(.25,.5]",0.375,0.4375,0.375,-0.0625,0.5625,0.5625,0.0,0.5625,0.625,0.0625
40,B-bin/A-base,62,"(.25,.5]",0.4375,0.375,0.375,0.0,0.5,0.5625,0.0625,0.4375,0.625,0.1875
40,A-bin/B-base,63,0,0.0,0.0,0.0,0.0,0.125,0.4375,0.3125,0.0,0.0,0.0
40,B-bin/A-base,63,0,0.0,0.0,0.0,0.0,0.0,0.4375,0.4375,0.0,0.0,0.0
40,A-bin/B-base,64,"(.25,.5]",0.4375,0.5,0.75,0.25,0.5,0.875,0.375,0.6875,0.8125,0.125
40,B-bin/A-base,64,"(.25,.5]",0.5,0.4375,0.75,0.3125,0.5,0.875,0.375,0.6875,0.8125,0.125
40,A-bin/B-base,65,"(.25,.5]",0.4375,0.375,0.6875,0.3125,0.5,0.875,0.375,0.6875,0.75,0.0625
40,B-bin/A-base,65,"(.25,.5]",0.375,0.4375,0.6875,0.25,0.625,0.875,0.25,0.5625,0.75,0.1875
40,A-bin/B-base,66,"(0,.25]",0.125,0.0,0.25,0.25,0.125,0.625,0.5,0.25,0.3125,0.0625
40,B-bin/A-base,66,0,0.0,0.125,0.25,0.125,0.125,0.625,0.5,0.3125,0.3125,0.0
40,A-bin/B-base,67,"(0,.25]",0.1875,0.0625,0.1875,0.125,0.0625,0.3125,0.25,0.1875,0.1875,0.0
40,B-bin/A-base,67,"(0,.25]",0.0625,0.1875,0.1875,0.0,0.3125,0.3125,0.0,0.1875,0.1875,0.0
40,A-bin/B-base,68,"(.25,.5]",0.4375,0.25,0.6875,0.4375,0.25,0.8125,0.5625,0.3125,0.8125,0.5
40,B-bin/A-base,68,"(0,.25]",0.25,0.4375,0.6875,0.25,0.4375,0.8125,0.375,0.625,0.8125,0.1875
40,A-bin/B-base,69,"(.5,.75]",0.625,0.5625,0.875,0.3125,0.625,1.0,0.375,0.6875,0.875,0.1875
40,B-bin/A-base,69,"(.5,.75]",0.5625,0.625,0.875,0.25,0.6875,1.0,0.3125,0.75,0.875,0.125
40,A-bin/B-base,70,"(.5,.75]",0.75,0.9375,1.0,0.0625,0.9375,1.0,0.0625,1.0,1.0,0.0
40,B-bin/A-base,70,"(.75,1)",0.9375,0.75,1.0,0.25,0.8125,1.0,0.1875,0.875,1.0,0.125
40,A-bin/B-base,71,"(.5,.75]",0.75,0.75,0.8125,0.0625,0.9375,1.0,0.0625,0.8125,0.8125,0.0
40,B-bin/A-base,71,"(.5,.75]",0.75,0.75,0.8125,0.0625,0.875,1.0,0.125,0.875,0.8125,-0.0625
40,A-bin/B-base,72,"(0,.25]",0.25,0.25,0.5,0.25,0.5625,0.625,0.0625,0.375,0.625,0.25
40,B-bin/A-base,72,"(0,.25]",0.25,0.25,0.5,0.25,0.5,0.625,0.125,0.3125,0.625,0.3125
40,A-bin/B-base,73,"(.25,.5]",0.5,0.8125,0.875,0.0625,0.8125,1.0,0.1875,1.0,0.875,-0.125
40,B-bin/A-base,73,"(.75,1)",0.8125,0.5,0.875,0.375,0.625,1.0,0.375,0.75,0.875,0.125
40,A-bin/B-base,74,"(.25,.5]",0.4375,0.6875,0.3125,-0.375,0.75,0.5,-0.25,0.875,0.5,-0.375
40,B-bin/A-base,74,"(.5,.75]",0.6875,0.4375,0.3125,-0.125,0.5625,0.5,-0.0625,0.5625,0.5,-0.0625
40,A-bin/B-base,75,"(.25,.5]",0.5,0.3125,0.5,0.1875,0.3125,0.6875,0.375,0.625,0.75,0.125
40,B-bin/A-base,75,"(.25,.5]",0.3125,0.5,0.5,0.0,0.5625,0.6875,0.125,0.9375,0.75,-0.1875
40,A-bin/B-base,76,"(0,.25]",0.0625,0.0625,0.125,0.0625,0.3125,0.5,0.1875,0.3125,0.125,-0.1875
40,B-bin/A-base,76,"(0,.25]",0.0625,0.0625,0.125,0.0625,0.3125,0.5,0.1875,0.3125,0.125,-0.1875
40,A-bin/B-base,77,"(0,.25]",0.1875,0.5,0.75,0.25,0.5625,0.8125,0.25,0.75,0.8125,0.0625
40,B-bin/A-base,77,"(.25,.5]",0.5,0.1875,0.75,0.5625,0.3125,0.8125,0.5,0.5,0.8125,0.3125
40,A-bin/B-base,78,"(0,.25]",0.1875,0.125,0.3125,0.1875,0.625,0.75,0.125,0.1875,0.3125,0.125
40,B-bin/A-base,78,"(0,.25]",0.125,0.1875,0.3125,0.125,0.5625,0.75,0.1875,0.25,0.3125,0.0625
40,A-bin/B-base,79,"(.75,1)",0.9375,0.75,0.8125,0.0625,0.8125,0.9375,0.125,0.9375,0.875,-0.0625
40,B-bin/A-base,79,"(.5,.75]",0.75,0.9375,0.8125,-0.125,0.9375,0.9375,0.0,0.9375,0.875,-0.0625
40,A-bin/B-base,80,"(0,.25]",0.0625,0.1875,0.25,0.0625,0.1875,0.625,0.4375,0.5,0.3125,-0.1875
40,B-bin/A-base,80,"(0,.25]",0.1875,0.0625,0.25,0.1875,0.25,0.625,0.375,0.375,0.3125,-0.0625
40,A-bin/B-base,81,"(0,.25]",0.25,0.0625,0.1875,0.125,0.4375,0.875,0.4375,0.0625,0.25,0.1875
40,B-bin/A-base,81,"(0,.25]",0.0625,0.25,0.1875,-0.0625,0.3125,0.875,0.5625,0.375,0.25,-0.125
40,A-bin/B-base,82,"(.25,.5]",0.375,0.375,0.5625,0.1875,0.4375,0.75,0.3125,0.5,0.75,0.25
40,B-bin/A-base,82,"(.25,.5]",0.375,0.375,0.5625,0.1875,0.5625,0.75,0.1875,0.375,0.75,0.375
40,A-bin/B-base,83,"(.25,.5]",0.375,0.375,0.75,0.375,0.4375,0.9375,0.5,0.5625,0.75,0.1875
40,B-bin/A-base,83,"(.25,.5]",0.375,0.375,0.75,0.375,0.4375,0.9375,0.5,0.6875,0.75,0.0625
40,A-bin/B-base,84,"(.25,.5]",0.3125,0.125,0.5,0.375,0.3125,0.8125,0.5,0.375,0.5625,0.1875
40,B-bin/A-base,84,"(0,.25]",0.125,0.3125,0.5,0.1875,0.3125,0.8125,0.5,0.5625,0.5625,0.0
40,A-bin/B-base,85,"(.25,.5]",0.3125,0.4375,0.75,0.3125,0.5625,0.875,0.3125,0.625,0.875,0.25
40,B-bin/A-base,85,"(.25,.5]",0.4375,0.3125,0.75,0.4375,0.375,0.875,0.5,0.5,0.875,0.375
40,A-bin/B-base,86,"(.25,.5]",0.5,0.625,0.6875,0.0625,0.625,0.9375,0.3125,0.8125,0.6875,-0.125
40,B-bin/A-base,86,"(.5,.75]",0.625,0.5,0.6875,0.1875,0.625,0.9375,0.3125,0.8125,0.6875,-0.125
40,A-bin/B-base,87,"(0,.25]",0.25,0.25,0.4375,0.1875,0.5625,0.8125,0.25,0.375,0.5625,0.1875
40,B-bin/A-base,87,"(0,.25]",0.25,0.25,0.4375,0.1875,0.375,0.8125,0.4375,0.6875,0.5625,-0.125
40,A-bin/B-base,88,"(.25,.5]",0.4375,0.5,0.5,0.0,0.6875,1.0,0.3125,0.5625,0.5,-0.0625
40,B-bin/A-base,88,"(.25,.5]",0.5,0.4375,0.5,0.0625,0.5625,1.0,0.4375,0.5625,0.5,-0.0625
40,A-bin/B-base,89,"(0,.25]",0.125,0.1875,0.1875,0.0,0.375,0.5625,0.1875,0.3125,0.1875,-0.125
40,B-bin/A-base,89,"(0,.25]",0.1875,0.125,0.1875,0.0625,0.1875,0.5625,0.375,0.3125,0.1875,-0.125
40,A-bin/B-base,90,"(0,.25]",0.0625,0.0625,0.0,-0.0625,0.25,0.5625,0.3125,0.1875,0.0,-0.1875
40,B-bin/A-base,90,"(0,.25]",0.0625,0.0625,0.0,-0.0625,0.3125,0.5625,0.25,0.125,0.0,-0.125
40,A-bin/B-base,91,"(0,.25]",0.125,0.125,0.375,0.25,0.125,0.5625,0.4375,0.375,0.6875,0.3125
40,B-bin/A-base,91,"(0,.25]",0.125,0.125,0.375,0.25,0.125,0.5625,0.4375,0.6875,0.6875,0.0
40,A-bin/B-base,92,"(0,.25]",0.125,0.3125,0.375,0.0625,0.5625,0.75,0.1875,0.4375,0.4375,0.0
40,B-bin/A-base,92,"(.25,.5]",0.3125,0.125,0.375,0.25,0.3125,0.75,0.4375,0.1875,0.4375,0.25
40,A-bin/B-base,93,"(.5,.75]",0.75,0.375,0.875,0.5,0.4375,0.9375,0.5,0.75,0.875,0.125
40,B-bin/A-base,93,"(.25,.5]",0.375,0.75,0.875,0.125,0.75,0.9375,0.1875,1.0,0.875,-0.125
40,A-bin/B-base,94,"(.5,.75]",0.5625,0.5625,0.875,0.3125,0.5625,0.875,0.3125,0.9375,0.9375,0.0
40,B-bin/A-base,94,"(.5,.75]",0.5625,0.5625,0.875,0.3125,0.5625,0.875,0.3125,0.875,0.9375,0.0625
40,A-bin/B-base,95,"(0,.25]",0.125,0.0,0.125,0.125,0.3125,0.625,0.3125,0.0,0.125,0.125
40,B-bin/A-base,95,0,0.0,0.125,0.125,0.0,0.25,0.625,0.375,0.125,0.125,0.0
40,A-bin/B-base,96,"(.75,1)",0.8125,0.6875,0.9375,0.25,0.6875,1.0,0.3125,0.75,0.9375,0.1875
40,B-bin/A-base,96,"(.5,.75]",0.6875,0.8125,0.9375,0.125,0.8125,1.0,0.1875,0.875,0.9375,0.0625
40,A-bin/B-base,97,0,0.0,0.0,0.0625,0.0625,0.1875,0.4375,0.25,0.0,0.0625,0.0625
40,B-bin/A-base,97,0,0.0,0.0,0.0625,0.0625,0.25,0.4375,0.1875,0.0,0.0625,0.0625
40,A-bin/B-base,98,"(.25,.5]",0.3125,0.375,0.625,0.25,0.6875,0.8125,0.125,0.375,0.625,0.25
40,B-bin/A-base,98,"(.25,.5]",0.375,0.3125,0.625,0.3125,0.5,0.8125,0.3125,0.375,0.625,0.25
40,A-bin/B-base,99,0,0.0,0.0,0.0625,0.0625,0.125,0.25,0.125,0.0625,0.125,0.0625
40,B-bin/A-base,99,0,0.0,0.0,0.0625,0.0625,0.0,0.25,0.25,0.0625,0.125,0.0625
40,A-bin/B-base,100,"(.25,.5]",0.375,0.25,0.8125,0.5625,0.375,0.875,0.5,0.4375,0.875,0.4375
40,B-bin/A-base,100,"(0,.25]",0.25,0.375,0.8125,0.4375,0.4375,0.875,0.4375,0.75,0.875,0.125
40,A-bin/B-base,101,"(0,.25]",0.25,0.3125,0.5625,0.25,0.5,0.9375,0.4375,0.625,0.625,0.0
40,B-bin/A-base,101,"(.25,.5]",0.3125,0.25,0.5625,0.3125,0.5,0.9375,0.4375,0.5,0.625,0.125
40,A-bin/B-base,102,"(0,.25]",0.1875,0.375,0.625,0.25,0.5625,0.6875,0.125,0.5625,0.8125,0.25
40,B-bin/A-base,102,"(.25,.5]",0.375,0.1875,0.625,0.4375,0.1875,0.6875,0.5,0.4375,0.8125,0.375
40,A-bin/B-base,103,0,0.0,0.0,0.0,0.0,0.0,0.25,0.25,0.0625,0.0625,0.0
40,B-bin/A-base,103,0,0.0,0.0,0.0,0.0,0.125,0.25,0.125,0.0,0.0625,0.0625
40,A-bin/B-base,104,"(.5,.75]",0.75,0.4375,0.75,0.3125,0.4375,0.875,0.4375,0.875,0.8125,-0.0625
40,B-bin/A-base,104,"(.25,.5]",0.4375,0.75,0.75,0.0,0.8125,0.875,0.0625,0.8125,0.8125,0.0
40,A-bin/B-base,105,"(.5,.75]",0.5625,0.5625,0.875,0.3125,0.6875,0.9375,0.25,0.75,0.9375,0.1875
40,B-bin/A-base,105,"(.5,.75]",0.5625,0.5625,0.875,0.3125,0.6875,0.9375,0.25,0.75,0.9375,0.1875
40,A-bin/B-base,106,"(.5,.75]",0.75,0.8125,1.0,0.1875,0.875,1.0,0.125,0.875,1.0,0.125
40,B-bin/A-base,106,"(.75,1)",0.8125,0.75,1.0,0.25,0.75,1.0,0.25,1.0,1.0,0.0
40,A-bin/B-base,107,"(0,.25]",0.125,0.125,0.0625,-0.0625,0.4375,0.75,0.3125,0.25,0.0625,-0.1875
40,B-bin/A-base,107,"(0,.25]",0.125,0.125,0.0625,-0.0625,0.1875,0.75,0.5625,0.375,0.0625,-0.3125
40,A-bin/B-base,108,"(.25,.5]",0.3125,0.1875,0.6875,0.5,0.375,0.9375,0.5625,0.375,0.6875,0.3125
40,B-bin/A-base,108,"(0,.25]",0.1875,0.3125,0.6875,0.375,0.5625,0.9375,0.375,0.5,0.6875,0.1875
40,A-bin/B-base,109,"(.25,.5]",0.5,0.625,0.5,-0.125,0.6875,0.625,-0.0625,0.8125,0.5625,-0.25
40,B-bin/A-base,109,"(.5,.75]",0.625,0.5,0.5,0.0,0.5,0.625,0.125,0.8125,0.5625,-0.25
40,A-bin/B-base,110,"(.5,.75]",0.5625,0.4375,0.75,0.3125,0.5625,0.8125,0.25,0.8125,0.875,0.0625
40,B-bin/A-base,110,"(.25,.5]",0.4375,0.5625,0.75,0.1875,0.625,0.8125,0.1875,0.75,0.875,0.125
40,A-bin/B-base,111,"(.75,1)",0.8125,0.625,1.0,0.375,0.625,1.0,0.375,0.875,1.0,0.125
40,B-bin/A-base,111,"(.5,.75]",0.625,0.8125,1.0,0.1875,0.8125,1.0,0.1875,0.875,1.0,0.125
40,A-bin/B-base,112,"(.25,.5]",0.5,0.625,0.6875,0.0625,0.8125,0.875,0.0625,0.75,0.6875,-0.0625
40,B-bin/A-base,112,"(.5,.75]",0.625,0.5,0.6875,0.1875,0.6875,0.875,0.1875,0.625,0.6875,0.0625
40,A-bin/B-base,113,"(.5,.75]",0.5625,0.75,0.375,-0.375,0.8125,0.75,-0.0625,0.9375,0.4375,-0.5
40,B-bin/A-base,113,"(.5,.75]",0.75,0.5625,0.375,-0.1875,0.6875,0.75,0.0625,0.625,0.4375,-0.1875
40,A-bin/B-base,114,"(.75,1)",0.8125,0.8125,1.0,0.1875,0.8125,1.0,0.1875,0.9375,1.0,0.0625
40,B-bin/A-base,114,"(.75,1)",0.8125,0.8125,1.0,0.1875,0.875,1.0,0.125,0.9375,1.0,0.0625
40,A-bin/B-base,115,"(.25,.5]",0.5,0.25,0.5625,0.3125,0.3125,0.875,0.5625,0.5,0.5625,0.0625
40,B-bin/A-base,115,"(0,.25]",0.25,0.5,0.5625,0.0625,0.625,0.875,0.25,0.6875,0.5625,-0.125
40,A-bin/B-base,116,0,0.0,0.0,0.0625,0.0625,0.0625,0.25,0.1875,0.0625,0.0625,0.0
40,B-bin/A-base,116,0,0.0,0.0,0.0625,0.0625,0.25,0.25,0.0,0.0,0.0625,0.0625
40,A-bin/B-base,117,0,0.0,0.0,0.0625,0.0625,0.0,0.25,0.25,0.0625,0.0625,0.0
40,B-bin/A-base,117,0,0.0,0.0,0.0625,0.0625,0.0,0.25,0.25,0.0625,0.0625,0.0
40,A-bin/B-base,118,"(0,.25]",0.0625,0.0,0.125,0.125,0.375,0.6875,0.3125,0.125,0.125,0.0
40,B-bin/A-base,118,0,0.0,0.0625,0.125,0.0625,0.6875,0.6875,0.0,0.0625,0.125,0.0625
40,A-bin/B-base,119,"(.25,.5]",0.375,0.25,0.75,0.5,0.3125,0.875,0.5625,0.625,0.8125,0.1875
40,B-bin/A-base,119,"(0,.25]",0.25,0.375,0.75,0.375,0.4375,0.875,0.4375,0.875,0.8125,-0.0625
40,A-bin/B-base,120,"(.25,.5]",0.375,0.25,0.5,0.25,0.375,0.75,0.375,0.4375,0.5625,0.125
40,B-bin/A-base,120,"(0,.25]",0.25,0.375,0.5,0.125,0.625,0.75,0.125,0.5,0.5625,0.0625
40,A-bin/B-base,121,0,0.0,0.0625,0.0,-0.0625,0.125,0.1875,0.0625,0.3125,0.1875,-0.125
40,B-bin/A-base,121,"(0,.25]",0.0625,0.0,0.0,0.0,0.125,0.1875,0.0625,0.0,0.1875,0.1875
40,A-bin/B-base,122,"(0,.25]",0.0625,0.125,0.3125,0.1875,0.1875,0.625,0.4375,0.25,0.3125,0.0625
40,B-bin/A-base,122,"(0,.25]",0.125,0.0625,0.3125,0.25,0.125,0.625,0.5,0.1875,0.3125,0.125
40,A-bin/B-base,123,"(0,.25]",0.1875,0.125,0.3125,0.1875,0.25,0.5625,0.3125,0.4375,0.375,-0.0625
40,B-bin/A-base,123,"(0,.25]",0.125,0.1875,0.3125,0.125,0.1875,0.5625,0.375,0.4375,0.375,-0.0625
40,A-bin/B-base,124,"(.25,.5]",0.3125,0.4375,0.5,0.0625,0.4375,0.5625,0.125,0.5625,0.5625,0.0
40,B-bin/A-base,124,"(.25,.5]",0.4375,0.3125,0.5,0.1875,0.375,0.5625,0.1875,0.4375,0.5625,0.125
40,A-bin/B-base,125,"(.5,.75]",0.5625,0.8125,1.0,0.1875,0.8125,1.0,0.1875,0.9375,1.0,0.0625
40,B-bin/A-base,125,"(.75,1)",0.8125,0.5625,1.0,0.4375,0.6875,1.0,0.3125,0.75,1.0,0.25
40,A-bin/B-base,126,"(.75,1)",0.8125,0.75,0.875,0.125,0.75,0.9375,0.1875,1.0,0.9375,-0.0625
40,B-bin/A-base,126,"(.5,.75]",0.75,0.8125,0.875,0.0625,0.8125,0.9375,0.125,0.9375,0.9375,0.0
40,A-bin/B-base,127,"(.5,.75]",0.5625,0.5,0.9375,0.4375,0.5625,1.0,0.4375,0.6875,0.9375,0.25
40,B-bin/A-base,127,"(.25,.5]",0.5,0.5625,0.9375,0.375,0.5625,1.0,0.4375,0.8125,0.9375,0.125
40,A-bin/B-base,128,"(0,.25]",0.125,0.1875,0.375,0.1875,0.375,0.8125,0.4375,0.4375,0.5,0.0625
40,B-bin/A-base,128,"(0,.25]",0.1875,0.125,0.375,0.25,0.1875,0.8125,0.625,0.375,0.5,0.125
40,A-bin/B-base,129,0,0.0,0.0625,0.0,-0.0625,0.25,0.5625,0.3125,0.0625,0.0,-0.0625
40,B-bin/A-base,129,"(0,.25]",0.0625,0.0,0.0,0.0,0.0625,0.5625,0.5,0.0,0.0,0.0
40,A-bin/B-base,130,"(.75,1)",0.9375,0.8125,0.8125,0.0,0.8125,1.0,0.1875,0.9375,0.8125,-0.125
40,B-bin/A-base,130,"(.75,1)",0.8125,0.9375,0.8125,-0.125,0.9375,1.0,0.0625,1.0,0.8125,-0.1875
40,A-bin/B-base,131,"(0,.25]",0.125,0.1875,0.3125,0.125,0.1875,0.75,0.5625,0.1875,0.3125,0.125
40,B-bin/A-base,131,"(0,.25]",0.1875,0.125,0.3125,0.1875,0.1875,0.75,0.5625,0.125,0.3125,0.1875
40,A-bin/B-base,132,"(.5,.75]",0.75,0.4375,0.875,0.4375,0.5625,1.0,0.4375,0.6875,0.875,0.1875
40,B-bin/A-base,132,"(.25,.5]",0.4375,0.75,0.875,0.125,0.75,1.0,0.25,0.75,0.875,0.125
40,A-bin/B-base,133,"(.25,.5]",0.4375,0.375,0.5,0.125,0.375,0.6875,0.3125,0.75,0.75,0.0
40,B-bin/A-base,133,"(.25,.5]",0.375,0.4375,0.5,0.0625,0.5,0.6875,0.1875,0.6875,0.75,0.0625
40,A-bin/B-base,134,"(0,.25]",0.0625,0.0,0.0,0.0,0.4375,0.6875,0.25,0.0625,0.0,-0.0625
40,B-bin/A-base,134,0,0.0,0.0625,0.0,-0.0625,0.4375,0.6875,0.25,0.0625,0.0,-0.0625
40,A-bin/B-base,135,"(.5,.75]",0.6875,0.75,0.625,-0.125,0.75,0.8125,0.0625,0.875,0.75,-0.125
40,B-bin/A-base,135,"(.5,.75]",0.75,0.6875,0.625,-0.0625,0.75,0.8125,0.0625,0.75,0.75,0.0
40,A-bin/B-base,136,"(0,.25]",0.25,0.125,0.5625,0.4375,0.1875,0.6875,0.5,0.5625,0.6875,0.125
40,B-bin/A-base,136,"(0,.25]",0.125,0.25,0.5625,0.3125,0.25,0.6875,0.4375,0.4375,0.6875,0.25
40,A-bin/B-base,137,"(.5,.75]",0.5625,0.3125,0.75,0.4375,0.375,0.9375,0.5625,0.5625,0.8125,0.25
40,B-bin/A-base,137,"(.25,.5]",0.3125,0.5625,0.75,0.1875,0.5625,0.9375,0.375,0.625,0.8125,0.1875
40,A-bin/B-base,138,"(0,.25]",0.1875,0.0625,0.1875,0.125,0.0625,0.375,0.3125,0.4375,0.4375,0.0
40,B-bin/A-base,138,"(0,.25]",0.0625,0.1875,0.1875,0.0,0.25,0.375,0.125,0.25,0.4375,0.1875
40,A-bin/B-base,139,0,0.0,0.125,0.4375,0.3125,0.1875,0.5625,0.375,0.5625,0.5625,0.0
40,B-bin/A-base,139,"(0,.25]",0.125,0.0,0.4375,0.4375,0.0,0.5625,0.5625,0.25,0.5625,0.3125
40,A-bin/B-base,140,"(.25,.5]",0.3125,0.25,0.25,0.0,0.25,0.3125,0.0625,0.4375,0.4375,0.0
40,B-bin/A-base,140,"(0,.25]",0.25,0.3125,0.25,-0.0625,0.3125,0.3125,0.0,0.5625,0.4375,-0.125
40,A-bin/B-base,141,"(0,.25]",0.1875,0.3125,0.5625,0.25,0.75,0.9375,0.1875,0.4375,0.5625,0.125
40,B-bin/A-base,141,"(.25,.5]",0.3125,0.1875,0.5625,0.375,0.1875,0.9375,0.75,0.4375,0.5625,0.125
40,A-bin/B-base,142,0,0.0,0.0625,0.125,0.0625,0.125,0.4375,0.3125,0.1875,0.125,-0.0625
40,B-bin/A-base,142,"(0,.25]",0.0625,0.0,0.125,0.125,0.125,0.4375,0.3125,0.125,0.125,0.0
40,A-bin/B-base,143,"(.25,.5]",0.3125,0.4375,0.1875,-0.25,0.5625,0.3125,-0.25,0.5,0.1875,-0.3125
40,B-bin/A-base,143,"(.25,.5]",0.4375,0.3125,0.1875,-0.125,0.5,0.3125,-0.1875,0.4375,0.1875,-0.25
40,A-bin/B-base,144,"(0,.25]",0.25,0.1875,0.4375,0.25,0.25,0.5,0.25,0.5,0.5,0.0
40,B-bin/A-base,144,"(0,.25]",0.1875,0.25,0.4375,0.1875,0.3125,0.5,0.1875,0.5625,0.5,-0.0625
40,A-bin/B-base,145,"(.5,.75]",0.6875,0.375,0.8125,0.4375,0.5,0.875,0.375,0.5625,0.8125,0.25
40,B-bin/A-base,145,"(.25,.5]",0.375,0.6875,0.8125,0.125,0.6875,0.875,0.1875,0.875,0.8125,-0.0625
40,A-bin/B-base,146,"(0,.25]",0.25,0.0625,0.625,0.5625,0.3125,0.875,0.5625,0.1875,0.6875,0.5
40,B-bin/A-base,146,"(0,.25]",0.0625,0.25,0.625,0.375,0.25,0.875,0.625,0.4375,0.6875,0.25
40,A-bin/B-base,147,"(.75,1)",0.8125,0.6875,0.8125,0.125,0.6875,0.875,0.1875,0.875,0.9375,0.0625
40,B-bin/A-base,147,"(.5,.75]",0.6875,0.8125,0.8125,0.0,0.8125,0.875,0.0625,0.9375,0.9375,0.0
40,A-bin/B-base,148,"(.5,.75]",0.5625,0.1875,0.875,0.6875,0.3125,0.9375,0.625,0.5,0.9375,0.4375
40,B-bin/A-base,148,"(0,.25]",0.1875,0.5625,0.875,0.3125,0.625,0.9375,0.3125,0.75,0.9375,0.1875
40,A-bin/B-base,149,"(.5,.75]",0.5625,0.5,0.5625,0.0625,0.5625,0.6875,0.125,0.875,0.6875,-0.1875
40,B-bin/A-base,149,"(.25,.5]",0.5,0.5625,0.5625,0.0,0.625,0.6875,0.0625,0.625,0.6875,0.0625
40,A-bin/B-base,150,"(.5,.75]",0.75,0.4375,0.8125,0.375,0.5,1.0,0.5,0.75,0.8125,0.0625
40,B-bin/A-base,150,"(.25,.5]",0.4375,0.75,0.8125,0.0625,0.75,1.0,0.25,0.9375,0.8125,-0.125
40,A-bin/B-base,151,"(.25,.5]",0.5,0.5625,0.5625,0.0,0.625,0.875,0.25,0.8125,0.5625,-0.25
40,B-bin/A-base,151,"(.5,.75]",0.5625,0.5,0.5625,0.0625,0.75,0.875,0.125,0.5625,0.5625,0.0
40,A-bin/B-base,152,"(.5,.75]",0.6875,0.5625,0.6875,0.125,0.625,0.75,0.125,0.75,0.8125,0.0625
40,B-bin/A-base,152,"(.5,.75]",0.5625,0.6875,0.6875,0.0,0.75,0.75,0.0,0.8125,0.8125,0.0
40,A-bin/B-base,153,"(.25,.5]",0.3125,0.4375,0.3125,-0.125,0.5625,0.75,0.1875,0.5,0.3125,-0.1875
40,B-bin/A-base,153,"(.25,.5]",0.4375,0.3125,0.3125,0.0,0.625,0.75,0.125,0.375,0.3125,-0.0625
40,A-bin/B-base,154,"(.25,.5]",0.3125,0.4375,0.5625,0.125,0.5,0.875,0.375,0.625,0.6875,0.0625
40,B-bin/A-base,154,"(.25,.5]",0.4375,0.3125,0.5625,0.25,0.3125,0.875,0.5625,0.625,0.6875,0.0625
40,A-bin/B-base,155,"(.25,.5]",0.375,0.125,0.4375,0.3125,0.375,0.5625,0.1875,0.3125,0.5,0.1875
40,B-bin/A-base,155,"(0,.25]",0.125,0.375,0.4375,0.0625,0.4375,0.5625,0.125,0.4375,0.5,0.0625
40,A-bin/B-base,156,"(.5,.75]",0.5625,0.6875,0.875,0.1875,0.75,0.9375,0.1875,0.875,0.875,0.0
40,B-bin/A-base,156,"(.5,.75]",0.6875,0.5625,0.875,0.3125,0.5625,0.9375,0.375,0.9375,0.875,-0.0625
40,A-bin/B-base,157,"(.25,.5]",0.3125,0.5,0.5,0.0,0.5,0.5,0.0,0.75,0.75,0.0
40,B-bin/A-base,157,"(.25,.5]",0.5,0.3125,0.5,0.1875,0.3125,0.5,0.1875,0.5,0.75,0.25
40,A-bin/B-base,158,"(.25,.5]",0.4375,0.0625,0.5625,0.5,0.1875,0.75,0.5625,0.5,0.625,0.125
40,B-bin/A-base,158,"(0,.25]",0.0625,0.4375,0.5625,0.125,0.5625,0.75,0.1875,0.625,0.625,0.0
40,A-bin/B-base,159,"(0,.25]",0.0625,0.0625,0.25,0.1875,0.3125,0.8125,0.5,0.125,0.375,0.25
40,B-bin/A-base,159,"(0,.25]",0.0625,0.0625,0.25,0.1875,0.25,0.8125,0.5625,0.125,0.375,0.25
40,A-bin/B-base,160,0,0.0,0.0,0.0,0.0,0.3125,0.75,0.4375,0.0,0.0,0.0
40,B-bin/A-base,160,0,0.0,0.0,0.0,0.0,0.375,0.75,0.375,0.0,0.0,0.0
40,A-bin/B-base,161,"(.75,1)",0.875,0.6875,0.625,-0.0625,0.8125,1.0,0.1875,0.75,0.625,-0.125
40,B-bin/A-base,161,"(.5,.75]",0.6875,0.875,0.625,-0.25,0.9375,1.0,0.0625,0.875,0.625,-0.25
40,A-bin/B-base,162,"(0,.25]",0.0625,0.1875,0.1875,0.0,0.375,0.6875,0.3125,0.1875,0.1875,0.0
40,B-bin/A-base,162,"(0,.25]",0.1875,0.0625,0.1875,0.125,0.3125,0.6875,0.375,0.125,0.1875,0.0625
40,A-bin/B-base,163,"(.25,.5]",0.5,0.625,0.75,0.125,0.6875,0.8125,0.125,0.8125,0.8125,0.0
40,B-bin/A-base,163,"(.5,.75]",0.625,0.5,0.75,0.25,0.625,0.8125,0.1875,0.75,0.8125,0.0625
40,A-bin/B-base,164,"(.5,.75]",0.5625,0.5,0.625,0.125,0.6875,0.8125,0.125,0.625,0.6875,0.0625
40,B-bin/A-base,164,"(.25,.5]",0.5,0.5625,0.625,0.0625,0.8125,0.8125,0.0,0.6875,0.6875,0.0
40,A-bin/B-base,165,0,0.0,0.0,0.1875,0.1875,0.375,0.4375,0.0625,0.0,0.1875,0.1875
40,B-bin/A-base,165,0,0.0,0.0,0.1875,0.1875,0.0,0.4375,0.4375,0.0625,0.1875,0.125
40,A-bin/B-base,166,"(0,.25]",0.125,0.125,0.25,0.125,0.25,0.5625,0.3125,0.1875,0.3125,0.125
40,B-bin/A-base,166,"(0,.25]",0.125,0.125,0.25,0.125,0.125,0.5625,0.4375,0.5625,0.3125,-0.25
40,A-bin/B-base,167,0,0.0,0.0,0.0,0.0,0.5,0.8125,0.3125,0.0,0.0,0.0
40,B-bin/A-base,167,0,0.0,0.0,0.0,0.0,0.5,0.8125,0.3125,0.0,0.0,0.0
40,A-bin/B-base,168,"(.75,1)",0.8125,0.875,0.9375,0.0625,0.875,0.9375,0.0625,0.875,1.0,0.125
40,B-bin/A-base,168,"(.75,1)",0.875,0.8125,0.9375,0.125,0.875,0.9375,0.0625,0.9375,1.0,0.0625
40,A-bin/B-base,169,"(0,.25]",0.125,0.0,0.25,0.25,0.25,0.75,0.5,0.1875,0.3125,0.125
40,B-bin/A-base,169,0,0.0,0.125,0.25,0.125,0.25,0.75,0.5,0.25,0.3125,0.0625
40,A-bin/B-base,170,"(.5,.75]",0.5625,0.5625,0.75,0.1875,0.625,0.8125,0.1875,0.75,0.875,0.125
40,B-bin/A-base,170,"(.5,.75]",0.5625,0.5625,0.75,0.1875,0.5625,0.8125,0.25,0.75,0.875,0.125
40,A-bin/B-base,171,0,0.0,0.0625,0.3125,0.25,0.125,0.625,0.5,0.125,0.5,0.375
40,B-bin/A-base,171,"(0,.25]",0.0625,0.0,0.3125,0.3125,0.0625,0.625,0.5625,0.1875,0.5,0.3125
40,A-bin/B-base,172,"(.5,.75]",0.5625,0.5625,0.75,0.1875,0.5625,0.8125,0.25,0.8125,0.875,0.0625
40,B-bin/A-base,172,"(.5,.75]",0.5625,0.5625,0.75,0.1875,0.625,0.8125,0.1875,0.875,0.875,0.0
40,A-bin/B-base,173,"(0,.25]",0.125,0.0,0.0625,0.0625,0.0,0.125,0.125,0.0,0.125,0.125
40,B-bin/A-base,173,0,0.0,0.125,0.0625,-0.0625,0.1875,0.125,-0.0625,0.25,0.125,-0.125
40,A-bin/B-base,174,"(.5,.75]",0.625,0.5,0.5625,0.0625,0.625,0.8125,0.1875,0.75,0.625,-0.125
40,B-bin/A-base,174,"(.25,.5]",0.5,0.625,0.5625,-0.0625,0.6875,0.8125,0.125,0.8125,0.625,-0.1875
40,A-bin/B-base,175,"(0,.25]",0.0625,0.1875,0.375,0.1875,0.1875,0.6875,0.5,0.5,0.4375,-0.0625
40,B-bin/A-base,175,"(0,.25]",0.1875,0.0625,0.375,0.3125,0.0625,0.6875,0.625,0.4375,0.4375,0.0
40,A-bin/B-base,176,1,1.0,0.8125,1.0,0.1875,0.8125,1.0,0.1875,0.9375,1.0,0.0625
40,B-bin/A-base,176,"(.75,1)",0.8125,1.0,1.0,0.0,1.0,1.0,0.0,1.0,1.0,0.0
40,A-bin/B-base,177,"(.25,.5]",0.375,0.3125,0.625,0.3125,0.375,0.75,0.375,0.375,0.6875,0.3125
40,B-bin/A-base,177,"(.25,.5]",0.3125,0.375,0.625,0.25,0.625,0.75,0.125,0.5625,0.6875,0.125
40,A-bin/B-base,178,"(.25,.5]",0.5,0.5,0.625,0.125,0.5625,0.875,0.3125,0.6875,0.6875,0.0
40,B-bin/A-base,178,"(.25,.5]",0.5,0.5,0.625,0.125,0.5625,0.875,0.3125,0.75,0.6875,-0.0625
40,A-bin/B-base,179,"(.25,.5]",0.3125,0.5625,0.8125,0.25,0.6875,0.875,0.1875,0.625,0.875,0.25
40,B-bin/A-base,179,"(.5,.75]",0.5625,0.3125,0.8125,0.5,0.375,0.875,0.5,0.6875,0.875,0.1875
40,A-bin/B-base,180,"(.75,1)",0.875,0.75,0.9375,0.1875,0.75,1.0,0.25,0.9375,0.9375,0.0
40,B-bin/A-base,180,"(.5,.75]",0.75,0.875,0.9375,0.0625,0.875,1.0,0.125,0.9375,0.9375,0.0
40,A-bin/B-base,181,"(0,.25]",0.125,0.0625,0.0,-0.0625,0.125,0.25,0.125,0.125,0.0625,-0.0625
40,B-bin/A-base,181,"(0,.25]",0.0625,0.125,0.0,-0.125,0.25,0.25,0.0,0.375,0.0625,-0.3125
40,A-bin/B-base,182,"(0,.25]",0.25,0.0625,0.25,0.1875,0.375,0.9375,0.5625,0.125,0.25,0.125
40,B-bin/A-base,182,"(0,.25]",0.0625,0.25,0.25,0.0,0.4375,0.9375,0.5,0.25,0.25,0.0
40,A-bin/B-base,183,"(0,.25]",0.0625,0.0625,0.5,0.4375,0.125,0.5625,0.4375,0.25,0.5625,0.3125
40,B-bin/A-base,183,"(0,.25]",0.0625,0.0625,0.5,0.4375,0.1875,0.5625,0.375,0.1875,0.5625,0.375
40,A-bin/B-base,184,0,0.0,0.125,0.25,0.125,0.4375,0.625,0.1875,0.125,0.25,0.125
40,B-bin/A-base,184,"(0,.25]",0.125,0.0,0.25,0.25,0.0625,0.625,0.5625,0.0625,0.25,0.1875
40,A-bin/B-base,185,"(.75,1)",0.8125,0.875,1.0,0.125,0.875,1.0,0.125,1.0,1.0,0.0
40,B-bin/A-base,185,"(.75,1)",0.875,0.8125,1.0,0.1875,0.8125,1.0,0.1875,0.9375,1.0,0.0625
40,A-bin/B-base,186,"(.5,.75]",0.625,0.625,0.9375,0.3125,0.6875,1.0,0.3125,0.8125,0.9375,0.125
40,B-bin/A-base,186,"(.5,.75]",0.625,0.625,0.9375,0.3125,0.6875,1.0,0.3125,0.9375,0.9375,0.0
40,A-bin/B-base,187,"(0,.25]",0.0625,0.0,0.0625,0.0625,0.0625,0.1875,0.125,0.0625,0.0625,0.0
40,B-bin/A-base,187,0,0.0,0.0625,0.0625,0.0,0.0625,0.1875,0.125,0.0625,0.0625,0.0
40,A-bin/B-base,188,"(.75,1)",0.875,0.9375,1.0,0.0625,0.9375,1.0,0.0625,1.0,1.0,0.0
40,B-bin/A-base,188,"(.75,1)",0.9375,0.875,1.0,0.125,0.875,1.0,0.125,1.0,1.0,0.0
40,A-bin/B-base,189,"(0,.25]",0.25,0.1875,0.25,0.0625,0.3125,0.5,0.1875,0.5625,0.25,-0.3125
40,B-bin/A-base,189,"(0,.25]",0.1875,0.25,0.25,0.0,0.375,0.5,0.125,0.375,0.25,-0.125
40,A-bin/B-base,190,"(0,.25]",0.125,0.0,0.1875,0.1875,0.125,0.8125,0.6875,0.0625,0.1875,0.125
40,B-bin/A-base,190,0,0.0,0.125,0.1875,0.0625,0.375,0.8125,0.4375,0.3125,0.1875,-0.125
40,A-bin/B-base,191,0,0.0,0.0,0.0625,0.0625,0.1875,0.5625,0.375,0.0625,0.125,0.0625
40,B-bin/A-base,191,0,0.0,0.0,0.0625,0.0625,0.125,0.5625,0.4375,0.0625,0.125,0.0625
40,A-bin/B-base,192,"(0,.25]",0.25,0.3125,0.375,0.0625,0.375,0.625,0.25,0.4375,0.4375,0.0
40,B-bin/A-base,192,"(.25,.5]",0.3125,0.25,0.375,0.125,0.25,0.625,0.375,0.625,0.4375,-0.1875
40,A-bin/B-base,193,"(.25,.5]",0.5,0.1875,0.3125,0.125,0.4375,0.5625,0.125,0.3125,0.5,0.1875
40,B-bin/A-base,193,"(0,.25]",0.1875,0.5,0.3125,-0.1875,0.5625,0.5625,0.0,0.5,0.5,0.0
40,A-bin/B-base,194,"(0,.25]",0.25,0.25,0.6875,0.4375,0.5625,0.75,0.1875,0.375,0.8125,0.4375
40,B-bin/A-base,194,"(0,.25]",0.25,0.25,0.6875,0.4375,0.4375,0.75,0.3125,0.375,0.8125,0.4375
40,A-bin/B-base,195,"(.5,.75]",0.5625,0.6875,0.75,0.0625,0.6875,0.8125,0.125,0.9375,0.9375,0.0
40,B-bin/A-base,195,"(.5,.75]",0.6875,0.5625,0.75,0.1875,0.5625,0.8125,0.25,0.875,0.9375,0.0625
40,A-bin/B-base,196,"(.25,.5]",0.5,0.625,0.6875,0.0625,0.6875,0.75,0.0625,0.875,0.875,0.0
40,B-bin/A-base,196,"(.5,.75]",0.625,0.5,0.6875,0.1875,0.5625,0.75,0.1875,0.75,0.875,0.125
40,A-bin/B-base,197,"(0,.25]",0.1875,0.3125,0.4375,0.125,0.375,0.625,0.25,0.75,0.5625,-0.1875
40,B-bin/A-base,197,"(.25,.5]",0.3125,0.1875,0.4375,0.25,0.1875,0.625,0.4375,0.5,0.5625,0.0625
40,A-bin/B-base,198,"(0,.25]",0.1875,0.125,0.0625,-0.0625,0.1875,0.375,0.1875,0.125,0.0625,-0.0625
40,B-bin/A-base,198,"(0,.25]",0.125,0.1875,0.0625,-0.125,0.1875,0.375,0.1875,0.1875,0.0625,-0.125
40,A-bin/B-base,199,"(0,.25]",0.1875,0.0,0.1875,0.1875,0.0,0.375,0.375,0.0,0.1875,0.1875
40,B-bin/A-base,199,0,0.0,0.1875,0.1875,0.0,0.1875,0.375,0.1875,0.3125,0.1875,-0.125
40,A-bin/B-base,200,"(.25,.5]",0.375,0.6875,0.625,-0.0625,0.6875,0.8125,0.125,0.8125,0.75,-0.0625
40,B-bin/A-base,200,"(.5,.75]",0.6875,0.375,0.625,0.25,0.4375,0.8125,0.375,0.625,0.75,0.125
40,A-bin/B-base,201,"(0,.25]",0.0625,0.0625,0.1875,0.125,0.1875,0.75,0.5625,0.125,0.25,0.125
40,B-bin/A-base,201,"(0,.25]",0.0625,0.0625,0.1875,0.125,0.25,0.75,0.5,0.125,0.25,0.125
40,A-bin/B-base,202,"(.75,1)",0.875,0.875,0.8125,-0.0625,0.9375,0.875,-0.0625,0.9375,0.9375,0.0
40,B-bin/A-base,202,"(.75,1)",0.875,0.875,0.8125,-0.0625,0.875,0.875,0.0,1.0,0.9375,-0.0625
40,A-bin/B-base,203,"(.75,1)",0.8125,0.8125,0.8125,0.0,0.8125,0.875,0.0625,0.9375,0.8125,-0.125
40,B-bin/A-base,203,"(.75,1)",0.8125,0.8125,0.8125,0.0,0.875,0.875,0.0,0.9375,0.8125,-0.125
40,A-bin/B-base,204,"(0,.25]",0.25,0.375,0.625,0.25,0.4375,0.875,0.4375,0.5,0.625,0.125
40,B-bin/A-base,204,"(.25,.5]",0.375,0.25,0.625,0.375,0.3125,0.875,0.5625,0.4375,0.625,0.1875
40,A-bin/B-base,205,"(0,.25]",0.125,0.25,0.0625,-0.1875,0.375,0.6875,0.3125,0.25,0.125,-0.125
40,B-bin/A-base,205,"(0,.25]",0.25,0.125,0.0625,-0.0625,0.375,0.6875,0.3125,0.125,0.125,0.0
40,A-bin/B-base,206,"(0,.25]",0.25,0.4375,0.5625,0.125,0.4375,0.5625,0.125,0.5625,0.75,0.1875
40,B-bin/A-base,206,"(.25,.5]",0.4375,0.25,0.5625,0.3125,0.25,0.5625,0.3125,0.6875,0.75,0.0625
40,A-bin/B-base,207,"(.25,.5]",0.5,0.5625,0.6875,0.125,0.625,0.875,0.25,0.75,0.6875,-0.0625
40,B-bin/A-base,207,"(.5,.75]",0.5625,0.5,0.6875,0.1875,0.5625,0.875,0.3125,0.6875,0.6875,0.0
40,A-bin/B-base,208,"(.5,.75]",0.6875,0.75,0.8125,0.0625,0.75,0.9375,0.1875,0.9375,0.875,-0.0625
40,B-bin/A-base,208,"(.5,.75]",0.75,0.6875,0.8125,0.125,0.6875,0.9375,0.25,0.875,0.875,0.0
40,A-bin/B-base,209,"(.5,.75]",0.5625,0.5,0.875,0.375,0.5,0.875,0.375,0.8125,1.0,0.1875
40,B-bin/A-base,209,"(.25,.5]",0.5,0.5625,0.875,0.3125,0.625,0.875,0.25,0.625,1.0,0.375
40,A-bin/B-base,210,"(.25,.5]",0.3125,0.25,0.5625,0.3125,0.375,0.6875,0.3125,0.6875,0.75,0.0625
40,B-bin/A-base,210,"(0,.25]",0.25,0.3125,0.5625,0.25,0.375,0.6875,0.3125,0.4375,0.75,0.3125
40,A-bin/B-base,211,"(0,.25]",0.0625,0.125,0.375,0.25,0.5,0.875,0.375,0.1875,0.375,0.1875
40,B-bin/A-base,211,"(0,.25]",0.125,0.0625,0.375,0.3125,0.4375,0.875,0.4375,0.3125,0.375,0.0625
40,A-bin/B-base,212,0,0.0,0.0,0.0,0.0,0.0,0.0625,0.0625,0.25,0.1875,-0.0625
40,B-bin/A-base,212,0,0.0,0.0,0.0,0.0,0.0625,0.0625,0.0,0.125,0.1875,0.0625
40,A-bin/B-base,213,"(.5,.75]",0.5625,0.625,0.8125,0.1875,0.6875,0.9375,0.25,0.8125,0.8125,0.0
40,B-bin/A-base,213,"(.5,.75]",0.625,0.5625,0.8125,0.25,0.5625,0.9375,0.375,0.75,0.8125,0.0625
40,A-bin/B-base,214,"(0,.25]",0.0625,0.0,0.0625,0.0625,0.375,0.4375,0.0625,0.0,0.125,0.125
40,B-bin/A-base,214,0,0.0,0.0625,0.0625,0.0,0.3125,0.4375,0.125,0.0625,0.125,0.0625
40,A-bin/B-base,215,"(.25,.5]",0.5,0.75,0.9375,0.1875,0.75,1.0,0.25,0.9375,0.9375,0.0
40,B-bin/A-base,215,"(.5,.75]",0.75,0.5,0.9375,0.4375,0.5625,1.0,0.4375,0.875,0.9375,0.0625
40,A-bin/B-base,216,"(.5,.75]",0.75,0.5,0.6875,0.1875,0.5,0.75,0.25,0.8125,0.6875,-0.125
40,B-bin/A-base,216,"(.25,.5]",0.5,0.75,0.6875,-0.0625,0.75,0.75,0.0,1.0,0.6875,-0.3125
40,A-bin/B-base,217,"(0,.25]",0.1875,0.0625,0.25,0.1875,0.0625,0.3125,0.25,0.3125,0.5,0.1875
40,B-bin/A-base,217,"(0,.25]",0.0625,0.1875,0.25,0.0625,0.1875,0.3125,0.125,0.375,0.5,0.125
40,A-bin/B-base,218,"(0,.25]",0.125,0.125,0.125,0.0,0.75,0.8125,0.0625,0.1875,0.1875,0.0
40,B-bin/A-base,218,"(0,.25]",0.125,0.125,0.125,0.0,0.4375,0.8125,0.375,0.1875,0.1875,0.0
40,A-bin/B-base,219,"(0,.25]",0.0625,0.0,0.0625,0.0625,0.125,0.4375,0.3125,0.1875,0.0625,-0.125
40,B-bin/A-base,219,0,0.0,0.0625,0.0625,0.0,0.3125,0.4375,0.125,0.3125,0.0625,-0.25
40,A-bin/B-base,220,"(0,.25]",0.0625,0.125,0.25,0.125,0.125,0.4375,0.3125,0.3125,0.375,0.0625
40,B-bin/A-base,220,"(0,.25]",0.125,0.0625,0.25,0.1875,0.125,0.4375,0.3125,0.25,0.375,0.125
40,A-bin/B-base,221,"(.75,1)",0.875,0.875,0.875,0.0,0.875,0.875,0.0,0.9375,0.9375,0.0
40,B-bin/A-base,221,"(.75,1)",0.875,0.875,0.875,0.0,0.875,0.875,0.0,1.0,0.9375,-0.0625
40,A-bin/B-base,222,"(0,.25]",0.25,0.4375,0.5,0.0625,0.5,0.625,0.125,0.5,0.5,0.0
40,B-bin/A-base,222,"(.25,.5]",0.4375,0.25,0.5,0.25,0.5,0.625,0.125,0.375,0.5,0.125
40,A-bin/B-base,223,"(0,.25]",0.125,0.0625,0.1875,0.125,0.125,0.5,0.375,0.3125,0.3125,0.0
40,B-bin/A-base,223,"(0,.25]",0.0625,0.125,0.1875,0.0625,0.3125,0.5,0.1875,0.1875,0.3125,0.125
40,A-bin/B-base,224,0,0.0,0.0,0.25,0.25,0.0,0.5,0.5,0.25,0.3125,0.0625
40,B-bin/A-base,224,0,0.0,0.0,0.25,0.25,0.1875,0.5,0.3125,0.0625,0.3125,0.25
40,A-bin/B-base,225,"(0,.25]",0.0625,0.0,0.375,0.375,0.0625,0.5625,0.5,0.1875,0.5,0.3125
40,B-bin/A-base,225,0,0.0,0.0625,0.375,0.3125,0.125,0.5625,0.4375,0.125,0.5,0.375
40,A-bin/B-base,226,"(0,.25]",0.1875,0.4375,0.4375,0.0,0.5625,0.5625,0.0,0.625,0.5,-0.125
40,B-bin/A-base,226,"(.25,.5]",0.4375,0.1875,0.4375,0.25,0.3125,0.5625,0.25,0.25,0.5,0.25
40,A-bin/B-base,227,"(.5,.75]",0.625,0.75,0.875,0.125,0.8125,0.9375,0.125,0.875,0.9375,0.0625
40,B-bin/A-base,227,"(.5,.75]",0.75,0.625,0.875,0.25,0.625,0.9375,0.3125,0.9375,0.9375,0.0
40,A-bin/B-base,228,"(0,.25]",0.125,0.0,0.0,0.0,0.5625,0.9375,0.375,0.0625,0.0,-0.0625
40,B-bin/A-base,228,0,0.0,0.125,0.0,-0.125,0.6875,0.9375,0.25,0.1875,0.0,-0.1875
40,A-bin/B-base,229,"(0,.25]",0.1875,0.0625,0.3125,0.25,0.6875,0.8125,0.125,0.125,0.375,0.25
40,B-bin/A-base,229,"(0,.25]",0.0625,0.1875,0.3125,0.125,0.75,0.8125,0.0625,0.1875,0.375,0.1875
40,A-bin/B-base,230,"(0,.25]",0.125,0.0625,0.125,0.0625,0.25,0.4375,0.1875,0.125,0.125,0.0
40,B-bin/A-base,230,"(0,.25]",0.0625,0.125,0.125,0.0,0.4375,0.4375,0.0,0.125,0.125,0.0
40,A-bin/B-base,231,"(0,.25]",0.0625,0.125,0.0,-0.125,0.1875,0.375,0.1875,0.125,0.125,0.0
40,B-bin/A-base,231,"(0,.25]",0.125,0.0625,0.0,-0.0625,0.125,0.375,0.25,0.125,0.125,0.0
40,A-bin/B-base,232,0,0.0,0.0,0.0,0.0,0.4375,0.5,0.0625,0.0,0.0,0.0
40,B-bin/A-base,232,0,0.0,0.0,0.0,0.0,0.375,0.5,0.125,0.0,0.0,0.0
40,A-bin/B-base,233,"(.25,.5]",0.5,0.375,0.25,-0.125,0.6875,0.875,0.1875,0.4375,0.25,-0.1875
40,B-bin/A-base,233,"(.25,.5]",0.375,0.5,0.25,-0.25,0.75,0.875,0.125,0.625,0.25,-0.375
40,A-bin/B-base,234,0,0.0,0.0,0.0625,0.0625,0.125,0.3125,0.1875,0.0,0.0625,0.0625
40,B-bin/A-base,234,0,0.0,0.0,0.0625,0.0625,0.125,0.3125,0.1875,0.0,0.0625,0.0625
40,A-bin/B-base,235,"(0,.25]",0.0625,0.125,0.0,-0.125,0.3125,0.625,0.3125,0.375,0.0,-0.375
40,B-bin/A-base,235,"(0,.25]",0.125,0.0625,0.0,-0.0625,0.0625,0.625,0.5625,0.1875,0.0,-0.1875
40,A-bin/B-base,236,"(.75,1)",0.9375,0.75,0.875,0.125,0.75,0.9375,0.1875,0.8125,0.9375,0.125
40,B-bin/A-base,236,"(.5,.75]",0.75,0.9375,0.875,-0.0625,0.9375,0.9375,0.0,1.0,0.9375,-0.0625
40,A-bin/B-base,237,"(0,.25]",0.0625,0.0,0.0,0.0,0.125,0.1875,0.0625,0.0625,0.0,-0.0625
40,B-bin/A-base,237,0,0.0,0.0625,0.0,-0.0625,0.0625,0.1875,0.125,0.0625,0.0,-0.0625
40,A-bin/B-base,238,"(.25,.5]",0.375,0.4375,0.9375,0.5,0.5,0.9375,0.4375,0.75,0.9375,0.1875
40,B-bin/A-base,238,"(.25,.5]",0.4375,0.375,0.9375,0.5625,0.4375,0.9375,0.5,0.875,0.9375,0.0625
40,A-bin/B-base,239,"(0,.25]",0.25,0.125,0.125,0.0,0.125,0.3125,0.1875,0.125,0.25,0.125
40,B-bin/A-base,239,"(0,.25]",0.125,0.25,0.125,-0.125,0.25,0.3125,0.0625,0.375,0.25,-0.125
40,A-bin/B-base,240,"(.25,.5]",0.5,0.625,0.75,0.125,0.625,0.75,0.125,1.0,0.875,-0.125
40,B-bin/A-base,240,"(.5,.75]",0.625,0.5,0.75,0.25,0.5625,0.75,0.1875,0.8125,0.875,0.0625
40,A-bin/B-base,241,"(.5,.75]",0.625,0.3125,0.4375,0.125,0.3125,0.5,0.1875,0.6875,0.5625,-0.125
40,B-bin/A-base,241,"(.25,.5]",0.3125,0.625,0.4375,-0.1875,0.6875,0.5,-0.1875,0.6875,0.5625,-0.125
40,A-bin/B-base,242,"(.5,.75]",0.75,0.375,0.5625,0.1875,0.375,0.6875,0.3125,0.6875,0.75,0.0625
40,B-bin/A-base,242,"(.25,.5]",0.375,0.75,0.5625,-0.1875,0.8125,0.6875,-0.125,0.9375,0.75,-0.1875
40,A-bin/B-base,243,"(0,.25]",0.0625,0.0625,0.0,-0.0625,0.125,0.5625,0.4375,0.0625,0.125,0.0625
40,B-bin/A-base,243,"(0,.25]",0.0625,0.0625,0.0,-0.0625,0.4375,0.5625,0.125,0.1875,0.125,-0.0625
40,A-bin/B-base,244,"(.75,1)",0.875,0.75,0.9375,0.1875,0.75,0.9375,0.1875,0.9375,1.0,0.0625
40,B-bin/A-base,244,"(.5,.75]",0.75,0.875,0.9375,0.0625,0.875,0.9375,0.0625,0.9375,1.0,0.0625
40,A-bin/B-base,245,"(.25,.5]",0.375,0.375,0.6875,0.3125,0.4375,0.8125,0.375,0.625,0.75,0.125
40,B-bin/A-base,245,"(.25,.5]",0.375,0.375,0.6875,0.3125,0.5,0.8125,0.3125,0.5625,0.75,0.1875
40,A-bin/B-base,246,"(0,.25]",0.0625,0.0625,0.25,0.1875,0.0625,0.5,0.4375,0.125,0.375,0.25
40,B-bin/A-base,246,"(0,.25]",0.0625,0.0625,0.25,0.1875,0.125,0.5,0.375,0.125,0.375,0.25
40,A-bin/B-base,247,0,0.0,0.0,0.125,0.125,0.25,0.4375,0.1875,0.0625,0.125,0.0625
40,B-bin/A-base,247,0,0.0,0.0,0.125,0.125,0.25,0.4375,0.1875,0.125,0.125,0.0
40,A-bin/B-base,248,0,0.0,0.0,0.0625,0.0625,0.0625,0.375,0.3125,0.0625,0.1875,0.125
40,B-bin/A-base,248,0,0.0,0.0,0.0625,0.0625,0.1875,0.375,0.1875,0.0625,0.1875,0.125
40,A-bin/B-base,249,"(.5,.75]",0.625,0.75,1.0,0.25,0.75,1.0,0.25,0.875,1.0,0.125
40,B-bin/A-base,249,"(.5,.75]",0.75,0.625,1.0,0.375,0.625,1.0,0.375,0.875,1.0,0.125
40,A-bin/B-base,250,0,0.0,0.125,0.25,0.125,0.4375,0.75,0.3125,0.3125,0.3125,0.0
40,B-bin/A-base,250,"(0,.25]",0.125,0.0,0.25,0.25,0.25,0.75,0.5,0.0625,0.3125,0.25
40,A-bin/B-base,251,"(0,.25]",0.1875,0.125,0.0,-0.125,0.375,0.5625,0.1875,0.125,0.0,-0.125
40,B-bin/A-base,251,"(0,.25]",0.125,0.1875,0.0,-0.1875,0.4375,0.5625,0.125,0.3125,0.0,-0.3125
40,A-bin/B-base,252,"(.5,.75]",0.5625,0.8125,0.75,-0.0625,0.8125,0.8125,0.0,1.0,0.875,-0.125
40,B-bin/A-base,252,"(.75,1)",0.8125,0.5625,0.75,0.1875,0.5625,0.8125,0.25,0.8125,0.875,0.0625
40,A-bin/B-base,253,0,0.0,0.125,0.25,0.125,0.125,0.375,0.25,0.4375,0.4375,0.0
40,B-bin/A-base,253,"(0,.25]",0.125,0.0,0.25,0.25,0.0,0.375,0.375,0.125,0.4375,0.3125
40,A-bin/B-base,254,"(.25,.5]",0.3125,0.25,0.875,0.625,0.3125,0.875,0.5625,0.625,1.0,0.375
40,B-bin/A-base,254,"(0,.25]",0.25,0.3125,0.875,0.5625,0.3125,0.875,0.5625,0.5625,1.0,0.4375
40,A-bin/B-base,255,"(.5,.75]",0.625,0.6875,0.75,0.0625,0.75,0.9375,0.1875,0.8125,0.8125,0.0
40,B-bin/A-base,255,"(.5,.75]",0.6875,0.625,0.75,0.125,0.75,0.9375,0.1875,0.8125,0.8125,0.0
45,A-bin/B-base,0,"(.75,1)",0.8125,0.875,1.0,0.125,0.875,1.0,0.125,0.9375,1.0,0.0625
45,B-bin/A-base,0,"(.75,1)",0.875,0.8125,1.0,0.1875,0.8125,1.0,0.1875,0.8125,1.0,0.1875
45,A-bin/B-base,1,"(0,.25]",0.25,0.3125,0.5625,0.25,0.5,0.75,0.25,0.5,0.6875,0.1875
45,B-bin/A-base,1,"(.25,.5]",0.3125,0.25,0.5625,0.3125,0.3125,0.75,0.4375,0.4375,0.6875,0.25
45,A-bin/B-base,2,"(0,.25]",0.125,0.4375,0.4375,0.0,0.5625,0.6875,0.125,0.5625,0.625,0.0625
45,B-bin/A-base,2,"(.25,.5]",0.4375,0.125,0.4375,0.3125,0.1875,0.6875,0.5,0.5,0.625,0.125
45,A-bin/B-base,3,"(.5,.75]",0.5625,0.6875,0.9375,0.25,0.6875,1.0,0.3125,0.875,0.9375,0.0625
45,B-bin/A-base,3,"(.5,.75]",0.6875,0.5625,0.9375,0.375,0.625,1.0,0.375,0.75,0.9375,0.1875
45,A-bin/B-base,4,"(0,.25]",0.125,0.375,0.375,0.0,0.5,0.75,0.25,0.4375,0.4375,0.0
45,B-bin/A-base,4,"(.25,.5]",0.375,0.125,0.375,0.25,0.4375,0.75,0.3125,0.1875,0.4375,0.25
45,A-bin/B-base,5,"(.25,.5]",0.375,0.625,0.5625,-0.0625,0.6875,0.8125,0.125,0.8125,0.625,-0.1875
45,B-bin/A-base,5,"(.5,.75]",0.625,0.375,0.5625,0.1875,0.4375,0.8125,0.375,0.6875,0.625,-0.0625
45,A-bin/B-base,6,"(.5,.75]",0.6875,0.625,0.8125,0.1875,0.625,0.875,0.25,0.875,0.9375,0.0625
45,B-bin/A-base,6,"(.5,.75]",0.625,0.6875,0.8125,0.125,0.75,0.875,0.125,0.875,0.9375,0.0625
45,A-bin/B-base,7,0,0.0,0.0,0.25,0.25,0.125,0.5,0.375,0.0,0.3125,0.3125
45,B-bin/A-base,7,0,0.0,0.0,0.25,0.25,0.0,0.5,0.5,0.0,0.3125,0.3125
45,A-bin/B-base,8,"(0,.25]",0.1875,0.125,0.125,0.0,0.3125,0.5,0.1875,0.1875,0.25,0.0625
45,B-bin/A-base,8,"(0,.25]",0.125,0.1875,0.125,-0.0625,0.375,0.5,0.125,0.3125,0.25,-0.0625
45,A-bin/B-base,9,"(0,.25]",0.1875,0.0,0.3125,0.3125,0.25,0.75,0.5,0.0,0.3125,0.3125
45,B-bin/A-base,9,0,0.0,0.1875,0.3125,0.125,0.5,0.75,0.25,0.25,0.3125,0.0625
45,A-bin/B-base,10,0,0.0,0.0625,0.0,-0.0625,0.125,0.0,-0.125,0.125,0.0625,-0.0625
45,B-bin/A-base,10,"(0,.25]",0.0625,0.0,0.0,0.0,0.0,0.0,0.0,0.0625,0.0625,0.0
45,A-bin/B-base,11,0,0.0,0.0625,0.0,-0.0625,0.0625,0.125,0.0625,0.0625,0.0,-0.0625
45,B-bin/A-base,11,"(0,.25]",0.0625,0.0,0.0,0.0,0.0,0.125,0.125,0.0,0.0,0.0
45,A-bin/B-base,12,"(.25,.5]",0.4375,0.625,1.0,0.375,0.625,1.0,0.375,0.8125,1.0,0.1875
45,B-bin/A-base,12,"(.5,.75]",0.625,0.4375,1.0,0.5625,0.4375,1.0,0.5625,0.875,1.0,0.125
45,A-bin/B-base,13,"(0,.25]",0.1875,0.0625,0.4375,0.375,0.25,0.875,0.625,0.25,0.4375,0.1875
45,B-bin/A-base,13,"(0,.25]",0.0625,0.1875,0.4375,0.25,0.4375,0.875,0.4375,0.3125,0.4375,0.125
45,A-bin/B-base,14,"(0,.25]",0.25,0.1875,0.5625,0.375,0.375,0.6875,0.3125,0.5625,0.6875,0.125
45,B-bin/A-base,14,"(0,.25]",0.1875,0.25,0.5625,0.3125,0.3125,0.6875,0.375,0.4375,0.6875,0.25
45,A-bin/B-base,15,0,0.0,0.0,0.0,0.0,0.5,0.1875,-0.3125,0.0,0.0,0.0
45,B-bin/A-base,15,0,0.0,0.0,0.0,0.0,0.0,0.1875,0.1875,0.0,0.0,0.0
45,A-bin/B-base,16,"(0,.25]",0.125,0.125,0.4375,0.3125,0.25,0.6875,0.4375,0.1875,0.5625,0.375
45,B-bin/A-base,16,"(0,.25]",0.125,0.125,0.4375,0.3125,0.125,0.6875,0.5625,0.1875,0.5625,0.375
45,A-bin/B-base,17,"(0,.25]",0.125,0.0625,0.1875,0.125,0.1875,0.875,0.6875,0.1875,0.1875,0.0
45,B-bin/A-base,17,"(0,.25]",0.0625,0.125,0.1875,0.0625,0.375,0.875,0.5,0.1875,0.1875,0.0
45,A-bin/B-base,18,"(0,.25]",0.1875,0.0,0.0,0.0,0.1875,0.5625,0.375,0.125,0.0625,-0.0625
45,B-bin/A-base,18,0,0.0,0.1875,0.0,-0.1875,0.25,0.5625,0.3125,0.3125,0.0625,-0.25
45,A-bin/B-base,19,"(0,.25]",0.25,0.1875,0.625,0.4375,0.25,0.75,0.5,0.375,0.6875,0.3125
45,B-bin/A-base,19,"(0,.25]",0.1875,0.25,0.625,0.375,0.375,0.75,0.375,0.5,0.6875,0.1875
45,A-bin/B-base,20,"(.75,1)",0.8125,0.875,0.9375,0.0625,0.875,0.9375,0.0625,1.0,0.9375,-0.0625
45,B-bin/A-base,20,"(.75,1)",0.875,0.8125,0.9375,0.125,0.8125,0.9375,0.125,1.0,0.9375,-0.0625
45,A-bin/B-base,21,"(0,.25]",0.125,0.125,0.4375,0.3125,0.125,0.625,0.5,0.25,0.5625,0.3125
45,B-bin/A-base,21,"(0,.25]",0.125,0.125,0.4375,0.3125,0.1875,0.625,0.4375,0.125,0.5625,0.4375
45,A-bin/B-base,22,0,0.0,0.0,0.0625,0.0625,0.25,0.3125,0.0625,0.0625,0.125,0.0625
45,B-bin/A-base,22,0,0.0,0.0,0.0625,0.0625,0.1875,0.3125,0.125,0.25,0.125,-0.125
45,A-bin/B-base,23,"(.5,.75]",0.5625,0.5,0.625,0.125,0.5625,0.8125,0.25,0.8125,0.625,-0.1875
45,B-bin/A-base,23,"(.25,.5]",0.5,0.5625,0.625,0.0625,0.5625,0.8125,0.25,0.6875,0.625,-0.0625
45,A-bin/B-base,24,"(.5,.75]",0.625,0.5625,0.8125,0.25,0.5625,0.9375,0.375,0.6875,0.8125,0.125
45,B-bin/A-base,24,"(.5,.75]",0.5625,0.625,0.8125,0.1875,0.625,0.9375,0.3125,0.625,0.8125,0.1875
45,A-bin/B-base,25,"(.25,.5]",0.375,0.3125,0.6875,0.375,0.4375,0.8125,0.375,0.5625,0.75,0.1875
45,B-bin/A-base,25,"(.25,.5]",0.3125,0.375,0.6875,0.3125,0.4375,0.8125,0.375,0.625,0.75,0.125
45,A-bin/B-base,26,"(.5,.75]",0.6875,0.625,0.6875,0.0625,0.75,1.0,0.25,0.8125,0.6875,-0.125
45,B-bin/A-base,26,"(.5,.75]",0.625,0.6875,0.6875,0.0,0.6875,1.0,0.3125,1.0,0.6875,-0.3125
45,A-bin/B-base,27,"(0,.25]",0.0625,0.0625,0.125,0.0625,0.3125,0.5625,0.25,0.1875,0.125,-0.0625
45,B-bin/A-base,27,"(0,.25]",0.0625,0.0625,0.125,0.0625,0.125,0.5625,0.4375,0.125,0.125,0.0
45,A-bin/B-base,28,"(.5,.75]",0.5625,0.5625,0.625,0.0625,0.5625,0.6875,0.125,0.9375,0.875,-0.0625
45,B-bin/A-base,28,"(.5,.75]",0.5625,0.5625,0.625,0.0625,0.5625,0.6875,0.125,0.9375,0.875,-0.0625
45,A-bin/B-base,29,"(0,.25]",0.125,0.1875,0.375,0.1875,0.3125,0.625,0.3125,0.3125,0.4375,0.125
45,B-bin/A-base,29,"(0,.25]",0.1875,0.125,0.375,0.25,0.3125,0.625,0.3125,0.1875,0.4375,0.25
45,A-bin/B-base,30,"(0,.25]",0.0625,0.0625,0.25,0.1875,0.0625,0.25,0.1875,0.25,0.5,0.25
45,B-bin/A-base,30,"(0,.25]",0.0625,0.0625,0.25,0.1875,0.1875,0.25,0.0625,0.1875,0.5,0.3125
45,A-bin/B-base,31,"(.25,.5]",0.375,0.125,0.5,0.375,0.1875,0.8125,0.625,0.25,0.5625,0.3125
45,B-bin/A-base,31,"(0,.25]",0.125,0.375,0.5,0.125,0.5625,0.8125,0.25,0.5,0.5625,0.0625
45,A-bin/B-base,32,"(0,.25]",0.0625,0.25,0.125,-0.125,0.3125,0.3125,0.0,0.5,0.1875,-0.3125
45,B-bin/A-base,32,"(0,.25]",0.25,0.0625,0.125,0.0625,0.125,0.3125,0.1875,0.25,0.1875,-0.0625
45,A-bin/B-base,33,"(.5,.75]",0.75,0.375,0.875,0.5,0.375,0.875,0.5,0.875,1.0,0.125
45,B-bin/A-base,33,"(.25,.5]",0.375,0.75,0.875,0.125,0.8125,0.875,0.0625,0.9375,1.0,0.0625
45,A-bin/B-base,34,"(.5,.75]",0.625,0.625,1.0,0.375,0.6875,1.0,0.3125,0.875,1.0,0.125
45,B-bin/A-base,34,"(.5,.75]",0.625,0.625,1.0,0.375,0.6875,1.0,0.3125,0.875,1.0,0.125
45,A-bin/B-base,35,"(.5,.75]",0.625,0.5625,0.625,0.0625,0.5625,0.8125,0.25,0.75,0.75,0.0
45,B-bin/A-base,35,"(.5,.75]",0.5625,0.625,0.625,0.0,0.875,0.8125,-0.0625,0.6875,0.75,0.0625
45,A-bin/B-base,36,"(.5,.75]",0.75,0.8125,0.875,0.0625,0.8125,0.9375,0.125,0.875,0.875,0.0
45,B-bin/A-base,36,"(.75,1)",0.8125,0.75,0.875,0.125,0.8125,0.9375,0.125,0.875,0.875,0.0
45,A-bin/B-base,37,"(.25,.5]",0.5,0.6875,0.75,0.0625,0.6875,0.875,0.1875,0.8125,0.75,-0.0625
45,B-bin/A-base,37,"(.5,.75]",0.6875,0.5,0.75,0.25,0.625,0.875,0.25,0.5625,0.75,0.1875
45,A-bin/B-base,38,"(0,.25]",0.125,0.0,0.125,0.125,0.25,0.6875,0.4375,0.0,0.125,0.125
45,B-bin/A-base,38,0,0.0,0.125,0.125,0.0,0.375,0.6875,0.3125,0.125,0.125,0.0
45,A-bin/B-base,39,"(.25,.5]",0.5,0.4375,0.5625,0.125,0.4375,0.6875,0.25,0.75,0.625,-0.125
45,B-bin/A-base,39,"(.25,.5]",0.4375,0.5,0.5625,0.0625,0.5,0.6875,0.1875,0.6875,0.625,-0.0625
45,A-bin/B-base,40,0,0.0,0.125,0.25,0.125,0.3125,0.5625,0.25,0.25,0.375,0.125
45,B-bin/A-base,40,"(0,.25]",0.125,0.0,0.25,0.25,0.0,0.5625,0.5625,0.125,0.375,0.25
45,A-bin/B-base,41,"(.75,1)",0.8125,0.75,0.9375,0.1875,0.8125,0.9375,0.125,0.9375,0.9375,0.0
45,B-bin/A-base,41,"(.5,.75]",0.75,0.8125,0.9375,0.125,0.875,0.9375,0.0625,0.9375,0.9375,0.0
45,A-bin/B-base,42,0,0.0,0.0625,0.0,-0.0625,0.1875,0.0625,-0.125,0.0625,0.0625,0.0
45,B-bin/A-base,42,"(0,.25]",0.0625,0.0,0.0,0.0,0.125,0.0625,-0.0625,0.125,0.0625,-0.0625
45,A-bin/B-base,43,0,0.0,0.0625,0.1875,0.125,0.375,0.625,0.25,0.3125,0.1875,-0.125
45,B-bin/A-base,43,"(0,.25]",0.0625,0.0,0.1875,0.1875,0.375,0.625,0.25,0.0625,0.1875,0.125
45,A-bin/B-base,44,"(.5,.75]",0.625,0.75,0.6875,-0.0625,0.875,0.75,-0.125,0.75,0.75,0.0
45,B-bin/A-base,44,"(.5,.75]",0.75,0.625,0.6875,0.0625,0.6875,0.75,0.0625,0.8125,0.75,-0.0625
45,A-bin/B-base,45,"(.5,.75]",0.625,0.5,0.5,0.0,0.5625,0.9375,0.375,0.75,0.5,-0.25
45,B-bin/A-base,45,"(.25,.5]",0.5,0.625,0.5,-0.125,0.625,0.9375,0.3125,0.8125,0.5,-0.3125
45,A-bin/B-base,46,"(.25,.5]",0.5,0.375,0.5625,0.1875,0.625,0.9375,0.3125,0.625,0.5625,-0.0625
45,B-bin/A-base,46,"(.25,.5]",0.375,0.5,0.5625,0.0625,0.6875,0.9375,0.25,0.75,0.5625,-0.1875
45,A-bin/B-base,47,"(.25,.5]",0.5,0.75,0.875,0.125,0.75,0.875,0.125,0.9375,1.0,0.0625
45,B-bin/A-base,47,"(.5,.75]",0.75,0.5,0.875,0.375,0.5,0.875,0.375,0.75,1.0,0.25
45,A-bin/B-base,48,"(.5,.75]",0.6875,0.6875,1.0,0.3125,0.6875,1.0,0.3125,1.0,1.0,0.0
45,B-bin/A-base,48,"(.5,.75]",0.6875,0.6875,1.0,0.3125,0.6875,1.0,0.3125,0.9375,1.0,0.0625
45,A-bin/B-base,49,"(.5,.75]",0.6875,0.875,1.0,0.125,0.875,1.0,0.125,0.875,1.0,0.125
45,B-bin/A-base,49,"(.75,1)",0.875,0.6875,1.0,0.3125,0.75,1.0,0.25,0.8125,1.0,0.1875
45,A-bin/B-base,50,0,0.0,0.0,0.0,0.0,0.0625,0.3125,0.25,0.0,0.0,0.0
45,B-bin/A-base,50,0,0.0,0.0,0.0,0.0,0.375,0.3125,-0.0625,0.0,0.0,0.0
45,A-bin/B-base,51,"(.5,.75]",0.625,0.5,0.8125,0.3125,0.5,0.875,0.375,0.6875,0.8125,0.125
45,B-bin/A-base,51,"(.25,.5]",0.5,0.625,0.8125,0.1875,0.625,0.875,0.25,0.6875,0.8125,0.125
45,A-bin/B-base,52,"(.5,.75]",0.6875,0.5,0.625,0.125,0.5625,0.6875,0.125,0.625,0.8125,0.1875
45,B-bin/A-base,52,"(.25,.5]",0.5,0.6875,0.625,-0.0625,0.75,0.6875,-0.0625,0.75,0.8125,0.0625
45,A-bin/B-base,53,"(.5,.75]",0.75,0.75,0.9375,0.1875,0.75,1.0,0.25,1.0,0.9375,-0.0625
45,B-bin/A-base,53,"(.5,.75]",0.75,0.75,0.9375,0.1875,0.8125,1.0,0.1875,0.9375,0.9375,0.0
45,A-bin/B-base,54,"(0,.25]",0.1875,0.1875,0.375,0.1875,0.375,0.6875,0.3125,0.1875,0.4375,0.25
45,B-bin/A-base,54,"(0,.25]",0.1875,0.1875,0.375,0.1875,0.5625,0.6875,0.125,0.3125,0.4375,0.125
45,A-bin/B-base,55,"(.5,.75]",0.75,0.8125,0.75,-0.0625,0.875,0.875,0.0,0.875,0.8125,-0.0625
45,B-bin/A-base,55,"(.75,1)",0.8125,0.75,0.75,0.0,0.9375,0.875,-0.0625,0.8125,0.8125,0.0
45,A-bin/B-base,56,"(.5,.75]",0.6875,0.6875,0.875,0.1875,0.6875,0.9375,0.25,0.9375,0.9375,0.0
45,B-bin/A-base,56,"(.5,.75]",0.6875,0.6875,0.875,0.1875,0.75,0.9375,0.1875,0.875,0.9375,0.0625
45,A-bin/B-base,57,"(0,.25]",0.1875,0.3125,0.4375,0.125,0.4375,0.75,0.3125,0.4375,0.5,0.0625
45,B-bin/A-base,57,"(.25,.5]",0.3125,0.1875,0.4375,0.25,0.375,0.75,0.375,0.375,0.5,0.125
45,A-bin/B-base,58,"(.25,.5]",0.375,0.5625,0.5,-0.0625,0.625,0.6875,0.0625,0.6875,0.6875,0.0
45,B-bin/A-base,58,"(.5,.75]",0.5625,0.375,0.5,0.125,0.5625,0.6875,0.125,0.625,0.6875,0.0625
45,A-bin/B-base,59,"(.25,.5]",0.3125,0.3125,0.1875,-0.125,0.5,0.625,0.125,0.4375,0.375,-0.0625
45,B-bin/A-base,59,"(.25,.5]",0.3125,0.3125,0.1875,-0.125,0.5625,0.625,0.0625,0.375,0.375,0.0
45,A-bin/B-base,60,"(0,.25]",0.25,0.125,0.3125,0.1875,0.25,0.6875,0.4375,0.1875,0.375,0.1875
45,B-bin/A-base,60,"(0,.25]",0.125,0.25,0.3125,0.0625,0.375,0.6875,0.3125,0.3125,0.375,0.0625
45,A-bin/B-base,61,"(.25,.5]",0.5,0.125,0.1875,0.0625,0.25,0.4375,0.1875,0.4375,0.3125,-0.125
45,B-bin/A-base,61,"(0,.25]",0.125,0.5,0.1875,-0.3125,0.625,0.4375,-0.1875,0.625,0.3125,-0.3125
45,A-bin/B-base,62,"(.25,.5]",0.375,0.4375,0.625,0.1875,0.5625,0.6875,0.125,0.5625,0.625,0.0625
45,B-bin/A-base,62,"(.25,.5]",0.4375,0.375,0.625,0.25,0.5,0.6875,0.1875,0.4375,0.625,0.1875
45,A-bin/B-base,63,0,0.0,0.0,0.0,0.0,0.125,0.4375,0.3125,0.0,0.0,0.0
45,B-bin/A-base,63,0,0.0,0.0,0.0,0.0,0.0,0.4375,0.4375,0.0,0.0,0.0
45,A-bin/B-base,64,"(.25,.5]",0.4375,0.5,0.625,0.125,0.5,0.8125,0.3125,0.6875,0.6875,0.0
45,B-bin/A-base,64,"(.25,.5]",0.5,0.4375,0.625,0.1875,0.5,0.8125,0.3125,0.6875,0.6875,0.0
45,A-bin/B-base,65,"(.25,.5]",0.4375,0.375,0.6875,0.3125,0.5,0.875,0.375,0.6875,0.6875,0.0
45,B-bin/A-base,65,"(.25,.5]",0.375,0.4375,0.6875,0.25,0.625,0.875,0.25,0.5625,0.6875,0.125
45,A-bin/B-base,66,"(0,.25]",0.125,0.0,0.25,0.25,0.125,0.75,0.625,0.25,0.3125,0.0625
45,B-bin/A-base,66,0,0.0,0.125,0.25,0.125,0.125,0.75,0.625,0.3125,0.3125,0.0
45,A-bin/B-base,67,"(0,.25]",0.1875,0.0625,0.0,-0.0625,0.0625,0.5,0.4375,0.1875,0.125,-0.0625
45,B-bin/A-base,67,"(0,.25]",0.0625,0.1875,0.0,-0.1875,0.3125,0.5,0.1875,0.1875,0.125,-0.0625
45,A-bin/B-base,68,"(.25,.5]",0.4375,0.25,0.625,0.375,0.25,0.6875,0.4375,0.3125,0.75,0.4375
45,B-bin/A-base,68,"(0,.25]",0.25,0.4375,0.625,0.1875,0.4375,0.6875,0.25,0.625,0.75,0.125
45,A-bin/B-base,69,"(.5,.75]",0.625,0.5625,0.9375,0.375,0.625,0.9375,0.3125,0.6875,0.9375,0.25
45,B-bin/A-base,69,"(.5,.75]",0.5625,0.625,0.9375,0.3125,0.6875,0.9375,0.25,0.75,0.9375,0.1875
45,A-bin/B-base,70,"(.5,.75]",0.75,0.9375,0.9375,0.0,0.9375,0.9375,0.0,1.0,1.0,0.0
45,B-bin/A-base,70,"(.75,1)",0.9375,0.75,0.9375,0.1875,0.8125,0.9375,0.125,0.875,1.0,0.125
45,A-bin/B-base,71,"(.5,.75]",0.75,0.75,0.8125,0.0625,0.9375,1.0,0.0625,0.8125,0.8125,0.0
45,B-bin/A-base,71,"(.5,.75]",0.75,0.75,0.8125,0.0625,0.875,1.0,0.125,0.875,0.8125,-0.0625
45,A-bin/B-base,72,"(0,.25]",0.25,0.25,0.75,0.5,0.5625,0.8125,0.25,0.375,0.75,0.375
45,B-bin/A-base,72,"(0,.25]",0.25,0.25,0.75,0.5,0.5,0.8125,0.3125,0.3125,0.75,0.4375
45,A-bin/B-base,73,"(.25,.5]",0.5,0.8125,0.75,-0.0625,0.8125,1.0,0.1875,1.0,0.75,-0.25
45,B-bin/A-base,73,"(.75,1)",0.8125,0.5,0.75,0.25,0.625,1.0,0.375,0.75,0.75,0.0
45,A-bin/B-base,74,"(.25,.5]",0.4375,0.6875,0.4375,-0.25,0.75,0.75,0.0,0.875,0.4375,-0.4375
45,B-bin/A-base,74,"(.5,.75]",0.6875,0.4375,0.4375,0.0,0.5625,0.75,0.1875,0.5625,0.4375,-0.125
45,A-bin/B-base,75,"(.25,.5]",0.5,0.3125,0.8125,0.5,0.3125,0.9375,0.625,0.625,0.8125,0.1875
45,B-bin/A-base,75,"(.25,.5]",0.3125,0.5,0.8125,0.3125,0.5625,0.9375,0.375,0.9375,0.8125,-0.125
45,A-bin/B-base,76,"(0,.25]",0.0625,0.0625,0.375,0.3125,0.3125,0.625,0.3125,0.3125,0.375,0.0625
45,B-bin/A-base,76,"(0,.25]",0.0625,0.0625,0.375,0.3125,0.3125,0.625,0.3125,0.3125,0.375,0.0625
45,A-bin/B-base,77,"(0,.25]",0.1875,0.5,0.6875,0.1875,0.5625,0.6875,0.125,0.75,0.75,0.0
45,B-bin/A-base,77,"(.25,.5]",0.5,0.1875,0.6875,0.5,0.3125,0.6875,0.375,0.5,0.75,0.25
45,A-bin/B-base,78,"(0,.25]",0.1875,0.125,0.375,0.25,0.625,0.8125,0.1875,0.1875,0.375,0.1875
45,B-bin/A-base,78,"(0,.25]",0.125,0.1875,0.375,0.1875,0.5625,0.8125,0.25,0.25,0.375,0.125
45,A-bin/B-base,79,"(.75,1)",0.9375,0.75,0.9375,0.1875,0.8125,1.0,0.1875,0.9375,0.9375,0.0
45,B-bin/A-base,79,"(.5,.75]",0.75,0.9375,0.9375,0.0,0.9375,1.0,0.0625,0.9375,0.9375,0.0
45,A-bin/B-base,80,"(0,.25]",0.0625,0.1875,0.25,0.0625,0.1875,0.5,0.3125,0.5,0.375,-0.125
45,B-bin/A-base,80,"(0,.25]",0.1875,0.0625,0.25,0.1875,0.25,0.5,0.25,0.375,0.375,0.0
45,A-bin/B-base,81,"(0,.25]",0.25,0.0625,0.25,0.1875,0.4375,0.8125,0.375,0.0625,0.3125,0.25
45,B-bin/A-base,81,"(0,.25]",0.0625,0.25,0.25,0.0,0.3125,0.8125,0.5,0.375,0.3125,-0.0625
45,A-bin/B-base,82,"(.25,.5]",0.375,0.375,0.5625,0.1875,0.4375,0.8125,0.375,0.5,0.5625,0.0625
45,B-bin/A-base,82,"(.25,.5]",0.375,0.375,0.5625,0.1875,0.5625,0.8125,0.25,0.375,0.5625,0.1875
45,A-bin/B-base,83,"(.25,.5]",0.375,0.375,0.75,0.375,0.4375,0.875,0.4375,0.5625,0.875,0.3125
45,B-bin/A-base,83,"(.25,.5]",0.375,0.375,0.75,0.375,0.4375,0.875,0.4375,0.6875,0.875,0.1875
45,A-bin/B-base,84,"(.25,.5]",0.3125,0.125,0.5,0.375,0.3125,0.875,0.5625,0.375,0.625,0.25
45,B-bin/A-base,84,"(0,.25]",0.125,0.3125,0.5,0.1875,0.3125,0.875,0.5625,0.5625,0.625,0.0625
45,A-bin/B-base,85,"(.25,.5]",0.3125,0.4375,0.625,0.1875,0.5625,0.6875,0.125,0.625,0.6875,0.0625
45,B-bin/A-base,85,"(.25,.5]",0.4375,0.3125,0.625,0.3125,0.375,0.6875,0.3125,0.5,0.6875,0.1875
45,A-bin/B-base,86,"(.25,.5]",0.5,0.625,0.8125,0.1875,0.625,0.9375,0.3125,0.8125,0.8125,0.0
45,B-bin/A-base,86,"(.5,.75]",0.625,0.5,0.8125,0.3125,0.625,0.9375,0.3125,0.8125,0.8125,0.0
45,A-bin/B-base,87,"(0,.25]",0.25,0.25,0.5,0.25,0.5625,0.8125,0.25,0.375,0.625,0.25
45,B-bin/A-base,87,"(0,.25]",0.25,0.25,0.5,0.25,0.375,0.8125,0.4375,0.6875,0.625,-0.0625
45,A-bin/B-base,88,"(.25,.5]",0.4375,0.5,0.375,-0.125,0.6875,0.9375,0.25,0.5625,0.375,-0.1875
45,B-bin/A-base,88,"(.25,.5]",0.5,0.4375,0.375,-0.0625,0.5625,0.9375,0.375,0.5625,0.375,-0.1875
45,A-bin/B-base,89,"(0,.25]",0.125,0.1875,0.1875,0.0,0.375,0.5,0.125,0.3125,0.25,-0.0625
45,B-bin/A-base,89,"(0,.25]",0.1875,0.125,0.1875,0.0625,0.1875,0.5,0.3125,0.3125,0.25,-0.0625
45,A-bin/B-base,90,"(0,.25]",0.0625,0.0625,0.125,0.0625,0.25,0.5,0.25,0.1875,0.25,0.0625
45,B-bin/A-base,90,"(0,.25]",0.0625,0.0625,0.125,0.0625,0.3125,0.5,0.1875,0.125,0.25,0.125
45,A-bin/B-base,91,"(0,.25]",0.125,0.125,0.5625,0.4375,0.125,0.75,0.625,0.375,0.625,0.25
45,B-bin/A-base,91,"(0,.25]",0.125,0.125,0.5625,0.4375,0.125,0.75,0.625,0.6875,0.625,-0.0625
45,A-bin/B-base,92,"(0,.25]",0.125,0.3125,0.4375,0.125,0.5625,0.75,0.1875,0.4375,0.5,0.0625
45,B-bin/A-base,92,"(.25,.5]",0.3125,0.125,0.4375,0.3125,0.3125,0.75,0.4375,0.1875,0.5,0.3125
45,A-bin/B-base,93,"(.5,.75]",0.75,0.375,0.875,0.5,0.4375,0.875,0.4375,0.75,1.0,0.25
45,B-bin/A-base,93,"(.25,.5]",0.375,0.75,0.875,0.125,0.75,0.875,0.125,1.0,1.0,0.0
45,A-bin/B-base,94,"(.5,.75]",0.5625,0.5625,0.9375,0.375,0.5625,0.9375,0.375,0.9375,1.0,0.0625
45,B-bin/A-base,94,"(.5,.75]",0.5625,0.5625,0.9375,0.375,0.5625,0.9375,0.375,0.875,1.0,0.125
45,A-bin/B-base,95,"(0,.25]",0.125,0.0,0.0,0.0,0.3125,0.125,-0.1875,0.0,0.0,0.0
45,B-bin/A-base,95,0,0.0,0.125,0.0,-0.125,0.25,0.125,-0.125,0.125,0.0,-0.125
45,A-bin/B-base,96,"(.75,1)",0.8125,0.6875,0.875,0.1875,0.6875,1.0,0.3125,0.75,0.875,0.125
45,B-bin/A-base,96,"(.5,.75]",0.6875,0.8125,0.875,0.0625,0.8125,1.0,0.1875,0.875,0.875,0.0
45,A-bin/B-base,97,0,0.0,0.0,0.0625,0.0625,0.1875,0.5,0.3125,0.0,0.125,0.125
45,B-bin/A-base,97,0,0.0,0.0,0.0625,0.0625,0.25,0.5,0.25,0.0,0.125,0.125
45,A-bin/B-base,98,"(.25,.5]",0.3125,0.375,0.5,0.125,0.6875,0.6875,0.0,0.375,0.625,0.25
45,B-bin/A-base,98,"(.25,.5]",0.375,0.3125,0.5,0.1875,0.5,0.6875,0.1875,0.375,0.625,0.25
45,A-bin/B-base,99,0,0.0,0.0,0.0,0.0,0.125,0.375,0.25,0.0625,0.0,-0.0625
45,B-bin/A-base,99,0,0.0,0.0,0.0,0.0,0.0,0.375,0.375,0.0625,0.0,-0.0625
45,A-bin/B-base,100,"(.25,.5]",0.375,0.25,0.625,0.375,0.375,0.75,0.375,0.4375,0.625,0.1875
45,B-bin/A-base,100,"(0,.25]",0.25,0.375,0.625,0.25,0.4375,0.75,0.3125,0.75,0.625,-0.125
45,A-bin/B-base,101,"(0,.25]",0.25,0.3125,0.75,0.4375,0.5,0.875,0.375,0.625,0.75,0.125
45,B-bin/A-base,101,"(.25,.5]",0.3125,0.25,0.75,0.5,0.5,0.875,0.375,0.5,0.75,0.25
45,A-bin/B-base,102,"(0,.25]",0.1875,0.375,0.5,0.125,0.5625,0.6875,0.125,0.5625,0.625,0.0625
45,B-bin/A-base,102,"(.25,.5]",0.375,0.1875,0.5,0.3125,0.1875,0.6875,0.5,0.4375,0.625,0.1875
45,A-bin/B-base,103,0,0.0,0.0,0.0625,0.0625,0.0,0.25,0.25,0.0625,0.0625,0.0
45,B-bin/A-base,103,0,0.0,0.0,0.0625,0.0625,0.125,0.25,0.125,0.0,0.0625,0.0625
45,A-bin/B-base,104,"(.5,.75]",0.75,0.4375,0.875,0.4375,0.4375,0.9375,0.5,0.875,0.9375,0.0625
45,B-bin/A-base,104,"(.25,.5]",0.4375,0.75,0.875,0.125,0.8125,0.9375,0.125,0.8125,0.9375,0.125
45,A-bin/B-base,105,"(.5,.75]",0.5625,0.5625,0.6875,0.125,0.6875,0.875,0.1875,0.75,0.8125,0.0625
45,B-bin/A-base,105,"(.5,.75]",0.5625,0.5625,0.6875,0.125,0.6875,0.875,0.1875,0.75,0.8125,0.0625
45,A-bin/B-base,106,"(.5,.75]",0.75,0.8125,0.875,0.0625,0.875,0.875,0.0,0.875,0.9375,0.0625
45,B-bin/A-base,106,"(.75,1)",0.8125,0.75,0.875,0.125,0.75,0.875,0.125,1.0,0.9375,-0.0625
45,A-bin/B-base,107,"(0,.25]",0.125,0.125,0.25,0.125,0.4375,0.75,0.3125,0.25,0.25,0.0
45,B-bin/A-base,107,"(0,.25]",0.125,0.125,0.25,0.125,0.1875,0.75,0.5625,0.375,0.25,-0.125
45,A-bin/B-base,108,"(.25,.5]",0.3125,0.1875,0.4375,0.25,0.375,0.8125,0.4375,0.375,0.4375,0.0625
45,B-bin/A-base,108,"(0,.25]",0.1875,0.3125,0.4375,0.125,0.5625,0.8125,0.25,0.5,0.4375,-0.0625
45,A-bin/B-base,109,"(.25,.5]",0.5,0.625,0.5625,-0.0625,0.6875,0.6875,0.0,0.8125,0.6875,-0.125
45,B-bin/A-base,109,"(.5,.75]",0.625,0.5,0.5625,0.0625,0.5,0.6875,0.1875,0.8125,0.6875,-0.125
45,A-bin/B-base,110,"(.5,.75]",0.5625,0.4375,0.6875,0.25,0.5625,0.75,0.1875,0.8125,0.875,0.0625
45,B-bin/A-base,110,"(.25,.5]",0.4375,0.5625,0.6875,0.125,0.625,0.75,0.125,0.75,0.875,0.125
45,A-bin/B-base,111,"(.75,1)",0.8125,0.625,0.9375,0.3125,0.625,0.9375,0.3125,0.875,1.0,0.125
45,B-bin/A-base,111,"(.5,.75]",0.625,0.8125,0.9375,0.125,0.8125,0.9375,0.125,0.875,1.0,0.125
45,A-bin/B-base,112,"(.25,.5]",0.5,0.625,0.6875,0.0625,0.8125,0.875,0.0625,0.75,0.75,0.0
45,B-bin/A-base,112,"(.5,.75]",0.625,0.5,0.6875,0.1875,0.6875,0.875,0.1875,0.625,0.75,0.125
45,A-bin/B-base,113,"(.5,.75]",0.5625,0.75,0.5,-0.25,0.8125,0.6875,-0.125,0.9375,0.625,-0.3125
45,B-bin/A-base,113,"(.5,.75]",0.75,0.5625,0.5,-0.0625,0.6875,0.6875,0.0,0.625,0.625,0.0
45,A-bin/B-base,114,"(.75,1)",0.8125,0.8125,0.9375,0.125,0.8125,1.0,0.1875,0.9375,0.9375,0.0
45,B-bin/A-base,114,"(.75,1)",0.8125,0.8125,0.9375,0.125,0.875,1.0,0.125,0.9375,0.9375,0.0
45,A-bin/B-base,115,"(.25,.5]",0.5,0.25,0.4375,0.1875,0.3125,0.4375,0.125,0.5,0.6875,0.1875
45,B-bin/A-base,115,"(0,.25]",0.25,0.5,0.4375,-0.0625,0.625,0.4375,-0.1875,0.6875,0.6875,0.0
45,A-bin/B-base,116,0,0.0,0.0,0.0,0.0,0.0625,0.4375,0.375,0.0625,0.0,-0.0625
45,B-bin/A-base,116,0,0.0,0.0,0.0,0.0,0.25,0.4375,0.1875,0.0,0.0,0.0
45,A-bin/B-base,117,0,0.0,0.0,0.0,0.0,0.0,0.125,0.125,0.0625,0.0,-0.0625
45,B-bin/A-base,117,0,0.0,0.0,0.0,0.0,0.0,0.125,0.125,0.0625,0.0,-0.0625
45,A-bin/B-base,118,"(0,.25]",0.0625,0.0,0.0625,0.0625,0.375,0.875,0.5,0.125,0.0625,-0.0625
45,B-bin/A-base,118,0,0.0,0.0625,0.0625,0.0,0.6875,0.875,0.1875,0.0625,0.0625,0.0
45,A-bin/B-base,119,"(.25,.5]",0.375,0.25,0.6875,0.4375,0.3125,0.75,0.4375,0.625,0.8125,0.1875
45,B-bin/A-base,119,"(0,.25]",0.25,0.375,0.6875,0.3125,0.4375,0.75,0.3125,0.875,0.8125,-0.0625
45,A-bin/B-base,120,"(.25,.5]",0.375,0.25,0.5,0.25,0.375,0.625,0.25,0.4375,0.5625,0.125
45,B-bin/A-base,120,"(0,.25]",0.25,0.375,0.5,0.125,0.625,0.625,0.0,0.5,0.5625,0.0625
45,A-bin/B-base,121,0,0.0,0.0625,0.0625,0.0,0.125,0.3125,0.1875,0.3125,0.0625,-0.25
45,B-bin/A-base,121,"(0,.25]",0.0625,0.0,0.0625,0.0625,0.125,0.3125,0.1875,0.0,0.0625,0.0625
45,A-bin/B-base,122,"(0,.25]",0.0625,0.125,0.3125,0.1875,0.1875,0.5625,0.375,0.25,0.3125,0.0625
45,B-bin/A-base,122,"(0,.25]",0.125,0.0625,0.3125,0.25,0.125,0.5625,0.4375,0.1875,0.3125,0.125
45,A-bin/B-base,123,"(0,.25]",0.1875,0.125,0.4375,0.3125,0.25,0.625,0.375,0.4375,0.625,0.1875
45,B-bin/A-base,123,"(0,.25]",0.125,0.1875,0.4375,0.25,0.1875,0.625,0.4375,0.4375,0.625,0.1875
45,A-bin/B-base,124,"(.25,.5]",0.3125,0.4375,0.5625,0.125,0.4375,0.75,0.3125,0.5625,0.625,0.0625
45,B-bin/A-base,124,"(.25,.5]",0.4375,0.3125,0.5625,0.25,0.375,0.75,0.375,0.4375,0.625,0.1875
45,A-bin/B-base,125,"(.5,.75]",0.5625,0.8125,0.8125,0.0,0.8125,0.8125,0.0,0.9375,0.875,-0.0625
45,B-bin/A-base,125,"(.75,1)",0.8125,0.5625,0.8125,0.25,0.6875,0.8125,0.125,0.75,0.875,0.125
45,A-bin/B-base,126,"(.75,1)",0.8125,0.75,1.0,0.25,0.75,1.0,0.25,1.0,1.0,0.0
45,B-bin/A-base,126,"(.5,.75]",0.75,0.8125,1.0,0.1875,0.8125,1.0,0.1875,0.9375,1.0,0.0625
45,A-bin/B-base,127,"(.5,.75]",0.5625,0.5,0.6875,0.1875,0.5625,0.6875,0.125,0.6875,0.75,0.0625
45,B-bin/A-base,127,"(.25,.5]",0.5,0.5625,0.6875,0.125,0.5625,0.6875,0.125,0.8125,0.75,-0.0625
45,A-bin/B-base,128,"(0,.25]",0.125,0.1875,0.25,0.0625,0.375,0.625,0.25,0.4375,0.5,0.0625
45,B-bin/A-base,128,"(0,.25]",0.1875,0.125,0.25,0.125,0.1875,0.625,0.4375,0.375,0.5,0.125
45,A-bin/B-base,129,0,0.0,0.0625,0.0,-0.0625,0.25,0.375,0.125,0.0625,0.0,-0.0625
45,B-bin/A-base,129,"(0,.25]",0.0625,0.0,0.0,0.0,0.0625,0.375,0.3125,0.0,0.0,0.0
45,A-bin/B-base,130,"(.75,1)",0.9375,0.8125,0.75,-0.0625,0.8125,0.9375,0.125,0.9375,0.8125,-0.125
45,B-bin/A-base,130,"(.75,1)",0.8125,0.9375,0.75,-0.1875,0.9375,0.9375,0.0,1.0,0.8125,-0.1875
45,A-bin/B-base,131,"(0,.25]",0.125,0.1875,0.5,0.3125,0.1875,0.6875,0.5,0.1875,0.5625,0.375
45,B-bin/A-base,131,"(0,.25]",0.1875,0.125,0.5,0.375,0.1875,0.6875,0.5,0.125,0.5625,0.4375
45,A-bin/B-base,132,"(.5,.75]",0.75,0.4375,0.75,0.3125,0.5625,0.9375,0.375,0.6875,0.8125,0.125
45,B-bin/A-base,132,"(.25,.5]",0.4375,0.75,0.75,0.0,0.75,0.9375,0.1875,0.75,0.8125,0.0625
45,A-bin/B-base,133,"(.25,.5]",0.4375,0.375,0.5625,0.1875,0.375,0.8125,0.4375,0.75,0.625,-0.125
45,B-bin/A-base,133,"(.25,.5]",0.375,0.4375,0.5625,0.125,0.5,0.8125,0.3125,0.6875,0.625,-0.0625
45,A-bin/B-base,134,"(0,.25]",0.0625,0.0,0.0,0.0,0.4375,0.6875,0.25,0.0625,0.0625,0.0
45,B-bin/A-base,134,0,0.0,0.0625,0.0,-0.0625,0.4375,0.6875,0.25,0.0625,0.0625,0.0
45,A-bin/B-base,135,"(.5,.75]",0.6875,0.75,0.75,0.0,0.75,0.875,0.125,0.875,0.8125,-0.0625
45,B-bin/A-base,135,"(.5,.75]",0.75,0.6875,0.75,0.0625,0.75,0.875,0.125,0.75,0.8125,0.0625
45,A-bin/B-base,136,"(0,.25]",0.25,0.125,0.4375,0.3125,0.1875,0.75,0.5625,0.5625,0.4375,-0.125
45,B-bin/A-base,136,"(0,.25]",0.125,0.25,0.4375,0.1875,0.25,0.75,0.5,0.4375,0.4375,0.0
45,A-bin/B-base,137,"(.5,.75]",0.5625,0.3125,0.4375,0.125,0.375,0.6875,0.3125,0.5625,0.5,-0.0625
45,B-bin/A-base,137,"(.25,.5]",0.3125,0.5625,0.4375,-0.125,0.5625,0.6875,0.125,0.625,0.5,-0.125
45,A-bin/B-base,138,"(0,.25]",0.1875,0.0625,0.4375,0.375,0.0625,0.5625,0.5,0.4375,0.6875,0.25
45,B-bin/A-base,138,"(0,.25]",0.0625,0.1875,0.4375,0.25,0.25,0.5625,0.3125,0.25,0.6875,0.4375
45,A-bin/B-base,139,0,0.0,0.125,0.625,0.5,0.1875,0.875,0.6875,0.5625,0.625,0.0625
45,B-bin/A-base,139,"(0,.25]",0.125,0.0,0.625,0.625,0.0,0.875,0.875,0.25,0.625,0.375
45,A-bin/B-base,140,"(.25,.5]",0.3125,0.25,0.8125,0.5625,0.25,0.875,0.625,0.4375,0.8125,0.375
45,B-bin/A-base,140,"(0,.25]",0.25,0.3125,0.8125,0.5,0.3125,0.875,0.5625,0.5625,0.8125,0.25
45,A-bin/B-base,141,"(0,.25]",0.1875,0.3125,0.6875,0.375,0.75,0.8125,0.0625,0.4375,0.8125,0.375
45,B-bin/A-base,141,"(.25,.5]",0.3125,0.1875,0.6875,0.5,0.1875,0.8125,0.625,0.4375,0.8125,0.375
45,A-bin/B-base,142,0,0.0,0.0625,0.0625,0.0,0.125,0.25,0.125,0.1875,0.1875,0.0
45,B-bin/A-base,142,"(0,.25]",0.0625,0.0,0.0625,0.0625,0.125,0.25,0.125,0.125,0.1875,0.0625
45,A-bin/B-base,143,"(.25,.5]",0.3125,0.4375,0.25,-0.1875,0.5625,0.5,-0.0625,0.5,0.3125,-0.1875
45,B-bin/A-base,143,"(.25,.5]",0.4375,0.3125,0.25,-0.0625,0.5,0.5,0.0,0.4375,0.3125,-0.125
45,A-bin/B-base,144,"(0,.25]",0.25,0.1875,0.5,0.3125,0.25,0.6875,0.4375,0.5,0.625,0.125
45,B-bin/A-base,144,"(0,.25]",0.1875,0.25,0.5,0.25,0.3125,0.6875,0.375,0.5625,0.625,0.0625
45,A-bin/B-base,145,"(.5,.75]",0.6875,0.375,0.75,0.375,0.5,0.9375,0.4375,0.5625,0.8125,0.25
45,B-bin/A-base,145,"(.25,.5]",0.375,0.6875,0.75,0.0625,0.6875,0.9375,0.25,0.875,0.8125,-0.0625
45,A-bin/B-base,146,"(0,.25]",0.25,0.0625,0.5625,0.5,0.3125,0.875,0.5625,0.1875,0.6875,0.5
45,B-bin/A-base,146,"(0,.25]",0.0625,0.25,0.5625,0.3125,0.25,0.875,0.625,0.4375,0.6875,0.25
45,A-bin/B-base,147,"(.75,1)",0.8125,0.6875,0.9375,0.25,0.6875,0.9375,0.25,0.875,1.0,0.125
45,B-bin/A-base,147,"(.5,.75]",0.6875,0.8125,0.9375,0.125,0.8125,0.9375,0.125,0.9375,1.0,0.0625
45,A-bin/B-base,148,"(.5,.75]",0.5625,0.1875,0.6875,0.5,0.3125,0.875,0.5625,0.5,0.6875,0.1875
45,B-bin/A-base,148,"(0,.25]",0.1875,0.5625,0.6875,0.125,0.625,0.875,0.25,0.75,0.6875,-0.0625
45,A-bin/B-base,149,"(.5,.75]",0.5625,0.5,0.625,0.125,0.5625,0.75,0.1875,0.875,0.75,-0.125
45,B-bin/A-base,149,"(.25,.5]",0.5,0.5625,0.625,0.0625,0.625,0.75,0.125,0.625,0.75,0.125
45,A-bin/B-base,150,"(.5,.75]",0.75,0.4375,0.8125,0.375,0.5,0.875,0.375,0.75,0.8125,0.0625
45,B-bin/A-base,150,"(.25,.5]",0.4375,0.75,0.8125,0.0625,0.75,0.875,0.125,0.9375,0.8125,-0.125
45,A-bin/B-base,151,"(.25,.5]",0.5,0.5625,0.6875,0.125,0.625,0.8125,0.1875,0.8125,0.75,-0.0625
45,B-bin/A-base,151,"(.5,.75]",0.5625,0.5,0.6875,0.1875,0.75,0.8125,0.0625,0.5625,0.75,0.1875
45,A-bin/B-base,152,"(.5,.75]",0.6875,0.5625,0.75,0.1875,0.625,0.8125,0.1875,0.75,0.75,0.0
45,B-bin/A-base,152,"(.5,.75]",0.5625,0.6875,0.75,0.0625,0.75,0.8125,0.0625,0.8125,0.75,-0.0625
45,A-bin/B-base,153,"(.25,.5]",0.3125,0.4375,0.375,-0.0625,0.5625,0.8125,0.25,0.5,0.375,-0.125
45,B-bin/A-base,153,"(.25,.5]",0.4375,0.3125,0.375,0.0625,0.625,0.8125,0.1875,0.375,0.375,0.0
45,A-bin/B-base,154,"(.25,.5]",0.3125,0.4375,0.75,0.3125,0.5,0.8125,0.3125,0.625,0.75,0.125
45,B-bin/A-base,154,"(.25,.5]",0.4375,0.3125,0.75,0.4375,0.3125,0.8125,0.5,0.625,0.75,0.125
45,A-bin/B-base,155,"(.25,.5]",0.375,0.125,0.375,0.25,0.375,0.5,0.125,0.3125,0.5,0.1875
45,B-bin/A-base,155,"(0,.25]",0.125,0.375,0.375,0.0,0.4375,0.5,0.0625,0.4375,0.5,0.0625
45,A-bin/B-base,156,"(.5,.75]",0.5625,0.6875,0.625,-0.0625,0.75,0.8125,0.0625,0.875,0.6875,-0.1875
45,B-bin/A-base,156,"(.5,.75]",0.6875,0.5625,0.625,0.0625,0.5625,0.8125,0.25,0.9375,0.6875,-0.25
45,A-bin/B-base,157,"(.25,.5]",0.3125,0.5,0.5625,0.0625,0.5,0.6875,0.1875,0.75,0.625,-0.125
45,B-bin/A-base,157,"(.25,.5]",0.5,0.3125,0.5625,0.25,0.3125,0.6875,0.375,0.5,0.625,0.125
45,A-bin/B-base,158,"(.25,.5]",0.4375,0.0625,0.5,0.4375,0.1875,0.6875,0.5,0.5,0.5625,0.0625
45,B-bin/A-base,158,"(0,.25]",0.0625,0.4375,0.5,0.0625,0.5625,0.6875,0.125,0.625,0.5625,-0.0625
45,A-bin/B-base,159,"(0,.25]",0.0625,0.0625,0.375,0.3125,0.3125,0.75,0.4375,0.125,0.5,0.375
45,B-bin/A-base,159,"(0,.25]",0.0625,0.0625,0.375,0.3125,0.25,0.75,0.5,0.125,0.5,0.375
45,A-bin/B-base,160,0,0.0,0.0,0.0,0.0,0.3125,0.5625,0.25,0.0,0.0,0.0
45,B-bin/A-base,160,0,0.0,0.0,0.0,0.0,0.375,0.5625,0.1875,0.0,0.0,0.0
45,A-bin/B-base,161,"(.75,1)",0.875,0.6875,0.75,0.0625,0.8125,1.0,0.1875,0.75,0.75,0.0
45,B-bin/A-base,161,"(.5,.75]",0.6875,0.875,0.75,-0.125,0.9375,1.0,0.0625,0.875,0.75,-0.125
45,A-bin/B-base,162,"(0,.25]",0.0625,0.1875,0.0625,-0.125,0.375,0.5,0.125,0.1875,0.0625,-0.125
45,B-bin/A-base,162,"(0,.25]",0.1875,0.0625,0.0625,0.0,0.3125,0.5,0.1875,0.125,0.0625,-0.0625
45,A-bin/B-base,163,"(.25,.5]",0.5,0.625,0.875,0.25,0.6875,0.875,0.1875,0.8125,0.9375,0.125
45,B-bin/A-base,163,"(.5,.75]",0.625,0.5,0.875,0.375,0.625,0.875,0.25,0.75,0.9375,0.1875
45,A-bin/B-base,164,"(.5,.75]",0.5625,0.5,0.6875,0.1875,0.6875,0.8125,0.125,0.625,0.75,0.125
45,B-bin/A-base,164,"(.25,.5]",0.5,0.5625,0.6875,0.125,0.8125,0.8125,0.0,0.6875,0.75,0.0625
45,A-bin/B-base,165,0,0.0,0.0,0.0625,0.0625,0.375,0.6875,0.3125,0.0,0.125,0.125
45,B-bin/A-base,165,0,0.0,0.0,0.0625,0.0625,0.0,0.6875,0.6875,0.0625,0.125,0.0625
45,A-bin/B-base,166,"(0,.25]",0.125,0.125,0.375,0.25,0.25,0.625,0.375,0.1875,0.4375,0.25
45,B-bin/A-base,166,"(0,.25]",0.125,0.125,0.375,0.25,0.125,0.625,0.5,0.5625,0.4375,-0.125
45,A-bin/B-base,167,0,0.0,0.0,0.0,0.0,0.5,1.0,0.5,0.0,0.0,0.0
45,B-bin/A-base,167,0,0.0,0.0,0.0,0.0,0.5,1.0,0.5,0.0,0.0,0.0
45,A-bin/B-base,168,"(.75,1)",0.8125,0.875,0.875,0.0,0.875,0.9375,0.0625,0.875,0.875,0.0
45,B-bin/A-base,168,"(.75,1)",0.875,0.8125,0.875,0.0625,0.875,0.9375,0.0625,0.9375,0.875,-0.0625
45,A-bin/B-base,169,"(0,.25]",0.125,0.0,0.3125,0.3125,0.25,0.5625,0.3125,0.1875,0.375,0.1875
45,B-bin/A-base,169,0,0.0,0.125,0.3125,0.1875,0.25,0.5625,0.3125,0.25,0.375,0.125
45,A-bin/B-base,170,"(.5,.75]",0.5625,0.5625,0.75,0.1875,0.625,0.875,0.25,0.75,0.875,0.125
45,B-bin/A-base,170,"(.5,.75]",0.5625,0.5625,0.75,0.1875,0.5625,0.875,0.3125,0.75,0.875,0.125
45,A-bin/B-base,171,0,0.0,0.0625,0.1875,0.125,0.125,0.5625,0.4375,0.125,0.25,0.125
45,B-bin/A-base,171,"(0,.25]",0.0625,0.0,0.1875,0.1875,0.0625,0.5625,0.5,0.1875,0.25,0.0625
45,A-bin/B-base,172,"(.5,.75]",0.5625,0.5625,0.875,0.3125,0.5625,0.875,0.3125,0.8125,0.9375,0.125
45,B-bin/A-base,172,"(.5,.75]",0.5625,0.5625,0.875,0.3125,0.625,0.875,0.25,0.875,0.9375,0.0625
45,A-bin/B-base,173,"(0,.25]",0.125,0.0,0.0,0.0,0.0,0.3125,0.3125,0.0,0.0,0.0
45,B-bin/A-base,173,0,0.0,0.125,0.0,-0.125,0.1875,0.3125,0.125,0.25,0.0,-0.25
45,A-bin/B-base,174,"(.5,.75]",0.625,0.5,0.6875,0.1875,0.625,0.875,0.25,0.75,0.75,0.0
45,B-bin/A-base,174,"(.25,.5]",0.5,0.625,0.6875,0.0625,0.6875,0.875,0.1875,0.8125,0.75,-0.0625
45,A-bin/B-base,175,"(0,.25]",0.0625,0.1875,0.3125,0.125,0.1875,0.4375,0.25,0.5,0.4375,-0.0625
45,B-bin/A-base,175,"(0,.25]",0.1875,0.0625,0.3125,0.25,0.0625,0.4375,0.375,0.4375,0.4375,0.0
45,A-bin/B-base,176,1,1.0,0.8125,1.0,0.1875,0.8125,1.0,0.1875,0.9375,1.0,0.0625
45,B-bin/A-base,176,"(.75,1)",0.8125,1.0,1.0,0.0,1.0,1.0,0.0,1.0,1.0,0.0
45,A-bin/B-base,177,"(.25,.5]",0.375,0.3125,0.25,-0.0625,0.375,0.5,0.125,0.375,0.3125,-0.0625
45,B-bin/A-base,177,"(.25,.5]",0.3125,0.375,0.25,-0.125,0.625,0.5,-0.125,0.5625,0.3125,-0.25
45,A-bin/B-base,178,"(.25,.5]",0.5,0.5,0.5625,0.0625,0.5625,0.75,0.1875,0.6875,0.625,-0.0625
45,B-bin/A-base,178,"(.25,.5]",0.5,0.5,0.5625,0.0625,0.5625,0.75,0.1875,0.75,0.625,-0.125
45,A-bin/B-base,179,"(.25,.5]",0.3125,0.5625,0.8125,0.25,0.6875,0.9375,0.25,0.625,0.875,0.25
45,B-bin/A-base,179,"(.5,.75]",0.5625,0.3125,0.8125,0.5,0.375,0.9375,0.5625,0.6875,0.875,0.1875
45,A-bin/B-base,180,"(.75,1)",0.875,0.75,0.9375,0.1875,0.75,0.9375,0.1875,0.9375,1.0,0.0625
45,B-bin/A-base,180,"(.5,.75]",0.75,0.875,0.9375,0.0625,0.875,0.9375,0.0625,0.9375,1.0,0.0625
45,A-bin/B-base,181,"(0,.25]",0.125,0.0625,0.0625,0.0,0.125,0.375,0.25,0.125,0.125,0.0
45,B-bin/A-base,181,"(0,.25]",0.0625,0.125,0.0625,-0.0625,0.25,0.375,0.125,0.375,0.125,-0.25
45,A-bin/B-base,182,"(0,.25]",0.25,0.0625,0.3125,0.25,0.375,0.625,0.25,0.125,0.3125,0.1875
45,B-bin/A-base,182,"(0,.25]",0.0625,0.25,0.3125,0.0625,0.4375,0.625,0.1875,0.25,0.3125,0.0625
45,A-bin/B-base,183,"(0,.25]",0.0625,0.0625,0.625,0.5625,0.125,0.75,0.625,0.25,0.8125,0.5625
45,B-bin/A-base,183,"(0,.25]",0.0625,0.0625,0.625,0.5625,0.1875,0.75,0.5625,0.1875,0.8125,0.625
45,A-bin/B-base,184,0,0.0,0.125,0.0625,-0.0625,0.4375,0.625,0.1875,0.125,0.0625,-0.0625
45,B-bin/A-base,184,"(0,.25]",0.125,0.0,0.0625,0.0625,0.0625,0.625,0.5625,0.0625,0.0625,0.0
45,A-bin/B-base,185,"(.75,1)",0.8125,0.875,0.9375,0.0625,0.875,0.9375,0.0625,1.0,0.9375,-0.0625
45,B-bin/A-base,185,"(.75,1)",0.875,0.8125,0.9375,0.125,0.8125,0.9375,0.125,0.9375,0.9375,0.0
45,A-bin/B-base,186,"(.5,.75]",0.625,0.625,1.0,0.375,0.6875,1.0,0.3125,0.8125,1.0,0.1875
45,B-bin/A-base,186,"(.5,.75]",0.625,0.625,1.0,0.375,0.6875,1.0,0.3125,0.9375,1.0,0.0625
45,A-bin/B-base,187,"(0,.25]",0.0625,0.0,0.0,0.0,0.0625,0.125,0.0625,0.0625,0.0,-0.0625
45,B-bin/A-base,187,0,0.0,0.0625,0.0,-0.0625,0.0625,0.125,0.0625,0.0625,0.0,-0.0625
45,A-bin/B-base,188,"(.75,1)",0.875,0.9375,0.9375,0.0,0.9375,1.0,0.0625,1.0,0.9375,-0.0625
45,B-bin/A-base,188,"(.75,1)",0.9375,0.875,0.9375,0.0625,0.875,1.0,0.125,1.0,0.9375,-0.0625
45,A-bin/B-base,189,"(0,.25]",0.25,0.1875,0.375,0.1875,0.3125,0.5,0.1875,0.5625,0.4375,-0.125
45,B-bin/A-base,189,"(0,.25]",0.1875,0.25,0.375,0.125,0.375,0.5,0.125,0.375,0.4375,0.0625
45,A-bin/B-base,190,"(0,.25]",0.125,0.0,0.25,0.25,0.125,0.75,0.625,0.0625,0.25,0.1875
45,B-bin/A-base,190,0,0.0,0.125,0.25,0.125,0.375,0.75,0.375,0.3125,0.25,-0.0625
45,A-bin/B-base,191,0,0.0,0.0,0.0,0.0,0.1875,0.25,0.0625,0.0625,0.0,-0.0625
45,B-bin/A-base,191,0,0.0,0.0,0.0,0.0,0.125,0.25,0.125,0.0625,0.0,-0.0625
45,A-bin/B-base,192,"(0,.25]",0.25,0.3125,0.25,-0.0625,0.375,0.5625,0.1875,0.4375,0.375,-0.0625
45,B-bin/A-base,192,"(.25,.5]",0.3125,0.25,0.25,0.0,0.25,0.5625,0.3125,0.625,0.375,-0.25
45,A-bin/B-base,193,"(.25,.5]",0.5,0.1875,0.375,0.1875,0.4375,0.5,0.0625,0.3125,0.5,0.1875
45,B-bin/A-base,193,"(0,.25]",0.1875,0.5,0.375,-0.125,0.5625,0.5,-0.0625,0.5,0.5,0.0
45,A-bin/B-base,194,"(0,.25]",0.25,0.25,0.8125,0.5625,0.5625,0.9375,0.375,0.375,0.8125,0.4375
45,B-bin/A-base,194,"(0,.25]",0.25,0.25,0.8125,0.5625,0.4375,0.9375,0.5,0.375,0.8125,0.4375
45,A-bin/B-base,195,"(.5,.75]",0.5625,0.6875,0.9375,0.25,0.6875,0.9375,0.25,0.9375,1.0,0.0625
45,B-bin/A-base,195,"(.5,.75]",0.6875,0.5625,0.9375,0.375,0.5625,0.9375,0.375,0.875,1.0,0.125
45,A-bin/B-base,196,"(.25,.5]",0.5,0.625,0.8125,0.1875,0.6875,0.875,0.1875,0.875,0.9375,0.0625
45,B-bin/A-base,196,"(.5,.75]",0.625,0.5,0.8125,0.3125,0.5625,0.875,0.3125,0.75,0.9375,0.1875
45,A-bin/B-base,197,"(0,.25]",0.1875,0.3125,0.625,0.3125,0.375,0.625,0.25,0.75,0.75,0.0
45,B-bin/A-base,197,"(.25,.5]",0.3125,0.1875,0.625,0.4375,0.1875,0.625,0.4375,0.5,0.75,0.25
45,A-bin/B-base,198,"(0,.25]",0.1875,0.125,0.3125,0.1875,0.1875,0.625,0.4375,0.125,0.375,0.25
45,B-bin/A-base,198,"(0,.25]",0.125,0.1875,0.3125,0.125,0.1875,0.625,0.4375,0.1875,0.375,0.1875
45,A-bin/B-base,199,"(0,.25]",0.1875,0.0,0.0625,0.0625,0.0,0.1875,0.1875,0.0,0.1875,0.1875
45,B-bin/A-base,199,0,0.0,0.1875,0.0625,-0.125,0.1875,0.1875,0.0,0.3125,0.1875,-0.125
45,A-bin/B-base,200,"(.25,.5]",0.375,0.6875,0.8125,0.125,0.6875,0.9375,0.25,0.8125,0.8125,0.0
45,B-bin/A-base,200,"(.5,.75]",0.6875,0.375,0.8125,0.4375,0.4375,0.9375,0.5,0.625,0.8125,0.1875
45,A-bin/B-base,201,"(0,.25]",0.0625,0.0625,0.0625,0.0,0.1875,0.5625,0.375,0.125,0.125,0.0
45,B-bin/A-base,201,"(0,.25]",0.0625,0.0625,0.0625,0.0,0.25,0.5625,0.3125,0.125,0.125,0.0
45,A-bin/B-base,202,"(.75,1)",0.875,0.875,0.75,-0.125,0.9375,0.9375,0.0,0.9375,0.8125,-0.125
45,B-bin/A-base,202,"(.75,1)",0.875,0.875,0.75,-0.125,0.875,0.9375,0.0625,1.0,0.8125,-0.1875
45,A-bin/B-base,203,"(.75,1)",0.8125,0.8125,0.875,0.0625,0.8125,0.875,0.0625,0.9375,1.0,0.0625
45,B-bin/A-base,203,"(.75,1)",0.8125,0.8125,0.875,0.0625,0.875,0.875,0.0,0.9375,1.0,0.0625
45,A-bin/B-base,204,"(0,.25]",0.25,0.375,0.5,0.125,0.4375,0.75,0.3125,0.5,0.625,0.125
45,B-bin/A-base,204,"(.25,.5]",0.375,0.25,0.5,0.25,0.3125,0.75,0.4375,0.4375,0.625,0.1875
45,A-bin/B-base,205,"(0,.25]",0.125,0.25,0.25,0.0,0.375,0.6875,0.3125,0.25,0.25,0.0
45,B-bin/A-base,205,"(0,.25]",0.25,0.125,0.25,0.125,0.375,0.6875,0.3125,0.125,0.25,0.125
45,A-bin/B-base,206,"(0,.25]",0.25,0.4375,0.5625,0.125,0.4375,0.625,0.1875,0.5625,0.75,0.1875
45,B-bin/A-base,206,"(.25,.5]",0.4375,0.25,0.5625,0.3125,0.25,0.625,0.375,0.6875,0.75,0.0625
45,A-bin/B-base,207,"(.25,.5]",0.5,0.5625,0.6875,0.125,0.625,0.8125,0.1875,0.75,0.75,0.0
45,B-bin/A-base,207,"(.5,.75]",0.5625,0.5,0.6875,0.1875,0.5625,0.8125,0.25,0.6875,0.75,0.0625
45,A-bin/B-base,208,"(.5,.75]",0.6875,0.75,0.75,0.0,0.75,0.875,0.125,0.9375,0.875,-0.0625
45,B-bin/A-base,208,"(.5,.75]",0.75,0.6875,0.75,0.0625,0.6875,0.875,0.1875,0.875,0.875,0.0
45,A-bin/B-base,209,"(.5,.75]",0.5625,0.5,0.6875,0.1875,0.5,0.6875,0.1875,0.8125,0.875,0.0625
45,B-bin/A-base,209,"(.25,.5]",0.5,0.5625,0.6875,0.125,0.625,0.6875,0.0625,0.625,0.875,0.25
45,A-bin/B-base,210,"(.25,.5]",0.3125,0.25,0.625,0.375,0.375,0.6875,0.3125,0.6875,0.6875,0.0
45,B-bin/A-base,210,"(0,.25]",0.25,0.3125,0.625,0.3125,0.375,0.6875,0.3125,0.4375,0.6875,0.25
45,A-bin/B-base,211,"(0,.25]",0.0625,0.125,0.1875,0.0625,0.5,0.5,0.0,0.1875,0.1875,0.0
45,B-bin/A-base,211,"(0,.25]",0.125,0.0625,0.1875,0.125,0.4375,0.5,0.0625,0.3125,0.1875,-0.125
45,A-bin/B-base,212,0,0.0,0.0,0.0,0.0,0.0,0.1875,0.1875,0.25,0.0625,-0.1875
45,B-bin/A-base,212,0,0.0,0.0,0.0,0.0,0.0625,0.1875,0.125,0.125,0.0625,-0.0625
45,A-bin/B-base,213,"(.5,.75]",0.5625,0.625,0.75,0.125,0.6875,0.875,0.1875,0.8125,0.8125,0.0
45,B-bin/A-base,213,"(.5,.75]",0.625,0.5625,0.75,0.1875,0.5625,0.875,0.3125,0.75,0.8125,0.0625
45,A-bin/B-base,214,"(0,.25]",0.0625,0.0,0.0,0.0,0.375,0.5625,0.1875,0.0,0.125,0.125
45,B-bin/A-base,214,0,0.0,0.0625,0.0,-0.0625,0.3125,0.5625,0.25,0.0625,0.125,0.0625
45,A-bin/B-base,215,"(.25,.5]",0.5,0.75,0.8125,0.0625,0.75,0.875,0.125,0.9375,0.875,-0.0625
45,B-bin/A-base,215,"(.5,.75]",0.75,0.5,0.8125,0.3125,0.5625,0.875,0.3125,0.875,0.875,0.0
45,A-bin/B-base,216,"(.5,.75]",0.75,0.5,0.75,0.25,0.5,0.8125,0.3125,0.8125,0.8125,0.0
45,B-bin/A-base,216,"(.25,.5]",0.5,0.75,0.75,0.0,0.75,0.8125,0.0625,1.0,0.8125,-0.1875
45,A-bin/B-base,217,"(0,.25]",0.1875,0.0625,0.1875,0.125,0.0625,0.1875,0.125,0.3125,0.3125,0.0
45,B-bin/A-base,217,"(0,.25]",0.0625,0.1875,0.1875,0.0,0.1875,0.1875,0.0,0.375,0.3125,-0.0625
45,A-bin/B-base,218,"(0,.25]",0.125,0.125,0.25,0.125,0.75,0.9375,0.1875,0.1875,0.25,0.0625
45,B-bin/A-base,218,"(0,.25]",0.125,0.125,0.25,0.125,0.4375,0.9375,0.5,0.1875,0.25,0.0625
45,A-bin/B-base,219,"(0,.25]",0.0625,0.0,0.1875,0.1875,0.125,0.6875,0.5625,0.1875,0.1875,0.0
45,B-bin/A-base,219,0,0.0,0.0625,0.1875,0.125,0.3125,0.6875,0.375,0.3125,0.1875,-0.125
45,A-bin/B-base,220,"(0,.25]",0.0625,0.125,0.25,0.125,0.125,0.25,0.125,0.3125,0.4375,0.125
45,B-bin/A-base,220,"(0,.25]",0.125,0.0625,0.25,0.1875,0.125,0.25,0.125,0.25,0.4375,0.1875
45,A-bin/B-base,221,"(.75,1)",0.875,0.875,0.9375,0.0625,0.875,1.0,0.125,0.9375,0.9375,0.0
45,B-bin/A-base,221,"(.75,1)",0.875,0.875,0.9375,0.0625,0.875,1.0,0.125,1.0,0.9375,-0.0625
45,A-bin/B-base,222,"(0,.25]",0.25,0.4375,0.8125,0.375,0.5,0.9375,0.4375,0.5,0.875,0.375
45,B-bin/A-base,222,"(.25,.5]",0.4375,0.25,0.8125,0.5625,0.5,0.9375,0.4375,0.375,0.875,0.5
45,A-bin/B-base,223,"(0,.25]",0.125,0.0625,0.1875,0.125,0.125,0.5,0.375,0.3125,0.3125,0.0
45,B-bin/A-base,223,"(0,.25]",0.0625,0.125,0.1875,0.0625,0.3125,0.5,0.1875,0.1875,0.3125,0.125
45,A-bin/B-base,224,0,0.0,0.0,0.0625,0.0625,0.0,0.25,0.25,0.25,0.125,-0.125
45,B-bin/A-base,224,0,0.0,0.0,0.0625,0.0625,0.1875,0.25,0.0625,0.0625,0.125,0.0625
45,A-bin/B-base,225,"(0,.25]",0.0625,0.0,0.1875,0.1875,0.0625,0.5625,0.5,0.1875,0.25,0.0625
45,B-bin/A-base,225,0,0.0,0.0625,0.1875,0.125,0.125,0.5625,0.4375,0.125,0.25,0.125
45,A-bin/B-base,226,"(0,.25]",0.1875,0.4375,0.5625,0.125,0.5625,0.8125,0.25,0.625,0.5625,-0.0625
45,B-bin/A-base,226,"(.25,.5]",0.4375,0.1875,0.5625,0.375,0.3125,0.8125,0.5,0.25,0.5625,0.3125
45,A-bin/B-base,227,"(.5,.75]",0.625,0.75,0.9375,0.1875,0.8125,1.0,0.1875,0.875,0.9375,0.0625
45,B-bin/A-base,227,"(.5,.75]",0.75,0.625,0.9375,0.3125,0.625,1.0,0.375,0.9375,0.9375,0.0
45,A-bin/B-base,228,"(0,.25]",0.125,0.0,0.125,0.125,0.5625,0.875,0.3125,0.0625,0.1875,0.125
45,B-bin/A-base,228,0,0.0,0.125,0.125,0.0,0.6875,0.875,0.1875,0.1875,0.1875,0.0
45,A-bin/B-base,229,"(0,.25]",0.1875,0.0625,0.1875,0.125,0.6875,0.875,0.1875,0.125,0.1875,0.0625
45,B-bin/A-base,229,"(0,.25]",0.0625,0.1875,0.1875,0.0,0.75,0.875,0.125,0.1875,0.1875,0.0
45,A-bin/B-base,230,"(0,.25]",0.125,0.0625,0.125,0.0625,0.25,0.375,0.125,0.125,0.25,0.125
45,B-bin/A-base,230,"(0,.25]",0.0625,0.125,0.125,0.0,0.4375,0.375,-0.0625,0.125,0.25,0.125
45,A-bin/B-base,231,"(0,.25]",0.0625,0.125,0.125,0.0,0.1875,0.1875,0.0,0.125,0.25,0.125
45,B-bin/A-base,231,"(0,.25]",0.125,0.0625,0.125,0.0625,0.125,0.1875,0.0625,0.125,0.25,0.125
45,A-bin/B-base,232,0,0.0,0.0,0.0,0.0,0.4375,0.625,0.1875,0.0,0.0,0.0
45,B-bin/A-base,232,0,0.0,0.0,0.0,0.0,0.375,0.625,0.25,0.0,0.0,0.0
45,A-bin/B-base,233,"(.25,.5]",0.5,0.375,0.3125,-0.0625,0.6875,0.875,0.1875,0.4375,0.3125,-0.125
45,B-bin/A-base,233,"(.25,.5]",0.375,0.5,0.3125,-0.1875,0.75,0.875,0.125,0.625,0.3125,-0.3125
45,A-bin/B-base,234,0,0.0,0.0,0.25,0.25,0.125,0.4375,0.3125,0.0,0.3125,0.3125
45,B-bin/A-base,234,0,0.0,0.0,0.25,0.25,0.125,0.4375,0.3125,0.0,0.3125,0.3125
45,A-bin/B-base,235,"(0,.25]",0.0625,0.125,0.1875,0.0625,0.3125,0.625,0.3125,0.375,0.1875,-0.1875
45,B-bin/A-base,235,"(0,.25]",0.125,0.0625,0.1875,0.125,0.0625,0.625,0.5625,0.1875,0.1875,0.0
45,A-bin/B-base,236,"(.75,1)",0.9375,0.75,0.875,0.125,0.75,0.9375,0.1875,0.8125,0.875,0.0625
45,B-bin/A-base,236,"(.5,.75]",0.75,0.9375,0.875,-0.0625,0.9375,0.9375,0.0,1.0,0.875,-0.125
45,A-bin/B-base,237,"(0,.25]",0.0625,0.0,0.0625,0.0625,0.125,0.125,0.0,0.0625,0.0625,0.0
45,B-bin/A-base,237,0,0.0,0.0625,0.0625,0.0,0.0625,0.125,0.0625,0.0625,0.0625,0.0
45,A-bin/B-base,238,"(.25,.5]",0.375,0.4375,0.875,0.4375,0.5,0.875,0.375,0.75,0.9375,0.1875
45,B-bin/A-base,238,"(.25,.5]",0.4375,0.375,0.875,0.5,0.4375,0.875,0.4375,0.875,0.9375,0.0625
45,A-bin/B-base,239,"(0,.25]",0.25,0.125,0.25,0.125,0.125,0.5625,0.4375,0.125,0.25,0.125
45,B-bin/A-base,239,"(0,.25]",0.125,0.25,0.25,0.0,0.25,0.5625,0.3125,0.375,0.25,-0.125
45,A-bin/B-base,240,"(.25,.5]",0.5,0.625,0.9375,0.3125,0.625,1.0,0.375,1.0,0.9375,-0.0625
45,B-bin/A-base,240,"(.5,.75]",0.625,0.5,0.9375,0.4375,0.5625,1.0,0.4375,0.8125,0.9375,0.125
45,A-bin/B-base,241,"(.5,.75]",0.625,0.3125,0.9375,0.625,0.3125,0.9375,0.625,0.6875,0.9375,0.25
45,B-bin/A-base,241,"(.25,.5]",0.3125,0.625,0.9375,0.3125,0.6875,0.9375,0.25,0.6875,0.9375,0.25
45,A-bin/B-base,242,"(.5,.75]",0.75,0.375,0.5625,0.1875,0.375,0.8125,0.4375,0.6875,0.625,-0.0625
45,B-bin/A-base,242,"(.25,.5]",0.375,0.75,0.5625,-0.1875,0.8125,0.8125,0.0,0.9375,0.625,-0.3125
45,A-bin/B-base,243,"(0,.25]",0.0625,0.0625,0.25,0.1875,0.125,0.9375,0.8125,0.0625,0.25,0.1875
45,B-bin/A-base,243,"(0,.25]",0.0625,0.0625,0.25,0.1875,0.4375,0.9375,0.5,0.1875,0.25,0.0625
45,A-bin/B-base,244,"(.75,1)",0.875,0.75,1.0,0.25,0.75,1.0,0.25,0.9375,1.0,0.0625
45,B-bin/A-base,244,"(.5,.75]",0.75,0.875,1.0,0.125,0.875,1.0,0.125,0.9375,1.0,0.0625
45,A-bin/B-base,245,"(.25,.5]",0.375,0.375,0.625,0.25,0.4375,0.875,0.4375,0.625,0.6875,0.0625
45,B-bin/A-base,245,"(.25,.5]",0.375,0.375,0.625,0.25,0.5,0.875,0.375,0.5625,0.6875,0.125
45,A-bin/B-base,246,"(0,.25]",0.0625,0.0625,0.1875,0.125,0.0625,0.5625,0.5,0.125,0.25,0.125
45,B-bin/A-base,246,"(0,.25]",0.0625,0.0625,0.1875,0.125,0.125,0.5625,0.4375,0.125,0.25,0.125
45,A-bin/B-base,247,0,0.0,0.0,0.0625,0.0625,0.25,0.4375,0.1875,0.0625,0.0625,0.0
45,B-bin/A-base,247,0,0.0,0.0,0.0625,0.0625,0.25,0.4375,0.1875,0.125,0.0625,-0.0625
45,A-bin/B-base,248,0,0.0,0.0,0.0625,0.0625,0.0625,0.75,0.6875,0.0625,0.0625,0.0
45,B-bin/A-base,248,0,0.0,0.0,0.0625,0.0625,0.1875,0.75,0.5625,0.0625,0.0625,0.0
45,A-bin/B-base,249,"(.5,.75]",0.625,0.75,0.875,0.125,0.75,0.9375,0.1875,0.875,0.875,0.0
45,B-bin/A-base,249,"(.5,.75]",0.75,0.625,0.875,0.25,0.625,0.9375,0.3125,0.875,0.875,0.0
45,A-bin/B-base,250,0,0.0,0.125,0.3125,0.1875,0.4375,0.9375,0.5,0.3125,0.375,0.0625
45,B-bin/A-base,250,"(0,.25]",0.125,0.0,0.3125,0.3125,0.25,0.9375,0.6875,0.0625,0.375,0.3125
45,A-bin/B-base,251,"(0,.25]",0.1875,0.125,0.1875,0.0625,0.375,0.75,0.375,0.125,0.1875,0.0625
45,B-bin/A-base,251,"(0,.25]",0.125,0.1875,0.1875,0.0,0.4375,0.75,0.3125,0.3125,0.1875,-0.125
45,A-bin/B-base,252,"(.5,.75]",0.5625,0.8125,0.875,0.0625,0.8125,0.9375,0.125,1.0,0.9375,-0.0625
45,B-bin/A-base,252,"(.75,1)",0.8125,0.5625,0.875,0.3125,0.5625,0.9375,0.375,0.8125,0.9375,0.125
45,A-bin/B-base,253,0,0.0,0.125,0.4375,0.3125,0.125,0.625,0.5,0.4375,0.625,0.1875
45,B-bin/A-base,253,"(0,.25]",0.125,0.0,0.4375,0.4375,0.0,0.625,0.625,0.125,0.625,0.5
45,A-bin/B-base,254,"(.25,.5]",0.3125,0.25,0.875,0.625,0.3125,0.875,0.5625,0.625,0.9375,0.3125
45,B-bin/A-base,254,"(0,.25]",0.25,0.3125,0.875,0.5625,0.3125,0.875,0.5625,0.5625,0.9375,0.375
45,A-bin/B-base,255,"(.5,.75]",0.625,0.6875,0.8125,0.125,0.75,0.875,0.125,0.8125,0.875,0.0625
45,B-bin/A-base,255,"(.5,.75]",0.6875,0.625,0.8125,0.1875,0.75,0.875,0.125,0.8125,0.875,0.0625
50,A-bin/B-base,0,"(.75,1)",0.8125,0.875,0.875,0.0,0.875,0.9375,0.0625,0.9375,0.9375,0.0
50,B-bin/A-base,0,"(.75,1)",0.875,0.8125,0.875,0.0625,0.8125,0.9375,0.125,0.8125,0.9375,0.125
50,A-bin/B-base,1,"(0,.25]",0.25,0.3125,0.5625,0.25,0.5,0.875,0.375,0.5,0.5625,0.0625
50,B-bin/A-base,1,"(.25,.5]",0.3125,0.25,0.5625,0.3125,0.3125,0.875,0.5625,0.4375,0.5625,0.125
50,A-bin/B-base,2,"(0,.25]",0.125,0.4375,0.4375,0.0,0.5625,0.75,0.1875,0.5625,0.6875,0.125
50,B-bin/A-base,2,"(.25,.5]",0.4375,0.125,0.4375,0.3125,0.1875,0.75,0.5625,0.5,0.6875,0.1875
50,A-bin/B-base,3,"(.5,.75]",0.5625,0.6875,0.8125,0.125,0.6875,0.9375,0.25,0.875,0.8125,-0.0625
50,B-bin/A-base,3,"(.5,.75]",0.6875,0.5625,0.8125,0.25,0.625,0.9375,0.3125,0.75,0.8125,0.0625
50,A-bin/B-base,4,"(0,.25]",0.125,0.375,0.375,0.0,0.5,0.8125,0.3125,0.4375,0.4375,0.0
50,B-bin/A-base,4,"(.25,.5]",0.375,0.125,0.375,0.25,0.4375,0.8125,0.375,0.1875,0.4375,0.25
50,A-bin/B-base,5,"(.25,.5]",0.375,0.625,0.6875,0.0625,0.6875,0.8125,0.125,0.8125,0.6875,-0.125
50,B-bin/A-base,5,"(.5,.75]",0.625,0.375,0.6875,0.3125,0.4375,0.8125,0.375,0.6875,0.6875,0.0
50,A-bin/B-base,6,"(.5,.75]",0.6875,0.625,0.8125,0.1875,0.625,0.875,0.25,0.875,0.875,0.0
50,B-bin/A-base,6,"(.5,.75]",0.625,0.6875,0.8125,0.125,0.75,0.875,0.125,0.875,0.875,0.0
50,A-bin/B-base,7,0,0.0,0.0,0.0625,0.0625,0.125,0.3125,0.1875,0.0,0.25,0.25
50,B-bin/A-base,7,0,0.0,0.0,0.0625,0.0625,0.0,0.3125,0.3125,0.0,0.25,0.25
50,A-bin/B-base,8,"(0,.25]",0.1875,0.125,0.1875,0.0625,0.3125,0.5625,0.25,0.1875,0.1875,0.0
50,B-bin/A-base,8,"(0,.25]",0.125,0.1875,0.1875,0.0,0.375,0.5625,0.1875,0.3125,0.1875,-0.125
50,A-bin/B-base,9,"(0,.25]",0.1875,0.0,0.125,0.125,0.25,0.5625,0.3125,0.0,0.1875,0.1875
50,B-bin/A-base,9,0,0.0,0.1875,0.125,-0.0625,0.5,0.5625,0.0625,0.25,0.1875,-0.0625
50,A-bin/B-base,10,0,0.0,0.0625,0.0,-0.0625,0.125,0.0,-0.125,0.125,0.0625,-0.0625
50,B-bin/A-base,10,"(0,.25]",0.0625,0.0,0.0,0.0,0.0,0.0,0.0,0.0625,0.0625,0.0
50,A-bin/B-base,11,0,0.0,0.0625,0.3125,0.25,0.0625,0.3125,0.25,0.0625,0.4375,0.375
50,B-bin/A-base,11,"(0,.25]",0.0625,0.0,0.3125,0.3125,0.0,0.3125,0.3125,0.0,0.4375,0.4375
50,A-bin/B-base,12,"(.25,.5]",0.4375,0.625,0.8125,0.1875,0.625,0.8125,0.1875,0.8125,0.9375,0.125
50,B-bin/A-base,12,"(.5,.75]",0.625,0.4375,0.8125,0.375,0.4375,0.8125,0.375,0.875,0.9375,0.0625
50,A-bin/B-base,13,"(0,.25]",0.1875,0.0625,0.3125,0.25,0.25,0.75,0.5,0.25,0.375,0.125
50,B-bin/A-base,13,"(0,.25]",0.0625,0.1875,0.3125,0.125,0.4375,0.75,0.3125,0.3125,0.375,0.0625
50,A-bin/B-base,14,"(0,.25]",0.25,0.1875,0.375,0.1875,0.375,0.5625,0.1875,0.5625,0.5,-0.0625
50,B-bin/A-base,14,"(0,.25]",0.1875,0.25,0.375,0.125,0.3125,0.5625,0.25,0.4375,0.5,0.0625
50,A-bin/B-base,15,0,0.0,0.0,0.0,0.0,0.5,0.5,0.0,0.0,0.0,0.0
50,B-bin/A-base,15,0,0.0,0.0,0.0,0.0,0.0,0.5,0.5,0.0,0.0,0.0
50,A-bin/B-base,16,"(0,.25]",0.125,0.125,0.625,0.5,0.25,0.6875,0.4375,0.1875,0.625,0.4375
50,B-bin/A-base,16,"(0,.25]",0.125,0.125,0.625,0.5,0.125,0.6875,0.5625,0.1875,0.625,0.4375
50,A-bin/B-base,17,"(0,.25]",0.125,0.0625,0.25,0.1875,0.1875,0.625,0.4375,0.1875,0.375,0.1875
50,B-bin/A-base,17,"(0,.25]",0.0625,0.125,0.25,0.125,0.375,0.625,0.25,0.1875,0.375,0.1875
50,A-bin/B-base,18,"(0,.25]",0.1875,0.0,0.0,0.0,0.1875,0.5625,0.375,0.125,0.125,0.0
50,B-bin/A-base,18,0,0.0,0.1875,0.0,-0.1875,0.25,0.5625,0.3125,0.3125,0.125,-0.1875
50,A-bin/B-base,19,"(0,.25]",0.25,0.1875,0.5,0.3125,0.25,0.875,0.625,0.375,0.5625,0.1875
50,B-bin/A-base,19,"(0,.25]",0.1875,0.25,0.5,0.25,0.375,0.875,0.5,0.5,0.5625,0.0625
50,A-bin/B-base,20,"(.75,1)",0.8125,0.875,0.9375,0.0625,0.875,1.0,0.125,1.0,0.9375,-0.0625
50,B-bin/A-base,20,"(.75,1)",0.875,0.8125,0.9375,0.125,0.8125,1.0,0.1875,1.0,0.9375,-0.0625
50,A-bin/B-base,21,"(0,.25]",0.125,0.125,0.5,0.375,0.125,0.75,0.625,0.25,0.5,0.25
50,B-bin/A-base,21,"(0,.25]",0.125,0.125,0.5,0.375,0.1875,0.75,0.5625,0.125,0.5,0.375
50,A-bin/B-base,22,0,0.0,0.0,0.0625,0.0625,0.25,0.625,0.375,0.0625,0.0625,0.0
50,B-bin/A-base,22,0,0.0,0.0,0.0625,0.0625,0.1875,0.625,0.4375,0.25,0.0625,-0.1875
50,A-bin/B-base,23,"(.5,.75]",0.5625,0.5,0.5625,0.0625,0.5625,0.8125,0.25,0.8125,0.5625,-0.25
50,B-bin/A-base,23,"(.25,.5]",0.5,0.5625,0.5625,0.0,0.5625,0.8125,0.25,0.6875,0.5625,-0.125
50,A-bin/B-base,24,"(.5,.75]",0.625,0.5625,0.875,0.3125,0.5625,1.0,0.4375,0.6875,0.875,0.1875
50,B-bin/A-base,24,"(.5,.75]",0.5625,0.625,0.875,0.25,0.625,1.0,0.375,0.625,0.875,0.25
50,A-bin/B-base,25,"(.25,.5]",0.375,0.3125,0.5,0.1875,0.4375,0.625,0.1875,0.5625,0.6875,0.125
50,B-bin/A-base,25,"(.25,.5]",0.3125,0.375,0.5,0.125,0.4375,0.625,0.1875,0.625,0.6875,0.0625
50,A-bin/B-base,26,"(.5,.75]",0.6875,0.625,0.625,0.0,0.75,0.8125,0.0625,0.8125,0.75,-0.0625
50,B-bin/A-base,26,"(.5,.75]",0.625,0.6875,0.625,-0.0625,0.6875,0.8125,0.125,1.0,0.75,-0.25
50,A-bin/B-base,27,"(0,.25]",0.0625,0.0625,0.25,0.1875,0.3125,0.75,0.4375,0.1875,0.25,0.0625
50,B-bin/A-base,27,"(0,.25]",0.0625,0.0625,0.25,0.1875,0.125,0.75,0.625,0.125,0.25,0.125
50,A-bin/B-base,28,"(.5,.75]",0.5625,0.5625,0.8125,0.25,0.5625,0.875,0.3125,0.9375,0.875,-0.0625
50,B-bin/A-base,28,"(.5,.75]",0.5625,0.5625,0.8125,0.25,0.5625,0.875,0.3125,0.9375,0.875,-0.0625
50,A-bin/B-base,29,"(0,.25]",0.125,0.1875,0.25,0.0625,0.3125,0.5,0.1875,0.3125,0.25,-0.0625
50,B-bin/A-base,29,"(0,.25]",0.1875,0.125,0.25,0.125,0.3125,0.5,0.1875,0.1875,0.25,0.0625
50,A-bin/B-base,30,"(0,.25]",0.0625,0.0625,0.125,0.0625,0.0625,0.3125,0.25,0.25,0.1875,-0.0625
50,B-bin/A-base,30,"(0,.25]",0.0625,0.0625,0.125,0.0625,0.1875,0.3125,0.125,0.1875,0.1875,0.0
50,A-bin/B-base,31,"(.25,.5]",0.375,0.125,0.5,0.375,0.1875,0.9375,0.75,0.25,0.5,0.25
50,B-bin/A-base,31,"(0,.25]",0.125,0.375,0.5,0.125,0.5625,0.9375,0.375,0.5,0.5,0.0
50,A-bin/B-base,32,"(0,.25]",0.0625,0.25,0.5,0.25,0.3125,0.625,0.3125,0.5,0.5625,0.0625
50,B-bin/A-base,32,"(0,.25]",0.25,0.0625,0.5,0.4375,0.125,0.625,0.5,0.25,0.5625,0.3125
50,A-bin/B-base,33,"(.5,.75]",0.75,0.375,0.875,0.5,0.375,1.0,0.625,0.875,0.875,0.0
50,B-bin/A-base,33,"(.25,.5]",0.375,0.75,0.875,0.125,0.8125,1.0,0.1875,0.9375,0.875,-0.0625
50,A-bin/B-base,34,"(.5,.75]",0.625,0.625,1.0,0.375,0.6875,1.0,0.3125,0.875,1.0,0.125
50,B-bin/A-base,34,"(.5,.75]",0.625,0.625,1.0,0.375,0.6875,1.0,0.3125,0.875,1.0,0.125
50,A-bin/B-base,35,"(.5,.75]",0.625,0.5625,0.8125,0.25,0.5625,0.9375,0.375,0.75,0.8125,0.0625
50,B-bin/A-base,35,"(.5,.75]",0.5625,0.625,0.8125,0.1875,0.875,0.9375,0.0625,0.6875,0.8125,0.125
50,A-bin/B-base,36,"(.5,.75]",0.75,0.8125,0.875,0.0625,0.8125,0.9375,0.125,0.875,0.9375,0.0625
50,B-bin/A-base,36,"(.75,1)",0.8125,0.75,0.875,0.125,0.8125,0.9375,0.125,0.875,0.9375,0.0625
50,A-bin/B-base,37,"(.25,.5]",0.5,0.6875,0.75,0.0625,0.6875,0.8125,0.125,0.8125,0.8125,0.0
50,B-bin/A-base,37,"(.5,.75]",0.6875,0.5,0.75,0.25,0.625,0.8125,0.1875,0.5625,0.8125,0.25
50,A-bin/B-base,38,"(0,.25]",0.125,0.0,0.1875,0.1875,0.25,0.6875,0.4375,0.0,0.25,0.25
50,B-bin/A-base,38,0,0.0,0.125,0.1875,0.0625,0.375,0.6875,0.3125,0.125,0.25,0.125
50,A-bin/B-base,39,"(.25,.5]",0.5,0.4375,0.6875,0.25,0.4375,0.8125,0.375,0.75,0.6875,-0.0625
50,B-bin/A-base,39,"(.25,.5]",0.4375,0.5,0.6875,0.1875,0.5,0.8125,0.3125,0.6875,0.6875,0.0
50,A-bin/B-base,40,0,0.0,0.125,0.125,0.0,0.3125,0.625,0.3125,0.25,0.25,0.0
50,B-bin/A-base,40,"(0,.25]",0.125,0.0,0.125,0.125,0.0,0.625,0.625,0.125,0.25,0.125
50,A-bin/B-base,41,"(.75,1)",0.8125,0.75,0.9375,0.1875,0.8125,0.9375,0.125,0.9375,1.0,0.0625
50,B-bin/A-base,41,"(.5,.75]",0.75,0.8125,0.9375,0.125,0.875,0.9375,0.0625,0.9375,1.0,0.0625
50,A-bin/B-base,42,0,0.0,0.0625,0.25,0.1875,0.1875,0.3125,0.125,0.0625,0.3125,0.25
50,B-bin/A-base,42,"(0,.25]",0.0625,0.0,0.25,0.25,0.125,0.3125,0.1875,0.125,0.3125,0.1875
50,A-bin/B-base,43,0,0.0,0.0625,0.3125,0.25,0.375,0.6875,0.3125,0.3125,0.375,0.0625
50,B-bin/A-base,43,"(0,.25]",0.0625,0.0,0.3125,0.3125,0.375,0.6875,0.3125,0.0625,0.375,0.3125
50,A-bin/B-base,44,"(.5,.75]",0.625,0.75,0.75,0.0,0.875,0.8125,-0.0625,0.75,0.75,0.0
50,B-bin/A-base,44,"(.5,.75]",0.75,0.625,0.75,0.125,0.6875,0.8125,0.125,0.8125,0.75,-0.0625
50,A-bin/B-base,45,"(.5,.75]",0.625,0.5,0.625,0.125,0.5625,0.75,0.1875,0.75,0.75,0.0
50,B-bin/A-base,45,"(.25,.5]",0.5,0.625,0.625,0.0,0.625,0.75,0.125,0.8125,0.75,-0.0625
50,A-bin/B-base,46,"(.25,.5]",0.5,0.375,0.5,0.125,0.625,0.6875,0.0625,0.625,0.5,-0.125
50,B-bin/A-base,46,"(.25,.5]",0.375,0.5,0.5,0.0,0.6875,0.6875,0.0,0.75,0.5,-0.25
50,A-bin/B-base,47,"(.25,.5]",0.5,0.75,0.9375,0.1875,0.75,0.9375,0.1875,0.9375,0.9375,0.0
50,B-bin/A-base,47,"(.5,.75]",0.75,0.5,0.9375,0.4375,0.5,0.9375,0.4375,0.75,0.9375,0.1875
50,A-bin/B-base,48,"(.5,.75]",0.6875,0.6875,0.9375,0.25,0.6875,0.9375,0.25,1.0,0.9375,-0.0625
50,B-bin/A-base,48,"(.5,.75]",0.6875,0.6875,0.9375,0.25,0.6875,0.9375,0.25,0.9375,0.9375,0.0
50,A-bin/B-base,49,"(.5,.75]",0.6875,0.875,1.0,0.125,0.875,1.0,0.125,0.875,1.0,0.125
50,B-bin/A-base,49,"(.75,1)",0.875,0.6875,1.0,0.3125,0.75,1.0,0.25,0.8125,1.0,0.1875
50,A-bin/B-base,50,0,0.0,0.0,0.0625,0.0625,0.0625,0.5,0.4375,0.0,0.125,0.125
50,B-bin/A-base,50,0,0.0,0.0,0.0625,0.0625,0.375,0.5,0.125,0.0,0.125,0.125
50,A-bin/B-base,51,"(.5,.75]",0.625,0.5,0.8125,0.3125,0.5,0.8125,0.3125,0.6875,0.875,0.1875
50,B-bin/A-base,51,"(.25,.5]",0.5,0.625,0.8125,0.1875,0.625,0.8125,0.1875,0.6875,0.875,0.1875
50,A-bin/B-base,52,"(.5,.75]",0.6875,0.5,0.75,0.25,0.5625,0.875,0.3125,0.625,0.8125,0.1875
50,B-bin/A-base,52,"(.25,.5]",0.5,0.6875,0.75,0.0625,0.75,0.875,0.125,0.75,0.8125,0.0625
50,A-bin/B-base,53,"(.5,.75]",0.75,0.75,0.8125,0.0625,0.75,0.875,0.125,1.0,0.9375,-0.0625
50,B-bin/A-base,53,"(.5,.75]",0.75,0.75,0.8125,0.0625,0.8125,0.875,0.0625,0.9375,0.9375,0.0
50,A-bin/B-base,54,"(0,.25]",0.1875,0.1875,0.1875,0.0,0.375,0.5625,0.1875,0.1875,0.3125,0.125
50,B-bin/A-base,54,"(0,.25]",0.1875,0.1875,0.1875,0.0,0.5625,0.5625,0.0,0.3125,0.3125,0.0
50,A-bin/B-base,55,"(.5,.75]",0.75,0.8125,0.875,0.0625,0.875,0.875,0.0,0.875,0.875,0.0
50,B-bin/A-base,55,"(.75,1)",0.8125,0.75,0.875,0.125,0.9375,0.875,-0.0625,0.8125,0.875,0.0625
50,A-bin/B-base,56,"(.5,.75]",0.6875,0.6875,0.8125,0.125,0.6875,1.0,0.3125,0.9375,0.8125,-0.125
50,B-bin/A-base,56,"(.5,.75]",0.6875,0.6875,0.8125,0.125,0.75,1.0,0.25,0.875,0.8125,-0.0625
50,A-bin/B-base,57,"(0,.25]",0.1875,0.3125,0.5,0.1875,0.4375,0.8125,0.375,0.4375,0.5625,0.125
50,B-bin/A-base,57,"(.25,.5]",0.3125,0.1875,0.5,0.3125,0.375,0.8125,0.4375,0.375,0.5625,0.1875
50,A-bin/B-base,58,"(.25,.5]",0.375,0.5625,0.5625,0.0,0.625,0.6875,0.0625,0.6875,0.5625,-0.125
50,B-bin/A-base,58,"(.5,.75]",0.5625,0.375,0.5625,0.1875,0.5625,0.6875,0.125,0.625,0.5625,-0.0625
50,A-bin/B-base,59,"(.25,.5]",0.3125,0.3125,0.375,0.0625,0.5,0.75,0.25,0.4375,0.4375,0.0
50,B-bin/A-base,59,"(.25,.5]",0.3125,0.3125,0.375,0.0625,0.5625,0.75,0.1875,0.375,0.4375,0.0625
50,A-bin/B-base,60,"(0,.25]",0.25,0.125,0.3125,0.1875,0.25,0.9375,0.6875,0.1875,0.3125,0.125
50,B-bin/A-base,60,"(0,.25]",0.125,0.25,0.3125,0.0625,0.375,0.9375,0.5625,0.3125,0.3125,0.0
50,A-bin/B-base,61,"(.25,.5]",0.5,0.125,0.375,0.25,0.25,0.8125,0.5625,0.4375,0.375,-0.0625
50,B-bin/A-base,61,"(0,.25]",0.125,0.5,0.375,-0.125,0.625,0.8125,0.1875,0.625,0.375,-0.25
50,A-bin/B-base,62,"(.25,.5]",0.375,0.4375,0.625,0.1875,0.5625,0.6875,0.125,0.5625,0.6875,0.125
50,B-bin/A-base,62,"(.25,.5]",0.4375,0.375,0.625,0.25,0.5,0.6875,0.1875,0.4375,0.6875,0.25
50,A-bin/B-base,63,0,0.0,0.0,0.0,0.0,0.125,0.625,0.5,0.0,0.0,0.0
50,B-bin/A-base,63,0,0.0,0.0,0.0,0.0,0.0,0.625,0.625,0.0,0.0,0.0
50,A-bin/B-base,64,"(.25,.5]",0.4375,0.5,0.75,0.25,0.5,0.875,0.375,0.6875,0.8125,0.125
50,B-bin/A-base,64,"(.25,.5]",0.5,0.4375,0.75,0.3125,0.5,0.875,0.375,0.6875,0.8125,0.125
50,A-bin/B-base,65,"(.25,.5]",0.4375,0.375,0.75,0.375,0.5,0.9375,0.4375,0.6875,0.75,0.0625
50,B-bin/A-base,65,"(.25,.5]",0.375,0.4375,0.75,0.3125,0.625,0.9375,0.3125,0.5625,0.75,0.1875
50,A-bin/B-base,66,"(0,.25]",0.125,0.0,0.4375,0.4375,0.125,0.8125,0.6875,0.25,0.5,0.25
50,B-bin/A-base,66,0,0.0,0.125,0.4375,0.3125,0.125,0.8125,0.6875,0.3125,0.5,0.1875
50,A-bin/B-base,67,"(0,.25]",0.1875,0.0625,0.0625,0.0,0.0625,0.4375,0.375,0.1875,0.125,-0.0625
50,B-bin/A-base,67,"(0,.25]",0.0625,0.1875,0.0625,-0.125,0.3125,0.4375,0.125,0.1875,0.125,-0.0625
50,A-bin/B-base,68,"(.25,.5]",0.4375,0.25,0.5,0.25,0.25,0.625,0.375,0.3125,0.5625,0.25
50,B-bin/A-base,68,"(0,.25]",0.25,0.4375,0.5,0.0625,0.4375,0.625,0.1875,0.625,0.5625,-0.0625
50,A-bin/B-base,69,"(.5,.75]",0.625,0.5625,0.8125,0.25,0.625,0.875,0.25,0.6875,0.9375,0.25
50,B-bin/A-base,69,"(.5,.75]",0.5625,0.625,0.8125,0.1875,0.6875,0.875,0.1875,0.75,0.9375,0.1875
50,A-bin/B-base,70,"(.5,.75]",0.75,0.9375,0.9375,0.0,0.9375,0.9375,0.0,1.0,1.0,0.0
50,B-bin/A-base,70,"(.75,1)",0.9375,0.75,0.9375,0.1875,0.8125,0.9375,0.125,0.875,1.0,0.125
50,A-bin/B-base,71,"(.5,.75]",0.75,0.75,0.875,0.125,0.9375,1.0,0.0625,0.8125,0.875,0.0625
50,B-bin/A-base,71,"(.5,.75]",0.75,0.75,0.875,0.125,0.875,1.0,0.125,0.875,0.875,0.0
50,A-bin/B-base,72,"(0,.25]",0.25,0.25,0.5,0.25,0.5625,0.6875,0.125,0.375,0.5625,0.1875
50,B-bin/A-base,72,"(0,.25]",0.25,0.25,0.5,0.25,0.5,0.6875,0.1875,0.3125,0.5625,0.25
50,A-bin/B-base,73,"(.25,.5]",0.5,0.8125,0.75,-0.0625,0.8125,0.9375,0.125,1.0,0.8125,-0.1875
50,B-bin/A-base,73,"(.75,1)",0.8125,0.5,0.75,0.25,0.625,0.9375,0.3125,0.75,0.8125,0.0625
50,A-bin/B-base,74,"(.25,.5]",0.4375,0.6875,0.625,-0.0625,0.75,0.75,0.0,0.875,0.75,-0.125
50,B-bin/A-base,74,"(.5,.75]",0.6875,0.4375,0.625,0.1875,0.5625,0.75,0.1875,0.5625,0.75,0.1875
50,A-bin/B-base,75,"(.25,.5]",0.5,0.3125,0.8125,0.5,0.3125,0.8125,0.5,0.625,0.875,0.25
50,B-bin/A-base,75,"(.25,.5]",0.3125,0.5,0.8125,0.3125,0.5625,0.8125,0.25,0.9375,0.875,-0.0625
50,A-bin/B-base,76,"(0,.25]",0.0625,0.0625,0.375,0.3125,0.3125,0.6875,0.375,0.3125,0.5,0.1875
50,B-bin/A-base,76,"(0,.25]",0.0625,0.0625,0.375,0.3125,0.3125,0.6875,0.375,0.3125,0.5,0.1875
50,A-bin/B-base,77,"(0,.25]",0.1875,0.5,0.75,0.25,0.5625,0.75,0.1875,0.75,0.75,0.0
50,B-bin/A-base,77,"(.25,.5]",0.5,0.1875,0.75,0.5625,0.3125,0.75,0.4375,0.5,0.75,0.25
50,A-bin/B-base,78,"(0,.25]",0.1875,0.125,0.125,0.0,0.625,0.75,0.125,0.1875,0.25,0.0625
50,B-bin/A-base,78,"(0,.25]",0.125,0.1875,0.125,-0.0625,0.5625,0.75,0.1875,0.25,0.25,0.0
50,A-bin/B-base,79,"(.75,1)",0.9375,0.75,1.0,0.25,0.8125,1.0,0.1875,0.9375,1.0,0.0625
50,B-bin/A-base,79,"(.5,.75]",0.75,0.9375,1.0,0.0625,0.9375,1.0,0.0625,0.9375,1.0,0.0625
50,A-bin/B-base,80,"(0,.25]",0.0625,0.1875,0.4375,0.25,0.1875,0.75,0.5625,0.5,0.5,0.0
50,B-bin/A-base,80,"(0,.25]",0.1875,0.0625,0.4375,0.375,0.25,0.75,0.5,0.375,0.5,0.125
50,A-bin/B-base,81,"(0,.25]",0.25,0.0625,0.3125,0.25,0.4375,0.75,0.3125,0.0625,0.3125,0.25
50,B-bin/A-base,81,"(0,.25]",0.0625,0.25,0.3125,0.0625,0.3125,0.75,0.4375,0.375,0.3125,-0.0625
50,A-bin/B-base,82,"(.25,.5]",0.375,0.375,0.5,0.125,0.4375,0.6875,0.25,0.5,0.8125,0.3125
50,B-bin/A-base,82,"(.25,.5]",0.375,0.375,0.5,0.125,0.5625,0.6875,0.125,0.375,0.8125,0.4375
50,A-bin/B-base,83,"(.25,.5]",0.375,0.375,0.6875,0.3125,0.4375,0.875,0.4375,0.5625,0.6875,0.125
50,B-bin/A-base,83,"(.25,.5]",0.375,0.375,0.6875,0.3125,0.4375,0.875,0.4375,0.6875,0.6875,0.0
50,A-bin/B-base,84,"(.25,.5]",0.3125,0.125,0.5,0.375,0.3125,0.625,0.3125,0.375,0.5625,0.1875
50,B-bin/A-base,84,"(0,.25]",0.125,0.3125,0.5,0.1875,0.3125,0.625,0.3125,0.5625,0.5625,0.0
50,A-bin/B-base,85,"(.25,.5]",0.3125,0.4375,0.625,0.1875,0.5625,0.9375,0.375,0.625,0.6875,0.0625
50,B-bin/A-base,85,"(.25,.5]",0.4375,0.3125,0.625,0.3125,0.375,0.9375,0.5625,0.5,0.6875,0.1875
50,A-bin/B-base,86,"(.25,.5]",0.5,0.625,0.8125,0.1875,0.625,0.875,0.25,0.8125,0.8125,0.0
50,B-bin/A-base,86,"(.5,.75]",0.625,0.5,0.8125,0.3125,0.625,0.875,0.25,0.8125,0.8125,0.0
50,A-bin/B-base,87,"(0,.25]",0.25,0.25,0.5,0.25,0.5625,0.8125,0.25,0.375,0.5625,0.1875
50,B-bin/A-base,87,"(0,.25]",0.25,0.25,0.5,0.25,0.375,0.8125,0.4375,0.6875,0.5625,-0.125
50,A-bin/B-base,88,"(.25,.5]",0.4375,0.5,0.25,-0.25,0.6875,0.625,-0.0625,0.5625,0.3125,-0.25
50,B-bin/A-base,88,"(.25,.5]",0.5,0.4375,0.25,-0.1875,0.5625,0.625,0.0625,0.5625,0.3125,-0.25
50,A-bin/B-base,89,"(0,.25]",0.125,0.1875,0.3125,0.125,0.375,0.75,0.375,0.3125,0.3125,0.0
50,B-bin/A-base,89,"(0,.25]",0.1875,0.125,0.3125,0.1875,0.1875,0.75,0.5625,0.3125,0.3125,0.0
50,A-bin/B-base,90,"(0,.25]",0.0625,0.0625,0.125,0.0625,0.25,0.875,0.625,0.1875,0.125,-0.0625
50,B-bin/A-base,90,"(0,.25]",0.0625,0.0625,0.125,0.0625,0.3125,0.875,0.5625,0.125,0.125,0.0
50,A-bin/B-base,91,"(0,.25]",0.125,0.125,0.5625,0.4375,0.125,0.75,0.625,0.375,0.6875,0.3125
50,B-bin/A-base,91,"(0,.25]",0.125,0.125,0.5625,0.4375,0.125,0.75,0.625,0.6875,0.6875,0.0
50,A-bin/B-base,92,"(0,.25]",0.125,0.3125,0.375,0.0625,0.5625,0.75,0.1875,0.4375,0.5,0.0625
50,B-bin/A-base,92,"(.25,.5]",0.3125,0.125,0.375,0.25,0.3125,0.75,0.4375,0.1875,0.5,0.3125
50,A-bin/B-base,93,"(.5,.75]",0.75,0.375,0.875,0.5,0.4375,0.875,0.4375,0.75,0.9375,0.1875
50,B-bin/A-base,93,"(.25,.5]",0.375,0.75,0.875,0.125,0.75,0.875,0.125,1.0,0.9375,-0.0625
50,A-bin/B-base,94,"(.5,.75]",0.5625,0.5625,1.0,0.4375,0.5625,1.0,0.4375,0.9375,1.0,0.0625
50,B-bin/A-base,94,"(.5,.75]",0.5625,0.5625,1.0,0.4375,0.5625,1.0,0.4375,0.875,1.0,0.125
50,A-bin/B-base,95,"(0,.25]",0.125,0.0,0.0,0.0,0.3125,0.4375,0.125,0.0,0.0,0.0
50,B-bin/A-base,95,0,0.0,0.125,0.0,-0.125,0.25,0.4375,0.1875,0.125,0.0,-0.125
50,A-bin/B-base,96,"(.75,1)",0.8125,0.6875,0.625,-0.0625,0.6875,0.9375,0.25,0.75,0.625,-0.125
50,B-bin/A-base,96,"(.5,.75]",0.6875,0.8125,0.625,-0.1875,0.8125,0.9375,0.125,0.875,0.625,-0.25
50,A-bin/B-base,97,0,0.0,0.0,0.125,0.125,0.1875,0.6875,0.5,0.0,0.125,0.125
50,B-bin/A-base,97,0,0.0,0.0,0.125,0.125,0.25,0.6875,0.4375,0.0,0.125,0.125
50,A-bin/B-base,98,"(.25,.5]",0.3125,0.375,0.5625,0.1875,0.6875,0.625,-0.0625,0.375,0.6875,0.3125
50,B-bin/A-base,98,"(.25,.5]",0.375,0.3125,0.5625,0.25,0.5,0.625,0.125,0.375,0.6875,0.3125
50,A-bin/B-base,99,0,0.0,0.0,0.0625,0.0625,0.125,0.1875,0.0625,0.0625,0.0625,0.0
50,B-bin/A-base,99,0,0.0,0.0,0.0625,0.0625,0.0,0.1875,0.1875,0.0625,0.0625,0.0
50,A-bin/B-base,100,"(.25,.5]",0.375,0.25,0.4375,0.1875,0.375,0.4375,0.0625,0.4375,0.6875,0.25
50,B-bin/A-base,100,"(0,.25]",0.25,0.375,0.4375,0.0625,0.4375,0.4375,0.0,0.75,0.6875,-0.0625
50,A-bin/B-base,101,"(0,.25]",0.25,0.3125,0.625,0.3125,0.5,0.875,0.375,0.625,0.625,0.0
50,B-bin/A-base,101,"(.25,.5]",0.3125,0.25,0.625,0.375,0.5,0.875,0.375,0.5,0.625,0.125
50,A-bin/B-base,102,"(0,.25]",0.1875,0.375,0.5,0.125,0.5625,0.6875,0.125,0.5625,0.5,-0.0625
50,B-bin/A-base,102,"(.25,.5]",0.375,0.1875,0.5,0.3125,0.1875,0.6875,0.5,0.4375,0.5,0.0625
50,A-bin/B-base,103,0,0.0,0.0,0.125,0.125,0.0,0.25,0.25,0.0625,0.1875,0.125
50,B-bin/A-base,103,0,0.0,0.0,0.125,0.125,0.125,0.25,0.125,0.0,0.1875,0.1875
50,A-bin/B-base,104,"(.5,.75]",0.75,0.4375,0.9375,0.5,0.4375,1.0,0.5625,0.875,0.9375,0.0625
50,B-bin/A-base,104,"(.25,.5]",0.4375,0.75,0.9375,0.1875,0.8125,1.0,0.1875,0.8125,0.9375,0.125
50,A-bin/B-base,105,"(.5,.75]",0.5625,0.5625,0.75,0.1875,0.6875,0.875,0.1875,0.75,0.8125,0.0625
50,B-bin/A-base,105,"(.5,.75]",0.5625,0.5625,0.75,0.1875,0.6875,0.875,0.1875,0.75,0.8125,0.0625
50,A-bin/B-base,106,"(.5,.75]",0.75,0.8125,0.875,0.0625,0.875,1.0,0.125,0.875,0.875,0.0
50,B-bin/A-base,106,"(.75,1)",0.8125,0.75,0.875,0.125,0.75,1.0,0.25,1.0,0.875,-0.125
50,A-bin/B-base,107,"(0,.25]",0.125,0.125,0.125,0.0,0.4375,0.8125,0.375,0.25,0.125,-0.125
50,B-bin/A-base,107,"(0,.25]",0.125,0.125,0.125,0.0,0.1875,0.8125,0.625,0.375,0.125,-0.25
50,A-bin/B-base,108,"(.25,.5]",0.3125,0.1875,0.5625,0.375,0.375,0.875,0.5,0.375,0.5625,0.1875
50,B-bin/A-base,108,"(0,.25]",0.1875,0.3125,0.5625,0.25,0.5625,0.875,0.3125,0.5,0.5625,0.0625
50,A-bin/B-base,109,"(.25,.5]",0.5,0.625,0.625,0.0,0.6875,0.75,0.0625,0.8125,0.625,-0.1875
50,B-bin/A-base,109,"(.5,.75]",0.625,0.5,0.625,0.125,0.5,0.75,0.25,0.8125,0.625,-0.1875
50,A-bin/B-base,110,"(.5,.75]",0.5625,0.4375,0.9375,0.5,0.5625,1.0,0.4375,0.8125,0.9375,0.125
50,B-bin/A-base,110,"(.25,.5]",0.4375,0.5625,0.9375,0.375,0.625,1.0,0.375,0.75,0.9375,0.1875
50,A-bin/B-base,111,"(.75,1)",0.8125,0.625,1.0,0.375,0.625,1.0,0.375,0.875,1.0,0.125
50,B-bin/A-base,111,"(.5,.75]",0.625,0.8125,1.0,0.1875,0.8125,1.0,0.1875,0.875,1.0,0.125
50,A-bin/B-base,112,"(.25,.5]",0.5,0.625,0.6875,0.0625,0.8125,0.875,0.0625,0.75,0.8125,0.0625
50,B-bin/A-base,112,"(.5,.75]",0.625,0.5,0.6875,0.1875,0.6875,0.875,0.1875,0.625,0.8125,0.1875
50,A-bin/B-base,113,"(.5,.75]",0.5625,0.75,0.5,-0.25,0.8125,0.8125,0.0,0.9375,0.5,-0.4375
50,B-bin/A-base,113,"(.5,.75]",0.75,0.5625,0.5,-0.0625,0.6875,0.8125,0.125,0.625,0.5,-0.125
50,A-bin/B-base,114,"(.75,1)",0.8125,0.8125,1.0,0.1875,0.8125,1.0,0.1875,0.9375,1.0,0.0625
50,B-bin/A-base,114,"(.75,1)",0.8125,0.8125,1.0,0.1875,0.875,1.0,0.125,0.9375,1.0,0.0625
50,A-bin/B-base,115,"(.25,.5]",0.5,0.25,0.6875,0.4375,0.3125,0.875,0.5625,0.5,0.6875,0.1875
50,B-bin/A-base,115,"(0,.25]",0.25,0.5,0.6875,0.1875,0.625,0.875,0.25,0.6875,0.6875,0.0
50,A-bin/B-base,116,0,0.0,0.0,0.0,0.0,0.0625,0.1875,0.125,0.0625,0.0625,0.0
50,B-bin/A-base,116,0,0.0,0.0,0.0,0.0,0.25,0.1875,-0.0625,0.0,0.0625,0.0625
50,A-bin/B-base,117,0,0.0,0.0,0.0,0.0,0.0,0.0625,0.0625,0.0625,0.0,-0.0625
50,B-bin/A-base,117,0,0.0,0.0,0.0,0.0,0.0,0.0625,0.0625,0.0625,0.0,-0.0625
50,A-bin/B-base,118,"(0,.25]",0.0625,0.0,0.0,0.0,0.375,0.8125,0.4375,0.125,0.0625,-0.0625
50,B-bin/A-base,118,0,0.0,0.0625,0.0,-0.0625,0.6875,0.8125,0.125,0.0625,0.0625,0.0
50,A-bin/B-base,119,"(.25,.5]",0.375,0.25,0.8125,0.5625,0.3125,0.875,0.5625,0.625,0.875,0.25
50,B-bin/A-base,119,"(0,.25]",0.25,0.375,0.8125,0.4375,0.4375,0.875,0.4375,0.875,0.875,0.0
50,A-bin/B-base,120,"(.25,.5]",0.375,0.25,0.6875,0.4375,0.375,0.9375,0.5625,0.4375,0.6875,0.25
50,B-bin/A-base,120,"(0,.25]",0.25,0.375,0.6875,0.3125,0.625,0.9375,0.3125,0.5,0.6875,0.1875
50,A-bin/B-base,121,0,0.0,0.0625,0.0625,0.0,0.125,0.25,0.125,0.3125,0.0625,-0.25
50,B-bin/A-base,121,"(0,.25]",0.0625,0.0,0.0625,0.0625,0.125,0.25,0.125,0.0,0.0625,0.0625
50,A-bin/B-base,122,"(0,.25]",0.0625,0.125,0.25,0.125,0.1875,0.625,0.4375,0.25,0.375,0.125
50,B-bin/A-base,122,"(0,.25]",0.125,0.0625,0.25,0.1875,0.125,0.625,0.5,0.1875,0.375,0.1875
50,A-bin/B-base,123,"(0,.25]",0.1875,0.125,0.5625,0.4375,0.25,0.6875,0.4375,0.4375,0.8125,0.375
50,B-bin/A-base,123,"(0,.25]",0.125,0.1875,0.5625,0.375,0.1875,0.6875,0.5,0.4375,0.8125,0.375
50,A-bin/B-base,124,"(.25,.5]",0.3125,0.4375,0.625,0.1875,0.4375,0.8125,0.375,0.5625,0.6875,0.125
50,B-bin/A-base,124,"(.25,.5]",0.4375,0.3125,0.625,0.3125,0.375,0.8125,0.4375,0.4375,0.6875,0.25
50,A-bin/B-base,125,"(.5,.75]",0.5625,0.8125,0.875,0.0625,0.8125,0.875,0.0625,0.9375,0.875,-0.0625
50,B-bin/A-base,125,"(.75,1)",0.8125,0.5625,0.875,0.3125,0.6875,0.875,0.1875,0.75,0.875,0.125
50,A-bin/B-base,126,"(.75,1)",0.8125,0.75,1.0,0.25,0.75,1.0,0.25,1.0,1.0,0.0
50,B-bin/A-base,126,"(.5,.75]",0.75,0.8125,1.0,0.1875,0.8125,1.0,0.1875,0.9375,1.0,0.0625
50,A-bin/B-base,127,"(.5,.75]",0.5625,0.5,0.6875,0.1875,0.5625,0.75,0.1875,0.6875,0.75,0.0625
50,B-bin/A-base,127,"(.25,.5]",0.5,0.5625,0.6875,0.125,0.5625,0.75,0.1875,0.8125,0.75,-0.0625
50,A-bin/B-base,128,"(0,.25]",0.125,0.1875,0.4375,0.25,0.375,0.6875,0.3125,0.4375,0.5,0.0625
50,B-bin/A-base,128,"(0,.25]",0.1875,0.125,0.4375,0.3125,0.1875,0.6875,0.5,0.375,0.5,0.125
50,A-bin/B-base,129,0,0.0,0.0625,0.0,-0.0625,0.25,0.5625,0.3125,0.0625,0.0,-0.0625
50,B-bin/A-base,129,"(0,.25]",0.0625,0.0,0.0,0.0,0.0625,0.5625,0.5,0.0,0.0,0.0
50,A-bin/B-base,130,"(.75,1)",0.9375,0.8125,1.0,0.1875,0.8125,1.0,0.1875,0.9375,1.0,0.0625
50,B-bin/A-base,130,"(.75,1)",0.8125,0.9375,1.0,0.0625,0.9375,1.0,0.0625,1.0,1.0,0.0
50,A-bin/B-base,131,"(0,.25]",0.125,0.1875,0.25,0.0625,0.1875,0.5625,0.375,0.1875,0.4375,0.25
50,B-bin/A-base,131,"(0,.25]",0.1875,0.125,0.25,0.125,0.1875,0.5625,0.375,0.125,0.4375,0.3125
50,A-bin/B-base,132,"(.5,.75]",0.75,0.4375,0.6875,0.25,0.5625,0.9375,0.375,0.6875,0.6875,0.0
50,B-bin/A-base,132,"(.25,.5]",0.4375,0.75,0.6875,-0.0625,0.75,0.9375,0.1875,0.75,0.6875,-0.0625
50,A-bin/B-base,133,"(.25,.5]",0.4375,0.375,0.75,0.375,0.375,0.875,0.5,0.75,0.8125,0.0625
50,B-bin/A-base,133,"(.25,.5]",0.375,0.4375,0.75,0.3125,0.5,0.875,0.375,0.6875,0.8125,0.125
50,A-bin/B-base,134,"(0,.25]",0.0625,0.0,0.0625,0.0625,0.4375,0.75,0.3125,0.0625,0.0625,0.0
50,B-bin/A-base,134,0,0.0,0.0625,0.0625,0.0,0.4375,0.75,0.3125,0.0625,0.0625,0.0
50,A-bin/B-base,135,"(.5,.75]",0.6875,0.75,0.6875,-0.0625,0.75,0.875,0.125,0.875,0.6875,-0.1875
50,B-bin/A-base,135,"(.5,.75]",0.75,0.6875,0.6875,0.0,0.75,0.875,0.125,0.75,0.6875,-0.0625
50,A-bin/B-base,136,"(0,.25]",0.25,0.125,0.3125,0.1875,0.1875,0.5625,0.375,0.5625,0.4375,-0.125
50,B-bin/A-base,136,"(0,.25]",0.125,0.25,0.3125,0.0625,0.25,0.5625,0.3125,0.4375,0.4375,0.0
50,A-bin/B-base,137,"(.5,.75]",0.5625,0.3125,0.5625,0.25,0.375,0.6875,0.3125,0.5625,0.625,0.0625
50,B-bin/A-base,137,"(.25,.5]",0.3125,0.5625,0.5625,0.0,0.5625,0.6875,0.125,0.625,0.625,0.0
50,A-bin/B-base,138,"(0,.25]",0.1875,0.0625,0.1875,0.125,0.0625,0.4375,0.375,0.4375,0.3125,-0.125
50,B-bin/A-base,138,"(0,.25]",0.0625,0.1875,0.1875,0.0,0.25,0.4375,0.1875,0.25,0.3125,0.0625
50,A-bin/B-base,139,0,0.0,0.125,0.625,0.5,0.1875,0.6875,0.5,0.5625,0.8125,0.25
50,B-bin/A-base,139,"(0,.25]",0.125,0.0,0.625,0.625,0.0,0.6875,0.6875,0.25,0.8125,0.5625
50,A-bin/B-base,140,"(.25,.5]",0.3125,0.25,0.375,0.125,0.25,0.625,0.375,0.4375,0.375,-0.0625
50,B-bin/A-base,140,"(0,.25]",0.25,0.3125,0.375,0.0625,0.3125,0.625,0.3125,0.5625,0.375,-0.1875
50,A-bin/B-base,141,"(0,.25]",0.1875,0.3125,0.625,0.3125,0.75,0.9375,0.1875,0.4375,0.625,0.1875
50,B-bin/A-base,141,"(.25,.5]",0.3125,0.1875,0.625,0.4375,0.1875,0.9375,0.75,0.4375,0.625,0.1875
50,A-bin/B-base,142,0,0.0,0.0625,0.0625,0.0,0.125,0.375,0.25,0.1875,0.0625,-0.125
50,B-bin/A-base,142,"(0,.25]",0.0625,0.0,0.0625,0.0625,0.125,0.375,0.25,0.125,0.0625,-0.0625
50,A-bin/B-base,143,"(.25,.5]",0.3125,0.4375,0.125,-0.3125,0.5625,0.6875,0.125,0.5,0.1875,-0.3125
50,B-bin/A-base,143,"(.25,.5]",0.4375,0.3125,0.125,-0.1875,0.5,0.6875,0.1875,0.4375,0.1875,-0.25
50,A-bin/B-base,144,"(0,.25]",0.25,0.1875,0.4375,0.25,0.25,0.8125,0.5625,0.5,0.5625,0.0625
50,B-bin/A-base,144,"(0,.25]",0.1875,0.25,0.4375,0.1875,0.3125,0.8125,0.5,0.5625,0.5625,0.0
50,A-bin/B-base,145,"(.5,.75]",0.6875,0.375,0.6875,0.3125,0.5,0.9375,0.4375,0.5625,0.6875,0.125
50,B-bin/A-base,145,"(.25,.5]",0.375,0.6875,0.6875,0.0,0.6875,0.9375,0.25,0.875,0.6875,-0.1875
50,A-bin/B-base,146,"(0,.25]",0.25,0.0625,0.5625,0.5,0.3125,0.8125,0.5,0.1875,0.5625,0.375
50,B-bin/A-base,146,"(0,.25]",0.0625,0.25,0.5625,0.3125,0.25,0.8125,0.5625,0.4375,0.5625,0.125
50,A-bin/B-base,147,"(.75,1)",0.8125,0.6875,0.875,0.1875,0.6875,0.875,0.1875,0.875,1.0,0.125
50,B-bin/A-base,147,"(.5,.75]",0.6875,0.8125,0.875,0.0625,0.8125,0.875,0.0625,0.9375,1.0,0.0625
50,A-bin/B-base,148,"(.5,.75]",0.5625,0.1875,0.625,0.4375,0.3125,0.8125,0.5,0.5,0.6875,0.1875
50,B-bin/A-base,148,"(0,.25]",0.1875,0.5625,0.625,0.0625,0.625,0.8125,0.1875,0.75,0.6875,-0.0625
50,A-bin/B-base,149,"(.5,.75]",0.5625,0.5,0.75,0.25,0.5625,0.8125,0.25,0.875,0.8125,-0.0625
50,B-bin/A-base,149,"(.25,.5]",0.5,0.5625,0.75,0.1875,0.625,0.8125,0.1875,0.625,0.8125,0.1875
50,A-bin/B-base,150,"(.5,.75]",0.75,0.4375,0.875,0.4375,0.5,1.0,0.5,0.75,0.875,0.125
50,B-bin/A-base,150,"(.25,.5]",0.4375,0.75,0.875,0.125,0.75,1.0,0.25,0.9375,0.875,-0.0625
50,A-bin/B-base,151,"(.25,.5]",0.5,0.5625,0.625,0.0625,0.625,0.9375,0.3125,0.8125,0.625,-0.1875
50,B-bin/A-base,151,"(.5,.75]",0.5625,0.5,0.625,0.125,0.75,0.9375,0.1875,0.5625,0.625,0.0625
50,A-bin/B-base,152,"(.5,.75]",0.6875,0.5625,0.75,0.1875,0.625,0.875,0.25,0.75,0.875,0.125
50,B-bin/A-base,152,"(.5,.75]",0.5625,0.6875,0.75,0.0625,0.75,0.875,0.125,0.8125,0.875,0.0625
50,A-bin/B-base,153,"(.25,.5]",0.3125,0.4375,0.3125,-0.125,0.5625,0.8125,0.25,0.5,0.3125,-0.1875
50,B-bin/A-base,153,"(.25,.5]",0.4375,0.3125,0.3125,0.0,0.625,0.8125,0.1875,0.375,0.3125,-0.0625
50,A-bin/B-base,154,"(.25,.5]",0.3125,0.4375,0.8125,0.375,0.5,0.9375,0.4375,0.625,0.8125,0.1875
50,B-bin/A-base,154,"(.25,.5]",0.4375,0.3125,0.8125,0.5,0.3125,0.9375,0.625,0.625,0.8125,0.1875
50,A-bin/B-base,155,"(.25,.5]",0.375,0.125,0.5,0.375,0.375,0.5625,0.1875,0.3125,0.625,0.3125
50,B-bin/A-base,155,"(0,.25]",0.125,0.375,0.5,0.125,0.4375,0.5625,0.125,0.4375,0.625,0.1875
50,A-bin/B-base,156,"(.5,.75]",0.5625,0.6875,0.625,-0.0625,0.75,0.9375,0.1875,0.875,0.6875,-0.1875
50,B-bin/A-base,156,"(.5,.75]",0.6875,0.5625,0.625,0.0625,0.5625,0.9375,0.375,0.9375,0.6875,-0.25
50,A-bin/B-base,157,"(.25,.5]",0.3125,0.5,0.5625,0.0625,0.5,0.75,0.25,0.75,0.625,-0.125
50,B-bin/A-base,157,"(.25,.5]",0.5,0.3125,0.5625,0.25,0.3125,0.75,0.4375,0.5,0.625,0.125
50,A-bin/B-base,158,"(.25,.5]",0.4375,0.0625,0.75,0.6875,0.1875,0.8125,0.625,0.5,0.75,0.25
50,B-bin/A-base,158,"(0,.25]",0.0625,0.4375,0.75,0.3125,0.5625,0.8125,0.25,0.625,0.75,0.125
50,A-bin/B-base,159,"(0,.25]",0.0625,0.0625,0.3125,0.25,0.3125,0.875,0.5625,0.125,0.375,0.25
50,B-bin/A-base,159,"(0,.25]",0.0625,0.0625,0.3125,0.25,0.25,0.875,0.625,0.125,0.375,0.25
50,A-bin/B-base,160,0,0.0,0.0,0.0,0.0,0.3125,0.75,0.4375,0.0,0.0,0.0
50,B-bin/A-base,160,0,0.0,0.0,0.0,0.0,0.375,0.75,0.375,0.0,0.0,0.0
50,A-bin/B-base,161,"(.75,1)",0.875,0.6875,0.6875,0.0,0.8125,1.0,0.1875,0.75,0.6875,-0.0625
50,B-bin/A-base,161,"(.5,.75]",0.6875,0.875,0.6875,-0.1875,0.9375,1.0,0.0625,0.875,0.6875,-0.1875
50,A-bin/B-base,162,"(0,.25]",0.0625,0.1875,0.25,0.0625,0.375,0.75,0.375,0.1875,0.25,0.0625
50,B-bin/A-base,162,"(0,.25]",0.1875,0.0625,0.25,0.1875,0.3125,0.75,0.4375,0.125,0.25,0.125
50,A-bin/B-base,163,"(.25,.5]",0.5,0.625,0.75,0.125,0.6875,0.875,0.1875,0.8125,0.8125,0.0
50,B-bin/A-base,163,"(.5,.75]",0.625,0.5,0.75,0.25,0.625,0.875,0.25,0.75,0.8125,0.0625
50,A-bin/B-base,164,"(.5,.75]",0.5625,0.5,0.8125,0.3125,0.6875,0.8125,0.125,0.625,0.875,0.25
50,B-bin/A-base,164,"(.25,.5]",0.5,0.5625,0.8125,0.25,0.8125,0.8125,0.0,0.6875,0.875,0.1875
50,A-bin/B-base,165,0,0.0,0.0,0.0625,0.0625,0.375,0.5625,0.1875,0.0,0.1875,0.1875
50,B-bin/A-base,165,0,0.0,0.0,0.0625,0.0625,0.0,0.5625,0.5625,0.0625,0.1875,0.125
50,A-bin/B-base,166,"(0,.25]",0.125,0.125,0.25,0.125,0.25,0.625,0.375,0.1875,0.375,0.1875
50,B-bin/A-base,166,"(0,.25]",0.125,0.125,0.25,0.125,0.125,0.625,0.5,0.5625,0.375,-0.1875
50,A-bin/B-base,167,0,0.0,0.0,0.0,0.0,0.5,0.8125,0.3125,0.0,0.0,0.0
50,B-bin/A-base,167,0,0.0,0.0,0.0,0.0,0.5,0.8125,0.3125,0.0,0.0,0.0
50,A-bin/B-base,168,"(.75,1)",0.8125,0.875,0.75,-0.125,0.875,0.875,0.0,0.875,0.875,0.0
50,B-bin/A-base,168,"(.75,1)",0.875,0.8125,0.75,-0.0625,0.875,0.875,0.0,0.9375,0.875,-0.0625
50,A-bin/B-base,169,"(0,.25]",0.125,0.0,0.5,0.5,0.25,0.8125,0.5625,0.1875,0.5625,0.375
50,B-bin/A-base,169,0,0.0,0.125,0.5,0.375,0.25,0.8125,0.5625,0.25,0.5625,0.3125
50,A-bin/B-base,170,"(.5,.75]",0.5625,0.5625,0.9375,0.375,0.625,0.9375,0.3125,0.75,1.0,0.25
50,B-bin/A-base,170,"(.5,.75]",0.5625,0.5625,0.9375,0.375,0.5625,0.9375,0.375,0.75,1.0,0.25
50,A-bin/B-base,171,0,0.0,0.0625,0.375,0.3125,0.125,0.75,0.625,0.125,0.4375,0.3125
50,B-bin/A-base,171,"(0,.25]",0.0625,0.0,0.375,0.375,0.0625,0.75,0.6875,0.1875,0.4375,0.25
50,A-bin/B-base,172,"(.5,.75]",0.5625,0.5625,0.9375,0.375,0.5625,1.0,0.4375,0.8125,0.9375,0.125
50,B-bin/A-base,172,"(.5,.75]",0.5625,0.5625,0.9375,0.375,0.625,1.0,0.375,0.875,0.9375,0.0625
50,A-bin/B-base,173,"(0,.25]",0.125,0.0,0.0625,0.0625,0.0,0.25,0.25,0.0,0.125,0.125
50,B-bin/A-base,173,0,0.0,0.125,0.0625,-0.0625,0.1875,0.25,0.0625,0.25,0.125,-0.125
50,A-bin/B-base,174,"(.5,.75]",0.625,0.5,0.5,0.0,0.625,0.75,0.125,0.75,0.5625,-0.1875
50,B-bin/A-base,174,"(.25,.5]",0.5,0.625,0.5,-0.125,0.6875,0.75,0.0625,0.8125,0.5625,-0.25
50,A-bin/B-base,175,"(0,.25]",0.0625,0.1875,0.125,-0.0625,0.1875,0.25,0.0625,0.5,0.1875,-0.3125
50,B-bin/A-base,175,"(0,.25]",0.1875,0.0625,0.125,0.0625,0.0625,0.25,0.1875,0.4375,0.1875,-0.25
50,A-bin/B-base,176,1,1.0,0.8125,0.9375,0.125,0.8125,0.9375,0.125,0.9375,1.0,0.0625
50,B-bin/A-base,176,"(.75,1)",0.8125,1.0,0.9375,-0.0625,1.0,0.9375,-0.0625,1.0,1.0,0.0
50,A-bin/B-base,177,"(.25,.5]",0.375,0.3125,0.375,0.0625,0.375,0.75,0.375,0.375,0.4375,0.0625
50,B-bin/A-base,177,"(.25,.5]",0.3125,0.375,0.375,0.0,0.625,0.75,0.125,0.5625,0.4375,-0.125
50,A-bin/B-base,178,"(.25,.5]",0.5,0.5,0.625,0.125,0.5625,0.8125,0.25,0.6875,0.6875,0.0
50,B-bin/A-base,178,"(.25,.5]",0.5,0.5,0.625,0.125,0.5625,0.8125,0.25,0.75,0.6875,-0.0625
50,A-bin/B-base,179,"(.25,.5]",0.3125,0.5625,0.75,0.1875,0.6875,0.9375,0.25,0.625,0.75,0.125
50,B-bin/A-base,179,"(.5,.75]",0.5625,0.3125,0.75,0.4375,0.375,0.9375,0.5625,0.6875,0.75,0.0625
50,A-bin/B-base,180,"(.75,1)",0.875,0.75,0.875,0.125,0.75,0.875,0.125,0.9375,0.9375,0.0
50,B-bin/A-base,180,"(.5,.75]",0.75,0.875,0.875,0.0,0.875,0.875,0.0,0.9375,0.9375,0.0
50,A-bin/B-base,181,"(0,.25]",0.125,0.0625,0.125,0.0625,0.125,0.3125,0.1875,0.125,0.3125,0.1875
50,B-bin/A-base,181,"(0,.25]",0.0625,0.125,0.125,0.0,0.25,0.3125,0.0625,0.375,0.3125,-0.0625
50,A-bin/B-base,182,"(0,.25]",0.25,0.0625,0.1875,0.125,0.375,0.6875,0.3125,0.125,0.25,0.125
50,B-bin/A-base,182,"(0,.25]",0.0625,0.25,0.1875,-0.0625,0.4375,0.6875,0.25,0.25,0.25,0.0
50,A-bin/B-base,183,"(0,.25]",0.0625,0.0625,0.5,0.4375,0.125,0.625,0.5,0.25,0.5625,0.3125
50,B-bin/A-base,183,"(0,.25]",0.0625,0.0625,0.5,0.4375,0.1875,0.625,0.4375,0.1875,0.5625,0.375
50,A-bin/B-base,184,0,0.0,0.125,0.3125,0.1875,0.4375,0.75,0.3125,0.125,0.3125,0.1875
50,B-bin/A-base,184,"(0,.25]",0.125,0.0,0.3125,0.3125,0.0625,0.75,0.6875,0.0625,0.3125,0.25
50,A-bin/B-base,185,"(.75,1)",0.8125,0.875,0.9375,0.0625,0.875,0.9375,0.0625,1.0,1.0,0.0
50,B-bin/A-base,185,"(.75,1)",0.875,0.8125,0.9375,0.125,0.8125,0.9375,0.125,0.9375,1.0,0.0625
50,A-bin/B-base,186,"(.5,.75]",0.625,0.625,0.6875,0.0625,0.6875,0.8125,0.125,0.8125,0.875,0.0625
50,B-bin/A-base,186,"(.5,.75]",0.625,0.625,0.6875,0.0625,0.6875,0.8125,0.125,0.9375,0.875,-0.0625
50,A-bin/B-base,187,"(0,.25]",0.0625,0.0,0.0,0.0,0.0625,0.375,0.3125,0.0625,0.0,-0.0625
50,B-bin/A-base,187,0,0.0,0.0625,0.0,-0.0625,0.0625,0.375,0.3125,0.0625,0.0,-0.0625
50,A-bin/B-base,188,"(.75,1)",0.875,0.9375,0.9375,0.0,0.9375,0.9375,0.0,1.0,1.0,0.0
50,B-bin/A-base,188,"(.75,1)",0.9375,0.875,0.9375,0.0625,0.875,0.9375,0.0625,1.0,1.0,0.0
50,A-bin/B-base,189,"(0,.25]",0.25,0.1875,0.4375,0.25,0.3125,0.6875,0.375,0.5625,0.5,-0.0625
50,B-bin/A-base,189,"(0,.25]",0.1875,0.25,0.4375,0.1875,0.375,0.6875,0.3125,0.375,0.5,0.125
50,A-bin/B-base,190,"(0,.25]",0.125,0.0,0.4375,0.4375,0.125,0.875,0.75,0.0625,0.5,0.4375
50,B-bin/A-base,190,0,0.0,0.125,0.4375,0.3125,0.375,0.875,0.5,0.3125,0.5,0.1875
50,A-bin/B-base,191,0,0.0,0.0,0.0,0.0,0.1875,0.375,0.1875,0.0625,0.0,-0.0625
50,B-bin/A-base,191,0,0.0,0.0,0.0,0.0,0.125,0.375,0.25,0.0625,0.0,-0.0625
50,A-bin/B-base,192,"(0,.25]",0.25,0.3125,0.3125,0.0,0.375,0.6875,0.3125,0.4375,0.3125,-0.125
50,B-bin/A-base,192,"(.25,.5]",0.3125,0.25,0.3125,0.0625,0.25,0.6875,0.4375,0.625,0.3125,-0.3125
50,A-bin/B-base,193,"(.25,.5]",0.5,0.1875,0.3125,0.125,0.4375,0.5,0.0625,0.3125,0.375,0.0625
50,B-bin/A-base,193,"(0,.25]",0.1875,0.5,0.3125,-0.1875,0.5625,0.5,-0.0625,0.5,0.375,-0.125
50,A-bin/B-base,194,"(0,.25]",0.25,0.25,0.8125,0.5625,0.5625,1.0,0.4375,0.375,0.8125,0.4375
50,B-bin/A-base,194,"(0,.25]",0.25,0.25,0.8125,0.5625,0.4375,1.0,0.5625,0.375,0.8125,0.4375
50,A-bin/B-base,195,"(.5,.75]",0.5625,0.6875,0.875,0.1875,0.6875,0.875,0.1875,0.9375,1.0,0.0625
50,B-bin/A-base,195,"(.5,.75]",0.6875,0.5625,0.875,0.3125,0.5625,0.875,0.3125,0.875,1.0,0.125
50,A-bin/B-base,196,"(.25,.5]",0.5,0.625,0.875,0.25,0.6875,0.875,0.1875,0.875,0.9375,0.0625
50,B-bin/A-base,196,"(.5,.75]",0.625,0.5,0.875,0.375,0.5625,0.875,0.3125,0.75,0.9375,0.1875
50,A-bin/B-base,197,"(0,.25]",0.1875,0.3125,0.8125,0.5,0.375,0.875,0.5,0.75,0.9375,0.1875
50,B-bin/A-base,197,"(.25,.5]",0.3125,0.1875,0.8125,0.625,0.1875,0.875,0.6875,0.5,0.9375,0.4375
50,A-bin/B-base,198,"(0,.25]",0.1875,0.125,0.0625,-0.0625,0.1875,0.3125,0.125,0.125,0.1875,0.0625
50,B-bin/A-base,198,"(0,.25]",0.125,0.1875,0.0625,-0.125,0.1875,0.3125,0.125,0.1875,0.1875,0.0
50,A-bin/B-base,199,"(0,.25]",0.1875,0.0,0.3125,0.3125,0.0,0.5,0.5,0.0,0.375,0.375
50,B-bin/A-base,199,0,0.0,0.1875,0.3125,0.125,0.1875,0.5,0.3125,0.3125,0.375,0.0625
50,A-bin/B-base,200,"(.25,.5]",0.375,0.6875,0.875,0.1875,0.6875,0.9375,0.25,0.8125,0.875,0.0625
50,B-bin/A-base,200,"(.5,.75]",0.6875,0.375,0.875,0.5,0.4375,0.9375,0.5,0.625,0.875,0.25
50,A-bin/B-base,201,"(0,.25]",0.0625,0.0625,0.3125,0.25,0.1875,0.75,0.5625,0.125,0.3125,0.1875
50,B-bin/A-base,201,"(0,.25]",0.0625,0.0625,0.3125,0.25,0.25,0.75,0.5,0.125,0.3125,0.1875
50,A-bin/B-base,202,"(.75,1)",0.875,0.875,0.875,0.0,0.9375,1.0,0.0625,0.9375,0.875,-0.0625
50,B-bin/A-base,202,"(.75,1)",0.875,0.875,0.875,0.0,0.875,1.0,0.125,1.0,0.875,-0.125
50,A-bin/B-base,203,"(.75,1)",0.8125,0.8125,1.0,0.1875,0.8125,1.0,0.1875,0.9375,1.0,0.0625
50,B-bin/A-base,203,"(.75,1)",0.8125,0.8125,1.0,0.1875,0.875,1.0,0.125,0.9375,1.0,0.0625
50,A-bin/B-base,204,"(0,.25]",0.25,0.375,0.3125,-0.0625,0.4375,0.6875,0.25,0.5,0.375,-0.125
50,B-bin/A-base,204,"(.25,.5]",0.375,0.25,0.3125,0.0625,0.3125,0.6875,0.375,0.4375,0.375,-0.0625
50,A-bin/B-base,205,"(0,.25]",0.125,0.25,0.125,-0.125,0.375,0.625,0.25,0.25,0.1875,-0.0625
50,B-bin/A-base,205,"(0,.25]",0.25,0.125,0.125,0.0,0.375,0.625,0.25,0.125,0.1875,0.0625
50,A-bin/B-base,206,"(0,.25]",0.25,0.4375,0.625,0.1875,0.4375,0.625,0.1875,0.5625,0.75,0.1875
50,B-bin/A-base,206,"(.25,.5]",0.4375,0.25,0.625,0.375,0.25,0.625,0.375,0.6875,0.75,0.0625
50,A-bin/B-base,207,"(.25,.5]",0.5,0.5625,0.875,0.3125,0.625,1.0,0.375,0.75,0.875,0.125
50,B-bin/A-base,207,"(.5,.75]",0.5625,0.5,0.875,0.375,0.5625,1.0,0.4375,0.6875,0.875,0.1875
50,A-bin/B-base,208,"(.5,.75]",0.6875,0.75,0.875,0.125,0.75,0.9375,0.1875,0.9375,0.9375,0.0
50,B-bin/A-base,208,"(.5,.75]",0.75,0.6875,0.875,0.1875,0.6875,0.9375,0.25,0.875,0.9375,0.0625
50,A-bin/B-base,209,"(.5,.75]",0.5625,0.5,0.75,0.25,0.5,0.8125,0.3125,0.8125,0.9375,0.125
50,B-bin/A-base,209,"(.25,.5]",0.5,0.5625,0.75,0.1875,0.625,0.8125,0.1875,0.625,0.9375,0.3125
50,A-bin/B-base,210,"(.25,.5]",0.3125,0.25,0.5625,0.3125,0.375,0.5625,0.1875,0.6875,0.6875,0.0
50,B-bin/A-base,210,"(0,.25]",0.25,0.3125,0.5625,0.25,0.375,0.5625,0.1875,0.4375,0.6875,0.25
50,A-bin/B-base,211,"(0,.25]",0.0625,0.125,0.375,0.25,0.5,0.875,0.375,0.1875,0.375,0.1875
50,B-bin/A-base,211,"(0,.25]",0.125,0.0625,0.375,0.3125,0.4375,0.875,0.4375,0.3125,0.375,0.0625
50,A-bin/B-base,212,0,0.0,0.0,0.0,0.0,0.0,0.1875,0.1875,0.25,0.0,-0.25
50,B-bin/A-base,212,0,0.0,0.0,0.0,0.0,0.0625,0.1875,0.125,0.125,0.0,-0.125
50,A-bin/B-base,213,"(.5,.75]",0.5625,0.625,0.8125,0.1875,0.6875,0.9375,0.25,0.8125,0.8125,0.0
50,B-bin/A-base,213,"(.5,.75]",0.625,0.5625,0.8125,0.25,0.5625,0.9375,0.375,0.75,0.8125,0.0625
50,A-bin/B-base,214,"(0,.25]",0.0625,0.0,0.0625,0.0625,0.375,0.5,0.125,0.0,0.1875,0.1875
50,B-bin/A-base,214,0,0.0,0.0625,0.0625,0.0,0.3125,0.5,0.1875,0.0625,0.1875,0.125
50,A-bin/B-base,215,"(.25,.5]",0.5,0.75,0.625,-0.125,0.75,0.75,0.0,0.9375,0.8125,-0.125
50,B-bin/A-base,215,"(.5,.75]",0.75,0.5,0.625,0.125,0.5625,0.75,0.1875,0.875,0.8125,-0.0625
50,A-bin/B-base,216,"(.5,.75]",0.75,0.5,0.75,0.25,0.5,0.75,0.25,0.8125,0.8125,0.0
50,B-bin/A-base,216,"(.25,.5]",0.5,0.75,0.75,0.0,0.75,0.75,0.0,1.0,0.8125,-0.1875
50,A-bin/B-base,217,"(0,.25]",0.1875,0.0625,0.1875,0.125,0.0625,0.375,0.3125,0.3125,0.3125,0.0
50,B-bin/A-base,217,"(0,.25]",0.0625,0.1875,0.1875,0.0,0.1875,0.375,0.1875,0.375,0.3125,-0.0625
50,A-bin/B-base,218,"(0,.25]",0.125,0.125,0.125,0.0,0.75,0.875,0.125,0.1875,0.125,-0.0625
50,B-bin/A-base,218,"(0,.25]",0.125,0.125,0.125,0.0,0.4375,0.875,0.4375,0.1875,0.125,-0.0625
50,A-bin/B-base,219,"(0,.25]",0.0625,0.0,0.125,0.125,0.125,0.5625,0.4375,0.1875,0.125,-0.0625
50,B-bin/A-base,219,0,0.0,0.0625,0.125,0.0625,0.3125,0.5625,0.25,0.3125,0.125,-0.1875
50,A-bin/B-base,220,"(0,.25]",0.0625,0.125,0.25,0.125,0.125,0.375,0.25,0.3125,0.5,0.1875
50,B-bin/A-base,220,"(0,.25]",0.125,0.0625,0.25,0.1875,0.125,0.375,0.25,0.25,0.5,0.25
50,A-bin/B-base,221,"(.75,1)",0.875,0.875,0.875,0.0,0.875,0.9375,0.0625,0.9375,0.9375,0.0
50,B-bin/A-base,221,"(.75,1)",0.875,0.875,0.875,0.0,0.875,0.9375,0.0625,1.0,0.9375,-0.0625
50,A-bin/B-base,222,"(0,.25]",0.25,0.4375,0.5625,0.125,0.5,0.625,0.125,0.5,0.5625,0.0625
50,B-bin/A-base,222,"(.25,.5]",0.4375,0.25,0.5625,0.3125,0.5,0.625,0.125,0.375,0.5625,0.1875
50,A-bin/B-base,223,"(0,.25]",0.125,0.0625,0.25,0.1875,0.125,0.375,0.25,0.3125,0.375,0.0625
50,B-bin/A-base,223,"(0,.25]",0.0625,0.125,0.25,0.125,0.3125,0.375,0.0625,0.1875,0.375,0.1875
50,A-bin/B-base,224,0,0.0,0.0,0.0625,0.0625,0.0,0.25,0.25,0.25,0.125,-0.125
50,B-bin/A-base,224,0,0.0,0.0,0.0625,0.0625,0.1875,0.25,0.0625,0.0625,0.125,0.0625
50,A-bin/B-base,225,"(0,.25]",0.0625,0.0,0.125,0.125,0.0625,0.4375,0.375,0.1875,0.25,0.0625
50,B-bin/A-base,225,0,0.0,0.0625,0.125,0.0625,0.125,0.4375,0.3125,0.125,0.25,0.125
50,A-bin/B-base,226,"(0,.25]",0.1875,0.4375,0.5625,0.125,0.5625,0.6875,0.125,0.625,0.6875,0.0625
50,B-bin/A-base,226,"(.25,.5]",0.4375,0.1875,0.5625,0.375,0.3125,0.6875,0.375,0.25,0.6875,0.4375
50,A-bin/B-base,227,"(.5,.75]",0.625,0.75,0.875,0.125,0.8125,0.9375,0.125,0.875,0.875,0.0
50,B-bin/A-base,227,"(.5,.75]",0.75,0.625,0.875,0.25,0.625,0.9375,0.3125,0.9375,0.875,-0.0625
50,A-bin/B-base,228,"(0,.25]",0.125,0.0,0.0,0.0,0.5625,0.875,0.3125,0.0625,0.0625,0.0
50,B-bin/A-base,228,0,0.0,0.125,0.0,-0.125,0.6875,0.875,0.1875,0.1875,0.0625,-0.125
50,A-bin/B-base,229,"(0,.25]",0.1875,0.0625,0.25,0.1875,0.6875,0.9375,0.25,0.125,0.25,0.125
50,B-bin/A-base,229,"(0,.25]",0.0625,0.1875,0.25,0.0625,0.75,0.9375,0.1875,0.1875,0.25,0.0625
50,A-bin/B-base,230,"(0,.25]",0.125,0.0625,0.25,0.1875,0.25,0.5625,0.3125,0.125,0.25,0.125
50,B-bin/A-base,230,"(0,.25]",0.0625,0.125,0.25,0.125,0.4375,0.5625,0.125,0.125,0.25,0.125
50,A-bin/B-base,231,"(0,.25]",0.0625,0.125,0.0625,-0.0625,0.1875,0.3125,0.125,0.125,0.125,0.0
50,B-bin/A-base,231,"(0,.25]",0.125,0.0625,0.0625,0.0,0.125,0.3125,0.1875,0.125,0.125,0.0
50,A-bin/B-base,232,0,0.0,0.0,0.0,0.0,0.4375,0.5625,0.125,0.0,0.0,0.0
50,B-bin/A-base,232,0,0.0,0.0,0.0,0.0,0.375,0.5625,0.1875,0.0,0.0,0.0
50,A-bin/B-base,233,"(.25,.5]",0.5,0.375,0.25,-0.125,0.6875,0.9375,0.25,0.4375,0.3125,-0.125
50,B-bin/A-base,233,"(.25,.5]",0.375,0.5,0.25,-0.25,0.75,0.9375,0.1875,0.625,0.3125,-0.3125
50,A-bin/B-base,234,0,0.0,0.0,0.1875,0.1875,0.125,0.4375,0.3125,0.0,0.25,0.25
50,B-bin/A-base,234,0,0.0,0.0,0.1875,0.1875,0.125,0.4375,0.3125,0.0,0.25,0.25
50,A-bin/B-base,235,"(0,.25]",0.0625,0.125,0.0,-0.125,0.3125,0.4375,0.125,0.375,0.0,-0.375
50,B-bin/A-base,235,"(0,.25]",0.125,0.0625,0.0,-0.0625,0.0625,0.4375,0.375,0.1875,0.0,-0.1875
50,A-bin/B-base,236,"(.75,1)",0.9375,0.75,0.75,0.0,0.75,0.8125,0.0625,0.8125,0.8125,0.0
50,B-bin/A-base,236,"(.5,.75]",0.75,0.9375,0.75,-0.1875,0.9375,0.8125,-0.125,1.0,0.8125,-0.1875
50,A-bin/B-base,237,"(0,.25]",0.0625,0.0,0.0,0.0,0.125,0.3125,0.1875,0.0625,0.0,-0.0625
50,B-bin/A-base,237,0,0.0,0.0625,0.0,-0.0625,0.0625,0.3125,0.25,0.0625,0.0,-0.0625
50,A-bin/B-base,238,"(.25,.5]",0.375,0.4375,0.875,0.4375,0.5,0.9375,0.4375,0.75,0.875,0.125
50,B-bin/A-base,238,"(.25,.5]",0.4375,0.375,0.875,0.5,0.4375,0.9375,0.5,0.875,0.875,0.0
50,A-bin/B-base,239,"(0,.25]",0.25,0.125,0.1875,0.0625,0.125,0.5,0.375,0.125,0.3125,0.1875
50,B-bin/A-base,239,"(0,.25]",0.125,0.25,0.1875,-0.0625,0.25,0.5,0.25,0.375,0.3125,-0.0625
50,A-bin/B-base,240,"(.25,.5]",0.5,0.625,1.0,0.375,0.625,1.0,0.375,1.0,1.0,0.0
50,B-bin/A-base,240,"(.5,.75]",0.625,0.5,1.0,0.5,0.5625,1.0,0.4375,0.8125,1.0,0.1875
50,A-bin/B-base,241,"(.5,.75]",0.625,0.3125,0.75,0.4375,0.3125,0.875,0.5625,0.6875,0.8125,0.125
50,B-bin/A-base,241,"(.25,.5]",0.3125,0.625,0.75,0.125,0.6875,0.875,0.1875,0.6875,0.8125,0.125
50,A-bin/B-base,242,"(.5,.75]",0.75,0.375,0.75,0.375,0.375,0.75,0.375,0.6875,0.8125,0.125
50,B-bin/A-base,242,"(.25,.5]",0.375,0.75,0.75,0.0,0.8125,0.75,-0.0625,0.9375,0.8125,-0.125
50,A-bin/B-base,243,"(0,.25]",0.0625,0.0625,0.4375,0.375,0.125,0.6875,0.5625,0.0625,0.5,0.4375
50,B-bin/A-base,243,"(0,.25]",0.0625,0.0625,0.4375,0.375,0.4375,0.6875,0.25,0.1875,0.5,0.3125
50,A-bin/B-base,244,"(.75,1)",0.875,0.75,1.0,0.25,0.75,1.0,0.25,0.9375,1.0,0.0625
50,B-bin/A-base,244,"(.5,.75]",0.75,0.875,1.0,0.125,0.875,1.0,0.125,0.9375,1.0,0.0625
50,A-bin/B-base,245,"(.25,.5]",0.375,0.375,0.875,0.5,0.4375,0.875,0.4375,0.625,0.9375,0.3125
50,B-bin/A-base,245,"(.25,.5]",0.375,0.375,0.875,0.5,0.5,0.875,0.375,0.5625,0.9375,0.375
50,A-bin/B-base,246,"(0,.25]",0.0625,0.0625,0.0625,0.0,0.0625,0.375,0.3125,0.125,0.125,0.0
50,B-bin/A-base,246,"(0,.25]",0.0625,0.0625,0.0625,0.0,0.125,0.375,0.25,0.125,0.125,0.0
50,A-bin/B-base,247,0,0.0,0.0,0.125,0.125,0.25,0.3125,0.0625,0.0625,0.1875,0.125
50,B-bin/A-base,247,0,0.0,0.0,0.125,0.125,0.25,0.3125,0.0625,0.125,0.1875,0.0625
50,A-bin/B-base,248,0,0.0,0.0,0.125,0.125,0.0625,0.3125,0.25,0.0625,0.1875,0.125
50,B-bin/A-base,248,0,0.0,0.0,0.125,0.125,0.1875,0.3125,0.125,0.0625,0.1875,0.125
50,A-bin/B-base,249,"(.5,.75]",0.625,0.75,0.875,0.125,0.75,0.875,0.125,0.875,0.9375,0.0625
50,B-bin/A-base,249,"(.5,.75]",0.75,0.625,0.875,0.25,0.625,0.875,0.25,0.875,0.9375,0.0625
50,A-bin/B-base,250,0,0.0,0.125,0.25,0.125,0.4375,0.75,0.3125,0.3125,0.3125,0.0
50,B-bin/A-base,250,"(0,.25]",0.125,0.0,0.25,0.25,0.25,0.75,0.5,0.0625,0.3125,0.25
50,A-bin/B-base,251,"(0,.25]",0.1875,0.125,0.0625,-0.0625,0.375,0.5625,0.1875,0.125,0.0625,-0.0625
50,B-bin/A-base,251,"(0,.25]",0.125,0.1875,0.0625,-0.125,0.4375,0.5625,0.125,0.3125,0.0625,-0.25
50,A-bin/B-base,252,"(.5,.75]",0.5625,0.8125,0.75,-0.0625,0.8125,0.8125,0.0,1.0,0.8125,-0.1875
50,B-bin/A-base,252,"(.75,1)",0.8125,0.5625,0.75,0.1875,0.5625,0.8125,0.25,0.8125,0.8125,0.0
50,A-bin/B-base,253,0,0.0,0.125,0.0625,-0.0625,0.125,0.25,0.125,0.4375,0.25,-0.1875
50,B-bin/A-base,253,"(0,.25]",0.125,0.0,0.0625,0.0625,0.0,0.25,0.25,0.125,0.25,0.125
50,A-bin/B-base,254,"(.25,.5]",0.3125,0.25,0.75,0.5,0.3125,0.75,0.4375,0.625,0.9375,0.3125
50,B-bin/A-base,254,"(0,.25]",0.25,0.3125,0.75,0.4375,0.3125,0.75,0.4375,0.5625,0.9375,0.375
50,A-bin/B-base,255,"(.5,.75]",0.625,0.6875,0.875,0.1875,0.75,0.9375,0.1875,0.8125,0.9375,0.125
50,B-bin/A-base,255,"(.5,.75]",0.6875,0.625,0.875,0.25,0.75,0.9375,0.1875,0.8125,0.9375,0.125
55,A-bin/B-base,0,"(.75,1)",0.8125,0.875,1.0,0.125,0.875,1.0,0.125,0.9375,1.0,0.0625
55,B-bin/A-base,0,"(.75,1)",0.875,0.8125,1.0,0.1875,0.8125,1.0,0.1875,0.8125,1.0,0.1875
55,A-bin/B-base,1,"(0,.25]",0.25,0.3125,0.75,0.4375,0.5,1.0,0.5,0.5,0.75,0.25
55,B-bin/A-base,1,"(.25,.5]",0.3125,0.25,0.75,0.5,0.3125,1.0,0.6875,0.4375,0.75,0.3125
55,A-bin/B-base,2,"(0,.25]",0.125,0.4375,0.5,0.0625,0.5625,0.8125,0.25,0.5625,0.625,0.0625
55,B-bin/A-base,2,"(.25,.5]",0.4375,0.125,0.5,0.375,0.1875,0.8125,0.625,0.5,0.625,0.125
55,A-bin/B-base,3,"(.5,.75]",0.5625,0.6875,0.875,0.1875,0.6875,1.0,0.3125,0.875,0.875,0.0
55,B-bin/A-base,3,"(.5,.75]",0.6875,0.5625,0.875,0.3125,0.625,1.0,0.375,0.75,0.875,0.125
55,A-bin/B-base,4,"(0,.25]",0.125,0.375,0.5625,0.1875,0.5,0.875,0.375,0.4375,0.625,0.1875
55,B-bin/A-base,4,"(.25,.5]",0.375,0.125,0.5625,0.4375,0.4375,0.875,0.4375,0.1875,0.625,0.4375
55,A-bin/B-base,5,"(.25,.5]",0.375,0.625,0.75,0.125,0.6875,0.8125,0.125,0.8125,0.75,-0.0625
55,B-bin/A-base,5,"(.5,.75]",0.625,0.375,0.75,0.375,0.4375,0.8125,0.375,0.6875,0.75,0.0625
55,A-bin/B-base,6,"(.5,.75]",0.6875,0.625,0.8125,0.1875,0.625,0.9375,0.3125,0.875,0.875,0.0
55,B-bin/A-base,6,"(.5,.75]",0.625,0.6875,0.8125,0.125,0.75,0.9375,0.1875,0.875,0.875,0.0
55,A-bin/B-base,7,0,0.0,0.0,0.1875,0.1875,0.125,0.4375,0.3125,0.0,0.1875,0.1875
55,B-bin/A-base,7,0,0.0,0.0,0.1875,0.1875,0.0,0.4375,0.4375,0.0,0.1875,0.1875
55,A-bin/B-base,8,"(0,.25]",0.1875,0.125,0.25,0.125,0.3125,0.6875,0.375,0.1875,0.25,0.0625
55,B-bin/A-base,8,"(0,.25]",0.125,0.1875,0.25,0.0625,0.375,0.6875,0.3125,0.3125,0.25,-0.0625
55,A-bin/B-base,9,"(0,.25]",0.1875,0.0,0.125,0.125,0.25,0.8125,0.5625,0.0,0.125,0.125
55,B-bin/A-base,9,0,0.0,0.1875,0.125,-0.0625,0.5,0.8125,0.3125,0.25,0.125,-0.125
55,A-bin/B-base,10,0,0.0,0.0625,0.0625,0.0,0.125,0.0625,-0.0625,0.125,0.0625,-0.0625
55,B-bin/A-base,10,"(0,.25]",0.0625,0.0,0.0625,0.0625,0.0,0.0625,0.0625,0.0625,0.0625,0.0
55,A-bin/B-base,11,0,0.0,0.0625,0.125,0.0625,0.0625,0.125,0.0625,0.0625,0.1875,0.125
55,B-bin/A-base,11,"(0,.25]",0.0625,0.0,0.125,0.125,0.0,0.125,0.125,0.0,0.1875,0.1875
55,A-bin/B-base,12,"(.25,.5]",0.4375,0.625,0.875,0.25,0.625,0.9375,0.3125,0.8125,0.875,0.0625
55,B-bin/A-base,12,"(.5,.75]",0.625,0.4375,0.875,0.4375,0.4375,0.9375,0.5,0.875,0.875,0.0
55,A-bin/B-base,13,"(0,.25]",0.1875,0.0625,0.25,0.1875,0.25,0.6875,0.4375,0.25,0.3125,0.0625
55,B-bin/A-base,13,"(0,.25]",0.0625,0.1875,0.25,0.0625,0.4375,0.6875,0.25,0.3125,0.3125,0.0
55,A-bin/B-base,14,"(0,.25]",0.25,0.1875,0.6875,0.5,0.375,0.75,0.375,0.5625,0.75,0.1875
55,B-bin/A-base,14,"(0,.25]",0.1875,0.25,0.6875,0.4375,0.3125,0.75,0.4375,0.4375,0.75,0.3125
55,A-bin/B-base,15,0,0.0,0.0,0.0,0.0,0.5,0.5,0.0,0.0,0.0,0.0
55,B-bin/A-base,15,0,0.0,0.0,0.0,0.0,0.0,0.5,0.5,0.0,0.0,0.0
55,A-bin/B-base,16,"(0,.25]",0.125,0.125,0.1875,0.0625,0.25,0.5625,0.3125,0.1875,0.375,0.1875
55,B-bin/A-base,16,"(0,.25]",0.125,0.125,0.1875,0.0625,0.125,0.5625,0.4375,0.1875,0.375,0.1875
55,A-bin/B-base,17,"(0,.25]",0.125,0.0625,0.25,0.1875,0.1875,0.5,0.3125,0.1875,0.25,0.0625
55,B-bin/A-base,17,"(0,.25]",0.0625,0.125,0.25,0.125,0.375,0.5,0.125,0.1875,0.25,0.0625
55,A-bin/B-base,18,"(0,.25]",0.1875,0.0,0.0625,0.0625,0.1875,0.5625,0.375,0.125,0.125,0.0
55,B-bin/A-base,18,0,0.0,0.1875,0.0625,-0.125,0.25,0.5625,0.3125,0.3125,0.125,-0.1875
55,A-bin/B-base,19,"(0,.25]",0.25,0.1875,0.625,0.4375,0.25,0.875,0.625,0.375,0.6875,0.3125
55,B-bin/A-base,19,"(0,.25]",0.1875,0.25,0.625,0.375,0.375,0.875,0.5,0.5,0.6875,0.1875
55,A-bin/B-base,20,"(.75,1)",0.8125,0.875,0.875,0.0,0.875,0.875,0.0,1.0,1.0,0.0
55,B-bin/A-base,20,"(.75,1)",0.875,0.8125,0.875,0.0625,0.8125,0.875,0.0625,1.0,1.0,0.0
55,A-bin/B-base,21,"(0,.25]",0.125,0.125,0.4375,0.3125,0.125,0.5625,0.4375,0.25,0.4375,0.1875
55,B-bin/A-base,21,"(0,.25]",0.125,0.125,0.4375,0.3125,0.1875,0.5625,0.375,0.125,0.4375,0.3125
55,A-bin/B-base,22,0,0.0,0.0,0.25,0.25,0.25,0.6875,0.4375,0.0625,0.25,0.1875
55,B-bin/A-base,22,0,0.0,0.0,0.25,0.25,0.1875,0.6875,0.5,0.25,0.25,0.0
55,A-bin/B-base,23,"(.5,.75]",0.5625,0.5,0.5625,0.0625,0.5625,0.625,0.0625,0.8125,0.8125,0.0
55,B-bin/A-base,23,"(.25,.5]",0.5,0.5625,0.5625,0.0,0.5625,0.625,0.0625,0.6875,0.8125,0.125
55,A-bin/B-base,24,"(.5,.75]",0.625,0.5625,0.8125,0.25,0.5625,0.9375,0.375,0.6875,0.875,0.1875
55,B-bin/A-base,24,"(.5,.75]",0.5625,0.625,0.8125,0.1875,0.625,0.9375,0.3125,0.625,0.875,0.25
55,A-bin/B-base,25,"(.25,.5]",0.375,0.3125,0.6875,0.375,0.4375,0.6875,0.25,0.5625,0.8125,0.25
55,B-bin/A-base,25,"(.25,.5]",0.3125,0.375,0.6875,0.3125,0.4375,0.6875,0.25,0.625,0.8125,0.1875
55,A-bin/B-base,26,"(.5,.75]",0.6875,0.625,0.6875,0.0625,0.75,1.0,0.25,0.8125,0.6875,-0.125
55,B-bin/A-base,26,"(.5,.75]",0.625,0.6875,0.6875,0.0,0.6875,1.0,0.3125,1.0,0.6875,-0.3125
55,A-bin/B-base,27,"(0,.25]",0.0625,0.0625,0.125,0.0625,0.3125,0.75,0.4375,0.1875,0.125,-0.0625
55,B-bin/A-base,27,"(0,.25]",0.0625,0.0625,0.125,0.0625,0.125,0.75,0.625,0.125,0.125,0.0
55,A-bin/B-base,28,"(.5,.75]",0.5625,0.5625,0.6875,0.125,0.5625,0.75,0.1875,0.9375,0.8125,-0.125
55,B-bin/A-base,28,"(.5,.75]",0.5625,0.5625,0.6875,0.125,0.5625,0.75,0.1875,0.9375,0.8125,-0.125
55,A-bin/B-base,29,"(0,.25]",0.125,0.1875,0.375,0.1875,0.3125,0.5,0.1875,0.3125,0.375,0.0625
55,B-bin/A-base,29,"(0,.25]",0.1875,0.125,0.375,0.25,0.3125,0.5,0.1875,0.1875,0.375,0.1875
55,A-bin/B-base,30,"(0,.25]",0.0625,0.0625,0.25,0.1875,0.0625,0.4375,0.375,0.25,0.375,0.125
55,B-bin/A-base,30,"(0,.25]",0.0625,0.0625,0.25,0.1875,0.1875,0.4375,0.25,0.1875,0.375,0.1875
55,A-bin/B-base,31,"(.25,.5]",0.375,0.125,0.4375,0.3125,0.1875,0.8125,0.625,0.25,0.4375,0.1875
55,B-bin/A-base,31,"(0,.25]",0.125,0.375,0.4375,0.0625,0.5625,0.8125,0.25,0.5,0.4375,-0.0625
55,A-bin/B-base,32,"(0,.25]",0.0625,0.25,0.25,0.0,0.3125,0.4375,0.125,0.5,0.4375,-0.0625
55,B-bin/A-base,32,"(0,.25]",0.25,0.0625,0.25,0.1875,0.125,0.4375,0.3125,0.25,0.4375,0.1875
55,A-bin/B-base,33,"(.5,.75]",0.75,0.375,0.8125,0.4375,0.375,0.875,0.5,0.875,0.9375,0.0625
55,B-bin/A-base,33,"(.25,.5]",0.375,0.75,0.8125,0.0625,0.8125,0.875,0.0625,0.9375,0.9375,0.0
55,A-bin/B-base,34,"(.5,.75]",0.625,0.625,0.8125,0.1875,0.6875,0.9375,0.25,0.875,0.8125,-0.0625
55,B-bin/A-base,34,"(.5,.75]",0.625,0.625,0.8125,0.1875,0.6875,0.9375,0.25,0.875,0.8125,-0.0625
55,A-bin/B-base,35,"(.5,.75]",0.625,0.5625,0.9375,0.375,0.5625,1.0,0.4375,0.75,0.9375,0.1875
55,B-bin/A-base,35,"(.5,.75]",0.5625,0.625,0.9375,0.3125,0.875,1.0,0.125,0.6875,0.9375,0.25
55,A-bin/B-base,36,"(.5,.75]",0.75,0.8125,0.875,0.0625,0.8125,0.875,0.0625,0.875,1.0,0.125
55,B-bin/A-base,36,"(.75,1)",0.8125,0.75,0.875,0.125,0.8125,0.875,0.0625,0.875,1.0,0.125
55,A-bin/B-base,37,"(.25,.5]",0.5,0.6875,0.6875,0.0,0.6875,0.8125,0.125,0.8125,0.75,-0.0625
55,B-bin/A-base,37,"(.5,.75]",0.6875,0.5,0.6875,0.1875,0.625,0.8125,0.1875,0.5625,0.75,0.1875
55,A-bin/B-base,38,"(0,.25]",0.125,0.0,0.25,0.25,0.25,0.8125,0.5625,0.0,0.25,0.25
55,B-bin/A-base,38,0,0.0,0.125,0.25,0.125,0.375,0.8125,0.4375,0.125,0.25,0.125
55,A-bin/B-base,39,"(.25,.5]",0.5,0.4375,0.5,0.0625,0.4375,0.8125,0.375,0.75,0.625,-0.125
55,B-bin/A-base,39,"(.25,.5]",0.4375,0.5,0.5,0.0,0.5,0.8125,0.3125,0.6875,0.625,-0.0625
55,A-bin/B-base,40,0,0.0,0.125,0.1875,0.0625,0.3125,0.5,0.1875,0.25,0.25,0.0
55,B-bin/A-base,40,"(0,.25]",0.125,0.0,0.1875,0.1875,0.0,0.5,0.5,0.125,0.25,0.125
55,A-bin/B-base,41,"(.75,1)",0.8125,0.75,1.0,0.25,0.8125,1.0,0.1875,0.9375,1.0,0.0625
55,B-bin/A-base,41,"(.5,.75]",0.75,0.8125,1.0,0.1875,0.875,1.0,0.125,0.9375,1.0,0.0625
55,A-bin/B-base,42,0,0.0,0.0625,0.0625,0.0,0.1875,0.25,0.0625,0.0625,0.125,0.0625
55,B-bin/A-base,42,"(0,.25]",0.0625,0.0,0.0625,0.0625,0.125,0.25,0.125,0.125,0.125,0.0
55,A-bin/B-base,43,0,0.0,0.0625,0.1875,0.125,0.375,0.6875,0.3125,0.3125,0.3125,0.0
55,B-bin/A-base,43,"(0,.25]",0.0625,0.0,0.1875,0.1875,0.375,0.6875,0.3125,0.0625,0.3125,0.25
55,A-bin/B-base,44,"(.5,.75]",0.625,0.75,0.5625,-0.1875,0.875,0.8125,-0.0625,0.75,0.75,0.0
55,B-bin/A-base,44,"(.5,.75]",0.75,0.625,0.5625,-0.0625,0.6875,0.8125,0.125,0.8125,0.75,-0.0625
55,A-bin/B-base,45,"(.5,.75]",0.625,0.5,0.5625,0.0625,0.5625,0.8125,0.25,0.75,0.625,-0.125
55,B-bin/A-base,45,"(.25,.5]",0.5,0.625,0.5625,-0.0625,0.625,0.8125,0.1875,0.8125,0.625,-0.1875
55,A-bin/B-base,46,"(.25,.5]",0.5,0.375,0.625,0.25,0.625,0.875,0.25,0.625,0.625,0.0
55,B-bin/A-base,46,"(.25,.5]",0.375,0.5,0.625,0.125,0.6875,0.875,0.1875,0.75,0.625,-0.125
55,A-bin/B-base,47,"(.25,.5]",0.5,0.75,0.875,0.125,0.75,0.9375,0.1875,0.9375,0.875,-0.0625
55,B-bin/A-base,47,"(.5,.75]",0.75,0.5,0.875,0.375,0.5,0.9375,0.4375,0.75,0.875,0.125
55,A-bin/B-base,48,"(.5,.75]",0.6875,0.6875,0.875,0.1875,0.6875,0.875,0.1875,1.0,1.0,0.0
55,B-bin/A-base,48,"(.5,.75]",0.6875,0.6875,0.875,0.1875,0.6875,0.875,0.1875,0.9375,1.0,0.0625
55,A-bin/B-base,49,"(.5,.75]",0.6875,0.875,1.0,0.125,0.875,1.0,0.125,0.875,1.0,0.125
55,B-bin/A-base,49,"(.75,1)",0.875,0.6875,1.0,0.3125,0.75,1.0,0.25,0.8125,1.0,0.1875
55,A-bin/B-base,50,0,0.0,0.0,0.0,0.0,0.0625,0.6875,0.625,0.0,0.0,0.0
55,B-bin/A-base,50,0,0.0,0.0,0.0,0.0,0.375,0.6875,0.3125,0.0,0.0,0.0
55,A-bin/B-base,51,"(.5,.75]",0.625,0.5,0.625,0.125,0.5,0.625,0.125,0.6875,0.6875,0.0
55,B-bin/A-base,51,"(.25,.5]",0.5,0.625,0.625,0.0,0.625,0.625,0.0,0.6875,0.6875,0.0
55,A-bin/B-base,52,"(.5,.75]",0.6875,0.5,0.6875,0.1875,0.5625,0.8125,0.25,0.625,0.6875,0.0625
55,B-bin/A-base,52,"(.25,.5]",0.5,0.6875,0.6875,0.0,0.75,0.8125,0.0625,0.75,0.6875,-0.0625
55,A-bin/B-base,53,"(.5,.75]",0.75,0.75,0.875,0.125,0.75,0.9375,0.1875,1.0,0.875,-0.125
55,B-bin/A-base,53,"(.5,.75]",0.75,0.75,0.875,0.125,0.8125,0.9375,0.125,0.9375,0.875,-0.0625
55,A-bin/B-base,54,"(0,.25]",0.1875,0.1875,0.1875,0.0,0.375,0.5,0.125,0.1875,0.25,0.0625
55,B-bin/A-base,54,"(0,.25]",0.1875,0.1875,0.1875,0.0,0.5625,0.5,-0.0625,0.3125,0.25,-0.0625
55,A-bin/B-base,55,"(.5,.75]",0.75,0.8125,0.8125,0.0,0.875,0.875,0.0,0.875,0.875,0.0
55,B-bin/A-base,55,"(.75,1)",0.8125,0.75,0.8125,0.0625,0.9375,0.875,-0.0625,0.8125,0.875,0.0625
55,A-bin/B-base,56,"(.5,.75]",0.6875,0.6875,0.875,0.1875,0.6875,0.875,0.1875,0.9375,0.9375,0.0
55,B-bin/A-base,56,"(.5,.75]",0.6875,0.6875,0.875,0.1875,0.75,0.875,0.125,0.875,0.9375,0.0625
55,A-bin/B-base,57,"(0,.25]",0.1875,0.3125,0.1875,-0.125,0.4375,0.5625,0.125,0.4375,0.25,-0.1875
55,B-bin/A-base,57,"(.25,.5]",0.3125,0.1875,0.1875,0.0,0.375,0.5625,0.1875,0.375,0.25,-0.125
55,A-bin/B-base,58,"(.25,.5]",0.375,0.5625,0.625,0.0625,0.625,0.75,0.125,0.6875,0.75,0.0625
55,B-bin/A-base,58,"(.5,.75]",0.5625,0.375,0.625,0.25,0.5625,0.75,0.1875,0.625,0.75,0.125
55,A-bin/B-base,59,"(.25,.5]",0.3125,0.3125,0.4375,0.125,0.5,0.75,0.25,0.4375,0.4375,0.0
55,B-bin/A-base,59,"(.25,.5]",0.3125,0.3125,0.4375,0.125,0.5625,0.75,0.1875,0.375,0.4375,0.0625
55,A-bin/B-base,60,"(0,.25]",0.25,0.125,0.1875,0.0625,0.25,0.75,0.5,0.1875,0.1875,0.0
55,B-bin/A-base,60,"(0,.25]",0.125,0.25,0.1875,-0.0625,0.375,0.75,0.375,0.3125,0.1875,-0.125
55,A-bin/B-base,61,"(.25,.5]",0.5,0.125,0.5,0.375,0.25,0.8125,0.5625,0.4375,0.5,0.0625
55,B-bin/A-base,61,"(0,.25]",0.125,0.5,0.5,0.0,0.625,0.8125,0.1875,0.625,0.5,-0.125
55,A-bin/B-base,62,"(.25,.5]",0.375,0.4375,0.8125,0.375,0.5625,0.8125,0.25,0.5625,0.9375,0.375
55,B-bin/A-base,62,"(.25,.5]",0.4375,0.375,0.8125,0.4375,0.5,0.8125,0.3125,0.4375,0.9375,0.5
55,A-bin/B-base,63,0,0.0,0.0,0.0,0.0,0.125,0.375,0.25,0.0,0.0,0.0
55,B-bin/A-base,63,0,0.0,0.0,0.0,0.0,0.0,0.375,0.375,0.0,0.0,0.0
55,A-bin/B-base,64,"(.25,.5]",0.4375,0.5,0.8125,0.3125,0.5,0.9375,0.4375,0.6875,0.8125,0.125
55,B-bin/A-base,64,"(.25,.5]",0.5,0.4375,0.8125,0.375,0.5,0.9375,0.4375,0.6875,0.8125,0.125
55,A-bin/B-base,65,"(.25,.5]",0.4375,0.375,0.8125,0.4375,0.5,0.9375,0.4375,0.6875,0.8125,0.125
55,B-bin/A-base,65,"(.25,.5]",0.375,0.4375,0.8125,0.375,0.625,0.9375,0.3125,0.5625,0.8125,0.25
55,A-bin/B-base,66,"(0,.25]",0.125,0.0,0.3125,0.3125,0.125,0.75,0.625,0.25,0.375,0.125
55,B-bin/A-base,66,0,0.0,0.125,0.3125,0.1875,0.125,0.75,0.625,0.3125,0.375,0.0625
55,A-bin/B-base,67,"(0,.25]",0.1875,0.0625,0.0625,0.0,0.0625,0.25,0.1875,0.1875,0.1875,0.0
55,B-bin/A-base,67,"(0,.25]",0.0625,0.1875,0.0625,-0.125,0.3125,0.25,-0.0625,0.1875,0.1875,0.0
55,A-bin/B-base,68,"(.25,.5]",0.4375,0.25,0.25,0.0,0.25,0.375,0.125,0.3125,0.5,0.1875
55,B-bin/A-base,68,"(0,.25]",0.25,0.4375,0.25,-0.1875,0.4375,0.375,-0.0625,0.625,0.5,-0.125
55,A-bin/B-base,69,"(.5,.75]",0.625,0.5625,0.8125,0.25,0.625,0.9375,0.3125,0.6875,0.875,0.1875
55,B-bin/A-base,69,"(.5,.75]",0.5625,0.625,0.8125,0.1875,0.6875,0.9375,0.25,0.75,0.875,0.125
55,A-bin/B-base,70,"(.5,.75]",0.75,0.9375,0.9375,0.0,0.9375,1.0,0.0625,1.0,0.9375,-0.0625
55,B-bin/A-base,70,"(.75,1)",0.9375,0.75,0.9375,0.1875,0.8125,1.0,0.1875,0.875,0.9375,0.0625
55,A-bin/B-base,71,"(.5,.75]",0.75,0.75,0.875,0.125,0.9375,0.9375,0.0,0.8125,0.875,0.0625
55,B-bin/A-base,71,"(.5,.75]",0.75,0.75,0.875,0.125,0.875,0.9375,0.0625,0.875,0.875,0.0
55,A-bin/B-base,72,"(0,.25]",0.25,0.25,0.6875,0.4375,0.5625,0.8125,0.25,0.375,0.75,0.375
55,B-bin/A-base,72,"(0,.25]",0.25,0.25,0.6875,0.4375,0.5,0.8125,0.3125,0.3125,0.75,0.4375
55,A-bin/B-base,73,"(.25,.5]",0.5,0.8125,0.75,-0.0625,0.8125,0.875,0.0625,1.0,0.8125,-0.1875
55,B-bin/A-base,73,"(.75,1)",0.8125,0.5,0.75,0.25,0.625,0.875,0.25,0.75,0.8125,0.0625
55,A-bin/B-base,74,"(.25,.5]",0.4375,0.6875,0.625,-0.0625,0.75,0.8125,0.0625,0.875,0.6875,-0.1875
55,B-bin/A-base,74,"(.5,.75]",0.6875,0.4375,0.625,0.1875,0.5625,0.8125,0.25,0.5625,0.6875,0.125
55,A-bin/B-base,75,"(.25,.5]",0.5,0.3125,0.9375,0.625,0.3125,0.9375,0.625,0.625,1.0,0.375
55,B-bin/A-base,75,"(.25,.5]",0.3125,0.5,0.9375,0.4375,0.5625,0.9375,0.375,0.9375,1.0,0.0625
55,A-bin/B-base,76,"(0,.25]",0.0625,0.0625,0.25,0.1875,0.3125,0.6875,0.375,0.3125,0.375,0.0625
55,B-bin/A-base,76,"(0,.25]",0.0625,0.0625,0.25,0.1875,0.3125,0.6875,0.375,0.3125,0.375,0.0625
55,A-bin/B-base,77,"(0,.25]",0.1875,0.5,0.75,0.25,0.5625,0.8125,0.25,0.75,0.75,0.0
55,B-bin/A-base,77,"(.25,.5]",0.5,0.1875,0.75,0.5625,0.3125,0.8125,0.5,0.5,0.75,0.25
55,A-bin/B-base,78,"(0,.25]",0.1875,0.125,0.25,0.125,0.625,0.8125,0.1875,0.1875,0.25,0.0625
55,B-bin/A-base,78,"(0,.25]",0.125,0.1875,0.25,0.0625,0.5625,0.8125,0.25,0.25,0.25,0.0
55,A-bin/B-base,79,"(.75,1)",0.9375,0.75,0.9375,0.1875,0.8125,1.0,0.1875,0.9375,0.9375,0.0
55,B-bin/A-base,79,"(.5,.75]",0.75,0.9375,0.9375,0.0,0.9375,1.0,0.0625,0.9375,0.9375,0.0
55,A-bin/B-base,80,"(0,.25]",0.0625,0.1875,0.3125,0.125,0.1875,0.5625,0.375,0.5,0.4375,-0.0625
55,B-bin/A-base,80,"(0,.25]",0.1875,0.0625,0.3125,0.25,0.25,0.5625,0.3125,0.375,0.4375,0.0625
55,A-bin/B-base,81,"(0,.25]",0.25,0.0625,0.3125,0.25,0.4375,0.5,0.0625,0.0625,0.3125,0.25
55,B-bin/A-base,81,"(0,.25]",0.0625,0.25,0.3125,0.0625,0.3125,0.5,0.1875,0.375,0.3125,-0.0625
55,A-bin/B-base,82,"(.25,.5]",0.375,0.375,0.6875,0.3125,0.4375,0.875,0.4375,0.5,0.75,0.25
55,B-bin/A-base,82,"(.25,.5]",0.375,0.375,0.6875,0.3125,0.5625,0.875,0.3125,0.375,0.75,0.375
55,A-bin/B-base,83,"(.25,.5]",0.375,0.375,0.625,0.25,0.4375,0.75,0.3125,0.5625,0.6875,0.125
55,B-bin/A-base,83,"(.25,.5]",0.375,0.375,0.625,0.25,0.4375,0.75,0.3125,0.6875,0.6875,0.0
55,A-bin/B-base,84,"(.25,.5]",0.3125,0.125,0.75,0.625,0.3125,0.875,0.5625,0.375,0.75,0.375
55,B-bin/A-base,84,"(0,.25]",0.125,0.3125,0.75,0.4375,0.3125,0.875,0.5625,0.5625,0.75,0.1875
55,A-bin/B-base,85,"(.25,.5]",0.3125,0.4375,0.625,0.1875,0.5625,0.6875,0.125,0.625,0.75,0.125
55,B-bin/A-base,85,"(.25,.5]",0.4375,0.3125,0.625,0.3125,0.375,0.6875,0.3125,0.5,0.75,0.25
55,A-bin/B-base,86,"(.25,.5]",0.5,0.625,0.875,0.25,0.625,1.0,0.375,0.8125,0.875,0.0625
55,B-bin/A-base,86,"(.5,.75]",0.625,0.5,0.875,0.375,0.625,1.0,0.375,0.8125,0.875,0.0625
55,A-bin/B-base,87,"(0,.25]",0.25,0.25,0.4375,0.1875,0.5625,0.8125,0.25,0.375,0.4375,0.0625
55,B-bin/A-base,87,"(0,.25]",0.25,0.25,0.4375,0.1875,0.375,0.8125,0.4375,0.6875,0.4375,-0.25
55,A-bin/B-base,88,"(.25,.5]",0.4375,0.5,0.375,-0.125,0.6875,0.875,0.1875,0.5625,0.4375,-0.125
55,B-bin/A-base,88,"(.25,.5]",0.5,0.4375,0.375,-0.0625,0.5625,0.875,0.3125,0.5625,0.4375,-0.125
55,A-bin/B-base,89,"(0,.25]",0.125,0.1875,0.3125,0.125,0.375,0.5625,0.1875,0.3125,0.375,0.0625
55,B-bin/A-base,89,"(0,.25]",0.1875,0.125,0.3125,0.1875,0.1875,0.5625,0.375,0.3125,0.375,0.0625
55,A-bin/B-base,90,"(0,.25]",0.0625,0.0625,0.1875,0.125,0.25,0.6875,0.4375,0.1875,0.25,0.0625
55,B-bin/A-base,90,"(0,.25]",0.0625,0.0625,0.1875,0.125,0.3125,0.6875,0.375,0.125,0.25,0.125
55,A-bin/B-base,91,"(0,.25]",0.125,0.125,0.5625,0.4375,0.125,0.875,0.75,0.375,0.625,0.25
55,B-bin/A-base,91,"(0,.25]",0.125,0.125,0.5625,0.4375,0.125,0.875,0.75,0.6875,0.625,-0.0625
55,A-bin/B-base,92,"(0,.25]",0.125,0.3125,0.4375,0.125,0.5625,0.75,0.1875,0.4375,0.4375,0.0
55,B-bin/A-base,92,"(.25,.5]",0.3125,0.125,0.4375,0.3125,0.3125,0.75,0.4375,0.1875,0.4375,0.25
55,A-bin/B-base,93,"(.5,.75]",0.75,0.375,0.75,0.375,0.4375,0.75,0.3125,0.75,0.9375,0.1875
55,B-bin/A-base,93,"(.25,.5]",0.375,0.75,0.75,0.0,0.75,0.75,0.0,1.0,0.9375,-0.0625
55,A-bin/B-base,94,"(.5,.75]",0.5625,0.5625,0.75,0.1875,0.5625,0.75,0.1875,0.9375,0.875,-0.0625
55,B-bin/A-base,94,"(.5,.75]",0.5625,0.5625,0.75,0.1875,0.5625,0.75,0.1875,0.875,0.875,0.0
55,A-bin/B-base,95,"(0,.25]",0.125,0.0,0.125,0.125,0.3125,0.5625,0.25,0.0,0.125,0.125
55,B-bin/A-base,95,0,0.0,0.125,0.125,0.0,0.25,0.5625,0.3125,0.125,0.125,0.0
55,A-bin/B-base,96,"(.75,1)",0.8125,0.6875,0.8125,0.125,0.6875,0.9375,0.25,0.75,0.8125,0.0625
55,B-bin/A-base,96,"(.5,.75]",0.6875,0.8125,0.8125,0.0,0.8125,0.9375,0.125,0.875,0.8125,-0.0625
55,A-bin/B-base,97,0,0.0,0.0,0.0,0.0,0.1875,0.375,0.1875,0.0,0.0625,0.0625
55,B-bin/A-base,97,0,0.0,0.0,0.0,0.0,0.25,0.375,0.125,0.0,0.0625,0.0625
55,A-bin/B-base,98,"(.25,.5]",0.3125,0.375,0.5,0.125,0.6875,0.6875,0.0,0.375,0.5,0.125
55,B-bin/A-base,98,"(.25,.5]",0.375,0.3125,0.5,0.1875,0.5,0.6875,0.1875,0.375,0.5,0.125
55,A-bin/B-base,99,0,0.0,0.0,0.0625,0.0625,0.125,0.375,0.25,0.0625,0.125,0.0625
55,B-bin/A-base,99,0,0.0,0.0,0.0625,0.0625,0.0,0.375,0.375,0.0625,0.125,0.0625
55,A-bin/B-base,100,"(.25,.5]",0.375,0.25,0.6875,0.4375,0.375,0.6875,0.3125,0.4375,0.8125,0.375
55,B-bin/A-base,100,"(0,.25]",0.25,0.375,0.6875,0.3125,0.4375,0.6875,0.25,0.75,0.8125,0.0625
55,A-bin/B-base,101,"(0,.25]",0.25,0.3125,0.5625,0.25,0.5,0.875,0.375,0.625,0.625,0.0
55,B-bin/A-base,101,"(.25,.5]",0.3125,0.25,0.5625,0.3125,0.5,0.875,0.375,0.5,0.625,0.125
55,A-bin/B-base,102,"(0,.25]",0.1875,0.375,0.5625,0.1875,0.5625,0.625,0.0625,0.5625,0.625,0.0625
55,B-bin/A-base,102,"(.25,.5]",0.375,0.1875,0.5625,0.375,0.1875,0.625,0.4375,0.4375,0.625,0.1875
55,A-bin/B-base,103,0,0.0,0.0,0.0,0.0,0.0,0.1875,0.1875,0.0625,0.125,0.0625
55,B-bin/A-base,103,0,0.0,0.0,0.0,0.0,0.125,0.1875,0.0625,0.0,0.125,0.125
55,A-bin/B-base,104,"(.5,.75]",0.75,0.4375,0.8125,0.375,0.4375,0.9375,0.5,0.875,0.875,0.0
55,B-bin/A-base,104,"(.25,.5]",0.4375,0.75,0.8125,0.0625,0.8125,0.9375,0.125,0.8125,0.875,0.0625
55,A-bin/B-base,105,"(.5,.75]",0.5625,0.5625,0.6875,0.125,0.6875,0.8125,0.125,0.75,0.6875,-0.0625
55,B-bin/A-base,105,"(.5,.75]",0.5625,0.5625,0.6875,0.125,0.6875,0.8125,0.125,0.75,0.6875,-0.0625
55,A-bin/B-base,106,"(.5,.75]",0.75,0.8125,0.8125,0.0,0.875,0.875,0.0,0.875,0.875,0.0
55,B-bin/A-base,106,"(.75,1)",0.8125,0.75,0.8125,0.0625,0.75,0.875,0.125,1.0,0.875,-0.125
55,A-bin/B-base,107,"(0,.25]",0.125,0.125,0.1875,0.0625,0.4375,0.625,0.1875,0.25,0.3125,0.0625
55,B-bin/A-base,107,"(0,.25]",0.125,0.125,0.1875,0.0625,0.1875,0.625,0.4375,0.375,0.3125,-0.0625
55,A-bin/B-base,108,"(.25,.5]",0.3125,0.1875,0.4375,0.25,0.375,0.6875,0.3125,0.375,0.625,0.25
55,B-bin/A-base,108,"(0,.25]",0.1875,0.3125,0.4375,0.125,0.5625,0.6875,0.125,0.5,0.625,0.125
55,A-bin/B-base,109,"(.25,.5]",0.5,0.625,0.5625,-0.0625,0.6875,0.75,0.0625,0.8125,0.75,-0.0625
55,B-bin/A-base,109,"(.5,.75]",0.625,0.5,0.5625,0.0625,0.5,0.75,0.25,0.8125,0.75,-0.0625
55,A-bin/B-base,110,"(.5,.75]",0.5625,0.4375,0.8125,0.375,0.5625,0.9375,0.375,0.8125,0.8125,0.0
55,B-bin/A-base,110,"(.25,.5]",0.4375,0.5625,0.8125,0.25,0.625,0.9375,0.3125,0.75,0.8125,0.0625
55,A-bin/B-base,111,"(.75,1)",0.8125,0.625,1.0,0.375,0.625,1.0,0.375,0.875,1.0,0.125
55,B-bin/A-base,111,"(.5,.75]",0.625,0.8125,1.0,0.1875,0.8125,1.0,0.1875,0.875,1.0,0.125
55,A-bin/B-base,112,"(.25,.5]",0.5,0.625,0.6875,0.0625,0.8125,1.0,0.1875,0.75,0.6875,-0.0625
55,B-bin/A-base,112,"(.5,.75]",0.625,0.5,0.6875,0.1875,0.6875,1.0,0.3125,0.625,0.6875,0.0625
55,A-bin/B-base,113,"(.5,.75]",0.5625,0.75,0.4375,-0.3125,0.8125,0.6875,-0.125,0.9375,0.4375,-0.5
55,B-bin/A-base,113,"(.5,.75]",0.75,0.5625,0.4375,-0.125,0.6875,0.6875,0.0,0.625,0.4375,-0.1875
55,A-bin/B-base,114,"(.75,1)",0.8125,0.8125,1.0,0.1875,0.8125,1.0,0.1875,0.9375,1.0,0.0625
55,B-bin/A-base,114,"(.75,1)",0.8125,0.8125,1.0,0.1875,0.875,1.0,0.125,0.9375,1.0,0.0625
55,A-bin/B-base,115,"(.25,.5]",0.5,0.25,0.625,0.375,0.3125,0.6875,0.375,0.5,0.8125,0.3125
55,B-bin/A-base,115,"(0,.25]",0.25,0.5,0.625,0.125,0.625,0.6875,0.0625,0.6875,0.8125,0.125
55,A-bin/B-base,116,0,0.0,0.0,0.0,0.0,0.0625,0.4375,0.375,0.0625,0.0,-0.0625
55,B-bin/A-base,116,0,0.0,0.0,0.0,0.0,0.25,0.4375,0.1875,0.0,0.0,0.0
55,A-bin/B-base,117,0,0.0,0.0,0.0,0.0,0.0,0.1875,0.1875,0.0625,0.0625,0.0
55,B-bin/A-base,117,0,0.0,0.0,0.0,0.0,0.0,0.1875,0.1875,0.0625,0.0625,0.0
55,A-bin/B-base,118,"(0,.25]",0.0625,0.0,0.1875,0.1875,0.375,0.875,0.5,0.125,0.1875,0.0625
55,B-bin/A-base,118,0,0.0,0.0625,0.1875,0.125,0.6875,0.875,0.1875,0.0625,0.1875,0.125
55,A-bin/B-base,119,"(.25,.5]",0.375,0.25,0.625,0.375,0.3125,0.6875,0.375,0.625,0.875,0.25
55,B-bin/A-base,119,"(0,.25]",0.25,0.375,0.625,0.25,0.4375,0.6875,0.25,0.875,0.875,0.0
55,A-bin/B-base,120,"(.25,.5]",0.375,0.25,0.5,0.25,0.375,0.875,0.5,0.4375,0.5,0.0625
55,B-bin/A-base,120,"(0,.25]",0.25,0.375,0.5,0.125,0.625,0.875,0.25,0.5,0.5,0.0
55,A-bin/B-base,121,0,0.0,0.0625,0.0,-0.0625,0.125,0.1875,0.0625,0.3125,0.0,-0.3125
55,B-bin/A-base,121,"(0,.25]",0.0625,0.0,0.0,0.0,0.125,0.1875,0.0625,0.0,0.0,0.0
55,A-bin/B-base,122,"(0,.25]",0.0625,0.125,0.4375,0.3125,0.1875,0.625,0.4375,0.25,0.5,0.25
55,B-bin/A-base,122,"(0,.25]",0.125,0.0625,0.4375,0.375,0.125,0.625,0.5,0.1875,0.5,0.3125
55,A-bin/B-base,123,"(0,.25]",0.1875,0.125,0.5,0.375,0.25,0.5625,0.3125,0.4375,0.75,0.3125
55,B-bin/A-base,123,"(0,.25]",0.125,0.1875,0.5,0.3125,0.1875,0.5625,0.375,0.4375,0.75,0.3125
55,A-bin/B-base,124,"(.25,.5]",0.3125,0.4375,0.625,0.1875,0.4375,0.625,0.1875,0.5625,0.6875,0.125
55,B-bin/A-base,124,"(.25,.5]",0.4375,0.3125,0.625,0.3125,0.375,0.625,0.25,0.4375,0.6875,0.25
55,A-bin/B-base,125,"(.5,.75]",0.5625,0.8125,1.0,0.1875,0.8125,1.0,0.1875,0.9375,1.0,0.0625
55,B-bin/A-base,125,"(.75,1)",0.8125,0.5625,1.0,0.4375,0.6875,1.0,0.3125,0.75,1.0,0.25
55,A-bin/B-base,126,"(.75,1)",0.8125,0.75,0.9375,0.1875,0.75,1.0,0.25,1.0,0.9375,-0.0625
55,B-bin/A-base,126,"(.5,.75]",0.75,0.8125,0.9375,0.125,0.8125,1.0,0.1875,0.9375,0.9375,0.0
55,A-bin/B-base,127,"(.5,.75]",0.5625,0.5,0.8125,0.3125,0.5625,0.875,0.3125,0.6875,0.8125,0.125
55,B-bin/A-base,127,"(.25,.5]",0.5,0.5625,0.8125,0.25,0.5625,0.875,0.3125,0.8125,0.8125,0.0
55,A-bin/B-base,128,"(0,.25]",0.125,0.1875,0.5,0.3125,0.375,0.75,0.375,0.4375,0.5625,0.125
55,B-bin/A-base,128,"(0,.25]",0.1875,0.125,0.5,0.375,0.1875,0.75,0.5625,0.375,0.5625,0.1875
55,A-bin/B-base,129,0,0.0,0.0625,0.0,-0.0625,0.25,0.3125,0.0625,0.0625,0.0,-0.0625
55,B-bin/A-base,129,"(0,.25]",0.0625,0.0,0.0,0.0,0.0625,0.3125,0.25,0.0,0.0,0.0
55,A-bin/B-base,130,"(.75,1)",0.9375,0.8125,0.9375,0.125,0.8125,1.0,0.1875,0.9375,0.9375,0.0
55,B-bin/A-base,130,"(.75,1)",0.8125,0.9375,0.9375,0.0,0.9375,1.0,0.0625,1.0,0.9375,-0.0625
55,A-bin/B-base,131,"(0,.25]",0.125,0.1875,0.375,0.1875,0.1875,0.75,0.5625,0.1875,0.375,0.1875
55,B-bin/A-base,131,"(0,.25]",0.1875,0.125,0.375,0.25,0.1875,0.75,0.5625,0.125,0.375,0.25
55,A-bin/B-base,132,"(.5,.75]",0.75,0.4375,0.8125,0.375,0.5625,0.9375,0.375,0.6875,0.8125,0.125
55,B-bin/A-base,132,"(.25,.5]",0.4375,0.75,0.8125,0.0625,0.75,0.9375,0.1875,0.75,0.8125,0.0625
55,A-bin/B-base,133,"(.25,.5]",0.4375,0.375,0.5,0.125,0.375,0.625,0.25,0.75,0.625,-0.125
55,B-bin/A-base,133,"(.25,.5]",0.375,0.4375,0.5,0.0625,0.5,0.625,0.125,0.6875,0.625,-0.0625
55,A-bin/B-base,134,"(0,.25]",0.0625,0.0,0.0625,0.0625,0.4375,0.625,0.1875,0.0625,0.125,0.0625
55,B-bin/A-base,134,0,0.0,0.0625,0.0625,0.0,0.4375,0.625,0.1875,0.0625,0.125,0.0625
55,A-bin/B-base,135,"(.5,.75]",0.6875,0.75,0.625,-0.125,0.75,0.75,0.0,0.875,0.8125,-0.0625
55,B-bin/A-base,135,"(.5,.75]",0.75,0.6875,0.625,-0.0625,0.75,0.75,0.0,0.75,0.8125,0.0625
55,A-bin/B-base,136,"(0,.25]",0.25,0.125,0.625,0.5,0.1875,0.8125,0.625,0.5625,0.75,0.1875
55,B-bin/A-base,136,"(0,.25]",0.125,0.25,0.625,0.375,0.25,0.8125,0.5625,0.4375,0.75,0.3125
55,A-bin/B-base,137,"(.5,.75]",0.5625,0.3125,0.625,0.3125,0.375,0.75,0.375,0.5625,0.625,0.0625
55,B-bin/A-base,137,"(.25,.5]",0.3125,0.5625,0.625,0.0625,0.5625,0.75,0.1875,0.625,0.625,0.0
55,A-bin/B-base,138,"(0,.25]",0.1875,0.0625,0.25,0.1875,0.0625,0.375,0.3125,0.4375,0.5,0.0625
55,B-bin/A-base,138,"(0,.25]",0.0625,0.1875,0.25,0.0625,0.25,0.375,0.125,0.25,0.5,0.25
55,A-bin/B-base,139,0,0.0,0.125,0.4375,0.3125,0.1875,0.4375,0.25,0.5625,0.75,0.1875
55,B-bin/A-base,139,"(0,.25]",0.125,0.0,0.4375,0.4375,0.0,0.4375,0.4375,0.25,0.75,0.5
55,A-bin/B-base,140,"(.25,.5]",0.3125,0.25,0.625,0.375,0.25,0.6875,0.4375,0.4375,0.6875,0.25
55,B-bin/A-base,140,"(0,.25]",0.25,0.3125,0.625,0.3125,0.3125,0.6875,0.375,0.5625,0.6875,0.125
55,A-bin/B-base,141,"(0,.25]",0.1875,0.3125,0.3125,0.0,0.75,0.6875,-0.0625,0.4375,0.5,0.0625
55,B-bin/A-base,141,"(.25,.5]",0.3125,0.1875,0.3125,0.125,0.1875,0.6875,0.5,0.4375,0.5,0.0625
55,A-bin/B-base,142,0,0.0,0.0625,0.1875,0.125,0.125,0.5,0.375,0.1875,0.3125,0.125
55,B-bin/A-base,142,"(0,.25]",0.0625,0.0,0.1875,0.1875,0.125,0.5,0.375,0.125,0.3125,0.1875
55,A-bin/B-base,143,"(.25,.5]",0.3125,0.4375,0.4375,0.0,0.5625,0.75,0.1875,0.5,0.4375,-0.0625
55,B-bin/A-base,143,"(.25,.5]",0.4375,0.3125,0.4375,0.125,0.5,0.75,0.25,0.4375,0.4375,0.0
55,A-bin/B-base,144,"(0,.25]",0.25,0.1875,0.5625,0.375,0.25,0.625,0.375,0.5,0.625,0.125
55,B-bin/A-base,144,"(0,.25]",0.1875,0.25,0.5625,0.3125,0.3125,0.625,0.3125,0.5625,0.625,0.0625
55,A-bin/B-base,145,"(.5,.75]",0.6875,0.375,0.8125,0.4375,0.5,0.875,0.375,0.5625,0.875,0.3125
55,B-bin/A-base,145,"(.25,.5]",0.375,0.6875,0.8125,0.125,0.6875,0.875,0.1875,0.875,0.875,0.0
55,A-bin/B-base,146,"(0,.25]",0.25,0.0625,0.5,0.4375,0.3125,0.75,0.4375,0.1875,0.625,0.4375
55,B-bin/A-base,146,"(0,.25]",0.0625,0.25,0.5,0.25,0.25,0.75,0.5,0.4375,0.625,0.1875
55,A-bin/B-base,147,"(.75,1)",0.8125,0.6875,0.875,0.1875,0.6875,1.0,0.3125,0.875,0.875,0.0
55,B-bin/A-base,147,"(.5,.75]",0.6875,0.8125,0.875,0.0625,0.8125,1.0,0.1875,0.9375,0.875,-0.0625
55,A-bin/B-base,148,"(.5,.75]",0.5625,0.1875,0.6875,0.5,0.3125,0.9375,0.625,0.5,0.75,0.25
55,B-bin/A-base,148,"(0,.25]",0.1875,0.5625,0.6875,0.125,0.625,0.9375,0.3125,0.75,0.75,0.0
55,A-bin/B-base,149,"(.5,.75]",0.5625,0.5,0.8125,0.3125,0.5625,0.875,0.3125,0.875,0.875,0.0
55,B-bin/A-base,149,"(.25,.5]",0.5,0.5625,0.8125,0.25,0.625,0.875,0.25,0.625,0.875,0.25
55,A-bin/B-base,150,"(.5,.75]",0.75,0.4375,0.8125,0.375,0.5,0.9375,0.4375,0.75,0.8125,0.0625
55,B-bin/A-base,150,"(.25,.5]",0.4375,0.75,0.8125,0.0625,0.75,0.9375,0.1875,0.9375,0.8125,-0.125
55,A-bin/B-base,151,"(.25,.5]",0.5,0.5625,0.5625,0.0,0.625,0.875,0.25,0.8125,0.625,-0.1875
55,B-bin/A-base,151,"(.5,.75]",0.5625,0.5,0.5625,0.0625,0.75,0.875,0.125,0.5625,0.625,0.0625
55,A-bin/B-base,152,"(.5,.75]",0.6875,0.5625,0.625,0.0625,0.625,0.8125,0.1875,0.75,0.75,0.0
55,B-bin/A-base,152,"(.5,.75]",0.5625,0.6875,0.625,-0.0625,0.75,0.8125,0.0625,0.8125,0.75,-0.0625
55,A-bin/B-base,153,"(.25,.5]",0.3125,0.4375,0.4375,0.0,0.5625,0.8125,0.25,0.5,0.5,0.0
55,B-bin/A-base,153,"(.25,.5]",0.4375,0.3125,0.4375,0.125,0.625,0.8125,0.1875,0.375,0.5,0.125
55,A-bin/B-base,154,"(.25,.5]",0.3125,0.4375,0.875,0.4375,0.5,0.9375,0.4375,0.625,0.875,0.25
55,B-bin/A-base,154,"(.25,.5]",0.4375,0.3125,0.875,0.5625,0.3125,0.9375,0.625,0.625,0.875,0.25
55,A-bin/B-base,155,"(.25,.5]",0.375,0.125,0.5,0.375,0.375,0.6875,0.3125,0.3125,0.5625,0.25
55,B-bin/A-base,155,"(0,.25]",0.125,0.375,0.5,0.125,0.4375,0.6875,0.25,0.4375,0.5625,0.125
55,A-bin/B-base,156,"(.5,.75]",0.5625,0.6875,0.75,0.0625,0.75,0.8125,0.0625,0.875,0.8125,-0.0625
55,B-bin/A-base,156,"(.5,.75]",0.6875,0.5625,0.75,0.1875,0.5625,0.8125,0.25,0.9375,0.8125,-0.125
55,A-bin/B-base,157,"(.25,.5]",0.3125,0.5,0.6875,0.1875,0.5,0.6875,0.1875,0.75,0.75,0.0
55,B-bin/A-base,157,"(.25,.5]",0.5,0.3125,0.6875,0.375,0.3125,0.6875,0.375,0.5,0.75,0.25
55,A-bin/B-base,158,"(.25,.5]",0.4375,0.0625,0.5625,0.5,0.1875,0.75,0.5625,0.5,0.5625,0.0625
55,B-bin/A-base,158,"(0,.25]",0.0625,0.4375,0.5625,0.125,0.5625,0.75,0.1875,0.625,0.5625,-0.0625
55,A-bin/B-base,159,"(0,.25]",0.0625,0.0625,0.3125,0.25,0.3125,0.6875,0.375,0.125,0.3125,0.1875
55,B-bin/A-base,159,"(0,.25]",0.0625,0.0625,0.3125,0.25,0.25,0.6875,0.4375,0.125,0.3125,0.1875
55,A-bin/B-base,160,0,0.0,0.0,0.0,0.0,0.3125,0.8125,0.5,0.0,0.0,0.0
55,B-bin/A-base,160,0,0.0,0.0,0.0,0.0,0.375,0.8125,0.4375,0.0,0.0,0.0
55,A-bin/B-base,161,"(.75,1)",0.875,0.6875,0.8125,0.125,0.8125,0.9375,0.125,0.75,0.875,0.125
55,B-bin/A-base,161,"(.5,.75]",0.6875,0.875,0.8125,-0.0625,0.9375,0.9375,0.0,0.875,0.875,0.0
55,A-bin/B-base,162,"(0,.25]",0.0625,0.1875,0.125,-0.0625,0.375,0.6875,0.3125,0.1875,0.125,-0.0625
55,B-bin/A-base,162,"(0,.25]",0.1875,0.0625,0.125,0.0625,0.3125,0.6875,0.375,0.125,0.125,0.0
55,A-bin/B-base,163,"(.25,.5]",0.5,0.625,0.75,0.125,0.6875,0.875,0.1875,0.8125,0.8125,0.0
55,B-bin/A-base,163,"(.5,.75]",0.625,0.5,0.75,0.25,0.625,0.875,0.25,0.75,0.8125,0.0625
55,A-bin/B-base,164,"(.5,.75]",0.5625,0.5,0.75,0.25,0.6875,0.9375,0.25,0.625,0.8125,0.1875
55,B-bin/A-base,164,"(.25,.5]",0.5,0.5625,0.75,0.1875,0.8125,0.9375,0.125,0.6875,0.8125,0.125
55,A-bin/B-base,165,0,0.0,0.0,0.125,0.125,0.375,0.375,0.0,0.0,0.1875,0.1875
55,B-bin/A-base,165,0,0.0,0.0,0.125,0.125,0.0,0.375,0.375,0.0625,0.1875,0.125
55,A-bin/B-base,166,"(0,.25]",0.125,0.125,0.3125,0.1875,0.25,0.6875,0.4375,0.1875,0.3125,0.125
55,B-bin/A-base,166,"(0,.25]",0.125,0.125,0.3125,0.1875,0.125,0.6875,0.5625,0.5625,0.3125,-0.25
55,A-bin/B-base,167,0,0.0,0.0,0.0,0.0,0.5,0.9375,0.4375,0.0,0.0,0.0
55,B-bin/A-base,167,0,0.0,0.0,0.0,0.0,0.5,0.9375,0.4375,0.0,0.0,0.0
55,A-bin/B-base,168,"(.75,1)",0.8125,0.875,0.875,0.0,0.875,0.9375,0.0625,0.875,0.875,0.0
55,B-bin/A-base,168,"(.75,1)",0.875,0.8125,0.875,0.0625,0.875,0.9375,0.0625,0.9375,0.875,-0.0625
55,A-bin/B-base,169,"(0,.25]",0.125,0.0,0.25,0.25,0.25,0.5,0.25,0.1875,0.3125,0.125
55,B-bin/A-base,169,0,0.0,0.125,0.25,0.125,0.25,0.5,0.25,0.25,0.3125,0.0625
55,A-bin/B-base,170,"(.5,.75]",0.5625,0.5625,0.875,0.3125,0.625,1.0,0.375,0.75,0.875,0.125
55,B-bin/A-base,170,"(.5,.75]",0.5625,0.5625,0.875,0.3125,0.5625,1.0,0.4375,0.75,0.875,0.125
55,A-bin/B-base,171,0,0.0,0.0625,0.25,0.1875,0.125,0.6875,0.5625,0.125,0.3125,0.1875
55,B-bin/A-base,171,"(0,.25]",0.0625,0.0,0.25,0.25,0.0625,0.6875,0.625,0.1875,0.3125,0.125
55,A-bin/B-base,172,"(.5,.75]",0.5625,0.5625,0.75,0.1875,0.5625,1.0,0.4375,0.8125,0.75,-0.0625
55,B-bin/A-base,172,"(.5,.75]",0.5625,0.5625,0.75,0.1875,0.625,1.0,0.375,0.875,0.75,-0.125
55,A-bin/B-base,173,"(0,.25]",0.125,0.0,0.125,0.125,0.0,0.25,0.25,0.0,0.3125,0.3125
55,B-bin/A-base,173,0,0.0,0.125,0.125,0.0,0.1875,0.25,0.0625,0.25,0.3125,0.0625
55,A-bin/B-base,174,"(.5,.75]",0.625,0.5,0.6875,0.1875,0.625,0.875,0.25,0.75,0.6875,-0.0625
55,B-bin/A-base,174,"(.25,.5]",0.5,0.625,0.6875,0.0625,0.6875,0.875,0.1875,0.8125,0.6875,-0.125
55,A-bin/B-base,175,"(0,.25]",0.0625,0.1875,0.625,0.4375,0.1875,0.6875,0.5,0.5,0.625,0.125
55,B-bin/A-base,175,"(0,.25]",0.1875,0.0625,0.625,0.5625,0.0625,0.6875,0.625,0.4375,0.625,0.1875
55,A-bin/B-base,176,1,1.0,0.8125,0.875,0.0625,0.8125,0.875,0.0625,0.9375,1.0,0.0625
55,B-bin/A-base,176,"(.75,1)",0.8125,1.0,0.875,-0.125,1.0,0.875,-0.125,1.0,1.0,0.0
55,A-bin/B-base,177,"(.25,.5]",0.375,0.3125,0.5625,0.25,0.375,0.875,0.5,0.375,0.5625,0.1875
55,B-bin/A-base,177,"(.25,.5]",0.3125,0.375,0.5625,0.1875,0.625,0.875,0.25,0.5625,0.5625,0.0
55,A-bin/B-base,178,"(.25,.5]",0.5,0.5,0.375,-0.125,0.5625,0.5625,0.0,0.6875,0.625,-0.0625
55,B-bin/A-base,178,"(.25,.5]",0.5,0.5,0.375,-0.125,0.5625,0.5625,0.0,0.75,0.625,-0.125
55,A-bin/B-base,179,"(.25,.5]",0.3125,0.5625,0.3125,-0.25,0.6875,0.4375,-0.25,0.625,0.5,-0.125
55,B-bin/A-base,179,"(.5,.75]",0.5625,0.3125,0.3125,0.0,0.375,0.4375,0.0625,0.6875,0.5,-0.1875
55,A-bin/B-base,180,"(.75,1)",0.875,0.75,1.0,0.25,0.75,1.0,0.25,0.9375,1.0,0.0625
55,B-bin/A-base,180,"(.5,.75]",0.75,0.875,1.0,0.125,0.875,1.0,0.125,0.9375,1.0,0.0625
55,A-bin/B-base,181,"(0,.25]",0.125,0.0625,0.125,0.0625,0.125,0.375,0.25,0.125,0.1875,0.0625
55,B-bin/A-base,181,"(0,.25]",0.0625,0.125,0.125,0.0,0.25,0.375,0.125,0.375,0.1875,-0.1875
55,A-bin/B-base,182,"(0,.25]",0.25,0.0625,0.3125,0.25,0.375,0.6875,0.3125,0.125,0.4375,0.3125
55,B-bin/A-base,182,"(0,.25]",0.0625,0.25,0.3125,0.0625,0.4375,0.6875,0.25,0.25,0.4375,0.1875
55,A-bin/B-base,183,"(0,.25]",0.0625,0.0625,0.625,0.5625,0.125,0.875,0.75,0.25,0.625,0.375
55,B-bin/A-base,183,"(0,.25]",0.0625,0.0625,0.625,0.5625,0.1875,0.875,0.6875,0.1875,0.625,0.4375
55,A-bin/B-base,184,0,0.0,0.125,0.375,0.25,0.4375,0.6875,0.25,0.125,0.4375,0.3125
55,B-bin/A-base,184,"(0,.25]",0.125,0.0,0.375,0.375,0.0625,0.6875,0.625,0.0625,0.4375,0.375
55,A-bin/B-base,185,"(.75,1)",0.8125,0.875,0.875,0.0,0.875,0.875,0.0,1.0,0.9375,-0.0625
55,B-bin/A-base,185,"(.75,1)",0.875,0.8125,0.875,0.0625,0.8125,0.875,0.0625,0.9375,0.9375,0.0
55,A-bin/B-base,186,"(.5,.75]",0.625,0.625,0.75,0.125,0.6875,0.8125,0.125,0.8125,0.8125,0.0
55,B-bin/A-base,186,"(.5,.75]",0.625,0.625,0.75,0.125,0.6875,0.8125,0.125,0.9375,0.8125,-0.125
55,A-bin/B-base,187,"(0,.25]",0.0625,0.0,0.125,0.125,0.0625,0.375,0.3125,0.0625,0.125,0.0625
55,B-bin/A-base,187,0,0.0,0.0625,0.125,0.0625,0.0625,0.375,0.3125,0.0625,0.125,0.0625
55,A-bin/B-base,188,"(.75,1)",0.875,0.9375,0.875,-0.0625,0.9375,0.875,-0.0625,1.0,1.0,0.0
55,B-bin/A-base,188,"(.75,1)",0.9375,0.875,0.875,0.0,0.875,0.875,0.0,1.0,1.0,0.0
55,A-bin/B-base,189,"(0,.25]",0.25,0.1875,0.1875,0.0,0.3125,0.5625,0.25,0.5625,0.3125,-0.25
55,B-bin/A-base,189,"(0,.25]",0.1875,0.25,0.1875,-0.0625,0.375,0.5625,0.1875,0.375,0.3125,-0.0625
55,A-bin/B-base,190,"(0,.25]",0.125,0.0,0.1875,0.1875,0.125,0.75,0.625,0.0625,0.25,0.1875
55,B-bin/A-base,190,0,0.0,0.125,0.1875,0.0625,0.375,0.75,0.375,0.3125,0.25,-0.0625
55,A-bin/B-base,191,0,0.0,0.0,0.0,0.0,0.1875,0.4375,0.25,0.0625,0.0,-0.0625
55,B-bin/A-base,191,0,0.0,0.0,0.0,0.0,0.125,0.4375,0.3125,0.0625,0.0,-0.0625
55,A-bin/B-base,192,"(0,.25]",0.25,0.3125,0.375,0.0625,0.375,0.8125,0.4375,0.4375,0.5,0.0625
55,B-bin/A-base,192,"(.25,.5]",0.3125,0.25,0.375,0.125,0.25,0.8125,0.5625,0.625,0.5,-0.125
55,A-bin/B-base,193,"(.25,.5]",0.5,0.1875,0.4375,0.25,0.4375,0.875,0.4375,0.3125,0.4375,0.125
55,B-bin/A-base,193,"(0,.25]",0.1875,0.5,0.4375,-0.0625,0.5625,0.875,0.3125,0.5,0.4375,-0.0625
55,A-bin/B-base,194,"(0,.25]",0.25,0.25,0.6875,0.4375,0.5625,0.9375,0.375,0.375,0.6875,0.3125
55,B-bin/A-base,194,"(0,.25]",0.25,0.25,0.6875,0.4375,0.4375,0.9375,0.5,0.375,0.6875,0.3125
55,A-bin/B-base,195,"(.5,.75]",0.5625,0.6875,1.0,0.3125,0.6875,1.0,0.3125,0.9375,1.0,0.0625
55,B-bin/A-base,195,"(.5,.75]",0.6875,0.5625,1.0,0.4375,0.5625,1.0,0.4375,0.875,1.0,0.125
55,A-bin/B-base,196,"(.25,.5]",0.5,0.625,0.8125,0.1875,0.6875,0.8125,0.125,0.875,0.8125,-0.0625
55,B-bin/A-base,196,"(.5,.75]",0.625,0.5,0.8125,0.3125,0.5625,0.8125,0.25,0.75,0.8125,0.0625
55,A-bin/B-base,197,"(0,.25]",0.1875,0.3125,0.375,0.0625,0.375,0.4375,0.0625,0.75,0.6875,-0.0625
55,B-bin/A-base,197,"(.25,.5]",0.3125,0.1875,0.375,0.1875,0.1875,0.4375,0.25,0.5,0.6875,0.1875
55,A-bin/B-base,198,"(0,.25]",0.1875,0.125,0.25,0.125,0.1875,0.375,0.1875,0.125,0.25,0.125
55,B-bin/A-base,198,"(0,.25]",0.125,0.1875,0.25,0.0625,0.1875,0.375,0.1875,0.1875,0.25,0.0625
55,A-bin/B-base,199,"(0,.25]",0.1875,0.0,0.25,0.25,0.0,0.4375,0.4375,0.0,0.25,0.25
55,B-bin/A-base,199,0,0.0,0.1875,0.25,0.0625,0.1875,0.4375,0.25,0.3125,0.25,-0.0625
55,A-bin/B-base,200,"(.25,.5]",0.375,0.6875,0.6875,0.0,0.6875,0.9375,0.25,0.8125,0.6875,-0.125
55,B-bin/A-base,200,"(.5,.75]",0.6875,0.375,0.6875,0.3125,0.4375,0.9375,0.5,0.625,0.6875,0.0625
55,A-bin/B-base,201,"(0,.25]",0.0625,0.0625,0.25,0.1875,0.1875,0.5,0.3125,0.125,0.3125,0.1875
55,B-bin/A-base,201,"(0,.25]",0.0625,0.0625,0.25,0.1875,0.25,0.5,0.25,0.125,0.3125,0.1875
55,A-bin/B-base,202,"(.75,1)",0.875,0.875,0.875,0.0,0.9375,1.0,0.0625,0.9375,0.875,-0.0625
55,B-bin/A-base,202,"(.75,1)",0.875,0.875,0.875,0.0,0.875,1.0,0.125,1.0,0.875,-0.125
55,A-bin/B-base,203,"(.75,1)",0.8125,0.8125,0.9375,0.125,0.8125,0.9375,0.125,0.9375,1.0,0.0625
55,B-bin/A-base,203,"(.75,1)",0.8125,0.8125,0.9375,0.125,0.875,0.9375,0.0625,0.9375,1.0,0.0625
55,A-bin/B-base,204,"(0,.25]",0.25,0.375,0.5625,0.1875,0.4375,0.6875,0.25,0.5,0.5625,0.0625
55,B-bin/A-base,204,"(.25,.5]",0.375,0.25,0.5625,0.3125,0.3125,0.6875,0.375,0.4375,0.5625,0.125
55,A-bin/B-base,205,"(0,.25]",0.125,0.25,0.25,0.0,0.375,0.6875,0.3125,0.25,0.3125,0.0625
55,B-bin/A-base,205,"(0,.25]",0.25,0.125,0.25,0.125,0.375,0.6875,0.3125,0.125,0.3125,0.1875
55,A-bin/B-base,206,"(0,.25]",0.25,0.4375,0.5,0.0625,0.4375,0.5625,0.125,0.5625,0.5625,0.0
55,B-bin/A-base,206,"(.25,.5]",0.4375,0.25,0.5,0.25,0.25,0.5625,0.3125,0.6875,0.5625,-0.125
55,A-bin/B-base,207,"(.25,.5]",0.5,0.5625,0.75,0.1875,0.625,0.9375,0.3125,0.75,0.75,0.0
55,B-bin/A-base,207,"(.5,.75]",0.5625,0.5,0.75,0.25,0.5625,0.9375,0.375,0.6875,0.75,0.0625
55,A-bin/B-base,208,"(.5,.75]",0.6875,0.75,0.8125,0.0625,0.75,1.0,0.25,0.9375,0.8125,-0.125
55,B-bin/A-base,208,"(.5,.75]",0.75,0.6875,0.8125,0.125,0.6875,1.0,0.3125,0.875,0.8125,-0.0625
55,A-bin/B-base,209,"(.5,.75]",0.5625,0.5,1.0,0.5,0.5,1.0,0.5,0.8125,1.0,0.1875
55,B-bin/A-base,209,"(.25,.5]",0.5,0.5625,1.0,0.4375,0.625,1.0,0.375,0.625,1.0,0.375
55,A-bin/B-base,210,"(.25,.5]",0.3125,0.25,0.4375,0.1875,0.375,0.5,0.125,0.6875,0.6875,0.0
55,B-bin/A-base,210,"(0,.25]",0.25,0.3125,0.4375,0.125,0.375,0.5,0.125,0.4375,0.6875,0.25
55,A-bin/B-base,211,"(0,.25]",0.0625,0.125,0.25,0.125,0.5,0.6875,0.1875,0.1875,0.3125,0.125
55,B-bin/A-base,211,"(0,.25]",0.125,0.0625,0.25,0.1875,0.4375,0.6875,0.25,0.3125,0.3125,0.0
55,A-bin/B-base,212,0,0.0,0.0,0.0,0.0,0.0,0.0625,0.0625,0.25,0.125,-0.125
55,B-bin/A-base,212,0,0.0,0.0,0.0,0.0,0.0625,0.0625,0.0,0.125,0.125,0.0
55,A-bin/B-base,213,"(.5,.75]",0.5625,0.625,0.875,0.25,0.6875,0.9375,0.25,0.8125,0.875,0.0625
55,B-bin/A-base,213,"(.5,.75]",0.625,0.5625,0.875,0.3125,0.5625,0.9375,0.375,0.75,0.875,0.125
55,A-bin/B-base,214,"(0,.25]",0.0625,0.0,0.0,0.0,0.375,0.625,0.25,0.0,0.0,0.0
55,B-bin/A-base,214,0,0.0,0.0625,0.0,-0.0625,0.3125,0.625,0.3125,0.0625,0.0,-0.0625
55,A-bin/B-base,215,"(.25,.5]",0.5,0.75,0.875,0.125,0.75,0.9375,0.1875,0.9375,0.9375,0.0
55,B-bin/A-base,215,"(.5,.75]",0.75,0.5,0.875,0.375,0.5625,0.9375,0.375,0.875,0.9375,0.0625
55,A-bin/B-base,216,"(.5,.75]",0.75,0.5,0.8125,0.3125,0.5,0.875,0.375,0.8125,0.9375,0.125
55,B-bin/A-base,216,"(.25,.5]",0.5,0.75,0.8125,0.0625,0.75,0.875,0.125,1.0,0.9375,-0.0625
55,A-bin/B-base,217,"(0,.25]",0.1875,0.0625,0.0625,0.0,0.0625,0.25,0.1875,0.3125,0.375,0.0625
55,B-bin/A-base,217,"(0,.25]",0.0625,0.1875,0.0625,-0.125,0.1875,0.25,0.0625,0.375,0.375,0.0
55,A-bin/B-base,218,"(0,.25]",0.125,0.125,0.0625,-0.0625,0.75,1.0,0.25,0.1875,0.0625,-0.125
55,B-bin/A-base,218,"(0,.25]",0.125,0.125,0.0625,-0.0625,0.4375,1.0,0.5625,0.1875,0.0625,-0.125
55,A-bin/B-base,219,"(0,.25]",0.0625,0.0,0.125,0.125,0.125,0.375,0.25,0.1875,0.125,-0.0625
55,B-bin/A-base,219,0,0.0,0.0625,0.125,0.0625,0.3125,0.375,0.0625,0.3125,0.125,-0.1875
55,A-bin/B-base,220,"(0,.25]",0.0625,0.125,0.3125,0.1875,0.125,0.4375,0.3125,0.3125,0.4375,0.125
55,B-bin/A-base,220,"(0,.25]",0.125,0.0625,0.3125,0.25,0.125,0.4375,0.3125,0.25,0.4375,0.1875
55,A-bin/B-base,221,"(.75,1)",0.875,0.875,0.9375,0.0625,0.875,0.9375,0.0625,0.9375,0.9375,0.0
55,B-bin/A-base,221,"(.75,1)",0.875,0.875,0.9375,0.0625,0.875,0.9375,0.0625,1.0,0.9375,-0.0625
55,A-bin/B-base,222,"(0,.25]",0.25,0.4375,0.5625,0.125,0.5,0.75,0.25,0.5,0.625,0.125
55,B-bin/A-base,222,"(.25,.5]",0.4375,0.25,0.5625,0.3125,0.5,0.75,0.25,0.375,0.625,0.25
55,A-bin/B-base,223,"(0,.25]",0.125,0.0625,0.1875,0.125,0.125,0.3125,0.1875,0.3125,0.1875,-0.125
55,B-bin/A-base,223,"(0,.25]",0.0625,0.125,0.1875,0.0625,0.3125,0.3125,0.0,0.1875,0.1875,0.0
55,A-bin/B-base,224,0,0.0,0.0,0.25,0.25,0.0,0.4375,0.4375,0.25,0.375,0.125
55,B-bin/A-base,224,0,0.0,0.0,0.25,0.25,0.1875,0.4375,0.25,0.0625,0.375,0.3125
55,A-bin/B-base,225,"(0,.25]",0.0625,0.0,0.1875,0.1875,0.0625,0.375,0.3125,0.1875,0.25,0.0625
55,B-bin/A-base,225,0,0.0,0.0625,0.1875,0.125,0.125,0.375,0.25,0.125,0.25,0.125
55,A-bin/B-base,226,"(0,.25]",0.1875,0.4375,0.5,0.0625,0.5625,0.75,0.1875,0.625,0.6875,0.0625
55,B-bin/A-base,226,"(.25,.5]",0.4375,0.1875,0.5,0.3125,0.3125,0.75,0.4375,0.25,0.6875,0.4375
55,A-bin/B-base,227,"(.5,.75]",0.625,0.75,0.8125,0.0625,0.8125,0.875,0.0625,0.875,0.875,0.0
55,B-bin/A-base,227,"(.5,.75]",0.75,0.625,0.8125,0.1875,0.625,0.875,0.25,0.9375,0.875,-0.0625
55,A-bin/B-base,228,"(0,.25]",0.125,0.0,0.125,0.125,0.5625,0.9375,0.375,0.0625,0.125,0.0625
55,B-bin/A-base,228,0,0.0,0.125,0.125,0.0,0.6875,0.9375,0.25,0.1875,0.125,-0.0625
55,A-bin/B-base,229,"(0,.25]",0.1875,0.0625,0.125,0.0625,0.6875,0.9375,0.25,0.125,0.125,0.0
55,B-bin/A-base,229,"(0,.25]",0.0625,0.1875,0.125,-0.0625,0.75,0.9375,0.1875,0.1875,0.125,-0.0625
55,A-bin/B-base,230,"(0,.25]",0.125,0.0625,0.0625,0.0,0.25,0.4375,0.1875,0.125,0.0625,-0.0625
55,B-bin/A-base,230,"(0,.25]",0.0625,0.125,0.0625,-0.0625,0.4375,0.4375,0.0,0.125,0.0625,-0.0625
55,A-bin/B-base,231,"(0,.25]",0.0625,0.125,0.0625,-0.0625,0.1875,0.3125,0.125,0.125,0.125,0.0
55,B-bin/A-base,231,"(0,.25]",0.125,0.0625,0.0625,0.0,0.125,0.3125,0.1875,0.125,0.125,0.0
55,A-bin/B-base,232,0,0.0,0.0,0.0,0.0,0.4375,0.6875,0.25,0.0,0.0,0.0
55,B-bin/A-base,232,0,0.0,0.0,0.0,0.0,0.375,0.6875,0.3125,0.0,0.0,0.0
55,A-bin/B-base,233,"(.25,.5]",0.5,0.375,0.3125,-0.0625,0.6875,0.9375,0.25,0.4375,0.3125,-0.125
55,B-bin/A-base,233,"(.25,.5]",0.375,0.5,0.3125,-0.1875,0.75,0.9375,0.1875,0.625,0.3125,-0.3125
55,A-bin/B-base,234,0,0.0,0.0,0.1875,0.1875,0.125,0.5,0.375,0.0,0.1875,0.1875
55,B-bin/A-base,234,0,0.0,0.0,0.1875,0.1875,0.125,0.5,0.375,0.0,0.1875,0.1875
55,A-bin/B-base,235,"(0,.25]",0.0625,0.125,0.3125,0.1875,0.3125,0.625,0.3125,0.375,0.375,0.0
55,B-bin/A-base,235,"(0,.25]",0.125,0.0625,0.3125,0.25,0.0625,0.625,0.5625,0.1875,0.375,0.1875
55,A-bin/B-base,236,"(.75,1)",0.9375,0.75,0.8125,0.0625,0.75,0.875,0.125,0.8125,0.875,0.0625
55,B-bin/A-base,236,"(.5,.75]",0.75,0.9375,0.8125,-0.125,0.9375,0.875,-0.0625,1.0,0.875,-0.125
55,A-bin/B-base,237,"(0,.25]",0.0625,0.0,0.0,0.0,0.125,0.1875,0.0625,0.0625,0.0,-0.0625
55,B-bin/A-base,237,0,0.0,0.0625,0.0,-0.0625,0.0625,0.1875,0.125,0.0625,0.0,-0.0625
55,A-bin/B-base,238,"(.25,.5]",0.375,0.4375,0.75,0.3125,0.5,0.75,0.25,0.75,0.9375,0.1875
55,B-bin/A-base,238,"(.25,.5]",0.4375,0.375,0.75,0.375,0.4375,0.75,0.3125,0.875,0.9375,0.0625
55,A-bin/B-base,239,"(0,.25]",0.25,0.125,0.125,0.0,0.125,0.375,0.25,0.125,0.25,0.125
55,B-bin/A-base,239,"(0,.25]",0.125,0.25,0.125,-0.125,0.25,0.375,0.125,0.375,0.25,-0.125
55,A-bin/B-base,240,"(.25,.5]",0.5,0.625,0.9375,0.3125,0.625,0.9375,0.3125,1.0,0.9375,-0.0625
55,B-bin/A-base,240,"(.5,.75]",0.625,0.5,0.9375,0.4375,0.5625,0.9375,0.375,0.8125,0.9375,0.125
55,A-bin/B-base,241,"(.5,.75]",0.625,0.3125,0.625,0.3125,0.3125,0.6875,0.375,0.6875,0.8125,0.125
55,B-bin/A-base,241,"(.25,.5]",0.3125,0.625,0.625,0.0,0.6875,0.6875,0.0,0.6875,0.8125,0.125
55,A-bin/B-base,242,"(.5,.75]",0.75,0.375,0.8125,0.4375,0.375,0.8125,0.4375,0.6875,0.9375,0.25
55,B-bin/A-base,242,"(.25,.5]",0.375,0.75,0.8125,0.0625,0.8125,0.8125,0.0,0.9375,0.9375,0.0
55,A-bin/B-base,243,"(0,.25]",0.0625,0.0625,0.1875,0.125,0.125,0.6875,0.5625,0.0625,0.1875,0.125
55,B-bin/A-base,243,"(0,.25]",0.0625,0.0625,0.1875,0.125,0.4375,0.6875,0.25,0.1875,0.1875,0.0
55,A-bin/B-base,244,"(.75,1)",0.875,0.75,1.0,0.25,0.75,1.0,0.25,0.9375,1.0,0.0625
55,B-bin/A-base,244,"(.5,.75]",0.75,0.875,1.0,0.125,0.875,1.0,0.125,0.9375,1.0,0.0625
55,A-bin/B-base,245,"(.25,.5]",0.375,0.375,0.8125,0.4375,0.4375,0.875,0.4375,0.625,0.875,0.25
55,B-bin/A-base,245,"(.25,.5]",0.375,0.375,0.8125,0.4375,0.5,0.875,0.375,0.5625,0.875,0.3125
55,A-bin/B-base,246,"(0,.25]",0.0625,0.0625,0.375,0.3125,0.0625,0.5625,0.5,0.125,0.375,0.25
55,B-bin/A-base,246,"(0,.25]",0.0625,0.0625,0.375,0.3125,0.125,0.5625,0.4375,0.125,0.375,0.25
55,A-bin/B-base,247,0,0.0,0.0,0.0625,0.0625,0.25,0.375,0.125,0.0625,0.125,0.0625
55,B-bin/A-base,247,0,0.0,0.0,0.0625,0.0625,0.25,0.375,0.125,0.125,0.125,0.0
55,A-bin/B-base,248,0,0.0,0.0,0.0,0.0,0.0625,0.4375,0.375,0.0625,0.0625,0.0
55,B-bin/A-base,248,0,0.0,0.0,0.0,0.0,0.1875,0.4375,0.25,0.0625,0.0625,0.0
55,A-bin/B-base,249,"(.5,.75]",0.625,0.75,0.9375,0.1875,0.75,1.0,0.25,0.875,0.9375,0.0625
55,B-bin/A-base,249,"(.5,.75]",0.75,0.625,0.9375,0.3125,0.625,1.0,0.375,0.875,0.9375,0.0625
55,A-bin/B-base,250,0,0.0,0.125,0.3125,0.1875,0.4375,0.75,0.3125,0.3125,0.375,0.0625
55,B-bin/A-base,250,"(0,.25]",0.125,0.0,0.3125,0.3125,0.25,0.75,0.5,0.0625,0.375,0.3125
55,A-bin/B-base,251,"(0,.25]",0.1875,0.125,0.3125,0.1875,0.375,0.6875,0.3125,0.125,0.375,0.25
55,B-bin/A-base,251,"(0,.25]",0.125,0.1875,0.3125,0.125,0.4375,0.6875,0.25,0.3125,0.375,0.0625
55,A-bin/B-base,252,"(.5,.75]",0.5625,0.8125,0.9375,0.125,0.8125,1.0,0.1875,1.0,0.9375,-0.0625
55,B-bin/A-base,252,"(.75,1)",0.8125,0.5625,0.9375,0.375,0.5625,1.0,0.4375,0.8125,0.9375,0.125
55,A-bin/B-base,253,0,0.0,0.125,0.3125,0.1875,0.125,0.5,0.375,0.4375,0.4375,0.0
55,B-bin/A-base,253,"(0,.25]",0.125,0.0,0.3125,0.3125,0.0,0.5,0.5,0.125,0.4375,0.3125
55,A-bin/B-base,254,"(.25,.5]",0.3125,0.25,0.6875,0.4375,0.3125,0.8125,0.5,0.625,0.6875,0.0625
55,B-bin/A-base,254,"(0,.25]",0.25,0.3125,0.6875,0.375,0.3125,0.8125,0.5,0.5625,0.6875,0.125
55,A-bin/B-base,255,"(.5,.75]",0.625,0.6875,0.9375,0.25,0.75,1.0,0.25,0.8125,0.9375,0.125
55,B-bin/A-base,255,"(.5,.75]",0.6875,0.625,0.9375,0.3125,0.75,1.0,0.25,0.8125,0.9375,0.125
60,A-bin/B-base,0,"(.75,1)",0.8125,0.875,0.9375,0.0625,0.875,0.9375,0.0625,0.9375,1.0,0.0625
60,B-bin/A-base,0,"(.75,1)",0.875,0.8125,0.9375,0.125,0.8125,0.9375,0.125,0.8125,1.0,0.1875
60,A-bin/B-base,1,"(0,.25]",0.25,0.3125,0.625,0.3125,0.5,0.6875,0.1875,0.5,0.75,0.25
60,B-bin/A-base,1,"(.25,.5]",0.3125,0.25,0.625,0.375,0.3125,0.6875,0.375,0.4375,0.75,0.3125
60,A-bin/B-base,2,"(0,.25]",0.125,0.4375,0.5,0.0625,0.5625,0.6875,0.125,0.5625,0.5625,0.0
60,B-bin/A-base,2,"(.25,.5]",0.4375,0.125,0.5,0.375,0.1875,0.6875,0.5,0.5,0.5625,0.0625
60,A-bin/B-base,3,"(.5,.75]",0.5625,0.6875,0.9375,0.25,0.6875,1.0,0.3125,0.875,0.9375,0.0625
60,B-bin/A-base,3,"(.5,.75]",0.6875,0.5625,0.9375,0.375,0.625,1.0,0.375,0.75,0.9375,0.1875
60,A-bin/B-base,4,"(0,.25]",0.125,0.375,0.625,0.25,0.5,0.9375,0.4375,0.4375,0.625,0.1875
60,B-bin/A-base,4,"(.25,.5]",0.375,0.125,0.625,0.5,0.4375,0.9375,0.5,0.1875,0.625,0.4375
60,A-bin/B-base,5,"(.25,.5]",0.375,0.625,0.8125,0.1875,0.6875,0.875,0.1875,0.8125,0.875,0.0625
60,B-bin/A-base,5,"(.5,.75]",0.625,0.375,0.8125,0.4375,0.4375,0.875,0.4375,0.6875,0.875,0.1875
60,A-bin/B-base,6,"(.5,.75]",0.6875,0.625,0.875,0.25,0.625,1.0,0.375,0.875,0.875,0.0
60,B-bin/A-base,6,"(.5,.75]",0.625,0.6875,0.875,0.1875,0.75,1.0,0.25,0.875,0.875,0.0
60,A-bin/B-base,7,0,0.0,0.0,0.1875,0.1875,0.125,0.3125,0.1875,0.0,0.1875,0.1875
60,B-bin/A-base,7,0,0.0,0.0,0.1875,0.1875,0.0,0.3125,0.3125,0.0,0.1875,0.1875
60,A-bin/B-base,8,"(0,.25]",0.1875,0.125,0.25,0.125,0.3125,0.8125,0.5,0.1875,0.25,0.0625
60,B-bin/A-base,8,"(0,.25]",0.125,0.1875,0.25,0.0625,0.375,0.8125,0.4375,0.3125,0.25,-0.0625
60,A-bin/B-base,9,"(0,.25]",0.1875,0.0,0.1875,0.1875,0.25,0.6875,0.4375,0.0,0.1875,0.1875
60,B-bin/A-base,9,0,0.0,0.1875,0.1875,0.0,0.5,0.6875,0.1875,0.25,0.1875,-0.0625
60,A-bin/B-base,10,0,0.0,0.0625,0.0625,0.0,0.125,0.0625,-0.0625,0.125,0.125,0.0
60,B-bin/A-base,10,"(0,.25]",0.0625,0.0,0.0625,0.0625,0.0,0.0625,0.0625,0.0625,0.125,0.0625
60,A-bin/B-base,11,0,0.0,0.0625,0.0,-0.0625,0.0625,0.0,-0.0625,0.0625,0.0625,0.0
60,B-bin/A-base,11,"(0,.25]",0.0625,0.0,0.0,0.0,0.0,0.0,0.0,0.0,0.0625,0.0625
60,A-bin/B-base,12,"(.25,.5]",0.4375,0.625,1.0,0.375,0.625,1.0,0.375,0.8125,1.0,0.1875
60,B-bin/A-base,12,"(.5,.75]",0.625,0.4375,1.0,0.5625,0.4375,1.0,0.5625,0.875,1.0,0.125
60,A-bin/B-base,13,"(0,.25]",0.1875,0.0625,0.375,0.3125,0.25,0.6875,0.4375,0.25,0.4375,0.1875
60,B-bin/A-base,13,"(0,.25]",0.0625,0.1875,0.375,0.1875,0.4375,0.6875,0.25,0.3125,0.4375,0.125
60,A-bin/B-base,14,"(0,.25]",0.25,0.1875,0.5625,0.375,0.375,0.625,0.25,0.5625,0.8125,0.25
60,B-bin/A-base,14,"(0,.25]",0.1875,0.25,0.5625,0.3125,0.3125,0.625,0.3125,0.4375,0.8125,0.375
60,A-bin/B-base,15,0,0.0,0.0,0.0625,0.0625,0.5,0.375,-0.125,0.0,0.0625,0.0625
60,B-bin/A-base,15,0,0.0,0.0,0.0625,0.0625,0.0,0.375,0.375,0.0,0.0625,0.0625
60,A-bin/B-base,16,"(0,.25]",0.125,0.125,0.6875,0.5625,0.25,0.75,0.5,0.1875,0.6875,0.5
60,B-bin/A-base,16,"(0,.25]",0.125,0.125,0.6875,0.5625,0.125,0.75,0.625,0.1875,0.6875,0.5
60,A-bin/B-base,17,"(0,.25]",0.125,0.0625,0.125,0.0625,0.1875,0.875,0.6875,0.1875,0.125,-0.0625
60,B-bin/A-base,17,"(0,.25]",0.0625,0.125,0.125,0.0,0.375,0.875,0.5,0.1875,0.125,-0.0625
60,A-bin/B-base,18,"(0,.25]",0.1875,0.0,0.0625,0.0625,0.1875,0.5,0.3125,0.125,0.1875,0.0625
60,B-bin/A-base,18,0,0.0,0.1875,0.0625,-0.125,0.25,0.5,0.25,0.3125,0.1875,-0.125
60,A-bin/B-base,19,"(0,.25]",0.25,0.1875,0.375,0.1875,0.25,0.8125,0.5625,0.375,0.5,0.125
60,B-bin/A-base,19,"(0,.25]",0.1875,0.25,0.375,0.125,0.375,0.8125,0.4375,0.5,0.5,0.0
60,A-bin/B-base,20,"(.75,1)",0.8125,0.875,0.9375,0.0625,0.875,0.9375,0.0625,1.0,1.0,0.0
60,B-bin/A-base,20,"(.75,1)",0.875,0.8125,0.9375,0.125,0.8125,0.9375,0.125,1.0,1.0,0.0
60,A-bin/B-base,21,"(0,.25]",0.125,0.125,0.5625,0.4375,0.125,0.6875,0.5625,0.25,0.625,0.375
60,B-bin/A-base,21,"(0,.25]",0.125,0.125,0.5625,0.4375,0.1875,0.6875,0.5,0.125,0.625,0.5
60,A-bin/B-base,22,0,0.0,0.0,0.125,0.125,0.25,0.6875,0.4375,0.0625,0.25,0.1875
60,B-bin/A-base,22,0,0.0,0.0,0.125,0.125,0.1875,0.6875,0.5,0.25,0.25,0.0
60,A-bin/B-base,23,"(.5,.75]",0.5625,0.5,0.75,0.25,0.5625,0.875,0.3125,0.8125,0.75,-0.0625
60,B-bin/A-base,23,"(.25,.5]",0.5,0.5625,0.75,0.1875,0.5625,0.875,0.3125,0.6875,0.75,0.0625
60,A-bin/B-base,24,"(.5,.75]",0.625,0.5625,0.875,0.3125,0.5625,1.0,0.4375,0.6875,0.875,0.1875
60,B-bin/A-base,24,"(.5,.75]",0.5625,0.625,0.875,0.25,0.625,1.0,0.375,0.625,0.875,0.25
60,A-bin/B-base,25,"(.25,.5]",0.375,0.3125,0.625,0.3125,0.4375,0.625,0.1875,0.5625,0.75,0.1875
60,B-bin/A-base,25,"(.25,.5]",0.3125,0.375,0.625,0.25,0.4375,0.625,0.1875,0.625,0.75,0.125
60,A-bin/B-base,26,"(.5,.75]",0.6875,0.625,0.6875,0.0625,0.75,0.875,0.125,0.8125,0.8125,0.0
60,B-bin/A-base,26,"(.5,.75]",0.625,0.6875,0.6875,0.0,0.6875,0.875,0.1875,1.0,0.8125,-0.1875
60,A-bin/B-base,27,"(0,.25]",0.0625,0.0625,0.1875,0.125,0.3125,0.6875,0.375,0.1875,0.1875,0.0
60,B-bin/A-base,27,"(0,.25]",0.0625,0.0625,0.1875,0.125,0.125,0.6875,0.5625,0.125,0.1875,0.0625
60,A-bin/B-base,28,"(.5,.75]",0.5625,0.5625,0.9375,0.375,0.5625,1.0,0.4375,0.9375,0.9375,0.0
60,B-bin/A-base,28,"(.5,.75]",0.5625,0.5625,0.9375,0.375,0.5625,1.0,0.4375,0.9375,0.9375,0.0
60,A-bin/B-base,29,"(0,.25]",0.125,0.1875,0.25,0.0625,0.3125,0.5,0.1875,0.3125,0.3125,0.0
60,B-bin/A-base,29,"(0,.25]",0.1875,0.125,0.25,0.125,0.3125,0.5,0.1875,0.1875,0.3125,0.125
60,A-bin/B-base,30,"(0,.25]",0.0625,0.0625,0.125,0.0625,0.0625,0.25,0.1875,0.25,0.25,0.0
60,B-bin/A-base,30,"(0,.25]",0.0625,0.0625,0.125,0.0625,0.1875,0.25,0.0625,0.1875,0.25,0.0625
60,A-bin/B-base,31,"(.25,.5]",0.375,0.125,0.625,0.5,0.1875,1.0,0.8125,0.25,0.625,0.375
60,B-bin/A-base,31,"(0,.25]",0.125,0.375,0.625,0.25,0.5625,1.0,0.4375,0.5,0.625,0.125
60,A-bin/B-base,32,"(0,.25]",0.0625,0.25,0.6875,0.4375,0.3125,0.6875,0.375,0.5,0.875,0.375
60,B-bin/A-base,32,"(0,.25]",0.25,0.0625,0.6875,0.625,0.125,0.6875,0.5625,0.25,0.875,0.625
60,A-bin/B-base,33,"(.5,.75]",0.75,0.375,0.875,0.5,0.375,0.875,0.5,0.875,0.875,0.0
60,B-bin/A-base,33,"(.25,.5]",0.375,0.75,0.875,0.125,0.8125,0.875,0.0625,0.9375,0.875,-0.0625
60,A-bin/B-base,34,"(.5,.75]",0.625,0.625,0.875,0.25,0.6875,0.875,0.1875,0.875,0.9375,0.0625
60,B-bin/A-base,34,"(.5,.75]",0.625,0.625,0.875,0.25,0.6875,0.875,0.1875,0.875,0.9375,0.0625
60,A-bin/B-base,35,"(.5,.75]",0.625,0.5625,0.75,0.1875,0.5625,0.9375,0.375,0.75,0.8125,0.0625
60,B-bin/A-base,35,"(.5,.75]",0.5625,0.625,0.75,0.125,0.875,0.9375,0.0625,0.6875,0.8125,0.125
60,A-bin/B-base,36,"(.5,.75]",0.75,0.8125,0.8125,0.0,0.8125,0.875,0.0625,0.875,0.875,0.0
60,B-bin/A-base,36,"(.75,1)",0.8125,0.75,0.8125,0.0625,0.8125,0.875,0.0625,0.875,0.875,0.0
60,A-bin/B-base,37,"(.25,.5]",0.5,0.6875,0.625,-0.0625,0.6875,0.8125,0.125,0.8125,0.75,-0.0625
60,B-bin/A-base,37,"(.5,.75]",0.6875,0.5,0.625,0.125,0.625,0.8125,0.1875,0.5625,0.75,0.1875
60,A-bin/B-base,38,"(0,.25]",0.125,0.0,0.125,0.125,0.25,0.625,0.375,0.0,0.125,0.125
60,B-bin/A-base,38,0,0.0,0.125,0.125,0.0,0.375,0.625,0.25,0.125,0.125,0.0
60,A-bin/B-base,39,"(.25,.5]",0.5,0.4375,0.625,0.1875,0.4375,0.75,0.3125,0.75,0.8125,0.0625
60,B-bin/A-base,39,"(.25,.5]",0.4375,0.5,0.625,0.125,0.5,0.75,0.25,0.6875,0.8125,0.125
60,A-bin/B-base,40,0,0.0,0.125,0.1875,0.0625,0.3125,0.3125,0.0,0.25,0.3125,0.0625
60,B-bin/A-base,40,"(0,.25]",0.125,0.0,0.1875,0.1875,0.0,0.3125,0.3125,0.125,0.3125,0.1875
60,A-bin/B-base,41,"(.75,1)",0.8125,0.75,0.9375,0.1875,0.8125,0.9375,0.125,0.9375,0.9375,0.0
60,B-bin/A-base,41,"(.5,.75]",0.75,0.8125,0.9375,0.125,0.875,0.9375,0.0625,0.9375,0.9375,0.0
60,A-bin/B-base,42,0,0.0,0.0625,0.0625,0.0,0.1875,0.125,-0.0625,0.0625,0.0625,0.0
60,B-bin/A-base,42,"(0,.25]",0.0625,0.0,0.0625,0.0625,0.125,0.125,0.0,0.125,0.0625,-0.0625
60,A-bin/B-base,43,0,0.0,0.0625,0.25,0.1875,0.375,0.875,0.5,0.3125,0.375,0.0625
60,B-bin/A-base,43,"(0,.25]",0.0625,0.0,0.25,0.25,0.375,0.875,0.5,0.0625,0.375,0.3125
60,A-bin/B-base,44,"(.5,.75]",0.625,0.75,0.6875,-0.0625,0.875,0.9375,0.0625,0.75,0.6875,-0.0625
60,B-bin/A-base,44,"(.5,.75]",0.75,0.625,0.6875,0.0625,0.6875,0.9375,0.25,0.8125,0.6875,-0.125
60,A-bin/B-base,45,"(.5,.75]",0.625,0.5,0.5,0.0,0.5625,0.75,0.1875,0.75,0.5625,-0.1875
60,B-bin/A-base,45,"(.25,.5]",0.5,0.625,0.5,-0.125,0.625,0.75,0.125,0.8125,0.5625,-0.25
60,A-bin/B-base,46,"(.25,.5]",0.5,0.375,0.5625,0.1875,0.625,0.9375,0.3125,0.625,0.625,0.0
60,B-bin/A-base,46,"(.25,.5]",0.375,0.5,0.5625,0.0625,0.6875,0.9375,0.25,0.75,0.625,-0.125
60,A-bin/B-base,47,"(.25,.5]",0.5,0.75,0.75,0.0,0.75,0.8125,0.0625,0.9375,0.8125,-0.125
60,B-bin/A-base,47,"(.5,.75]",0.75,0.5,0.75,0.25,0.5,0.8125,0.3125,0.75,0.8125,0.0625
60,A-bin/B-base,48,"(.5,.75]",0.6875,0.6875,1.0,0.3125,0.6875,1.0,0.3125,1.0,1.0,0.0
60,B-bin/A-base,48,"(.5,.75]",0.6875,0.6875,1.0,0.3125,0.6875,1.0,0.3125,0.9375,1.0,0.0625
60,A-bin/B-base,49,"(.5,.75]",0.6875,0.875,0.875,0.0,0.875,0.9375,0.0625,0.875,0.9375,0.0625
60,B-bin/A-base,49,"(.75,1)",0.875,0.6875,0.875,0.1875,0.75,0.9375,0.1875,0.8125,0.9375,0.125
60,A-bin/B-base,50,0,0.0,0.0,0.0,0.0,0.0625,0.4375,0.375,0.0,0.0,0.0
60,B-bin/A-base,50,0,0.0,0.0,0.0,0.0,0.375,0.4375,0.0625,0.0,0.0,0.0
60,A-bin/B-base,51,"(.5,.75]",0.625,0.5,0.75,0.25,0.5,0.875,0.375,0.6875,0.8125,0.125
60,B-bin/A-base,51,"(.25,.5]",0.5,0.625,0.75,0.125,0.625,0.875,0.25,0.6875,0.8125,0.125
60,A-bin/B-base,52,"(.5,.75]",0.6875,0.5,0.5625,0.0625,0.5625,0.6875,0.125,0.625,0.5625,-0.0625
60,B-bin/A-base,52,"(.25,.5]",0.5,0.6875,0.5625,-0.125,0.75,0.6875,-0.0625,0.75,0.5625,-0.1875
60,A-bin/B-base,53,"(.5,.75]",0.75,0.75,0.75,0.0,0.75,0.8125,0.0625,1.0,0.9375,-0.0625
60,B-bin/A-base,53,"(.5,.75]",0.75,0.75,0.75,0.0,0.8125,0.8125,0.0,0.9375,0.9375,0.0
60,A-bin/B-base,54,"(0,.25]",0.1875,0.1875,0.3125,0.125,0.375,0.75,0.375,0.1875,0.3125,0.125
60,B-bin/A-base,54,"(0,.25]",0.1875,0.1875,0.3125,0.125,0.5625,0.75,0.1875,0.3125,0.3125,0.0
60,A-bin/B-base,55,"(.5,.75]",0.75,0.8125,0.9375,0.125,0.875,0.9375,0.0625,0.875,1.0,0.125
60,B-bin/A-base,55,"(.75,1)",0.8125,0.75,0.9375,0.1875,0.9375,0.9375,0.0,0.8125,1.0,0.1875
60,A-bin/B-base,56,"(.5,.75]",0.6875,0.6875,0.9375,0.25,0.6875,1.0,0.3125,0.9375,0.9375,0.0
60,B-bin/A-base,56,"(.5,.75]",0.6875,0.6875,0.9375,0.25,0.75,1.0,0.25,0.875,0.9375,0.0625
60,A-bin/B-base,57,"(0,.25]",0.1875,0.3125,0.1875,-0.125,0.4375,0.75,0.3125,0.4375,0.3125,-0.125
60,B-bin/A-base,57,"(.25,.5]",0.3125,0.1875,0.1875,0.0,0.375,0.75,0.375,0.375,0.3125,-0.0625
60,A-bin/B-base,58,"(.25,.5]",0.375,0.5625,0.75,0.1875,0.625,0.8125,0.1875,0.6875,0.75,0.0625
60,B-bin/A-base,58,"(.5,.75]",0.5625,0.375,0.75,0.375,0.5625,0.8125,0.25,0.625,0.75,0.125
60,A-bin/B-base,59,"(.25,.5]",0.3125,0.3125,0.25,-0.0625,0.5,0.6875,0.1875,0.4375,0.3125,-0.125
60,B-bin/A-base,59,"(.25,.5]",0.3125,0.3125,0.25,-0.0625,0.5625,0.6875,0.125,0.375,0.3125,-0.0625
60,A-bin/B-base,60,"(0,.25]",0.25,0.125,0.3125,0.1875,0.25,0.625,0.375,0.1875,0.3125,0.125
60,B-bin/A-base,60,"(0,.25]",0.125,0.25,0.3125,0.0625,0.375,0.625,0.25,0.3125,0.3125,0.0
60,A-bin/B-base,61,"(.25,.5]",0.5,0.125,0.5,0.375,0.25,0.75,0.5,0.4375,0.5,0.0625
60,B-bin/A-base,61,"(0,.25]",0.125,0.5,0.5,0.0,0.625,0.75,0.125,0.625,0.5,-0.125
60,A-bin/B-base,62,"(.25,.5]",0.375,0.4375,0.625,0.1875,0.5625,0.75,0.1875,0.5625,0.6875,0.125
60,B-bin/A-base,62,"(.25,.5]",0.4375,0.375,0.625,0.25,0.5,0.75,0.25,0.4375,0.6875,0.25
60,A-bin/B-base,63,0,0.0,0.0,0.0,0.0,0.125,0.5625,0.4375,0.0,0.0,0.0
60,B-bin/A-base,63,0,0.0,0.0,0.0,0.0,0.0,0.5625,0.5625,0.0,0.0,0.0
60,A-bin/B-base,64,"(.25,.5]",0.4375,0.5,0.5625,0.0625,0.5,0.75,0.25,0.6875,0.625,-0.0625
60,B-bin/A-base,64,"(.25,.5]",0.5,0.4375,0.5625,0.125,0.5,0.75,0.25,0.6875,0.625,-0.0625
60,A-bin/B-base,65,"(.25,.5]",0.4375,0.375,0.6875,0.3125,0.5,0.9375,0.4375,0.6875,0.6875,0.0
60,B-bin/A-base,65,"(.25,.5]",0.375,0.4375,0.6875,0.25,0.625,0.9375,0.3125,0.5625,0.6875,0.125
60,A-bin/B-base,66,"(0,.25]",0.125,0.0,0.4375,0.4375,0.125,0.6875,0.5625,0.25,0.5,0.25
60,B-bin/A-base,66,0,0.0,0.125,0.4375,0.3125,0.125,0.6875,0.5625,0.3125,0.5,0.1875
60,A-bin/B-base,67,"(0,.25]",0.1875,0.0625,0.125,0.0625,0.0625,0.375,0.3125,0.1875,0.25,0.0625
60,B-bin/A-base,67,"(0,.25]",0.0625,0.1875,0.125,-0.0625,0.3125,0.375,0.0625,0.1875,0.25,0.0625
60,A-bin/B-base,68,"(.25,.5]",0.4375,0.25,0.5,0.25,0.25,0.625,0.375,0.3125,0.625,0.3125
60,B-bin/A-base,68,"(0,.25]",0.25,0.4375,0.5,0.0625,0.4375,0.625,0.1875,0.625,0.625,0.0
60,A-bin/B-base,69,"(.5,.75]",0.625,0.5625,0.8125,0.25,0.625,1.0,0.375,0.6875,0.8125,0.125
60,B-bin/A-base,69,"(.5,.75]",0.5625,0.625,0.8125,0.1875,0.6875,1.0,0.3125,0.75,0.8125,0.0625
60,A-bin/B-base,70,"(.5,.75]",0.75,0.9375,0.9375,0.0,0.9375,0.9375,0.0,1.0,1.0,0.0
60,B-bin/A-base,70,"(.75,1)",0.9375,0.75,0.9375,0.1875,0.8125,0.9375,0.125,0.875,1.0,0.125
60,A-bin/B-base,71,"(.5,.75]",0.75,0.75,0.8125,0.0625,0.9375,1.0,0.0625,0.8125,0.8125,0.0
60,B-bin/A-base,71,"(.5,.75]",0.75,0.75,0.8125,0.0625,0.875,1.0,0.125,0.875,0.8125,-0.0625
60,A-bin/B-base,72,"(0,.25]",0.25,0.25,0.75,0.5,0.5625,0.875,0.3125,0.375,0.75,0.375
60,B-bin/A-base,72,"(0,.25]",0.25,0.25,0.75,0.5,0.5,0.875,0.375,0.3125,0.75,0.4375
60,A-bin/B-base,73,"(.25,.5]",0.5,0.8125,0.9375,0.125,0.8125,1.0,0.1875,1.0,0.9375,-0.0625
60,B-bin/A-base,73,"(.75,1)",0.8125,0.5,0.9375,0.4375,0.625,1.0,0.375,0.75,0.9375,0.1875
60,A-bin/B-base,74,"(.25,.5]",0.4375,0.6875,0.625,-0.0625,0.75,0.6875,-0.0625,0.875,0.6875,-0.1875
60,B-bin/A-base,74,"(.5,.75]",0.6875,0.4375,0.625,0.1875,0.5625,0.6875,0.125,0.5625,0.6875,0.125
60,A-bin/B-base,75,"(.25,.5]",0.5,0.3125,0.75,0.4375,0.3125,0.875,0.5625,0.625,0.875,0.25
60,B-bin/A-base,75,"(.25,.5]",0.3125,0.5,0.75,0.25,0.5625,0.875,0.3125,0.9375,0.875,-0.0625
60,A-bin/B-base,76,"(0,.25]",0.0625,0.0625,0.25,0.1875,0.3125,0.625,0.3125,0.3125,0.375,0.0625
60,B-bin/A-base,76,"(0,.25]",0.0625,0.0625,0.25,0.1875,0.3125,0.625,0.3125,0.3125,0.375,0.0625
60,A-bin/B-base,77,"(0,.25]",0.1875,0.5,0.8125,0.3125,0.5625,0.8125,0.25,0.75,0.8125,0.0625
60,B-bin/A-base,77,"(.25,.5]",0.5,0.1875,0.8125,0.625,0.3125,0.8125,0.5,0.5,0.8125,0.3125
60,A-bin/B-base,78,"(0,.25]",0.1875,0.125,0.5,0.375,0.625,0.9375,0.3125,0.1875,0.5,0.3125
60,B-bin/A-base,78,"(0,.25]",0.125,0.1875,0.5,0.3125,0.5625,0.9375,0.375,0.25,0.5,0.25
60,A-bin/B-base,79,"(.75,1)",0.9375,0.75,0.9375,0.1875,0.8125,0.9375,0.125,0.9375,0.9375,0.0
60,B-bin/A-base,79,"(.5,.75]",0.75,0.9375,0.9375,0.0,0.9375,0.9375,0.0,0.9375,0.9375,0.0
60,A-bin/B-base,80,"(0,.25]",0.0625,0.1875,0.3125,0.125,0.1875,0.8125,0.625,0.5,0.4375,-0.0625
60,B-bin/A-base,80,"(0,.25]",0.1875,0.0625,0.3125,0.25,0.25,0.8125,0.5625,0.375,0.4375,0.0625
60,A-bin/B-base,81,"(0,.25]",0.25,0.0625,0.125,0.0625,0.4375,0.5625,0.125,0.0625,0.1875,0.125
60,B-bin/A-base,81,"(0,.25]",0.0625,0.25,0.125,-0.125,0.3125,0.5625,0.25,0.375,0.1875,-0.1875
60,A-bin/B-base,82,"(.25,.5]",0.375,0.375,0.625,0.25,0.4375,0.8125,0.375,0.5,0.75,0.25
60,B-bin/A-base,82,"(.25,.5]",0.375,0.375,0.625,0.25,0.5625,0.8125,0.25,0.375,0.75,0.375
60,A-bin/B-base,83,"(.25,.5]",0.375,0.375,0.4375,0.0625,0.4375,0.875,0.4375,0.5625,0.5,-0.0625
60,B-bin/A-base,83,"(.25,.5]",0.375,0.375,0.4375,0.0625,0.4375,0.875,0.4375,0.6875,0.5,-0.1875
60,A-bin/B-base,84,"(.25,.5]",0.3125,0.125,0.625,0.5,0.3125,0.875,0.5625,0.375,0.625,0.25
60,B-bin/A-base,84,"(0,.25]",0.125,0.3125,0.625,0.3125,0.3125,0.875,0.5625,0.5625,0.625,0.0625
60,A-bin/B-base,85,"(.25,.5]",0.3125,0.4375,0.6875,0.25,0.5625,0.75,0.1875,0.625,0.875,0.25
60,B-bin/A-base,85,"(.25,.5]",0.4375,0.3125,0.6875,0.375,0.375,0.75,0.375,0.5,0.875,0.375
60,A-bin/B-base,86,"(.25,.5]",0.5,0.625,0.9375,0.3125,0.625,1.0,0.375,0.8125,0.9375,0.125
60,B-bin/A-base,86,"(.5,.75]",0.625,0.5,0.9375,0.4375,0.625,1.0,0.375,0.8125,0.9375,0.125
60,A-bin/B-base,87,"(0,.25]",0.25,0.25,0.25,0.0,0.5625,0.625,0.0625,0.375,0.25,-0.125
60,B-bin/A-base,87,"(0,.25]",0.25,0.25,0.25,0.0,0.375,0.625,0.25,0.6875,0.25,-0.4375
60,A-bin/B-base,88,"(.25,.5]",0.4375,0.5,0.5,0.0,0.6875,0.875,0.1875,0.5625,0.5625,0.0
60,B-bin/A-base,88,"(.25,.5]",0.5,0.4375,0.5,0.0625,0.5625,0.875,0.3125,0.5625,0.5625,0.0
60,A-bin/B-base,89,"(0,.25]",0.125,0.1875,0.0625,-0.125,0.375,0.5625,0.1875,0.3125,0.125,-0.1875
60,B-bin/A-base,89,"(0,.25]",0.1875,0.125,0.0625,-0.0625,0.1875,0.5625,0.375,0.3125,0.125,-0.1875
60,A-bin/B-base,90,"(0,.25]",0.0625,0.0625,0.25,0.1875,0.25,0.6875,0.4375,0.1875,0.3125,0.125
60,B-bin/A-base,90,"(0,.25]",0.0625,0.0625,0.25,0.1875,0.3125,0.6875,0.375,0.125,0.3125,0.1875
60,A-bin/B-base,91,"(0,.25]",0.125,0.125,0.375,0.25,0.125,0.4375,0.3125,0.375,0.625,0.25
60,B-bin/A-base,91,"(0,.25]",0.125,0.125,0.375,0.25,0.125,0.4375,0.3125,0.6875,0.625,-0.0625
60,A-bin/B-base,92,"(0,.25]",0.125,0.3125,0.25,-0.0625,0.5625,0.6875,0.125,0.4375,0.3125,-0.125
60,B-bin/A-base,92,"(.25,.5]",0.3125,0.125,0.25,0.125,0.3125,0.6875,0.375,0.1875,0.3125,0.125
60,A-bin/B-base,93,"(.5,.75]",0.75,0.375,0.9375,0.5625,0.4375,1.0,0.5625,0.75,0.9375,0.1875
60,B-bin/A-base,93,"(.25,.5]",0.375,0.75,0.9375,0.1875,0.75,1.0,0.25,1.0,0.9375,-0.0625
60,A-bin/B-base,94,"(.5,.75]",0.5625,0.5625,0.875,0.3125,0.5625,0.9375,0.375,0.9375,0.875,-0.0625
60,B-bin/A-base,94,"(.5,.75]",0.5625,0.5625,0.875,0.3125,0.5625,0.9375,0.375,0.875,0.875,0.0
60,A-bin/B-base,95,"(0,.25]",0.125,0.0,0.125,0.125,0.3125,0.6875,0.375,0.0,0.1875,0.1875
60,B-bin/A-base,95,0,0.0,0.125,0.125,0.0,0.25,0.6875,0.4375,0.125,0.1875,0.0625
60,A-bin/B-base,96,"(.75,1)",0.8125,0.6875,0.8125,0.125,0.6875,1.0,0.3125,0.75,0.8125,0.0625
60,B-bin/A-base,96,"(.5,.75]",0.6875,0.8125,0.8125,0.0,0.8125,1.0,0.1875,0.875,0.8125,-0.0625
60,A-bin/B-base,97,0,0.0,0.0,0.0,0.0,0.1875,0.625,0.4375,0.0,0.0,0.0
60,B-bin/A-base,97,0,0.0,0.0,0.0,0.0,0.25,0.625,0.375,0.0,0.0,0.0
60,A-bin/B-base,98,"(.25,.5]",0.3125,0.375,0.5,0.125,0.6875,0.625,-0.0625,0.375,0.5,0.125
60,B-bin/A-base,98,"(.25,.5]",0.375,0.3125,0.5,0.1875,0.5,0.625,0.125,0.375,0.5,0.125
60,A-bin/B-base,99,0,0.0,0.0,0.0,0.0,0.125,0.1875,0.0625,0.0625,0.0,-0.0625
60,B-bin/A-base,99,0,0.0,0.0,0.0,0.0,0.0,0.1875,0.1875,0.0625,0.0,-0.0625
60,A-bin/B-base,100,"(.25,.5]",0.375,0.25,0.875,0.625,0.375,0.9375,0.5625,0.4375,0.9375,0.5
60,B-bin/A-base,100,"(0,.25]",0.25,0.375,0.875,0.5,0.4375,0.9375,0.5,0.75,0.9375,0.1875
60,A-bin/B-base,101,"(0,.25]",0.25,0.3125,0.75,0.4375,0.5,0.9375,0.4375,0.625,0.8125,0.1875
60,B-bin/A-base,101,"(.25,.5]",0.3125,0.25,0.75,0.5,0.5,0.9375,0.4375,0.5,0.8125,0.3125
60,A-bin/B-base,102,"(0,.25]",0.1875,0.375,0.3125,-0.0625,0.5625,0.625,0.0625,0.5625,0.375,-0.1875
60,B-bin/A-base,102,"(.25,.5]",0.375,0.1875,0.3125,0.125,0.1875,0.625,0.4375,0.4375,0.375,-0.0625
60,A-bin/B-base,103,0,0.0,0.0,0.0,0.0,0.0,0.125,0.125,0.0625,0.0,-0.0625
60,B-bin/A-base,103,0,0.0,0.0,0.0,0.0,0.125,0.125,0.0,0.0,0.0,0.0
60,A-bin/B-base,104,"(.5,.75]",0.75,0.4375,0.875,0.4375,0.4375,0.9375,0.5,0.875,0.875,0.0
60,B-bin/A-base,104,"(.25,.5]",0.4375,0.75,0.875,0.125,0.8125,0.9375,0.125,0.8125,0.875,0.0625
60,A-bin/B-base,105,"(.5,.75]",0.5625,0.5625,0.5625,0.0,0.6875,0.875,0.1875,0.75,0.6875,-0.0625
60,B-bin/A-base,105,"(.5,.75]",0.5625,0.5625,0.5625,0.0,0.6875,0.875,0.1875,0.75,0.6875,-0.0625
60,A-bin/B-base,106,"(.5,.75]",0.75,0.8125,0.9375,0.125,0.875,1.0,0.125,0.875,0.9375,0.0625
60,B-bin/A-base,106,"(.75,1)",0.8125,0.75,0.9375,0.1875,0.75,1.0,0.25,1.0,0.9375,-0.0625
60,A-bin/B-base,107,"(0,.25]",0.125,0.125,0.25,0.125,0.4375,0.75,0.3125,0.25,0.375,0.125
60,B-bin/A-base,107,"(0,.25]",0.125,0.125,0.25,0.125,0.1875,0.75,0.5625,0.375,0.375,0.0
60,A-bin/B-base,108,"(.25,.5]",0.3125,0.1875,0.25,0.0625,0.375,0.75,0.375,0.375,0.25,-0.125
60,B-bin/A-base,108,"(0,.25]",0.1875,0.3125,0.25,-0.0625,0.5625,0.75,0.1875,0.5,0.25,-0.25
60,A-bin/B-base,109,"(.25,.5]",0.5,0.625,0.5625,-0.0625,0.6875,0.75,0.0625,0.8125,0.6875,-0.125
60,B-bin/A-base,109,"(.5,.75]",0.625,0.5,0.5625,0.0625,0.5,0.75,0.25,0.8125,0.6875,-0.125
60,A-bin/B-base,110,"(.5,.75]",0.5625,0.4375,0.875,0.4375,0.5625,1.0,0.4375,0.8125,0.875,0.0625
60,B-bin/A-base,110,"(.25,.5]",0.4375,0.5625,0.875,0.3125,0.625,1.0,0.375,0.75,0.875,0.125
60,A-bin/B-base,111,"(.75,1)",0.8125,0.625,0.9375,0.3125,0.625,0.9375,0.3125,0.875,1.0,0.125
60,B-bin/A-base,111,"(.5,.75]",0.625,0.8125,0.9375,0.125,0.8125,0.9375,0.125,0.875,1.0,0.125
60,A-bin/B-base,112,"(.25,.5]",0.5,0.625,0.5625,-0.0625,0.8125,0.8125,0.0,0.75,0.625,-0.125
60,B-bin/A-base,112,"(.5,.75]",0.625,0.5,0.5625,0.0625,0.6875,0.8125,0.125,0.625,0.625,0.0
60,A-bin/B-base,113,"(.5,.75]",0.5625,0.75,0.375,-0.375,0.8125,0.75,-0.0625,0.9375,0.5,-0.4375
60,B-bin/A-base,113,"(.5,.75]",0.75,0.5625,0.375,-0.1875,0.6875,0.75,0.0625,0.625,0.5,-0.125
60,A-bin/B-base,114,"(.75,1)",0.8125,0.8125,1.0,0.1875,0.8125,1.0,0.1875,0.9375,1.0,0.0625
60,B-bin/A-base,114,"(.75,1)",0.8125,0.8125,1.0,0.1875,0.875,1.0,0.125,0.9375,1.0,0.0625
60,A-bin/B-base,115,"(.25,.5]",0.5,0.25,0.625,0.375,0.3125,0.75,0.4375,0.5,0.75,0.25
60,B-bin/A-base,115,"(0,.25]",0.25,0.5,0.625,0.125,0.625,0.75,0.125,0.6875,0.75,0.0625
60,A-bin/B-base,116,0,0.0,0.0,0.0625,0.0625,0.0625,0.5,0.4375,0.0625,0.0625,0.0
60,B-bin/A-base,116,0,0.0,0.0,0.0625,0.0625,0.25,0.5,0.25,0.0,0.0625,0.0625
60,A-bin/B-base,117,0,0.0,0.0,0.0,0.0,0.0,0.0625,0.0625,0.0625,0.0,-0.0625
60,B-bin/A-base,117,0,0.0,0.0,0.0,0.0,0.0,0.0625,0.0625,0.0625,0.0,-0.0625
60,A-bin/B-base,118,"(0,.25]",0.0625,0.0,0.0,0.0,0.375,0.75,0.375,0.125,0.0625,-0.0625
60,B-bin/A-base,118,0,0.0,0.0625,0.0,-0.0625,0.6875,0.75,0.0625,0.0625,0.0625,0.0
60,A-bin/B-base,119,"(.25,.5]",0.375,0.25,0.5,0.25,0.3125,0.8125,0.5,0.625,0.6875,0.0625
60,B-bin/A-base,119,"(0,.25]",0.25,0.375,0.5,0.125,0.4375,0.8125,0.375,0.875,0.6875,-0.1875
60,A-bin/B-base,120,"(.25,.5]",0.375,0.25,0.5625,0.3125,0.375,0.8125,0.4375,0.4375,0.625,0.1875
60,B-bin/A-base,120,"(0,.25]",0.25,0.375,0.5625,0.1875,0.625,0.8125,0.1875,0.5,0.625,0.125
60,A-bin/B-base,121,0,0.0,0.0625,0.0,-0.0625,0.125,0.125,0.0,0.3125,0.0,-0.3125
60,B-bin/A-base,121,"(0,.25]",0.0625,0.0,0.0,0.0,0.125,0.125,0.0,0.0,0.0,0.0
60,A-bin/B-base,122,"(0,.25]",0.0625,0.125,0.25,0.125,0.1875,0.5,0.3125,0.25,0.25,0.0
60,B-bin/A-base,122,"(0,.25]",0.125,0.0625,0.25,0.1875,0.125,0.5,0.375,0.1875,0.25,0.0625
60,A-bin/B-base,123,"(0,.25]",0.1875,0.125,0.5625,0.4375,0.25,0.6875,0.4375,0.4375,0.75,0.3125
60,B-bin/A-base,123,"(0,.25]",0.125,0.1875,0.5625,0.375,0.1875,0.6875,0.5,0.4375,0.75,0.3125
60,A-bin/B-base,124,"(.25,.5]",0.3125,0.4375,0.75,0.3125,0.4375,0.875,0.4375,0.5625,0.75,0.1875
60,B-bin/A-base,124,"(.25,.5]",0.4375,0.3125,0.75,0.4375,0.375,0.875,0.5,0.4375,0.75,0.3125
60,A-bin/B-base,125,"(.5,.75]",0.5625,0.8125,0.75,-0.0625,0.8125,0.8125,0.0,0.9375,0.75,-0.1875
60,B-bin/A-base,125,"(.75,1)",0.8125,0.5625,0.75,0.1875,0.6875,0.8125,0.125,0.75,0.75,0.0
60,A-bin/B-base,126,"(.75,1)",0.8125,0.75,0.9375,0.1875,0.75,1.0,0.25,1.0,0.9375,-0.0625
60,B-bin/A-base,126,"(.5,.75]",0.75,0.8125,0.9375,0.125,0.8125,1.0,0.1875,0.9375,0.9375,0.0
60,A-bin/B-base,127,"(.5,.75]",0.5625,0.5,0.75,0.25,0.5625,0.8125,0.25,0.6875,0.875,0.1875
60,B-bin/A-base,127,"(.25,.5]",0.5,0.5625,0.75,0.1875,0.5625,0.8125,0.25,0.8125,0.875,0.0625
60,A-bin/B-base,128,"(0,.25]",0.125,0.1875,0.3125,0.125,0.375,0.75,0.375,0.4375,0.375,-0.0625
60,B-bin/A-base,128,"(0,.25]",0.1875,0.125,0.3125,0.1875,0.1875,0.75,0.5625,0.375,0.375,0.0
60,A-bin/B-base,129,0,0.0,0.0625,0.0,-0.0625,0.25,0.5625,0.3125,0.0625,0.0,-0.0625
60,B-bin/A-base,129,"(0,.25]",0.0625,0.0,0.0,0.0,0.0625,0.5625,0.5,0.0,0.0,0.0
60,A-bin/B-base,130,"(.75,1)",0.9375,0.8125,0.9375,0.125,0.8125,1.0,0.1875,0.9375,0.9375,0.0
60,B-bin/A-base,130,"(.75,1)",0.8125,0.9375,0.9375,0.0,0.9375,1.0,0.0625,1.0,0.9375,-0.0625
60,A-bin/B-base,131,"(0,.25]",0.125,0.1875,0.25,0.0625,0.1875,0.625,0.4375,0.1875,0.375,0.1875
60,B-bin/A-base,131,"(0,.25]",0.1875,0.125,0.25,0.125,0.1875,0.625,0.4375,0.125,0.375,0.25
60,A-bin/B-base,132,"(.5,.75]",0.75,0.4375,0.5625,0.125,0.5625,0.9375,0.375,0.6875,0.5625,-0.125
60,B-bin/A-base,132,"(.25,.5]",0.4375,0.75,0.5625,-0.1875,0.75,0.9375,0.1875,0.75,0.5625,-0.1875
60,A-bin/B-base,133,"(.25,.5]",0.4375,0.375,0.625,0.25,0.375,0.875,0.5,0.75,0.625,-0.125
60,B-bin/A-base,133,"(.25,.5]",0.375,0.4375,0.625,0.1875,0.5,0.875,0.375,0.6875,0.625,-0.0625
60,A-bin/B-base,134,"(0,.25]",0.0625,0.0,0.0,0.0,0.4375,0.6875,0.25,0.0625,0.0,-0.0625
60,B-bin/A-base,134,0,0.0,0.0625,0.0,-0.0625,0.4375,0.6875,0.25,0.0625,0.0,-0.0625
60,A-bin/B-base,135,"(.5,.75]",0.6875,0.75,0.5625,-0.1875,0.75,0.75,0.0,0.875,0.625,-0.25
60,B-bin/A-base,135,"(.5,.75]",0.75,0.6875,0.5625,-0.125,0.75,0.75,0.0,0.75,0.625,-0.125
60,A-bin/B-base,136,"(0,.25]",0.25,0.125,0.625,0.5,0.1875,0.8125,0.625,0.5625,0.625,0.0625
60,B-bin/A-base,136,"(0,.25]",0.125,0.25,0.625,0.375,0.25,0.8125,0.5625,0.4375,0.625,0.1875
60,A-bin/B-base,137,"(.5,.75]",0.5625,0.3125,0.5625,0.25,0.375,0.625,0.25,0.5625,0.6875,0.125
60,B-bin/A-base,137,"(.25,.5]",0.3125,0.5625,0.5625,0.0,0.5625,0.625,0.0625,0.625,0.6875,0.0625
60,A-bin/B-base,138,"(0,.25]",0.1875,0.0625,0.1875,0.125,0.0625,0.5625,0.5,0.4375,0.3125,-0.125
60,B-bin/A-base,138,"(0,.25]",0.0625,0.1875,0.1875,0.0,0.25,0.5625,0.3125,0.25,0.3125,0.0625
60,A-bin/B-base,139,0,0.0,0.125,0.4375,0.3125,0.1875,0.625,0.4375,0.5625,0.4375,-0.125
60,B-bin/A-base,139,"(0,.25]",0.125,0.0,0.4375,0.4375,0.0,0.625,0.625,0.25,0.4375,0.1875
60,A-bin/B-base,140,"(.25,.5]",0.3125,0.25,0.4375,0.1875,0.25,0.5625,0.3125,0.4375,0.5625,0.125
60,B-bin/A-base,140,"(0,.25]",0.25,0.3125,0.4375,0.125,0.3125,0.5625,0.25,0.5625,0.5625,0.0
60,A-bin/B-base,141,"(0,.25]",0.1875,0.3125,0.4375,0.125,0.75,0.8125,0.0625,0.4375,0.5,0.0625
60,B-bin/A-base,141,"(.25,.5]",0.3125,0.1875,0.4375,0.25,0.1875,0.8125,0.625,0.4375,0.5,0.0625
60,A-bin/B-base,142,0,0.0,0.0625,0.125,0.0625,0.125,0.3125,0.1875,0.1875,0.125,-0.0625
60,B-bin/A-base,142,"(0,.25]",0.0625,0.0,0.125,0.125,0.125,0.3125,0.1875,0.125,0.125,0.0
60,A-bin/B-base,143,"(.25,.5]",0.3125,0.4375,0.25,-0.1875,0.5625,0.6875,0.125,0.5,0.3125,-0.1875
60,B-bin/A-base,143,"(.25,.5]",0.4375,0.3125,0.25,-0.0625,0.5,0.6875,0.1875,0.4375,0.3125,-0.125
60,A-bin/B-base,144,"(0,.25]",0.25,0.1875,0.5625,0.375,0.25,0.75,0.5,0.5,0.5625,0.0625
60,B-bin/A-base,144,"(0,.25]",0.1875,0.25,0.5625,0.3125,0.3125,0.75,0.4375,0.5625,0.5625,0.0
60,A-bin/B-base,145,"(.5,.75]",0.6875,0.375,0.8125,0.4375,0.5,0.875,0.375,0.5625,0.8125,0.25
60,B-bin/A-base,145,"(.25,.5]",0.375,0.6875,0.8125,0.125,0.6875,0.875,0.1875,0.875,0.8125,-0.0625
60,A-bin/B-base,146,"(0,.25]",0.25,0.0625,0.5625,0.5,0.3125,0.8125,0.5,0.1875,0.625,0.4375
60,B-bin/A-base,146,"(0,.25]",0.0625,0.25,0.5625,0.3125,0.25,0.8125,0.5625,0.4375,0.625,0.1875
60,A-bin/B-base,147,"(.75,1)",0.8125,0.6875,0.875,0.1875,0.6875,0.9375,0.25,0.875,0.9375,0.0625
60,B-bin/A-base,147,"(.5,.75]",0.6875,0.8125,0.875,0.0625,0.8125,0.9375,0.125,0.9375,0.9375,0.0
60,A-bin/B-base,148,"(.5,.75]",0.5625,0.1875,0.8125,0.625,0.3125,1.0,0.6875,0.5,0.8125,0.3125
60,B-bin/A-base,148,"(0,.25]",0.1875,0.5625,0.8125,0.25,0.625,1.0,0.375,0.75,0.8125,0.0625
60,A-bin/B-base,149,"(.5,.75]",0.5625,0.5,0.625,0.125,0.5625,0.75,0.1875,0.875,0.6875,-0.1875
60,B-bin/A-base,149,"(.25,.5]",0.5,0.5625,0.625,0.0625,0.625,0.75,0.125,0.625,0.6875,0.0625
60,A-bin/B-base,150,"(.5,.75]",0.75,0.4375,0.875,0.4375,0.5,1.0,0.5,0.75,0.875,0.125
60,B-bin/A-base,150,"(.25,.5]",0.4375,0.75,0.875,0.125,0.75,1.0,0.25,0.9375,0.875,-0.0625
60,A-bin/B-base,151,"(.25,.5]",0.5,0.5625,0.5,-0.0625,0.625,0.75,0.125,0.8125,0.6875,-0.125
60,B-bin/A-base,151,"(.5,.75]",0.5625,0.5,0.5,0.0,0.75,0.75,0.0,0.5625,0.6875,0.125
60,A-bin/B-base,152,"(.5,.75]",0.6875,0.5625,0.625,0.0625,0.625,0.875,0.25,0.75,0.625,-0.125
60,B-bin/A-base,152,"(.5,.75]",0.5625,0.6875,0.625,-0.0625,0.75,0.875,0.125,0.8125,0.625,-0.1875
60,A-bin/B-base,153,"(.25,.5]",0.3125,0.4375,0.25,-0.1875,0.5625,0.6875,0.125,0.5,0.4375,-0.0625
60,B-bin/A-base,153,"(.25,.5]",0.4375,0.3125,0.25,-0.0625,0.625,0.6875,0.0625,0.375,0.4375,0.0625
60,A-bin/B-base,154,"(.25,.5]",0.3125,0.4375,0.5,0.0625,0.5,0.8125,0.3125,0.625,0.5,-0.125
60,B-bin/A-base,154,"(.25,.5]",0.4375,0.3125,0.5,0.1875,0.3125,0.8125,0.5,0.625,0.5,-0.125
60,A-bin/B-base,155,"(.25,.5]",0.375,0.125,0.625,0.5,0.375,0.9375,0.5625,0.3125,0.625,0.3125
60,B-bin/A-base,155,"(0,.25]",0.125,0.375,0.625,0.25,0.4375,0.9375,0.5,0.4375,0.625,0.1875
60,A-bin/B-base,156,"(.5,.75]",0.5625,0.6875,0.8125,0.125,0.75,0.875,0.125,0.875,0.8125,-0.0625
60,B-bin/A-base,156,"(.5,.75]",0.6875,0.5625,0.8125,0.25,0.5625,0.875,0.3125,0.9375,0.8125,-0.125
60,A-bin/B-base,157,"(.25,.5]",0.3125,0.5,0.625,0.125,0.5,0.75,0.25,0.75,0.6875,-0.0625
60,B-bin/A-base,157,"(.25,.5]",0.5,0.3125,0.625,0.3125,0.3125,0.75,0.4375,0.5,0.6875,0.1875
60,A-bin/B-base,158,"(.25,.5]",0.4375,0.0625,0.6875,0.625,0.1875,0.9375,0.75,0.5,0.75,0.25
60,B-bin/A-base,158,"(0,.25]",0.0625,0.4375,0.6875,0.25,0.5625,0.9375,0.375,0.625,0.75,0.125
60,A-bin/B-base,159,"(0,.25]",0.0625,0.0625,0.1875,0.125,0.3125,0.75,0.4375,0.125,0.1875,0.0625
60,B-bin/A-base,159,"(0,.25]",0.0625,0.0625,0.1875,0.125,0.25,0.75,0.5,0.125,0.1875,0.0625
60,A-bin/B-base,160,0,0.0,0.0,0.0,0.0,0.3125,0.8125,0.5,0.0,0.0,0.0
60,B-bin/A-base,160,0,0.0,0.0,0.0,0.0,0.375,0.8125,0.4375,0.0,0.0,0.0
60,A-bin/B-base,161,"(.75,1)",0.875,0.6875,0.875,0.1875,0.8125,1.0,0.1875,0.75,0.875,0.125
60,B-bin/A-base,161,"(.5,.75]",0.6875,0.875,0.875,0.0,0.9375,1.0,0.0625,0.875,0.875,0.0
60,A-bin/B-base,162,"(0,.25]",0.0625,0.1875,0.1875,0.0,0.375,0.625,0.25,0.1875,0.1875,0.0
60,B-bin/A-base,162,"(0,.25]",0.1875,0.0625,0.1875,0.125,0.3125,0.625,0.3125,0.125,0.1875,0.0625
60,A-bin/B-base,163,"(.25,.5]",0.5,0.625,0.6875,0.0625,0.6875,0.9375,0.25,0.8125,0.75,-0.0625
60,B-bin/A-base,163,"(.5,.75]",0.625,0.5,0.6875,0.1875,0.625,0.9375,0.3125,0.75,0.75,0.0
60,A-bin/B-base,164,"(.5,.75]",0.5625,0.5,0.5,0.0,0.6875,0.6875,0.0,0.625,0.625,0.0
60,B-bin/A-base,164,"(.25,.5]",0.5,0.5625,0.5,-0.0625,0.8125,0.6875,-0.125,0.6875,0.625,-0.0625
60,A-bin/B-base,165,0,0.0,0.0,0.0625,0.0625,0.375,0.5625,0.1875,0.0,0.125,0.125
60,B-bin/A-base,165,0,0.0,0.0,0.0625,0.0625,0.0,0.5625,0.5625,0.0625,0.125,0.0625
60,A-bin/B-base,166,"(0,.25]",0.125,0.125,0.3125,0.1875,0.25,0.6875,0.4375,0.1875,0.375,0.1875
60,B-bin/A-base,166,"(0,.25]",0.125,0.125,0.3125,0.1875,0.125,0.6875,0.5625,0.5625,0.375,-0.1875
60,A-bin/B-base,167,0,0.0,0.0,0.0,0.0,0.5,0.75,0.25,0.0,0.0,0.0
60,B-bin/A-base,167,0,0.0,0.0,0.0,0.0,0.5,0.75,0.25,0.0,0.0,0.0
60,A-bin/B-base,168,"(.75,1)",0.8125,0.875,0.8125,-0.0625,0.875,0.9375,0.0625,0.875,0.875,0.0
60,B-bin/A-base,168,"(.75,1)",0.875,0.8125,0.8125,0.0,0.875,0.9375,0.0625,0.9375,0.875,-0.0625
60,A-bin/B-base,169,"(0,.25]",0.125,0.0,0.3125,0.3125,0.25,0.625,0.375,0.1875,0.375,0.1875
60,B-bin/A-base,169,0,0.0,0.125,0.3125,0.1875,0.25,0.625,0.375,0.25,0.375,0.125
60,A-bin/B-base,170,"(.5,.75]",0.5625,0.5625,0.75,0.1875,0.625,0.8125,0.1875,0.75,0.875,0.125
60,B-bin/A-base,170,"(.5,.75]",0.5625,0.5625,0.75,0.1875,0.5625,0.8125,0.25,0.75,0.875,0.125
60,A-bin/B-base,171,0,0.0,0.0625,0.4375,0.375,0.125,0.625,0.5,0.125,0.5625,0.4375
60,B-bin/A-base,171,"(0,.25]",0.0625,0.0,0.4375,0.4375,0.0625,0.625,0.5625,0.1875,0.5625,0.375
60,A-bin/B-base,172,"(.5,.75]",0.5625,0.5625,0.875,0.3125,0.5625,1.0,0.4375,0.8125,0.875,0.0625
60,B-bin/A-base,172,"(.5,.75]",0.5625,0.5625,0.875,0.3125,0.625,1.0,0.375,0.875,0.875,0.0
60,A-bin/B-base,173,"(0,.25]",0.125,0.0,0.0625,0.0625,0.0,0.4375,0.4375,0.0,0.125,0.125
60,B-bin/A-base,173,0,0.0,0.125,0.0625,-0.0625,0.1875,0.4375,0.25,0.25,0.125,-0.125
60,A-bin/B-base,174,"(.5,.75]",0.625,0.5,0.875,0.375,0.625,0.9375,0.3125,0.75,0.875,0.125
60,B-bin/A-base,174,"(.25,.5]",0.5,0.625,0.875,0.25,0.6875,0.9375,0.25,0.8125,0.875,0.0625
60,A-bin/B-base,175,"(0,.25]",0.0625,0.1875,0.25,0.0625,0.1875,0.625,0.4375,0.5,0.375,-0.125
60,B-bin/A-base,175,"(0,.25]",0.1875,0.0625,0.25,0.1875,0.0625,0.625,0.5625,0.4375,0.375,-0.0625
60,A-bin/B-base,176,1,1.0,0.8125,0.9375,0.125,0.8125,0.9375,0.125,0.9375,1.0,0.0625
60,B-bin/A-base,176,"(.75,1)",0.8125,1.0,0.9375,-0.0625,1.0,0.9375,-0.0625,1.0,1.0,0.0
60,A-bin/B-base,177,"(.25,.5]",0.375,0.3125,0.5,0.1875,0.375,0.8125,0.4375,0.375,0.5,0.125
60,B-bin/A-base,177,"(.25,.5]",0.3125,0.375,0.5,0.125,0.625,0.8125,0.1875,0.5625,0.5,-0.0625
60,A-bin/B-base,178,"(.25,.5]",0.5,0.5,0.5,0.0,0.5625,0.8125,0.25,0.6875,0.5625,-0.125
60,B-bin/A-base,178,"(.25,.5]",0.5,0.5,0.5,0.0,0.5625,0.8125,0.25,0.75,0.5625,-0.1875
60,A-bin/B-base,179,"(.25,.5]",0.3125,0.5625,0.875,0.3125,0.6875,0.875,0.1875,0.625,0.875,0.25
60,B-bin/A-base,179,"(.5,.75]",0.5625,0.3125,0.875,0.5625,0.375,0.875,0.5,0.6875,0.875,0.1875
60,A-bin/B-base,180,"(.75,1)",0.875,0.75,0.875,0.125,0.75,0.9375,0.1875,0.9375,0.9375,0.0
60,B-bin/A-base,180,"(.5,.75]",0.75,0.875,0.875,0.0,0.875,0.9375,0.0625,0.9375,0.9375,0.0
60,A-bin/B-base,181,"(0,.25]",0.125,0.0625,0.1875,0.125,0.125,0.5625,0.4375,0.125,0.1875,0.0625
60,B-bin/A-base,181,"(0,.25]",0.0625,0.125,0.1875,0.0625,0.25,0.5625,0.3125,0.375,0.1875,-0.1875
60,A-bin/B-base,182,"(0,.25]",0.25,0.0625,0.1875,0.125,0.375,0.875,0.5,0.125,0.25,0.125
60,B-bin/A-base,182,"(0,.25]",0.0625,0.25,0.1875,-0.0625,0.4375,0.875,0.4375,0.25,0.25,0.0
60,A-bin/B-base,183,"(0,.25]",0.0625,0.0625,0.5,0.4375,0.125,0.625,0.5,0.25,0.625,0.375
60,B-bin/A-base,183,"(0,.25]",0.0625,0.0625,0.5,0.4375,0.1875,0.625,0.4375,0.1875,0.625,0.4375
60,A-bin/B-base,184,0,0.0,0.125,0.1875,0.0625,0.4375,0.75,0.3125,0.125,0.25,0.125
60,B-bin/A-base,184,"(0,.25]",0.125,0.0,0.1875,0.1875,0.0625,0.75,0.6875,0.0625,0.25,0.1875
60,A-bin/B-base,185,"(.75,1)",0.8125,0.875,1.0,0.125,0.875,1.0,0.125,1.0,1.0,0.0
60,B-bin/A-base,185,"(.75,1)",0.875,0.8125,1.0,0.1875,0.8125,1.0,0.1875,0.9375,1.0,0.0625
60,A-bin/B-base,186,"(.5,.75]",0.625,0.625,0.8125,0.1875,0.6875,0.8125,0.125,0.8125,0.9375,0.125
60,B-bin/A-base,186,"(.5,.75]",0.625,0.625,0.8125,0.1875,0.6875,0.8125,0.125,0.9375,0.9375,0.0
60,A-bin/B-base,187,"(0,.25]",0.0625,0.0,0.0,0.0,0.0625,0.1875,0.125,0.0625,0.0,-0.0625
60,B-bin/A-base,187,0,0.0,0.0625,0.0,-0.0625,0.0625,0.1875,0.125,0.0625,0.0,-0.0625
60,A-bin/B-base,188,"(.75,1)",0.875,0.9375,0.875,-0.0625,0.9375,0.9375,0.0,1.0,0.875,-0.125
60,B-bin/A-base,188,"(.75,1)",0.9375,0.875,0.875,0.0,0.875,0.9375,0.0625,1.0,0.875,-0.125
60,A-bin/B-base,189,"(0,.25]",0.25,0.1875,0.3125,0.125,0.3125,0.5625,0.25,0.5625,0.3125,-0.25
60,B-bin/A-base,189,"(0,.25]",0.1875,0.25,0.3125,0.0625,0.375,0.5625,0.1875,0.375,0.3125,-0.0625
60,A-bin/B-base,190,"(0,.25]",0.125,0.0,0.125,0.125,0.125,0.5,0.375,0.0625,0.1875,0.125
60,B-bin/A-base,190,0,0.0,0.125,0.125,0.0,0.375,0.5,0.125,0.3125,0.1875,-0.125
60,A-bin/B-base,191,0,0.0,0.0,0.0,0.0,0.1875,0.375,0.1875,0.0625,0.0625,0.0
60,B-bin/A-base,191,0,0.0,0.0,0.0,0.0,0.125,0.375,0.25,0.0625,0.0625,0.0
60,A-bin/B-base,192,"(0,.25]",0.25,0.3125,0.375,0.0625,0.375,0.75,0.375,0.4375,0.4375,0.0
60,B-bin/A-base,192,"(.25,.5]",0.3125,0.25,0.375,0.125,0.25,0.75,0.5,0.625,0.4375,-0.1875
60,A-bin/B-base,193,"(.25,.5]",0.5,0.1875,0.25,0.0625,0.4375,0.5,0.0625,0.3125,0.4375,0.125
60,B-bin/A-base,193,"(0,.25]",0.1875,0.5,0.25,-0.25,0.5625,0.5,-0.0625,0.5,0.4375,-0.0625
60,A-bin/B-base,194,"(0,.25]",0.25,0.25,0.6875,0.4375,0.5625,1.0,0.4375,0.375,0.6875,0.3125
60,B-bin/A-base,194,"(0,.25]",0.25,0.25,0.6875,0.4375,0.4375,1.0,0.5625,0.375,0.6875,0.3125
60,A-bin/B-base,195,"(.5,.75]",0.5625,0.6875,0.9375,0.25,0.6875,1.0,0.3125,0.9375,0.9375,0.0
60,B-bin/A-base,195,"(.5,.75]",0.6875,0.5625,0.9375,0.375,0.5625,1.0,0.4375,0.875,0.9375,0.0625
60,A-bin/B-base,196,"(.25,.5]",0.5,0.625,0.875,0.25,0.6875,1.0,0.3125,0.875,0.875,0.0
60,B-bin/A-base,196,"(.5,.75]",0.625,0.5,0.875,0.375,0.5625,1.0,0.4375,0.75,0.875,0.125
60,A-bin/B-base,197,"(0,.25]",0.1875,0.3125,0.375,0.0625,0.375,0.5625,0.1875,0.75,0.625,-0.125
60,B-bin/A-base,197,"(.25,.5]",0.3125,0.1875,0.375,0.1875,0.1875,0.5625,0.375,0.5,0.625,0.125
60,A-bin/B-base,198,"(0,.25]",0.1875,0.125,0.1875,0.0625,0.1875,0.375,0.1875,0.125,0.1875,0.0625
60,B-bin/A-base,198,"(0,.25]",0.125,0.1875,0.1875,0.0,0.1875,0.375,0.1875,0.1875,0.1875,0.0
60,A-bin/B-base,199,"(0,.25]",0.1875,0.0,0.125,0.125,0.0,0.25,0.25,0.0,0.3125,0.3125
60,B-bin/A-base,199,0,0.0,0.1875,0.125,-0.0625,0.1875,0.25,0.0625,0.3125,0.3125,0.0
60,A-bin/B-base,200,"(.25,.5]",0.375,0.6875,0.625,-0.0625,0.6875,0.875,0.1875,0.8125,0.6875,-0.125
60,B-bin/A-base,200,"(.5,.75]",0.6875,0.375,0.625,0.25,0.4375,0.875,0.4375,0.625,0.6875,0.0625
60,A-bin/B-base,201,"(0,.25]",0.0625,0.0625,0.1875,0.125,0.1875,0.5,0.3125,0.125,0.25,0.125
60,B-bin/A-base,201,"(0,.25]",0.0625,0.0625,0.1875,0.125,0.25,0.5,0.25,0.125,0.25,0.125
60,A-bin/B-base,202,"(.75,1)",0.875,0.875,0.875,0.0,0.9375,0.9375,0.0,0.9375,0.9375,0.0
60,B-bin/A-base,202,"(.75,1)",0.875,0.875,0.875,0.0,0.875,0.9375,0.0625,1.0,0.9375,-0.0625
60,A-bin/B-base,203,"(.75,1)",0.8125,0.8125,1.0,0.1875,0.8125,1.0,0.1875,0.9375,1.0,0.0625
60,B-bin/A-base,203,"(.75,1)",0.8125,0.8125,1.0,0.1875,0.875,1.0,0.125,0.9375,1.0,0.0625
60,A-bin/B-base,204,"(0,.25]",0.25,0.375,0.5,0.125,0.4375,0.8125,0.375,0.5,0.625,0.125
60,B-bin/A-base,204,"(.25,.5]",0.375,0.25,0.5,0.25,0.3125,0.8125,0.5,0.4375,0.625,0.1875
60,A-bin/B-base,205,"(0,.25]",0.125,0.25,0.3125,0.0625,0.375,0.8125,0.4375,0.25,0.3125,0.0625
60,B-bin/A-base,205,"(0,.25]",0.25,0.125,0.3125,0.1875,0.375,0.8125,0.4375,0.125,0.3125,0.1875
60,A-bin/B-base,206,"(0,.25]",0.25,0.4375,0.5625,0.125,0.4375,0.5625,0.125,0.5625,0.6875,0.125
60,B-bin/A-base,206,"(.25,.5]",0.4375,0.25,0.5625,0.3125,0.25,0.5625,0.3125,0.6875,0.6875,0.0
60,A-bin/B-base,207,"(.25,.5]",0.5,0.5625,0.75,0.1875,0.625,0.9375,0.3125,0.75,0.75,0.0
60,B-bin/A-base,207,"(.5,.75]",0.5625,0.5,0.75,0.25,0.5625,0.9375,0.375,0.6875,0.75,0.0625
60,A-bin/B-base,208,"(.5,.75]",0.6875,0.75,0.8125,0.0625,0.75,0.875,0.125,0.9375,0.875,-0.0625
60,B-bin/A-base,208,"(.5,.75]",0.75,0.6875,0.8125,0.125,0.6875,0.875,0.1875,0.875,0.875,0.0
60,A-bin/B-base,209,"(.5,.75]",0.5625,0.5,0.875,0.375,0.5,0.875,0.375,0.8125,0.9375,0.125
60,B-bin/A-base,209,"(.25,.5]",0.5,0.5625,0.875,0.3125,0.625,0.875,0.25,0.625,0.9375,0.3125
60,A-bin/B-base,210,"(.25,.5]",0.3125,0.25,0.375,0.125,0.375,0.625,0.25,0.6875,0.4375,-0.25
60,B-bin/A-base,210,"(0,.25]",0.25,0.3125,0.375,0.0625,0.375,0.625,0.25,0.4375,0.4375,0.0
60,A-bin/B-base,211,"(0,.25]",0.0625,0.125,0.25,0.125,0.5,0.875,0.375,0.1875,0.3125,0.125
60,B-bin/A-base,211,"(0,.25]",0.125,0.0625,0.25,0.1875,0.4375,0.875,0.4375,0.3125,0.3125,0.0
60,A-bin/B-base,212,0,0.0,0.0,0.0,0.0,0.0,0.125,0.125,0.25,0.0,-0.25
60,B-bin/A-base,212,0,0.0,0.0,0.0,0.0,0.0625,0.125,0.0625,0.125,0.0,-0.125
60,A-bin/B-base,213,"(.5,.75]",0.5625,0.625,0.8125,0.1875,0.6875,0.9375,0.25,0.8125,0.8125,0.0
60,B-bin/A-base,213,"(.5,.75]",0.625,0.5625,0.8125,0.25,0.5625,0.9375,0.375,0.75,0.8125,0.0625
60,A-bin/B-base,214,"(0,.25]",0.0625,0.0,0.125,0.125,0.375,0.6875,0.3125,0.0,0.125,0.125
60,B-bin/A-base,214,0,0.0,0.0625,0.125,0.0625,0.3125,0.6875,0.375,0.0625,0.125,0.0625
60,A-bin/B-base,215,"(.25,.5]",0.5,0.75,0.9375,0.1875,0.75,0.9375,0.1875,0.9375,1.0,0.0625
60,B-bin/A-base,215,"(.5,.75]",0.75,0.5,0.9375,0.4375,0.5625,0.9375,0.375,0.875,1.0,0.125
60,A-bin/B-base,216,"(.5,.75]",0.75,0.5,0.8125,0.3125,0.5,0.8125,0.3125,0.8125,0.8125,0.0
60,B-bin/A-base,216,"(.25,.5]",0.5,0.75,0.8125,0.0625,0.75,0.8125,0.0625,1.0,0.8125,-0.1875
60,A-bin/B-base,217,"(0,.25]",0.1875,0.0625,0.0625,0.0,0.0625,0.1875,0.125,0.3125,0.3125,0.0
60,B-bin/A-base,217,"(0,.25]",0.0625,0.1875,0.0625,-0.125,0.1875,0.1875,0.0,0.375,0.3125,-0.0625
60,A-bin/B-base,218,"(0,.25]",0.125,0.125,0.125,0.0,0.75,0.875,0.125,0.1875,0.1875,0.0
60,B-bin/A-base,218,"(0,.25]",0.125,0.125,0.125,0.0,0.4375,0.875,0.4375,0.1875,0.1875,0.0
60,A-bin/B-base,219,"(0,.25]",0.0625,0.0,0.3125,0.3125,0.125,0.5625,0.4375,0.1875,0.3125,0.125
60,B-bin/A-base,219,0,0.0,0.0625,0.3125,0.25,0.3125,0.5625,0.25,0.3125,0.3125,0.0
60,A-bin/B-base,220,"(0,.25]",0.0625,0.125,0.25,0.125,0.125,0.75,0.625,0.3125,0.3125,0.0
60,B-bin/A-base,220,"(0,.25]",0.125,0.0625,0.25,0.1875,0.125,0.75,0.625,0.25,0.3125,0.0625
60,A-bin/B-base,221,"(.75,1)",0.875,0.875,0.9375,0.0625,0.875,1.0,0.125,0.9375,0.9375,0.0
60,B-bin/A-base,221,"(.75,1)",0.875,0.875,0.9375,0.0625,0.875,1.0,0.125,1.0,0.9375,-0.0625
60,A-bin/B-base,222,"(0,.25]",0.25,0.4375,0.625,0.1875,0.5,0.75,0.25,0.5,0.625,0.125
60,B-bin/A-base,222,"(.25,.5]",0.4375,0.25,0.625,0.375,0.5,0.75,0.25,0.375,0.625,0.25
60,A-bin/B-base,223,"(0,.25]",0.125,0.0625,0.125,0.0625,0.125,0.4375,0.3125,0.3125,0.1875,-0.125
60,B-bin/A-base,223,"(0,.25]",0.0625,0.125,0.125,0.0,0.3125,0.4375,0.125,0.1875,0.1875,0.0
60,A-bin/B-base,224,0,0.0,0.0,0.1875,0.1875,0.0,0.4375,0.4375,0.25,0.3125,0.0625
60,B-bin/A-base,224,0,0.0,0.0,0.1875,0.1875,0.1875,0.4375,0.25,0.0625,0.3125,0.25
60,A-bin/B-base,225,"(0,.25]",0.0625,0.0,0.125,0.125,0.0625,0.3125,0.25,0.1875,0.125,-0.0625
60,B-bin/A-base,225,0,0.0,0.0625,0.125,0.0625,0.125,0.3125,0.1875,0.125,0.125,0.0
60,A-bin/B-base,226,"(0,.25]",0.1875,0.4375,0.5,0.0625,0.5625,0.625,0.0625,0.625,0.75,0.125
60,B-bin/A-base,226,"(.25,.5]",0.4375,0.1875,0.5,0.3125,0.3125,0.625,0.3125,0.25,0.75,0.5
60,A-bin/B-base,227,"(.5,.75]",0.625,0.75,0.875,0.125,0.8125,0.875,0.0625,0.875,0.9375,0.0625
60,B-bin/A-base,227,"(.5,.75]",0.75,0.625,0.875,0.25,0.625,0.875,0.25,0.9375,0.9375,0.0
60,A-bin/B-base,228,"(0,.25]",0.125,0.0,0.0,0.0,0.5625,0.75,0.1875,0.0625,0.0,-0.0625
60,B-bin/A-base,228,0,0.0,0.125,0.0,-0.125,0.6875,0.75,0.0625,0.1875,0.0,-0.1875
60,A-bin/B-base,229,"(0,.25]",0.1875,0.0625,0.0,-0.0625,0.6875,0.6875,0.0,0.125,0.125,0.0
60,B-bin/A-base,229,"(0,.25]",0.0625,0.1875,0.0,-0.1875,0.75,0.6875,-0.0625,0.1875,0.125,-0.0625
60,A-bin/B-base,230,"(0,.25]",0.125,0.0625,0.0625,0.0,0.25,0.375,0.125,0.125,0.0625,-0.0625
60,B-bin/A-base,230,"(0,.25]",0.0625,0.125,0.0625,-0.0625,0.4375,0.375,-0.0625,0.125,0.0625,-0.0625
60,A-bin/B-base,231,"(0,.25]",0.0625,0.125,0.125,0.0,0.1875,0.375,0.1875,0.125,0.1875,0.0625
60,B-bin/A-base,231,"(0,.25]",0.125,0.0625,0.125,0.0625,0.125,0.375,0.25,0.125,0.1875,0.0625
60,A-bin/B-base,232,0,0.0,0.0,0.0,0.0,0.4375,0.5625,0.125,0.0,0.0,0.0
60,B-bin/A-base,232,0,0.0,0.0,0.0,0.0,0.375,0.5625,0.1875,0.0,0.0,0.0
60,A-bin/B-base,233,"(.25,.5]",0.5,0.375,0.4375,0.0625,0.6875,0.875,0.1875,0.4375,0.4375,0.0
60,B-bin/A-base,233,"(.25,.5]",0.375,0.5,0.4375,-0.0625,0.75,0.875,0.125,0.625,0.4375,-0.1875
60,A-bin/B-base,234,0,0.0,0.0,0.125,0.125,0.125,0.3125,0.1875,0.0,0.25,0.25
60,B-bin/A-base,234,0,0.0,0.0,0.125,0.125,0.125,0.3125,0.1875,0.0,0.25,0.25
60,A-bin/B-base,235,"(0,.25]",0.0625,0.125,0.125,0.0,0.3125,0.5625,0.25,0.375,0.25,-0.125
60,B-bin/A-base,235,"(0,.25]",0.125,0.0625,0.125,0.0625,0.0625,0.5625,0.5,0.1875,0.25,0.0625
60,A-bin/B-base,236,"(.75,1)",0.9375,0.75,0.875,0.125,0.75,0.875,0.125,0.8125,0.875,0.0625
60,B-bin/A-base,236,"(.5,.75]",0.75,0.9375,0.875,-0.0625,0.9375,0.875,-0.0625,1.0,0.875,-0.125
60,A-bin/B-base,237,"(0,.25]",0.0625,0.0,0.0,0.0,0.125,0.125,0.0,0.0625,0.0,-0.0625
60,B-bin/A-base,237,0,0.0,0.0625,0.0,-0.0625,0.0625,0.125,0.0625,0.0625,0.0,-0.0625
60,A-bin/B-base,238,"(.25,.5]",0.375,0.4375,0.875,0.4375,0.5,0.875,0.375,0.75,0.9375,0.1875
60,B-bin/A-base,238,"(.25,.5]",0.4375,0.375,0.875,0.5,0.4375,0.875,0.4375,0.875,0.9375,0.0625
60,A-bin/B-base,239,"(0,.25]",0.25,0.125,0.125,0.0,0.125,0.3125,0.1875,0.125,0.125,0.0
60,B-bin/A-base,239,"(0,.25]",0.125,0.25,0.125,-0.125,0.25,0.3125,0.0625,0.375,0.125,-0.25
60,A-bin/B-base,240,"(.25,.5]",0.5,0.625,1.0,0.375,0.625,1.0,0.375,1.0,1.0,0.0
60,B-bin/A-base,240,"(.5,.75]",0.625,0.5,1.0,0.5,0.5625,1.0,0.4375,0.8125,1.0,0.1875
60,A-bin/B-base,241,"(.5,.75]",0.625,0.3125,0.9375,0.625,0.3125,0.9375,0.625,0.6875,0.9375,0.25
60,B-bin/A-base,241,"(.25,.5]",0.3125,0.625,0.9375,0.3125,0.6875,0.9375,0.25,0.6875,0.9375,0.25
60,A-bin/B-base,242,"(.5,.75]",0.75,0.375,0.6875,0.3125,0.375,0.6875,0.3125,0.6875,0.875,0.1875
60,B-bin/A-base,242,"(.25,.5]",0.375,0.75,0.6875,-0.0625,0.8125,0.6875,-0.125,0.9375,0.875,-0.0625
60,A-bin/B-base,243,"(0,.25]",0.0625,0.0625,0.1875,0.125,0.125,0.5,0.375,0.0625,0.3125,0.25
60,B-bin/A-base,243,"(0,.25]",0.0625,0.0625,0.1875,0.125,0.4375,0.5,0.0625,0.1875,0.3125,0.125
60,A-bin/B-base,244,"(.75,1)",0.875,0.75,1.0,0.25,0.75,1.0,0.25,0.9375,1.0,0.0625
60,B-bin/A-base,244,"(.5,.75]",0.75,0.875,1.0,0.125,0.875,1.0,0.125,0.9375,1.0,0.0625
60,A-bin/B-base,245,"(.25,.5]",0.375,0.375,0.75,0.375,0.4375,0.875,0.4375,0.625,0.8125,0.1875
60,B-bin/A-base,245,"(.25,.5]",0.375,0.375,0.75,0.375,0.5,0.875,0.375,0.5625,0.8125,0.25
60,A-bin/B-base,246,"(0,.25]",0.0625,0.0625,0.125,0.0625,0.0625,0.5,0.4375,0.125,0.125,0.0
60,B-bin/A-base,246,"(0,.25]",0.0625,0.0625,0.125,0.0625,0.125,0.5,0.375,0.125,0.125,0.0
60,A-bin/B-base,247,0,0.0,0.0,0.125,0.125,0.25,0.5,0.25,0.0625,0.1875,0.125
60,B-bin/A-base,247,0,0.0,0.0,0.125,0.125,0.25,0.5,0.25,0.125,0.1875,0.0625
60,A-bin/B-base,248,0,0.0,0.0,0.0625,0.0625,0.0625,0.5,0.4375,0.0625,0.125,0.0625
60,B-bin/A-base,248,0,0.0,0.0,0.0625,0.0625,0.1875,0.5,0.3125,0.0625,0.125,0.0625
60,A-bin/B-base,249,"(.5,.75]",0.625,0.75,0.9375,0.1875,0.75,0.9375,0.1875,0.875,1.0,0.125
60,B-bin/A-base,249,"(.5,.75]",0.75,0.625,0.9375,0.3125,0.625,0.9375,0.3125,0.875,1.0,0.125
60,A-bin/B-base,250,0,0.0,0.125,0.375,0.25,0.4375,0.75,0.3125,0.3125,0.5,0.1875
60,B-bin/A-base,250,"(0,.25]",0.125,0.0,0.375,0.375,0.25,0.75,0.5,0.0625,0.5,0.4375
60,A-bin/B-base,251,"(0,.25]",0.1875,0.125,0.25,0.125,0.375,0.6875,0.3125,0.125,0.3125,0.1875
60,B-bin/A-base,251,"(0,.25]",0.125,0.1875,0.25,0.0625,0.4375,0.6875,0.25,0.3125,0.3125,0.0
60,A-bin/B-base,252,"(.5,.75]",0.5625,0.8125,0.9375,0.125,0.8125,1.0,0.1875,1.0,0.9375,-0.0625
60,B-bin/A-base,252,"(.75,1)",0.8125,0.5625,0.9375,0.375,0.5625,1.0,0.4375,0.8125,0.9375,0.125
60,A-bin/B-base,253,0,0.0,0.125,0.3125,0.1875,0.125,0.5625,0.4375,0.4375,0.5,0.0625
60,B-bin/A-base,253,"(0,.25]",0.125,0.0,0.3125,0.3125,0.0,0.5625,0.5625,0.125,0.5,0.375
60,A-bin/B-base,254,"(.25,.5]",0.3125,0.25,0.875,0.625,0.3125,0.875,0.5625,0.625,0.9375,0.3125
60,B-bin/A-base,254,"(0,.25]",0.25,0.3125,0.875,0.5625,0.3125,0.875,0.5625,0.5625,0.9375,0.375
60,A-bin/B-base,255,"(.5,.75]",0.625,0.6875,0.875,0.1875,0.75,0.875,0.125,0.8125,0.9375,0.125
60,B-bin/A-base,255,"(.5,.75]",0.6875,0.625,0.875,0.25,0.75,0.875,0.125,0.8125,0.9375,0.125
65,A-bin/B-base,0,"(.75,1)",0.8125,0.875,0.8125,-0.0625,0.875,0.9375,0.0625,0.9375,0.875,-0.0625
65,B-bin/A-base,0,"(.75,1)",0.875,0.8125,0.8125,0.0,0.8125,0.9375,0.125,0.8125,0.875,0.0625
65,A-bin/B-base,1,"(0,.25]",0.25,0.3125,0.5,0.1875,0.5,0.75,0.25,0.5,0.625,0.125
65,B-bin/A-base,1,"(.25,.5]",0.3125,0.25,0.5,0.25,0.3125,0.75,0.4375,0.4375,0.625,0.1875
65,A-bin/B-base,2,"(0,.25]",0.125,0.4375,0.75,0.3125,0.5625,0.8125,0.25,0.5625,0.8125,0.25
65,B-bin/A-base,2,"(.25,.5]",0.4375,0.125,0.75,0.625,0.1875,0.8125,0.625,0.5,0.8125,0.3125
65,A-bin/B-base,3,"(.5,.75]",0.5625,0.6875,0.9375,0.25,0.6875,0.9375,0.25,0.875,1.0,0.125
65,B-bin/A-base,3,"(.5,.75]",0.6875,0.5625,0.9375,0.375,0.625,0.9375,0.3125,0.75,1.0,0.25
65,A-bin/B-base,4,"(0,.25]",0.125,0.375,0.625,0.25,0.5,0.9375,0.4375,0.4375,0.625,0.1875
65,B-bin/A-base,4,"(.25,.5]",0.375,0.125,0.625,0.5,0.4375,0.9375,0.5,0.1875,0.625,0.4375
65,A-bin/B-base,5,"(.25,.5]",0.375,0.625,0.9375,0.3125,0.6875,0.9375,0.25,0.8125,1.0,0.1875
65,B-bin/A-base,5,"(.5,.75]",0.625,0.375,0.9375,0.5625,0.4375,0.9375,0.5,0.6875,1.0,0.3125
65,A-bin/B-base,6,"(.5,.75]",0.6875,0.625,0.8125,0.1875,0.625,1.0,0.375,0.875,0.8125,-0.0625
65,B-bin/A-base,6,"(.5,.75]",0.625,0.6875,0.8125,0.125,0.75,1.0,0.25,0.875,0.8125,-0.0625
65,A-bin/B-base,7,0,0.0,0.0,0.125,0.125,0.125,0.4375,0.3125,0.0,0.1875,0.1875
65,B-bin/A-base,7,0,0.0,0.0,0.125,0.125,0.0,0.4375,0.4375,0.0,0.1875,0.1875
65,A-bin/B-base,8,"(0,.25]",0.1875,0.125,0.375,0.25,0.3125,0.875,0.5625,0.1875,0.375,0.1875
65,B-bin/A-base,8,"(0,.25]",0.125,0.1875,0.375,0.1875,0.375,0.875,0.5,0.3125,0.375,0.0625
65,A-bin/B-base,9,"(0,.25]",0.1875,0.0,0.0625,0.0625,0.25,0.6875,0.4375,0.0,0.0625,0.0625
65,B-bin/A-base,9,0,0.0,0.1875,0.0625,-0.125,0.5,0.6875,0.1875,0.25,0.0625,-0.1875
65,A-bin/B-base,10,0,0.0,0.0625,0.0,-0.0625,0.125,0.0,-0.125,0.125,0.0625,-0.0625
65,B-bin/A-base,10,"(0,.25]",0.0625,0.0,0.0,0.0,0.0,0.0,0.0,0.0625,0.0625,0.0
65,A-bin/B-base,11,0,0.0,0.0625,0.0,-0.0625,0.0625,0.125,0.0625,0.0625,0.0625,0.0
65,B-bin/A-base,11,"(0,.25]",0.0625,0.0,0.0,0.0,0.0,0.125,0.125,0.0,0.0625,0.0625
65,A-bin/B-base,12,"(.25,.5]",0.4375,0.625,0.9375,0.3125,0.625,0.9375,0.3125,0.8125,0.9375,0.125
65,B-bin/A-base,12,"(.5,.75]",0.625,0.4375,0.9375,0.5,0.4375,0.9375,0.5,0.875,0.9375,0.0625
65,A-bin/B-base,13,"(0,.25]",0.1875,0.0625,0.375,0.3125,0.25,0.75,0.5,0.25,0.375,0.125
65,B-bin/A-base,13,"(0,.25]",0.0625,0.1875,0.375,0.1875,0.4375,0.75,0.3125,0.3125,0.375,0.0625
65,A-bin/B-base,14,"(0,.25]",0.25,0.1875,0.875,0.6875,0.375,0.9375,0.5625,0.5625,0.875,0.3125
65,B-bin/A-base,14,"(0,.25]",0.1875,0.25,0.875,0.625,0.3125,0.9375,0.625,0.4375,0.875,0.4375
65,A-bin/B-base,15,0,0.0,0.0,0.0625,0.0625,0.5,0.5625,0.0625,0.0,0.0625,0.0625
65,B-bin/A-base,15,0,0.0,0.0,0.0625,0.0625,0.0,0.5625,0.5625,0.0,0.0625,0.0625
65,A-bin/B-base,16,"(0,.25]",0.125,0.125,0.5,0.375,0.25,0.8125,0.5625,0.1875,0.5625,0.375
65,B-bin/A-base,16,"(0,.25]",0.125,0.125,0.5,0.375,0.125,0.8125,0.6875,0.1875,0.5625,0.375
65,A-bin/B-base,17,"(0,.25]",0.125,0.0625,0.1875,0.125,0.1875,0.625,0.4375,0.1875,0.1875,0.0
65,B-bin/A-base,17,"(0,.25]",0.0625,0.125,0.1875,0.0625,0.375,0.625,0.25,0.1875,0.1875,0.0
65,A-bin/B-base,18,"(0,.25]",0.1875,0.0,0.125,0.125,0.1875,0.4375,0.25,0.125,0.25,0.125
65,B-bin/A-base,18,0,0.0,0.1875,0.125,-0.0625,0.25,0.4375,0.1875,0.3125,0.25,-0.0625
65,A-bin/B-base,19,"(0,.25]",0.25,0.1875,0.3125,0.125,0.25,0.8125,0.5625,0.375,0.5,0.125
65,B-bin/A-base,19,"(0,.25]",0.1875,0.25,0.3125,0.0625,0.375,0.8125,0.4375,0.5,0.5,0.0
65,A-bin/B-base,20,"(.75,1)",0.8125,0.875,0.875,0.0,0.875,0.9375,0.0625,1.0,0.9375,-0.0625
65,B-bin/A-base,20,"(.75,1)",0.875,0.8125,0.875,0.0625,0.8125,0.9375,0.125,1.0,0.9375,-0.0625
65,A-bin/B-base,21,"(0,.25]",0.125,0.125,0.5625,0.4375,0.125,0.75,0.625,0.25,0.5625,0.3125
65,B-bin/A-base,21,"(0,.25]",0.125,0.125,0.5625,0.4375,0.1875,0.75,0.5625,0.125,0.5625,0.4375
65,A-bin/B-base,22,0,0.0,0.0,0.25,0.25,0.25,0.5625,0.3125,0.0625,0.375,0.3125
65,B-bin/A-base,22,0,0.0,0.0,0.25,0.25,0.1875,0.5625,0.375,0.25,0.375,0.125
65,A-bin/B-base,23,"(.5,.75]",0.5625,0.5,0.75,0.25,0.5625,0.9375,0.375,0.8125,0.75,-0.0625
65,B-bin/A-base,23,"(.25,.5]",0.5,0.5625,0.75,0.1875,0.5625,0.9375,0.375,0.6875,0.75,0.0625
65,A-bin/B-base,24,"(.5,.75]",0.625,0.5625,0.5625,0.0,0.5625,0.875,0.3125,0.6875,0.625,-0.0625
65,B-bin/A-base,24,"(.5,.75]",0.5625,0.625,0.5625,-0.0625,0.625,0.875,0.25,0.625,0.625,0.0
65,A-bin/B-base,25,"(.25,.5]",0.375,0.3125,0.625,0.3125,0.4375,0.6875,0.25,0.5625,0.625,0.0625
65,B-bin/A-base,25,"(.25,.5]",0.3125,0.375,0.625,0.25,0.4375,0.6875,0.25,0.625,0.625,0.0
65,A-bin/B-base,26,"(.5,.75]",0.6875,0.625,0.8125,0.1875,0.75,0.9375,0.1875,0.8125,0.8125,0.0
65,B-bin/A-base,26,"(.5,.75]",0.625,0.6875,0.8125,0.125,0.6875,0.9375,0.25,1.0,0.8125,-0.1875
65,A-bin/B-base,27,"(0,.25]",0.0625,0.0625,0.3125,0.25,0.3125,0.625,0.3125,0.1875,0.375,0.1875
65,B-bin/A-base,27,"(0,.25]",0.0625,0.0625,0.3125,0.25,0.125,0.625,0.5,0.125,0.375,0.25
65,A-bin/B-base,28,"(.5,.75]",0.5625,0.5625,0.9375,0.375,0.5625,1.0,0.4375,0.9375,0.9375,0.0
65,B-bin/A-base,28,"(.5,.75]",0.5625,0.5625,0.9375,0.375,0.5625,1.0,0.4375,0.9375,0.9375,0.0
65,A-bin/B-base,29,"(0,.25]",0.125,0.1875,0.1875,0.0,0.3125,0.5,0.1875,0.3125,0.1875,-0.125
65,B-bin/A-base,29,"(0,.25]",0.1875,0.125,0.1875,0.0625,0.3125,0.5,0.1875,0.1875,0.1875,0.0
65,A-bin/B-base,30,"(0,.25]",0.0625,0.0625,0.1875,0.125,0.0625,0.5,0.4375,0.25,0.1875,-0.0625
65,B-bin/A-base,30,"(0,.25]",0.0625,0.0625,0.1875,0.125,0.1875,0.5,0.3125,0.1875,0.1875,0.0
65,A-bin/B-base,31,"(.25,.5]",0.375,0.125,0.4375,0.3125,0.1875,0.875,0.6875,0.25,0.4375,0.1875
65,B-bin/A-base,31,"(0,.25]",0.125,0.375,0.4375,0.0625,0.5625,0.875,0.3125,0.5,0.4375,-0.0625
65,A-bin/B-base,32,"(0,.25]",0.0625,0.25,0.375,0.125,0.3125,0.4375,0.125,0.5,0.5625,0.0625
65,B-bin/A-base,32,"(0,.25]",0.25,0.0625,0.375,0.3125,0.125,0.4375,0.3125,0.25,0.5625,0.3125
65,A-bin/B-base,33,"(.5,.75]",0.75,0.375,0.75,0.375,0.375,0.8125,0.4375,0.875,0.875,0.0
65,B-bin/A-base,33,"(.25,.5]",0.375,0.75,0.75,0.0,0.8125,0.8125,0.0,0.9375,0.875,-0.0625
65,A-bin/B-base,34,"(.5,.75]",0.625,0.625,0.9375,0.3125,0.6875,0.9375,0.25,0.875,1.0,0.125
65,B-bin/A-base,34,"(.5,.75]",0.625,0.625,0.9375,0.3125,0.6875,0.9375,0.25,0.875,1.0,0.125
65,A-bin/B-base,35,"(.5,.75]",0.625,0.5625,0.875,0.3125,0.5625,0.875,0.3125,0.75,0.9375,0.1875
65,B-bin/A-base,35,"(.5,.75]",0.5625,0.625,0.875,0.25,0.875,0.875,0.0,0.6875,0.9375,0.25
65,A-bin/B-base,36,"(.5,.75]",0.75,0.8125,0.8125,0.0,0.8125,0.8125,0.0,0.875,0.9375,0.0625
65,B-bin/A-base,36,"(.75,1)",0.8125,0.75,0.8125,0.0625,0.8125,0.8125,0.0,0.875,0.9375,0.0625
65,A-bin/B-base,37,"(.25,.5]",0.5,0.6875,0.8125,0.125,0.6875,0.9375,0.25,0.8125,0.875,0.0625
65,B-bin/A-base,37,"(.5,.75]",0.6875,0.5,0.8125,0.3125,0.625,0.9375,0.3125,0.5625,0.875,0.3125
65,A-bin/B-base,38,"(0,.25]",0.125,0.0,0.0625,0.0625,0.25,0.6875,0.4375,0.0,0.0625,0.0625
65,B-bin/A-base,38,0,0.0,0.125,0.0625,-0.0625,0.375,0.6875,0.3125,0.125,0.0625,-0.0625
65,A-bin/B-base,39,"(.25,.5]",0.5,0.4375,0.6875,0.25,0.4375,0.875,0.4375,0.75,0.8125,0.0625
65,B-bin/A-base,39,"(.25,.5]",0.4375,0.5,0.6875,0.1875,0.5,0.875,0.375,0.6875,0.8125,0.125
65,A-bin/B-base,40,0,0.0,0.125,0.4375,0.3125,0.3125,0.625,0.3125,0.25,0.5625,0.3125
65,B-bin/A-base,40,"(0,.25]",0.125,0.0,0.4375,0.4375,0.0,0.625,0.625,0.125,0.5625,0.4375
65,A-bin/B-base,41,"(.75,1)",0.8125,0.75,0.875,0.125,0.8125,0.9375,0.125,0.9375,0.875,-0.0625
65,B-bin/A-base,41,"(.5,.75]",0.75,0.8125,0.875,0.0625,0.875,0.9375,0.0625,0.9375,0.875,-0.0625
65,A-bin/B-base,42,0,0.0,0.0625,0.125,0.0625,0.1875,0.1875,0.0,0.0625,0.3125,0.25
65,B-bin/A-base,42,"(0,.25]",0.0625,0.0,0.125,0.125,0.125,0.1875,0.0625,0.125,0.3125,0.1875
65,A-bin/B-base,43,0,0.0,0.0625,0.25,0.1875,0.375,0.6875,0.3125,0.3125,0.375,0.0625
65,B-bin/A-base,43,"(0,.25]",0.0625,0.0,0.25,0.25,0.375,0.6875,0.3125,0.0625,0.375,0.3125
65,A-bin/B-base,44,"(.5,.75]",0.625,0.75,0.8125,0.0625,0.875,0.9375,0.0625,0.75,0.8125,0.0625
65,B-bin/A-base,44,"(.5,.75]",0.75,0.625,0.8125,0.1875,0.6875,0.9375,0.25,0.8125,0.8125,0.0
65,A-bin/B-base,45,"(.5,.75]",0.625,0.5,0.6875,0.1875,0.5625,1.0,0.4375,0.75,0.6875,-0.0625
65,B-bin/A-base,45,"(.25,.5]",0.5,0.625,0.6875,0.0625,0.625,1.0,0.375,0.8125,0.6875,-0.125
65,A-bin/B-base,46,"(.25,.5]",0.5,0.375,0.5,0.125,0.625,0.875,0.25,0.625,0.5625,-0.0625
65,B-bin/A-base,46,"(.25,.5]",0.375,0.5,0.5,0.0,0.6875,0.875,0.1875,0.75,0.5625,-0.1875
65,A-bin/B-base,47,"(.25,.5]",0.5,0.75,0.75,0.0,0.75,0.75,0.0,0.9375,0.8125,-0.125
65,B-bin/A-base,47,"(.5,.75]",0.75,0.5,0.75,0.25,0.5,0.75,0.25,0.75,0.8125,0.0625
65,A-bin/B-base,48,"(.5,.75]",0.6875,0.6875,1.0,0.3125,0.6875,1.0,0.3125,1.0,1.0,0.0
65,B-bin/A-base,48,"(.5,.75]",0.6875,0.6875,1.0,0.3125,0.6875,1.0,0.3125,0.9375,1.0,0.0625
65,A-bin/B-base,49,"(.5,.75]",0.6875,0.875,0.875,0.0,0.875,0.875,0.0,0.875,0.875,0.0
65,B-bin/A-base,49,"(.75,1)",0.875,0.6875,0.875,0.1875,0.75,0.875,0.125,0.8125,0.875,0.0625
65,A-bin/B-base,50,0,0.0,0.0,0.0,0.0,0.0625,0.5625,0.5,0.0,0.0,0.0
65,B-bin/A-base,50,0,0.0,0.0,0.0,0.0,0.375,0.5625,0.1875,0.0,0.0,0.0
65,A-bin/B-base,51,"(.5,.75]",0.625,0.5,0.6875,0.1875,0.5,0.6875,0.1875,0.6875,0.75,0.0625
65,B-bin/A-base,51,"(.25,.5]",0.5,0.625,0.6875,0.0625,0.625,0.6875,0.0625,0.6875,0.75,0.0625
65,A-bin/B-base,52,"(.5,.75]",0.6875,0.5,0.6875,0.1875,0.5625,0.8125,0.25,0.625,0.6875,0.0625
65,B-bin/A-base,52,"(.25,.5]",0.5,0.6875,0.6875,0.0,0.75,0.8125,0.0625,0.75,0.6875,-0.0625
65,A-bin/B-base,53,"(.5,.75]",0.75,0.75,0.875,0.125,0.75,1.0,0.25,1.0,0.875,-0.125
65,B-bin/A-base,53,"(.5,.75]",0.75,0.75,0.875,0.125,0.8125,1.0,0.1875,0.9375,0.875,-0.0625
65,A-bin/B-base,54,"(0,.25]",0.1875,0.1875,0.0625,-0.125,0.375,0.625,0.25,0.1875,0.125,-0.0625
65,B-bin/A-base,54,"(0,.25]",0.1875,0.1875,0.0625,-0.125,0.5625,0.625,0.0625,0.3125,0.125,-0.1875
65,A-bin/B-base,55,"(.5,.75]",0.75,0.8125,1.0,0.1875,0.875,1.0,0.125,0.875,1.0,0.125
65,B-bin/A-base,55,"(.75,1)",0.8125,0.75,1.0,0.25,0.9375,1.0,0.0625,0.8125,1.0,0.1875
65,A-bin/B-base,56,"(.5,.75]",0.6875,0.6875,0.75,0.0625,0.6875,0.75,0.0625,0.9375,0.875,-0.0625
65,B-bin/A-base,56,"(.5,.75]",0.6875,0.6875,0.75,0.0625,0.75,0.75,0.0,0.875,0.875,0.0
65,A-bin/B-base,57,"(0,.25]",0.1875,0.3125,0.375,0.0625,0.4375,0.5625,0.125,0.4375,0.4375,0.0
65,B-bin/A-base,57,"(.25,.5]",0.3125,0.1875,0.375,0.1875,0.375,0.5625,0.1875,0.375,0.4375,0.0625
65,A-bin/B-base,58,"(.25,.5]",0.375,0.5625,0.5625,0.0,0.625,0.75,0.125,0.6875,0.625,-0.0625
65,B-bin/A-base,58,"(.5,.75]",0.5625,0.375,0.5625,0.1875,0.5625,0.75,0.1875,0.625,0.625,0.0
65,A-bin/B-base,59,"(.25,.5]",0.3125,0.3125,0.375,0.0625,0.5,0.8125,0.3125,0.4375,0.4375,0.0
65,B-bin/A-base,59,"(.25,.5]",0.3125,0.3125,0.375,0.0625,0.5625,0.8125,0.25,0.375,0.4375,0.0625
65,A-bin/B-base,60,"(0,.25]",0.25,0.125,0.3125,0.1875,0.25,0.6875,0.4375,0.1875,0.4375,0.25
65,B-bin/A-base,60,"(0,.25]",0.125,0.25,0.3125,0.0625,0.375,0.6875,0.3125,0.3125,0.4375,0.125
65,A-bin/B-base,61,"(.25,.5]",0.5,0.125,0.5625,0.4375,0.25,0.8125,0.5625,0.4375,0.5625,0.125
65,B-bin/A-base,61,"(0,.25]",0.125,0.5,0.5625,0.0625,0.625,0.8125,0.1875,0.625,0.5625,-0.0625
65,A-bin/B-base,62,"(.25,.5]",0.375,0.4375,0.6875,0.25,0.5625,0.875,0.3125,0.5625,0.75,0.1875
65,B-bin/A-base,62,"(.25,.5]",0.4375,0.375,0.6875,0.3125,0.5,0.875,0.375,0.4375,0.75,0.3125
65,A-bin/B-base,63,0,0.0,0.0,0.0,0.0,0.125,0.4375,0.3125,0.0,0.0,0.0
65,B-bin/A-base,63,0,0.0,0.0,0.0,0.0,0.0,0.4375,0.4375,0.0,0.0,0.0
65,A-bin/B-base,64,"(.25,.5]",0.4375,0.5,0.6875,0.1875,0.5,0.8125,0.3125,0.6875,0.75,0.0625
65,B-bin/A-base,64,"(.25,.5]",0.5,0.4375,0.6875,0.25,0.5,0.8125,0.3125,0.6875,0.75,0.0625
65,A-bin/B-base,65,"(.25,.5]",0.4375,0.375,0.8125,0.4375,0.5,0.875,0.375,0.6875,0.875,0.1875
65,B-bin/A-base,65,"(.25,.5]",0.375,0.4375,0.8125,0.375,0.625,0.875,0.25,0.5625,0.875,0.3125
65,A-bin/B-base,66,"(0,.25]",0.125,0.0,0.3125,0.3125,0.125,0.6875,0.5625,0.25,0.3125,0.0625
65,B-bin/A-base,66,0,0.0,0.125,0.3125,0.1875,0.125,0.6875,0.5625,0.3125,0.3125,0.0
65,A-bin/B-base,67,"(0,.25]",0.1875,0.0625,0.0625,0.0,0.0625,0.375,0.3125,0.1875,0.1875,0.0
65,B-bin/A-base,67,"(0,.25]",0.0625,0.1875,0.0625,-0.125,0.3125,0.375,0.0625,0.1875,0.1875,0.0
65,A-bin/B-base,68,"(.25,.5]",0.4375,0.25,0.5625,0.3125,0.25,0.625,0.375,0.3125,0.75,0.4375
65,B-bin/A-base,68,"(0,.25]",0.25,0.4375,0.5625,0.125,0.4375,0.625,0.1875,0.625,0.75,0.125
65,A-bin/B-base,69,"(.5,.75]",0.625,0.5625,0.6875,0.125,0.625,0.875,0.25,0.6875,0.75,0.0625
65,B-bin/A-base,69,"(.5,.75]",0.5625,0.625,0.6875,0.0625,0.6875,0.875,0.1875,0.75,0.75,0.0
65,A-bin/B-base,70,"(.5,.75]",0.75,0.9375,0.875,-0.0625,0.9375,0.875,-0.0625,1.0,1.0,0.0
65,B-bin/A-base,70,"(.75,1)",0.9375,0.75,0.875,0.125,0.8125,0.875,0.0625,0.875,1.0,0.125
65,A-bin/B-base,71,"(.5,.75]",0.75,0.75,0.9375,0.1875,0.9375,1.0,0.0625,0.8125,0.9375,0.125
65,B-bin/A-base,71,"(.5,.75]",0.75,0.75,0.9375,0.1875,0.875,1.0,0.125,0.875,0.9375,0.0625
65,A-bin/B-base,72,"(0,.25]",0.25,0.25,0.625,0.375,0.5625,0.875,0.3125,0.375,0.6875,0.3125
65,B-bin/A-base,72,"(0,.25]",0.25,0.25,0.625,0.375,0.5,0.875,0.375,0.3125,0.6875,0.375
65,A-bin/B-base,73,"(.25,.5]",0.5,0.8125,0.6875,-0.125,0.8125,0.75,-0.0625,1.0,0.8125,-0.1875
65,B-bin/A-base,73,"(.75,1)",0.8125,0.5,0.6875,0.1875,0.625,0.75,0.125,0.75,0.8125,0.0625
65,A-bin/B-base,74,"(.25,.5]",0.4375,0.6875,0.5,-0.1875,0.75,0.75,0.0,0.875,0.5,-0.375
65,B-bin/A-base,74,"(.5,.75]",0.6875,0.4375,0.5,0.0625,0.5625,0.75,0.1875,0.5625,0.5,-0.0625
65,A-bin/B-base,75,"(.25,.5]",0.5,0.3125,1.0,0.6875,0.3125,1.0,0.6875,0.625,1.0,0.375
65,B-bin/A-base,75,"(.25,.5]",0.3125,0.5,1.0,0.5,0.5625,1.0,0.4375,0.9375,1.0,0.0625
65,A-bin/B-base,76,"(0,.25]",0.0625,0.0625,0.25,0.1875,0.3125,0.5,0.1875,0.3125,0.3125,0.0
65,B-bin/A-base,76,"(0,.25]",0.0625,0.0625,0.25,0.1875,0.3125,0.5,0.1875,0.3125,0.3125,0.0
65,A-bin/B-base,77,"(0,.25]",0.1875,0.5,0.6875,0.1875,0.5625,0.75,0.1875,0.75,0.8125,0.0625
65,B-bin/A-base,77,"(.25,.5]",0.5,0.1875,0.6875,0.5,0.3125,0.75,0.4375,0.5,0.8125,0.3125
65,A-bin/B-base,78,"(0,.25]",0.1875,0.125,0.5,0.375,0.625,0.9375,0.3125,0.1875,0.5625,0.375
65,B-bin/A-base,78,"(0,.25]",0.125,0.1875,0.5,0.3125,0.5625,0.9375,0.375,0.25,0.5625,0.3125
65,A-bin/B-base,79,"(.75,1)",0.9375,0.75,1.0,0.25,0.8125,1.0,0.1875,0.9375,1.0,0.0625
65,B-bin/A-base,79,"(.5,.75]",0.75,0.9375,1.0,0.0625,0.9375,1.0,0.0625,0.9375,1.0,0.0625
65,A-bin/B-base,80,"(0,.25]",0.0625,0.1875,0.5625,0.375,0.1875,0.875,0.6875,0.5,0.5625,0.0625
65,B-bin/A-base,80,"(0,.25]",0.1875,0.0625,0.5625,0.5,0.25,0.875,0.625,0.375,0.5625,0.1875
65,A-bin/B-base,81,"(0,.25]",0.25,0.0625,0.3125,0.25,0.4375,0.9375,0.5,0.0625,0.3125,0.25
65,B-bin/A-base,81,"(0,.25]",0.0625,0.25,0.3125,0.0625,0.3125,0.9375,0.625,0.375,0.3125,-0.0625
65,A-bin/B-base,82,"(.25,.5]",0.375,0.375,0.8125,0.4375,0.4375,0.8125,0.375,0.5,0.875,0.375
65,B-bin/A-base,82,"(.25,.5]",0.375,0.375,0.8125,0.4375,0.5625,0.8125,0.25,0.375,0.875,0.5
65,A-bin/B-base,83,"(.25,.5]",0.375,0.375,0.5,0.125,0.4375,0.6875,0.25,0.5625,0.6875,0.125
65,B-bin/A-base,83,"(.25,.5]",0.375,0.375,0.5,0.125,0.4375,0.6875,0.25,0.6875,0.6875,0.0
65,A-bin/B-base,84,"(.25,.5]",0.3125,0.125,0.375,0.25,0.3125,0.5625,0.25,0.375,0.5,0.125
65,B-bin/A-base,84,"(0,.25]",0.125,0.3125,0.375,0.0625,0.3125,0.5625,0.25,0.5625,0.5,-0.0625
65,A-bin/B-base,85,"(.25,.5]",0.3125,0.4375,0.625,0.1875,0.5625,0.8125,0.25,0.625,0.6875,0.0625
65,B-bin/A-base,85,"(.25,.5]",0.4375,0.3125,0.625,0.3125,0.375,0.8125,0.4375,0.5,0.6875,0.1875
65,A-bin/B-base,86,"(.25,.5]",0.5,0.625,1.0,0.375,0.625,1.0,0.375,0.8125,1.0,0.1875
65,B-bin/A-base,86,"(.5,.75]",0.625,0.5,1.0,0.5,0.625,1.0,0.375,0.8125,1.0,0.1875
65,A-bin/B-base,87,"(0,.25]",0.25,0.25,0.3125,0.0625,0.5625,0.6875,0.125,0.375,0.375,0.0
65,B-bin/A-base,87,"(0,.25]",0.25,0.25,0.3125,0.0625,0.375,0.6875,0.3125,0.6875,0.375,-0.3125
65,A-bin/B-base,88,"(.25,.5]",0.4375,0.5,0.3125,-0.1875,0.6875,0.9375,0.25,0.5625,0.3125,-0.25
65,B-bin/A-base,88,"(.25,.5]",0.5,0.4375,0.3125,-0.125,0.5625,0.9375,0.375,0.5625,0.3125,-0.25
65,A-bin/B-base,89,"(0,.25]",0.125,0.1875,0.125,-0.0625,0.375,0.625,0.25,0.3125,0.1875,-0.125
65,B-bin/A-base,89,"(0,.25]",0.1875,0.125,0.125,0.0,0.1875,0.625,0.4375,0.3125,0.1875,-0.125
65,A-bin/B-base,90,"(0,.25]",0.0625,0.0625,0.125,0.0625,0.25,0.8125,0.5625,0.1875,0.125,-0.0625
65,B-bin/A-base,90,"(0,.25]",0.0625,0.0625,0.125,0.0625,0.3125,0.8125,0.5,0.125,0.125,0.0
65,A-bin/B-base,91,"(0,.25]",0.125,0.125,0.5,0.375,0.125,0.625,0.5,0.375,0.625,0.25
65,B-bin/A-base,91,"(0,.25]",0.125,0.125,0.5,0.375,0.125,0.625,0.5,0.6875,0.625,-0.0625
65,A-bin/B-base,92,"(0,.25]",0.125,0.3125,0.4375,0.125,0.5625,0.875,0.3125,0.4375,0.5,0.0625
65,B-bin/A-base,92,"(.25,.5]",0.3125,0.125,0.4375,0.3125,0.3125,0.875,0.5625,0.1875,0.5,0.3125
65,A-bin/B-base,93,"(.5,.75]",0.75,0.375,0.875,0.5,0.4375,1.0,0.5625,0.75,0.875,0.125
65,B-bin/A-base,93,"(.25,.5]",0.375,0.75,0.875,0.125,0.75,1.0,0.25,1.0,0.875,-0.125
65,A-bin/B-base,94,"(.5,.75]",0.5625,0.5625,1.0,0.4375,0.5625,1.0,0.4375,0.9375,1.0,0.0625
65,B-bin/A-base,94,"(.5,.75]",0.5625,0.5625,1.0,0.4375,0.5625,1.0,0.4375,0.875,1.0,0.125
65,A-bin/B-base,95,"(0,.25]",0.125,0.0,0.0625,0.0625,0.3125,0.375,0.0625,0.0,0.0625,0.0625
65,B-bin/A-base,95,0,0.0,0.125,0.0625,-0.0625,0.25,0.375,0.125,0.125,0.0625,-0.0625
65,A-bin/B-base,96,"(.75,1)",0.8125,0.6875,0.75,0.0625,0.6875,0.9375,0.25,0.75,0.8125,0.0625
65,B-bin/A-base,96,"(.5,.75]",0.6875,0.8125,0.75,-0.0625,0.8125,0.9375,0.125,0.875,0.8125,-0.0625
65,A-bin/B-base,97,0,0.0,0.0,0.0,0.0,0.1875,0.3125,0.125,0.0,0.0,0.0
65,B-bin/A-base,97,0,0.0,0.0,0.0,0.0,0.25,0.3125,0.0625,0.0,0.0,0.0
65,A-bin/B-base,98,"(.25,.5]",0.3125,0.375,0.6875,0.3125,0.6875,0.8125,0.125,0.375,0.6875,0.3125
65,B-bin/A-base,98,"(.25,.5]",0.375,0.3125,0.6875,0.375,0.5,0.8125,0.3125,0.375,0.6875,0.3125
65,A-bin/B-base,99,0,0.0,0.0,0.125,0.125,0.125,0.3125,0.1875,0.0625,0.1875,0.125
65,B-bin/A-base,99,0,0.0,0.0,0.125,0.125,0.0,0.3125,0.3125,0.0625,0.1875,0.125
65,A-bin/B-base,100,"(.25,.5]",0.375,0.25,0.6875,0.4375,0.375,0.9375,0.5625,0.4375,0.6875,0.25
65,B-bin/A-base,100,"(0,.25]",0.25,0.375,0.6875,0.3125,0.4375,0.9375,0.5,0.75,0.6875,-0.0625
65,A-bin/B-base,101,"(0,.25]",0.25,0.3125,0.4375,0.125,0.5,0.75,0.25,0.625,0.625,0.0
65,B-bin/A-base,101,"(.25,.5]",0.3125,0.25,0.4375,0.1875,0.5,0.75,0.25,0.5,0.625,0.125
65,A-bin/B-base,102,"(0,.25]",0.1875,0.375,0.3125,-0.0625,0.5625,0.375,-0.1875,0.5625,0.625,0.0625
65,B-bin/A-base,102,"(.25,.5]",0.375,0.1875,0.3125,0.125,0.1875,0.375,0.1875,0.4375,0.625,0.1875
65,A-bin/B-base,103,0,0.0,0.0,0.125,0.125,0.0,0.1875,0.1875,0.0625,0.125,0.0625
65,B-bin/A-base,103,0,0.0,0.0,0.125,0.125,0.125,0.1875,0.0625,0.0,0.125,0.125
65,A-bin/B-base,104,"(.5,.75]",0.75,0.4375,0.875,0.4375,0.4375,0.9375,0.5,0.875,0.875,0.0
65,B-bin/A-base,104,"(.25,.5]",0.4375,0.75,0.875,0.125,0.8125,0.9375,0.125,0.8125,0.875,0.0625
65,A-bin/B-base,105,"(.5,.75]",0.5625,0.5625,0.875,0.3125,0.6875,0.9375,0.25,0.75,0.875,0.125
65,B-bin/A-base,105,"(.5,.75]",0.5625,0.5625,0.875,0.3125,0.6875,0.9375,0.25,0.75,0.875,0.125
65,A-bin/B-base,106,"(.5,.75]",0.75,0.8125,0.9375,0.125,0.875,1.0,0.125,0.875,0.9375,0.0625
65,B-bin/A-base,106,"(.75,1)",0.8125,0.75,0.9375,0.1875,0.75,1.0,0.25,1.0,0.9375,-0.0625
65,A-bin/B-base,107,"(0,.25]",0.125,0.125,0.375,0.25,0.4375,0.8125,0.375,0.25,0.4375,0.1875
65,B-bin/A-base,107,"(0,.25]",0.125,0.125,0.375,0.25,0.1875,0.8125,0.625,0.375,0.4375,0.0625
65,A-bin/B-base,108,"(.25,.5]",0.3125,0.1875,0.625,0.4375,0.375,0.875,0.5,0.375,0.625,0.25
65,B-bin/A-base,108,"(0,.25]",0.1875,0.3125,0.625,0.3125,0.5625,0.875,0.3125,0.5,0.625,0.125
65,A-bin/B-base,109,"(.25,.5]",0.5,0.625,0.625,0.0,0.6875,0.75,0.0625,0.8125,0.6875,-0.125
65,B-bin/A-base,109,"(.5,.75]",0.625,0.5,0.625,0.125,0.5,0.75,0.25,0.8125,0.6875,-0.125
65,A-bin/B-base,110,"(.5,.75]",0.5625,0.4375,0.875,0.4375,0.5625,1.0,0.4375,0.8125,0.875,0.0625
65,B-bin/A-base,110,"(.25,.5]",0.4375,0.5625,0.875,0.3125,0.625,1.0,0.375,0.75,0.875,0.125
65,A-bin/B-base,111,"(.75,1)",0.8125,0.625,1.0,0.375,0.625,1.0,0.375,0.875,1.0,0.125
65,B-bin/A-base,111,"(.5,.75]",0.625,0.8125,1.0,0.1875,0.8125,1.0,0.1875,0.875,1.0,0.125
65,A-bin/B-base,112,"(.25,.5]",0.5,0.625,0.8125,0.1875,0.8125,1.0,0.1875,0.75,0.8125,0.0625
65,B-bin/A-base,112,"(.5,.75]",0.625,0.5,0.8125,0.3125,0.6875,1.0,0.3125,0.625,0.8125,0.1875
65,A-bin/B-base,113,"(.5,.75]",0.5625,0.75,0.5625,-0.1875,0.8125,0.875,0.0625,0.9375,0.5625,-0.375
65,B-bin/A-base,113,"(.5,.75]",0.75,0.5625,0.5625,0.0,0.6875,0.875,0.1875,0.625,0.5625,-0.0625
65,A-bin/B-base,114,"(.75,1)",0.8125,0.8125,0.9375,0.125,0.8125,0.9375,0.125,0.9375,1.0,0.0625
65,B-bin/A-base,114,"(.75,1)",0.8125,0.8125,0.9375,0.125,0.875,0.9375,0.0625,0.9375,1.0,0.0625
65,A-bin/B-base,115,"(.25,.5]",0.5,0.25,0.5,0.25,0.3125,0.625,0.3125,0.5,0.6875,0.1875
65,B-bin/A-base,115,"(0,.25]",0.25,0.5,0.5,0.0,0.625,0.625,0.0,0.6875,0.6875,0.0
65,A-bin/B-base,116,0,0.0,0.0,0.0,0.0,0.0625,0.3125,0.25,0.0625,0.0,-0.0625
65,B-bin/A-base,116,0,0.0,0.0,0.0,0.0,0.25,0.3125,0.0625,0.0,0.0,0.0
65,A-bin/B-base,117,0,0.0,0.0,0.0625,0.0625,0.0,0.1875,0.1875,0.0625,0.0625,0.0
65,B-bin/A-base,117,0,0.0,0.0,0.0625,0.0625,0.0,0.1875,0.1875,0.0625,0.0625,0.0
65,A-bin/B-base,118,"(0,.25]",0.0625,0.0,0.0,0.0,0.375,0.8125,0.4375,0.125,0.0,-0.125
65,B-bin/A-base,118,0,0.0,0.0625,0.0,-0.0625,0.6875,0.8125,0.125,0.0625,0.0,-0.0625
65,A-bin/B-base,119,"(.25,.5]",0.375,0.25,0.6875,0.4375,0.3125,0.75,0.4375,0.625,0.75,0.125
65,B-bin/A-base,119,"(0,.25]",0.25,0.375,0.6875,0.3125,0.4375,0.75,0.3125,0.875,0.75,-0.125
65,A-bin/B-base,120,"(.25,.5]",0.375,0.25,0.625,0.375,0.375,0.75,0.375,0.4375,0.6875,0.25
65,B-bin/A-base,120,"(0,.25]",0.25,0.375,0.625,0.25,0.625,0.75,0.125,0.5,0.6875,0.1875
65,A-bin/B-base,121,0,0.0,0.0625,0.0,-0.0625,0.125,0.1875,0.0625,0.3125,0.0,-0.3125
65,B-bin/A-base,121,"(0,.25]",0.0625,0.0,0.0,0.0,0.125,0.1875,0.0625,0.0,0.0,0.0
65,A-bin/B-base,122,"(0,.25]",0.0625,0.125,0.375,0.25,0.1875,0.6875,0.5,0.25,0.375,0.125
65,B-bin/A-base,122,"(0,.25]",0.125,0.0625,0.375,0.3125,0.125,0.6875,0.5625,0.1875,0.375,0.1875
65,A-bin/B-base,123,"(0,.25]",0.1875,0.125,0.5,0.375,0.25,0.75,0.5,0.4375,0.625,0.1875
65,B-bin/A-base,123,"(0,.25]",0.125,0.1875,0.5,0.3125,0.1875,0.75,0.5625,0.4375,0.625,0.1875
65,A-bin/B-base,124,"(.25,.5]",0.3125,0.4375,0.75,0.3125,0.4375,0.8125,0.375,0.5625,0.75,0.1875
65,B-bin/A-base,124,"(.25,.5]",0.4375,0.3125,0.75,0.4375,0.375,0.8125,0.4375,0.4375,0.75,0.3125
65,A-bin/B-base,125,"(.5,.75]",0.5625,0.8125,0.8125,0.0,0.8125,0.875,0.0625,0.9375,0.875,-0.0625
65,B-bin/A-base,125,"(.75,1)",0.8125,0.5625,0.8125,0.25,0.6875,0.875,0.1875,0.75,0.875,0.125
65,A-bin/B-base,126,"(.75,1)",0.8125,0.75,0.9375,0.1875,0.75,1.0,0.25,1.0,0.9375,-0.0625
65,B-bin/A-base,126,"(.5,.75]",0.75,0.8125,0.9375,0.125,0.8125,1.0,0.1875,0.9375,0.9375,0.0
65,A-bin/B-base,127,"(.5,.75]",0.5625,0.5,0.9375,0.4375,0.5625,0.9375,0.375,0.6875,0.9375,0.25
65,B-bin/A-base,127,"(.25,.5]",0.5,0.5625,0.9375,0.375,0.5625,0.9375,0.375,0.8125,0.9375,0.125
65,A-bin/B-base,128,"(0,.25]",0.125,0.1875,0.5,0.3125,0.375,0.5625,0.1875,0.4375,0.5,0.0625
65,B-bin/A-base,128,"(0,.25]",0.1875,0.125,0.5,0.375,0.1875,0.5625,0.375,0.375,0.5,0.125
65,A-bin/B-base,129,0,0.0,0.0625,0.0,-0.0625,0.25,0.4375,0.1875,0.0625,0.0,-0.0625
65,B-bin/A-base,129,"(0,.25]",0.0625,0.0,0.0,0.0,0.0625,0.4375,0.375,0.0,0.0,0.0
65,A-bin/B-base,130,"(.75,1)",0.9375,0.8125,0.875,0.0625,0.8125,1.0,0.1875,0.9375,0.875,-0.0625
65,B-bin/A-base,130,"(.75,1)",0.8125,0.9375,0.875,-0.0625,0.9375,1.0,0.0625,1.0,0.875,-0.125
65,A-bin/B-base,131,"(0,.25]",0.125,0.1875,0.375,0.1875,0.1875,0.6875,0.5,0.1875,0.4375,0.25
65,B-bin/A-base,131,"(0,.25]",0.1875,0.125,0.375,0.25,0.1875,0.6875,0.5,0.125,0.4375,0.3125
65,A-bin/B-base,132,"(.5,.75]",0.75,0.4375,0.6875,0.25,0.5625,1.0,0.4375,0.6875,0.6875,0.0
65,B-bin/A-base,132,"(.25,.5]",0.4375,0.75,0.6875,-0.0625,0.75,1.0,0.25,0.75,0.6875,-0.0625
65,A-bin/B-base,133,"(.25,.5]",0.4375,0.375,0.625,0.25,0.375,0.75,0.375,0.75,0.6875,-0.0625
65,B-bin/A-base,133,"(.25,.5]",0.375,0.4375,0.625,0.1875,0.5,0.75,0.25,0.6875,0.6875,0.0
65,A-bin/B-base,134,"(0,.25]",0.0625,0.0,0.0,0.0,0.4375,0.75,0.3125,0.0625,0.0,-0.0625
65,B-bin/A-base,134,0,0.0,0.0625,0.0,-0.0625,0.4375,0.75,0.3125,0.0625,0.0,-0.0625
65,A-bin/B-base,135,"(.5,.75]",0.6875,0.75,0.6875,-0.0625,0.75,0.75,0.0,0.875,0.75,-0.125
65,B-bin/A-base,135,"(.5,.75]",0.75,0.6875,0.6875,0.0,0.75,0.75,0.0,0.75,0.75,0.0
65,A-bin/B-base,136,"(0,.25]",0.25,0.125,0.4375,0.3125,0.1875,0.625,0.4375,0.5625,0.4375,-0.125
65,B-bin/A-base,136,"(0,.25]",0.125,0.25,0.4375,0.1875,0.25,0.625,0.375,0.4375,0.4375,0.0
65,A-bin/B-base,137,"(.5,.75]",0.5625,0.3125,0.5,0.1875,0.375,0.6875,0.3125,0.5625,0.5,-0.0625
65,B-bin/A-base,137,"(.25,.5]",0.3125,0.5625,0.5,-0.0625,0.5625,0.6875,0.125,0.625,0.5,-0.125
65,A-bin/B-base,138,"(0,.25]",0.1875,0.0625,0.375,0.3125,0.0625,0.625,0.5625,0.4375,0.4375,0.0
65,B-bin/A-base,138,"(0,.25]",0.0625,0.1875,0.375,0.1875,0.25,0.625,0.375,0.25,0.4375,0.1875
65,A-bin/B-base,139,0,0.0,0.125,0.4375,0.3125,0.1875,0.6875,0.5,0.5625,0.5,-0.0625
65,B-bin/A-base,139,"(0,.25]",0.125,0.0,0.4375,0.4375,0.0,0.6875,0.6875,0.25,0.5,0.25
65,A-bin/B-base,140,"(.25,.5]",0.3125,0.25,0.5,0.25,0.25,0.875,0.625,0.4375,0.5,0.0625
65,B-bin/A-base,140,"(0,.25]",0.25,0.3125,0.5,0.1875,0.3125,0.875,0.5625,0.5625,0.5,-0.0625
65,A-bin/B-base,141,"(0,.25]",0.1875,0.3125,0.625,0.3125,0.75,0.875,0.125,0.4375,0.6875,0.25
65,B-bin/A-base,141,"(.25,.5]",0.3125,0.1875,0.625,0.4375,0.1875,0.875,0.6875,0.4375,0.6875,0.25
65,A-bin/B-base,142,0,0.0,0.0625,0.1875,0.125,0.125,0.375,0.25,0.1875,0.25,0.0625
65,B-bin/A-base,142,"(0,.25]",0.0625,0.0,0.1875,0.1875,0.125,0.375,0.25,0.125,0.25,0.125
65,A-bin/B-base,143,"(.25,.5]",0.3125,0.4375,0.3125,-0.125,0.5625,0.75,0.1875,0.5,0.4375,-0.0625
65,B-bin/A-base,143,"(.25,.5]",0.4375,0.3125,0.3125,0.0,0.5,0.75,0.25,0.4375,0.4375,0.0
65,A-bin/B-base,144,"(0,.25]",0.25,0.1875,0.5,0.3125,0.25,0.5,0.25,0.5,0.625,0.125
65,B-bin/A-base,144,"(0,.25]",0.1875,0.25,0.5,0.25,0.3125,0.5,0.1875,0.5625,0.625,0.0625
65,A-bin/B-base,145,"(.5,.75]",0.6875,0.375,0.8125,0.4375,0.5,0.9375,0.4375,0.5625,0.875,0.3125
65,B-bin/A-base,145,"(.25,.5]",0.375,0.6875,0.8125,0.125,0.6875,0.9375,0.25,0.875,0.875,0.0
65,A-bin/B-base,146,"(0,.25]",0.25,0.0625,0.625,0.5625,0.3125,0.8125,0.5,0.1875,0.625,0.4375
65,B-bin/A-base,146,"(0,.25]",0.0625,0.25,0.625,0.375,0.25,0.8125,0.5625,0.4375,0.625,0.1875
65,A-bin/B-base,147,"(.75,1)",0.8125,0.6875,0.875,0.1875,0.6875,0.9375,0.25,0.875,0.9375,0.0625
65,B-bin/A-base,147,"(.5,.75]",0.6875,0.8125,0.875,0.0625,0.8125,0.9375,0.125,0.9375,0.9375,0.0
65,A-bin/B-base,148,"(.5,.75]",0.5625,0.1875,0.8125,0.625,0.3125,0.9375,0.625,0.5,0.8125,0.3125
65,B-bin/A-base,148,"(0,.25]",0.1875,0.5625,0.8125,0.25,0.625,0.9375,0.3125,0.75,0.8125,0.0625
65,A-bin/B-base,149,"(.5,.75]",0.5625,0.5,0.8125,0.3125,0.5625,0.875,0.3125,0.875,0.875,0.0
65,B-bin/A-base,149,"(.25,.5]",0.5,0.5625,0.8125,0.25,0.625,0.875,0.25,0.625,0.875,0.25
65,A-bin/B-base,150,"(.5,.75]",0.75,0.4375,0.8125,0.375,0.5,0.9375,0.4375,0.75,0.8125,0.0625
65,B-bin/A-base,150,"(.25,.5]",0.4375,0.75,0.8125,0.0625,0.75,0.9375,0.1875,0.9375,0.8125,-0.125
65,A-bin/B-base,151,"(.25,.5]",0.5,0.5625,0.6875,0.125,0.625,0.875,0.25,0.8125,0.6875,-0.125
65,B-bin/A-base,151,"(.5,.75]",0.5625,0.5,0.6875,0.1875,0.75,0.875,0.125,0.5625,0.6875,0.125
65,A-bin/B-base,152,"(.5,.75]",0.6875,0.5625,0.75,0.1875,0.625,0.8125,0.1875,0.75,0.875,0.125
65,B-bin/A-base,152,"(.5,.75]",0.5625,0.6875,0.75,0.0625,0.75,0.8125,0.0625,0.8125,0.875,0.0625
65,A-bin/B-base,153,"(.25,.5]",0.3125,0.4375,0.3125,-0.125,0.5625,0.6875,0.125,0.5,0.375,-0.125
65,B-bin/A-base,153,"(.25,.5]",0.4375,0.3125,0.3125,0.0,0.625,0.6875,0.0625,0.375,0.375,0.0
65,A-bin/B-base,154,"(.25,.5]",0.3125,0.4375,0.4375,0.0,0.5,0.75,0.25,0.625,0.5625,-0.0625
65,B-bin/A-base,154,"(.25,.5]",0.4375,0.3125,0.4375,0.125,0.3125,0.75,0.4375,0.625,0.5625,-0.0625
65,A-bin/B-base,155,"(.25,.5]",0.375,0.125,0.75,0.625,0.375,0.875,0.5,0.3125,0.75,0.4375
65,B-bin/A-base,155,"(0,.25]",0.125,0.375,0.75,0.375,0.4375,0.875,0.4375,0.4375,0.75,0.3125
65,A-bin/B-base,156,"(.5,.75]",0.5625,0.6875,0.875,0.1875,0.75,1.0,0.25,0.875,0.875,0.0
65,B-bin/A-base,156,"(.5,.75]",0.6875,0.5625,0.875,0.3125,0.5625,1.0,0.4375,0.9375,0.875,-0.0625
65,A-bin/B-base,157,"(.25,.5]",0.3125,0.5,0.75,0.25,0.5,0.875,0.375,0.75,0.75,0.0
65,B-bin/A-base,157,"(.25,.5]",0.5,0.3125,0.75,0.4375,0.3125,0.875,0.5625,0.5,0.75,0.25
65,A-bin/B-base,158,"(.25,.5]",0.4375,0.0625,0.8125,0.75,0.1875,1.0,0.8125,0.5,0.8125,0.3125
65,B-bin/A-base,158,"(0,.25]",0.0625,0.4375,0.8125,0.375,0.5625,1.0,0.4375,0.625,0.8125,0.1875
65,A-bin/B-base,159,"(0,.25]",0.0625,0.0625,0.1875,0.125,0.3125,0.875,0.5625,0.125,0.1875,0.0625
65,B-bin/A-base,159,"(0,.25]",0.0625,0.0625,0.1875,0.125,0.25,0.875,0.625,0.125,0.1875,0.0625
65,A-bin/B-base,160,0,0.0,0.0,0.0,0.0,0.3125,0.625,0.3125,0.0,0.0,0.0
65,B-bin/A-base,160,0,0.0,0.0,0.0,0.0,0.375,0.625,0.25,0.0,0.0,0.0
65,A-bin/B-base,161,"(.75,1)",0.875,0.6875,0.75,0.0625,0.8125,0.875,0.0625,0.75,0.75,0.0
65,B-bin/A-base,161,"(.5,.75]",0.6875,0.875,0.75,-0.125,0.9375,0.875,-0.0625,0.875,0.75,-0.125
65,A-bin/B-base,162,"(0,.25]",0.0625,0.1875,0.25,0.0625,0.375,0.75,0.375,0.1875,0.25,0.0625
65,B-bin/A-base,162,"(0,.25]",0.1875,0.0625,0.25,0.1875,0.3125,0.75,0.4375,0.125,0.25,0.125
65,A-bin/B-base,163,"(.25,.5]",0.5,0.625,0.625,0.0,0.6875,0.9375,0.25,0.8125,0.6875,-0.125
65,B-bin/A-base,163,"(.5,.75]",0.625,0.5,0.625,0.125,0.625,0.9375,0.3125,0.75,0.6875,-0.0625
65,A-bin/B-base,164,"(.5,.75]",0.5625,0.5,0.6875,0.1875,0.6875,0.8125,0.125,0.625,0.6875,0.0625
65,B-bin/A-base,164,"(.25,.5]",0.5,0.5625,0.6875,0.125,0.8125,0.8125,0.0,0.6875,0.6875,0.0
65,A-bin/B-base,165,0,0.0,0.0,0.125,0.125,0.375,0.5625,0.1875,0.0,0.3125,0.3125
65,B-bin/A-base,165,0,0.0,0.0,0.125,0.125,0.0,0.5625,0.5625,0.0625,0.3125,0.25
65,A-bin/B-base,166,"(0,.25]",0.125,0.125,0.3125,0.1875,0.25,0.5625,0.3125,0.1875,0.375,0.1875
65,B-bin/A-base,166,"(0,.25]",0.125,0.125,0.3125,0.1875,0.125,0.5625,0.4375,0.5625,0.375,-0.1875
65,A-bin/B-base,167,0,0.0,0.0,0.0,0.0,0.5,0.75,0.25,0.0,0.0,0.0
65,B-bin/A-base,167,0,0.0,0.0,0.0,0.0,0.5,0.75,0.25,0.0,0.0,0.0
65,A-bin/B-base,168,"(.75,1)",0.8125,0.875,0.875,0.0,0.875,0.9375,0.0625,0.875,0.9375,0.0625
65,B-bin/A-base,168,"(.75,1)",0.875,0.8125,0.875,0.0625,0.875,0.9375,0.0625,0.9375,0.9375,0.0
65,A-bin/B-base,169,"(0,.25]",0.125,0.0,0.375,0.375,0.25,0.75,0.5,0.1875,0.5625,0.375
65,B-bin/A-base,169,0,0.0,0.125,0.375,0.25,0.25,0.75,0.5,0.25,0.5625,0.3125
65,A-bin/B-base,170,"(.5,.75]",0.5625,0.5625,0.75,0.1875,0.625,0.875,0.25,0.75,0.8125,0.0625
65,B-bin/A-base,170,"(.5,.75]",0.5625,0.5625,0.75,0.1875,0.5625,0.875,0.3125,0.75,0.8125,0.0625
65,A-bin/B-base,171,0,0.0,0.0625,0.125,0.0625,0.125,0.4375,0.3125,0.125,0.375,0.25
65,B-bin/A-base,171,"(0,.25]",0.0625,0.0,0.125,0.125,0.0625,0.4375,0.375,0.1875,0.375,0.1875
65,A-bin/B-base,172,"(.5,.75]",0.5625,0.5625,0.6875,0.125,0.5625,0.8125,0.25,0.8125,0.75,-0.0625
65,B-bin/A-base,172,"(.5,.75]",0.5625,0.5625,0.6875,0.125,0.625,0.8125,0.1875,0.875,0.75,-0.125
65,A-bin/B-base,173,"(0,.25]",0.125,0.0,0.125,0.125,0.0,0.3125,0.3125,0.0,0.1875,0.1875
65,B-bin/A-base,173,0,0.0,0.125,0.125,0.0,0.1875,0.3125,0.125,0.25,0.1875,-0.0625
65,A-bin/B-base,174,"(.5,.75]",0.625,0.5,0.75,0.25,0.625,0.875,0.25,0.75,0.75,0.0
65,B-bin/A-base,174,"(.25,.5]",0.5,0.625,0.75,0.125,0.6875,0.875,0.1875,0.8125,0.75,-0.0625
65,A-bin/B-base,175,"(0,.25]",0.0625,0.1875,0.5,0.3125,0.1875,0.625,0.4375,0.5,0.5,0.0
65,B-bin/A-base,175,"(0,.25]",0.1875,0.0625,0.5,0.4375,0.0625,0.625,0.5625,0.4375,0.5,0.0625
65,A-bin/B-base,176,1,1.0,0.8125,1.0,0.1875,0.8125,1.0,0.1875,0.9375,1.0,0.0625
65,B-bin/A-base,176,"(.75,1)",0.8125,1.0,1.0,0.0,1.0,1.0,0.0,1.0,1.0,0.0
65,A-bin/B-base,177,"(.25,.5]",0.375,0.3125,0.5625,0.25,0.375,0.75,0.375,0.375,0.6875,0.3125
65,B-bin/A-base,177,"(.25,.5]",0.3125,0.375,0.5625,0.1875,0.625,0.75,0.125,0.5625,0.6875,0.125
65,A-bin/B-base,178,"(.25,.5]",0.5,0.5,0.625,0.125,0.5625,0.8125,0.25,0.6875,0.75,0.0625
65,B-bin/A-base,178,"(.25,.5]",0.5,0.5,0.625,0.125,0.5625,0.8125,0.25,0.75,0.75,0.0
65,A-bin/B-base,179,"(.25,.5]",0.3125,0.5625,0.5625,0.0,0.6875,0.875,0.1875,0.625,0.5625,-0.0625
65,B-bin/A-base,179,"(.5,.75]",0.5625,0.3125,0.5625,0.25,0.375,0.875,0.5,0.6875,0.5625,-0.125
65,A-bin/B-base,180,"(.75,1)",0.875,0.75,0.9375,0.1875,0.75,1.0,0.25,0.9375,0.9375,0.0
65,B-bin/A-base,180,"(.5,.75]",0.75,0.875,0.9375,0.0625,0.875,1.0,0.125,0.9375,0.9375,0.0
65,A-bin/B-base,181,"(0,.25]",0.125,0.0625,0.1875,0.125,0.125,0.4375,0.3125,0.125,0.4375,0.3125
65,B-bin/A-base,181,"(0,.25]",0.0625,0.125,0.1875,0.0625,0.25,0.4375,0.1875,0.375,0.4375,0.0625
65,A-bin/B-base,182,"(0,.25]",0.25,0.0625,0.25,0.1875,0.375,0.625,0.25,0.125,0.25,0.125
65,B-bin/A-base,182,"(0,.25]",0.0625,0.25,0.25,0.0,0.4375,0.625,0.1875,0.25,0.25,0.0
65,A-bin/B-base,183,"(0,.25]",0.0625,0.0625,0.5625,0.5,0.125,0.8125,0.6875,0.25,0.5625,0.3125
65,B-bin/A-base,183,"(0,.25]",0.0625,0.0625,0.5625,0.5,0.1875,0.8125,0.625,0.1875,0.5625,0.375
65,A-bin/B-base,184,0,0.0,0.125,0.1875,0.0625,0.4375,0.5625,0.125,0.125,0.25,0.125
65,B-bin/A-base,184,"(0,.25]",0.125,0.0,0.1875,0.1875,0.0625,0.5625,0.5,0.0625,0.25,0.1875
65,A-bin/B-base,185,"(.75,1)",0.8125,0.875,0.9375,0.0625,0.875,1.0,0.125,1.0,0.9375,-0.0625
65,B-bin/A-base,185,"(.75,1)",0.875,0.8125,0.9375,0.125,0.8125,1.0,0.1875,0.9375,0.9375,0.0
65,A-bin/B-base,186,"(.5,.75]",0.625,0.625,0.875,0.25,0.6875,0.9375,0.25,0.8125,0.9375,0.125
65,B-bin/A-base,186,"(.5,.75]",0.625,0.625,0.875,0.25,0.6875,0.9375,0.25,0.9375,0.9375,0.0
65,A-bin/B-base,187,"(0,.25]",0.0625,0.0,0.0,0.0,0.0625,0.375,0.3125,0.0625,0.0,-0.0625
65,B-bin/A-base,187,0,0.0,0.0625,0.0,-0.0625,0.0625,0.375,0.3125,0.0625,0.0,-0.0625
65,A-bin/B-base,188,"(.75,1)",0.875,0.9375,0.75,-0.1875,0.9375,0.8125,-0.125,1.0,0.875,-0.125
65,B-bin/A-base,188,"(.75,1)",0.9375,0.875,0.75,-0.125,0.875,0.8125,-0.0625,1.0,0.875,-0.125
65,A-bin/B-base,189,"(0,.25]",0.25,0.1875,0.375,0.1875,0.3125,0.5,0.1875,0.5625,0.375,-0.1875
65,B-bin/A-base,189,"(0,.25]",0.1875,0.25,0.375,0.125,0.375,0.5,0.125,0.375,0.375,0.0
65,A-bin/B-base,190,"(0,.25]",0.125,0.0,0.25,0.25,0.125,0.75,0.625,0.0625,0.25,0.1875
65,B-bin/A-base,190,0,0.0,0.125,0.25,0.125,0.375,0.75,0.375,0.3125,0.25,-0.0625
65,A-bin/B-base,191,0,0.0,0.0,0.0,0.0,0.1875,0.5625,0.375,0.0625,0.0,-0.0625
65,B-bin/A-base,191,0,0.0,0.0,0.0,0.0,0.125,0.5625,0.4375,0.0625,0.0,-0.0625
65,A-bin/B-base,192,"(0,.25]",0.25,0.3125,0.375,0.0625,0.375,0.75,0.375,0.4375,0.4375,0.0
65,B-bin/A-base,192,"(.25,.5]",0.3125,0.25,0.375,0.125,0.25,0.75,0.5,0.625,0.4375,-0.1875
65,A-bin/B-base,193,"(.25,.5]",0.5,0.1875,0.5,0.3125,0.4375,0.625,0.1875,0.3125,0.6875,0.375
65,B-bin/A-base,193,"(0,.25]",0.1875,0.5,0.5,0.0,0.5625,0.625,0.0625,0.5,0.6875,0.1875
65,A-bin/B-base,194,"(0,.25]",0.25,0.25,0.6875,0.4375,0.5625,0.8125,0.25,0.375,0.75,0.375
65,B-bin/A-base,194,"(0,.25]",0.25,0.25,0.6875,0.4375,0.4375,0.8125,0.375,0.375,0.75,0.375
65,A-bin/B-base,195,"(.5,.75]",0.5625,0.6875,0.875,0.1875,0.6875,0.875,0.1875,0.9375,1.0,0.0625
65,B-bin/A-base,195,"(.5,.75]",0.6875,0.5625,0.875,0.3125,0.5625,0.875,0.3125,0.875,1.0,0.125
65,A-bin/B-base,196,"(.25,.5]",0.5,0.625,0.8125,0.1875,0.6875,0.8125,0.125,0.875,0.9375,0.0625
65,B-bin/A-base,196,"(.5,.75]",0.625,0.5,0.8125,0.3125,0.5625,0.8125,0.25,0.75,0.9375,0.1875
65,A-bin/B-base,197,"(0,.25]",0.1875,0.3125,0.6875,0.375,0.375,0.9375,0.5625,0.75,0.75,0.0
65,B-bin/A-base,197,"(.25,.5]",0.3125,0.1875,0.6875,0.5,0.1875,0.9375,0.75,0.5,0.75,0.25
65,A-bin/B-base,198,"(0,.25]",0.1875,0.125,0.125,0.0,0.1875,0.5,0.3125,0.125,0.125,0.0
65,B-bin/A-base,198,"(0,.25]",0.125,0.1875,0.125,-0.0625,0.1875,0.5,0.3125,0.1875,0.125,-0.0625
65,A-bin/B-base,199,"(0,.25]",0.1875,0.0,0.1875,0.1875,0.0,0.3125,0.3125,0.0,0.1875,0.1875
65,B-bin/A-base,199,0,0.0,0.1875,0.1875,0.0,0.1875,0.3125,0.125,0.3125,0.1875,-0.125
65,A-bin/B-base,200,"(.25,.5]",0.375,0.6875,0.6875,0.0,0.6875,0.75,0.0625,0.8125,0.75,-0.0625
65,B-bin/A-base,200,"(.5,.75]",0.6875,0.375,0.6875,0.3125,0.4375,0.75,0.3125,0.625,0.75,0.125
65,A-bin/B-base,201,"(0,.25]",0.0625,0.0625,0.1875,0.125,0.1875,0.4375,0.25,0.125,0.4375,0.3125
65,B-bin/A-base,201,"(0,.25]",0.0625,0.0625,0.1875,0.125,0.25,0.4375,0.1875,0.125,0.4375,0.3125
65,A-bin/B-base,202,"(.75,1)",0.875,0.875,0.875,0.0,0.9375,0.875,-0.0625,0.9375,0.9375,0.0
65,B-bin/A-base,202,"(.75,1)",0.875,0.875,0.875,0.0,0.875,0.875,0.0,1.0,0.9375,-0.0625
65,A-bin/B-base,203,"(.75,1)",0.8125,0.8125,0.9375,0.125,0.8125,1.0,0.1875,0.9375,0.9375,0.0
65,B-bin/A-base,203,"(.75,1)",0.8125,0.8125,0.9375,0.125,0.875,1.0,0.125,0.9375,0.9375,0.0
65,A-bin/B-base,204,"(0,.25]",0.25,0.375,0.5,0.125,0.4375,0.625,0.1875,0.5,0.625,0.125
65,B-bin/A-base,204,"(.25,.5]",0.375,0.25,0.5,0.25,0.3125,0.625,0.3125,0.4375,0.625,0.1875
65,A-bin/B-base,205,"(0,.25]",0.125,0.25,0.3125,0.0625,0.375,0.75,0.375,0.25,0.3125,0.0625
65,B-bin/A-base,205,"(0,.25]",0.25,0.125,0.3125,0.1875,0.375,0.75,0.375,0.125,0.3125,0.1875
65,A-bin/B-base,206,"(0,.25]",0.25,0.4375,0.5625,0.125,0.4375,0.5625,0.125,0.5625,0.6875,0.125
65,B-bin/A-base,206,"(.25,.5]",0.4375,0.25,0.5625,0.3125,0.25,0.5625,0.3125,0.6875,0.6875,0.0
65,A-bin/B-base,207,"(.25,.5]",0.5,0.5625,0.8125,0.25,0.625,0.875,0.25,0.75,0.875,0.125
65,B-bin/A-base,207,"(.5,.75]",0.5625,0.5,0.8125,0.3125,0.5625,0.875,0.3125,0.6875,0.875,0.1875
65,A-bin/B-base,208,"(.5,.75]",0.6875,0.75,0.875,0.125,0.75,0.9375,0.1875,0.9375,0.9375,0.0
65,B-bin/A-base,208,"(.5,.75]",0.75,0.6875,0.875,0.1875,0.6875,0.9375,0.25,0.875,0.9375,0.0625
65,A-bin/B-base,209,"(.5,.75]",0.5625,0.5,0.9375,0.4375,0.5,1.0,0.5,0.8125,0.9375,0.125
65,B-bin/A-base,209,"(.25,.5]",0.5,0.5625,0.9375,0.375,0.625,1.0,0.375,0.625,0.9375,0.3125
65,A-bin/B-base,210,"(.25,.5]",0.3125,0.25,0.625,0.375,0.375,0.6875,0.3125,0.6875,0.8125,0.125
65,B-bin/A-base,210,"(0,.25]",0.25,0.3125,0.625,0.3125,0.375,0.6875,0.3125,0.4375,0.8125,0.375
65,A-bin/B-base,211,"(0,.25]",0.0625,0.125,0.1875,0.0625,0.5,0.75,0.25,0.1875,0.1875,0.0
65,B-bin/A-base,211,"(0,.25]",0.125,0.0625,0.1875,0.125,0.4375,0.75,0.3125,0.3125,0.1875,-0.125
65,A-bin/B-base,212,0,0.0,0.0,0.0625,0.0625,0.0,0.1875,0.1875,0.25,0.125,-0.125
65,B-bin/A-base,212,0,0.0,0.0,0.0625,0.0625,0.0625,0.1875,0.125,0.125,0.125,0.0
65,A-bin/B-base,213,"(.5,.75]",0.5625,0.625,0.6875,0.0625,0.6875,0.8125,0.125,0.8125,0.75,-0.0625
65,B-bin/A-base,213,"(.5,.75]",0.625,0.5625,0.6875,0.125,0.5625,0.8125,0.25,0.75,0.75,0.0
65,A-bin/B-base,214,"(0,.25]",0.0625,0.0,0.1875,0.1875,0.375,0.625,0.25,0.0,0.25,0.25
65,B-bin/A-base,214,0,0.0,0.0625,0.1875,0.125,0.3125,0.625,0.3125,0.0625,0.25,0.1875
65,A-bin/B-base,215,"(.25,.5]",0.5,0.75,0.875,0.125,0.75,0.9375,0.1875,0.9375,0.875,-0.0625
65,B-bin/A-base,215,"(.5,.75]",0.75,0.5,0.875,0.375,0.5625,0.9375,0.375,0.875,0.875,0.0
65,A-bin/B-base,216,"(.5,.75]",0.75,0.5,0.8125,0.3125,0.5,0.875,0.375,0.8125,0.8125,0.0
65,B-bin/A-base,216,"(.25,.5]",0.5,0.75,0.8125,0.0625,0.75,0.875,0.125,1.0,0.8125,-0.1875
65,A-bin/B-base,217,"(0,.25]",0.1875,0.0625,0.0625,0.0,0.0625,0.3125,0.25,0.3125,0.0625,-0.25
65,B-bin/A-base,217,"(0,.25]",0.0625,0.1875,0.0625,-0.125,0.1875,0.3125,0.125,0.375,0.0625,-0.3125
65,A-bin/B-base,218,"(0,.25]",0.125,0.125,0.125,0.0,0.75,0.875,0.125,0.1875,0.1875,0.0
65,B-bin/A-base,218,"(0,.25]",0.125,0.125,0.125,0.0,0.4375,0.875,0.4375,0.1875,0.1875,0.0
65,A-bin/B-base,219,"(0,.25]",0.0625,0.0,0.125,0.125,0.125,0.3125,0.1875,0.1875,0.125,-0.0625
65,B-bin/A-base,219,0,0.0,0.0625,0.125,0.0625,0.3125,0.3125,0.0,0.3125,0.125,-0.1875
65,A-bin/B-base,220,"(0,.25]",0.0625,0.125,0.1875,0.0625,0.125,0.5,0.375,0.3125,0.25,-0.0625
65,B-bin/A-base,220,"(0,.25]",0.125,0.0625,0.1875,0.125,0.125,0.5,0.375,0.25,0.25,0.0
65,A-bin/B-base,221,"(.75,1)",0.875,0.875,0.9375,0.0625,0.875,1.0,0.125,0.9375,0.9375,0.0
65,B-bin/A-base,221,"(.75,1)",0.875,0.875,0.9375,0.0625,0.875,1.0,0.125,1.0,0.9375,-0.0625
65,A-bin/B-base,222,"(0,.25]",0.25,0.4375,0.5625,0.125,0.5,0.6875,0.1875,0.5,0.625,0.125
65,B-bin/A-base,222,"(.25,.5]",0.4375,0.25,0.5625,0.3125,0.5,0.6875,0.1875,0.375,0.625,0.25
65,A-bin/B-base,223,"(0,.25]",0.125,0.0625,0.0625,0.0,0.125,0.4375,0.3125,0.3125,0.125,-0.1875
65,B-bin/A-base,223,"(0,.25]",0.0625,0.125,0.0625,-0.0625,0.3125,0.4375,0.125,0.1875,0.125,-0.0625
65,A-bin/B-base,224,0,0.0,0.0,0.5,0.5,0.0,0.5625,0.5625,0.25,0.5,0.25
65,B-bin/A-base,224,0,0.0,0.0,0.5,0.5,0.1875,0.5625,0.375,0.0625,0.5,0.4375
65,A-bin/B-base,225,"(0,.25]",0.0625,0.0,0.1875,0.1875,0.0625,0.4375,0.375,0.1875,0.1875,0.0
65,B-bin/A-base,225,0,0.0,0.0625,0.1875,0.125,0.125,0.4375,0.3125,0.125,0.1875,0.0625
65,A-bin/B-base,226,"(0,.25]",0.1875,0.4375,0.3125,-0.125,0.5625,0.5,-0.0625,0.625,0.4375,-0.1875
65,B-bin/A-base,226,"(.25,.5]",0.4375,0.1875,0.3125,0.125,0.3125,0.5,0.1875,0.25,0.4375,0.1875
65,A-bin/B-base,227,"(.5,.75]",0.625,0.75,0.875,0.125,0.8125,0.9375,0.125,0.875,0.875,0.0
65,B-bin/A-base,227,"(.5,.75]",0.75,0.625,0.875,0.25,0.625,0.9375,0.3125,0.9375,0.875,-0.0625
65,A-bin/B-base,228,"(0,.25]",0.125,0.0,0.0625,0.0625,0.5625,0.9375,0.375,0.0625,0.0625,0.0
65,B-bin/A-base,228,0,0.0,0.125,0.0625,-0.0625,0.6875,0.9375,0.25,0.1875,0.0625,-0.125
65,A-bin/B-base,229,"(0,.25]",0.1875,0.0625,0.25,0.1875,0.6875,0.875,0.1875,0.125,0.25,0.125
65,B-bin/A-base,229,"(0,.25]",0.0625,0.1875,0.25,0.0625,0.75,0.875,0.125,0.1875,0.25,0.0625
65,A-bin/B-base,230,"(0,.25]",0.125,0.0625,0.1875,0.125,0.25,0.75,0.5,0.125,0.25,0.125
65,B-bin/A-base,230,"(0,.25]",0.0625,0.125,0.1875,0.0625,0.4375,0.75,0.3125,0.125,0.25,0.125
65,A-bin/B-base,231,"(0,.25]",0.0625,0.125,0.3125,0.1875,0.1875,0.4375,0.25,0.125,0.3125,0.1875
65,B-bin/A-base,231,"(0,.25]",0.125,0.0625,0.3125,0.25,0.125,0.4375,0.3125,0.125,0.3125,0.1875
65,A-bin/B-base,232,0,0.0,0.0,0.0,0.0,0.4375,0.6875,0.25,0.0,0.0,0.0
65,B-bin/A-base,232,0,0.0,0.0,0.0,0.0,0.375,0.6875,0.3125,0.0,0.0,0.0
65,A-bin/B-base,233,"(.25,.5]",0.5,0.375,0.25,-0.125,0.6875,0.875,0.1875,0.4375,0.25,-0.1875
65,B-bin/A-base,233,"(.25,.5]",0.375,0.5,0.25,-0.25,0.75,0.875,0.125,0.625,0.25,-0.375
65,A-bin/B-base,234,0,0.0,0.0,0.0625,0.0625,0.125,0.1875,0.0625,0.0,0.125,0.125
65,B-bin/A-base,234,0,0.0,0.0,0.0625,0.0625,0.125,0.1875,0.0625,0.0,0.125,0.125
65,A-bin/B-base,235,"(0,.25]",0.0625,0.125,0.25,0.125,0.3125,0.5,0.1875,0.375,0.3125,-0.0625
65,B-bin/A-base,235,"(0,.25]",0.125,0.0625,0.25,0.1875,0.0625,0.5,0.4375,0.1875,0.3125,0.125
65,A-bin/B-base,236,"(.75,1)",0.9375,0.75,0.9375,0.1875,0.75,0.9375,0.1875,0.8125,0.9375,0.125
65,B-bin/A-base,236,"(.5,.75]",0.75,0.9375,0.9375,0.0,0.9375,0.9375,0.0,1.0,0.9375,-0.0625
65,A-bin/B-base,237,"(0,.25]",0.0625,0.0,0.0,0.0,0.125,0.3125,0.1875,0.0625,0.0625,0.0
65,B-bin/A-base,237,0,0.0,0.0625,0.0,-0.0625,0.0625,0.3125,0.25,0.0625,0.0625,0.0
65,A-bin/B-base,238,"(.25,.5]",0.375,0.4375,0.9375,0.5,0.5,1.0,0.5,0.75,0.9375,0.1875
65,B-bin/A-base,238,"(.25,.5]",0.4375,0.375,0.9375,0.5625,0.4375,1.0,0.5625,0.875,0.9375,0.0625
65,A-bin/B-base,239,"(0,.25]",0.25,0.125,0.125,0.0,0.125,0.5,0.375,0.125,0.25,0.125
65,B-bin/A-base,239,"(0,.25]",0.125,0.25,0.125,-0.125,0.25,0.5,0.25,0.375,0.25,-0.125
65,A-bin/B-base,240,"(.25,.5]",0.5,0.625,0.75,0.125,0.625,0.875,0.25,1.0,0.875,-0.125
65,B-bin/A-base,240,"(.5,.75]",0.625,0.5,0.75,0.25,0.5625,0.875,0.3125,0.8125,0.875,0.0625
65,A-bin/B-base,241,"(.5,.75]",0.625,0.3125,0.625,0.3125,0.3125,0.75,0.4375,0.6875,0.8125,0.125
65,B-bin/A-base,241,"(.25,.5]",0.3125,0.625,0.625,0.0,0.6875,0.75,0.0625,0.6875,0.8125,0.125
65,A-bin/B-base,242,"(.5,.75]",0.75,0.375,0.8125,0.4375,0.375,0.875,0.5,0.6875,0.8125,0.125
65,B-bin/A-base,242,"(.25,.5]",0.375,0.75,0.8125,0.0625,0.8125,0.875,0.0625,0.9375,0.8125,-0.125
65,A-bin/B-base,243,"(0,.25]",0.0625,0.0625,0.375,0.3125,0.125,0.75,0.625,0.0625,0.375,0.3125
65,B-bin/A-base,243,"(0,.25]",0.0625,0.0625,0.375,0.3125,0.4375,0.75,0.3125,0.1875,0.375,0.1875
65,A-bin/B-base,244,"(.75,1)",0.875,0.75,0.875,0.125,0.75,0.875,0.125,0.9375,1.0,0.0625
65,B-bin/A-base,244,"(.5,.75]",0.75,0.875,0.875,0.0,0.875,0.875,0.0,0.9375,1.0,0.0625
65,A-bin/B-base,245,"(.25,.5]",0.375,0.375,0.9375,0.5625,0.4375,1.0,0.5625,0.625,0.9375,0.3125
65,B-bin/A-base,245,"(.25,.5]",0.375,0.375,0.9375,0.5625,0.5,1.0,0.5,0.5625,0.9375,0.375
65,A-bin/B-base,246,"(0,.25]",0.0625,0.0625,0.25,0.1875,0.0625,0.75,0.6875,0.125,0.25,0.125
65,B-bin/A-base,246,"(0,.25]",0.0625,0.0625,0.25,0.1875,0.125,0.75,0.625,0.125,0.25,0.125
65,A-bin/B-base,247,0,0.0,0.0,0.1875,0.1875,0.25,0.4375,0.1875,0.0625,0.25,0.1875
65,B-bin/A-base,247,0,0.0,0.0,0.1875,0.1875,0.25,0.4375,0.1875,0.125,0.25,0.125
65,A-bin/B-base,248,0,0.0,0.0,0.125,0.125,0.0625,0.8125,0.75,0.0625,0.125,0.0625
65,B-bin/A-base,248,0,0.0,0.0,0.125,0.125,0.1875,0.8125,0.625,0.0625,0.125,0.0625
65,A-bin/B-base,249,"(.5,.75]",0.625,0.75,0.9375,0.1875,0.75,0.9375,0.1875,0.875,1.0,0.125
65,B-bin/A-base,249,"(.5,.75]",0.75,0.625,0.9375,0.3125,0.625,0.9375,0.3125,0.875,1.0,0.125
65,A-bin/B-base,250,0,0.0,0.125,0.125,0.0,0.4375,0.875,0.4375,0.3125,0.125,-0.1875
65,B-bin/A-base,250,"(0,.25]",0.125,0.0,0.125,0.125,0.25,0.875,0.625,0.0625,0.125,0.0625
65,A-bin/B-base,251,"(0,.25]",0.1875,0.125,0.1875,0.0625,0.375,0.625,0.25,0.125,0.25,0.125
65,B-bin/A-base,251,"(0,.25]",0.125,0.1875,0.1875,0.0,0.4375,0.625,0.1875,0.3125,0.25,-0.0625
65,A-bin/B-base,252,"(.5,.75]",0.5625,0.8125,0.875,0.0625,0.8125,1.0,0.1875,1.0,0.875,-0.125
65,B-bin/A-base,252,"(.75,1)",0.8125,0.5625,0.875,0.3125,0.5625,1.0,0.4375,0.8125,0.875,0.0625
65,A-bin/B-base,253,0,0.0,0.125,0.1875,0.0625,0.125,0.25,0.125,0.4375,0.3125,-0.125
65,B-bin/A-base,253,"(0,.25]",0.125,0.0,0.1875,0.1875,0.0,0.25,0.25,0.125,0.3125,0.1875
65,A-bin/B-base,254,"(.25,.5]",0.3125,0.25,0.875,0.625,0.3125,0.9375,0.625,0.625,0.9375,0.3125
65,B-bin/A-base,254,"(0,.25]",0.25,0.3125,0.875,0.5625,0.3125,0.9375,0.625,0.5625,0.9375,0.375
65,A-bin/B-base,255,"(.5,.75]",0.625,0.6875,0.8125,0.125,0.75,0.875,0.125,0.8125,0.875,0.0625
65,B-bin/A-base,255,"(.5,.75]",0.6875,0.625,0.8125,0.1875,0.75,0.875,0.125,0.8125,0.875,0.0625
70,A-bin/B-base,0,"(.75,1)",0.8125,0.875,1.0,0.125,0.875,1.0,0.125,0.9375,1.0,0.0625
70,B-bin/A-base,0,"(.75,1)",0.875,0.8125,1.0,0.1875,0.8125,1.0,0.1875,0.8125,1.0,0.1875
70,A-bin/B-base,1,"(0,.25]",0.25,0.3125,0.6875,0.375,0.5,0.75,0.25,0.5,0.6875,0.1875
70,B-bin/A-base,1,"(.25,.5]",0.3125,0.25,0.6875,0.4375,0.3125,0.75,0.4375,0.4375,0.6875,0.25
70,A-bin/B-base,2,"(0,.25]",0.125,0.4375,0.5625,0.125,0.5625,0.875,0.3125,0.5625,0.625,0.0625
70,B-bin/A-base,2,"(.25,.5]",0.4375,0.125,0.5625,0.4375,0.1875,0.875,0.6875,0.5,0.625,0.125
70,A-bin/B-base,3,"(.5,.75]",0.5625,0.6875,0.9375,0.25,0.6875,0.9375,0.25,0.875,0.9375,0.0625
70,B-bin/A-base,3,"(.5,.75]",0.6875,0.5625,0.9375,0.375,0.625,0.9375,0.3125,0.75,0.9375,0.1875
70,A-bin/B-base,4,"(0,.25]",0.125,0.375,0.25,-0.125,0.5,0.75,0.25,0.4375,0.3125,-0.125
70,B-bin/A-base,4,"(.25,.5]",0.375,0.125,0.25,0.125,0.4375,0.75,0.3125,0.1875,0.3125,0.125
70,A-bin/B-base,5,"(.25,.5]",0.375,0.625,0.8125,0.1875,0.6875,0.8125,0.125,0.8125,0.875,0.0625
70,B-bin/A-base,5,"(.5,.75]",0.625,0.375,0.8125,0.4375,0.4375,0.8125,0.375,0.6875,0.875,0.1875
70,A-bin/B-base,6,"(.5,.75]",0.6875,0.625,0.875,0.25,0.625,1.0,0.375,0.875,0.875,0.0
70,B-bin/A-base,6,"(.5,.75]",0.625,0.6875,0.875,0.1875,0.75,1.0,0.25,0.875,0.875,0.0
70,A-bin/B-base,7,0,0.0,0.0,0.0,0.0,0.125,0.1875,0.0625,0.0,0.125,0.125
70,B-bin/A-base,7,0,0.0,0.0,0.0,0.0,0.0,0.1875,0.1875,0.0,0.125,0.125
70,A-bin/B-base,8,"(0,.25]",0.1875,0.125,0.25,0.125,0.3125,0.6875,0.375,0.1875,0.25,0.0625
70,B-bin/A-base,8,"(0,.25]",0.125,0.1875,0.25,0.0625,0.375,0.6875,0.3125,0.3125,0.25,-0.0625
70,A-bin/B-base,9,"(0,.25]",0.1875,0.0,0.125,0.125,0.25,0.75,0.5,0.0,0.125,0.125
70,B-bin/A-base,9,0,0.0,0.1875,0.125,-0.0625,0.5,0.75,0.25,0.25,0.125,-0.125
70,A-bin/B-base,10,0,0.0,0.0625,0.0,-0.0625,0.125,0.0625,-0.0625,0.125,0.0625,-0.0625
70,B-bin/A-base,10,"(0,.25]",0.0625,0.0,0.0,0.0,0.0,0.0625,0.0625,0.0625,0.0625,0.0
70,A-bin/B-base,11,0,0.0,0.0625,0.1875,0.125,0.0625,0.25,0.1875,0.0625,0.1875,0.125
70,B-bin/A-base,11,"(0,.25]",0.0625,0.0,0.1875,0.1875,0.0,0.25,0.25,0.0,0.1875,0.1875
70,A-bin/B-base,12,"(.25,.5]",0.4375,0.625,0.9375,0.3125,0.625,0.9375,0.3125,0.8125,1.0,0.1875
70,B-bin/A-base,12,"(.5,.75]",0.625,0.4375,0.9375,0.5,0.4375,0.9375,0.5,0.875,1.0,0.125
70,A-bin/B-base,13,"(0,.25]",0.1875,0.0625,0.25,0.1875,0.25,0.9375,0.6875,0.25,0.25,0.0
70,B-bin/A-base,13,"(0,.25]",0.0625,0.1875,0.25,0.0625,0.4375,0.9375,0.5,0.3125,0.25,-0.0625
70,A-bin/B-base,14,"(0,.25]",0.25,0.1875,0.5,0.3125,0.375,0.75,0.375,0.5625,0.625,0.0625
70,B-bin/A-base,14,"(0,.25]",0.1875,0.25,0.5,0.25,0.3125,0.75,0.4375,0.4375,0.625,0.1875
70,A-bin/B-base,15,0,0.0,0.0,0.0625,0.0625,0.5,0.6875,0.1875,0.0,0.0625,0.0625
70,B-bin/A-base,15,0,0.0,0.0,0.0625,0.0625,0.0,0.6875,0.6875,0.0,0.0625,0.0625
70,A-bin/B-base,16,"(0,.25]",0.125,0.125,0.6875,0.5625,0.25,0.8125,0.5625,0.1875,0.8125,0.625
70,B-bin/A-base,16,"(0,.25]",0.125,0.125,0.6875,0.5625,0.125,0.8125,0.6875,0.1875,0.8125,0.625
70,A-bin/B-base,17,"(0,.25]",0.125,0.0625,0.1875,0.125,0.1875,0.5625,0.375,0.1875,0.25,0.0625
70,B-bin/A-base,17,"(0,.25]",0.0625,0.125,0.1875,0.0625,0.375,0.5625,0.1875,0.1875,0.25,0.0625
70,A-bin/B-base,18,"(0,.25]",0.1875,0.0,0.1875,0.1875,0.1875,0.6875,0.5,0.125,0.25,0.125
70,B-bin/A-base,18,0,0.0,0.1875,0.1875,0.0,0.25,0.6875,0.4375,0.3125,0.25,-0.0625
70,A-bin/B-base,19,"(0,.25]",0.25,0.1875,0.4375,0.25,0.25,0.875,0.625,0.375,0.5,0.125
70,B-bin/A-base,19,"(0,.25]",0.1875,0.25,0.4375,0.1875,0.375,0.875,0.5,0.5,0.5,0.0
70,A-bin/B-base,20,"(.75,1)",0.8125,0.875,0.9375,0.0625,0.875,0.9375,0.0625,1.0,1.0,0.0
70,B-bin/A-base,20,"(.75,1)",0.875,0.8125,0.9375,0.125,0.8125,0.9375,0.125,1.0,1.0,0.0
70,A-bin/B-base,21,"(0,.25]",0.125,0.125,0.5,0.375,0.125,0.75,0.625,0.25,0.5,0.25
70,B-bin/A-base,21,"(0,.25]",0.125,0.125,0.5,0.375,0.1875,0.75,0.5625,0.125,0.5,0.375
70,A-bin/B-base,22,0,0.0,0.0,0.3125,0.3125,0.25,0.5625,0.3125,0.0625,0.3125,0.25
70,B-bin/A-base,22,0,0.0,0.0,0.3125,0.3125,0.1875,0.5625,0.375,0.25,0.3125,0.0625
70,A-bin/B-base,23,"(.5,.75]",0.5625,0.5,0.625,0.125,0.5625,0.8125,0.25,0.8125,0.6875,-0.125
70,B-bin/A-base,23,"(.25,.5]",0.5,0.5625,0.625,0.0625,0.5625,0.8125,0.25,0.6875,0.6875,0.0
70,A-bin/B-base,24,"(.5,.75]",0.625,0.5625,0.8125,0.25,0.5625,0.9375,0.375,0.6875,0.875,0.1875
70,B-bin/A-base,24,"(.5,.75]",0.5625,0.625,0.8125,0.1875,0.625,0.9375,0.3125,0.625,0.875,0.25
70,A-bin/B-base,25,"(.25,.5]",0.375,0.3125,0.75,0.4375,0.4375,0.8125,0.375,0.5625,0.8125,0.25
70,B-bin/A-base,25,"(.25,.5]",0.3125,0.375,0.75,0.375,0.4375,0.8125,0.375,0.625,0.8125,0.1875
70,A-bin/B-base,26,"(.5,.75]",0.6875,0.625,0.6875,0.0625,0.75,0.875,0.125,0.8125,0.75,-0.0625
70,B-bin/A-base,26,"(.5,.75]",0.625,0.6875,0.6875,0.0,0.6875,0.875,0.1875,1.0,0.75,-0.25
70,A-bin/B-base,27,"(0,.25]",0.0625,0.0625,0.3125,0.25,0.3125,0.625,0.3125,0.1875,0.375,0.1875
70,B-bin/A-base,27,"(0,.25]",0.0625,0.0625,0.3125,0.25,0.125,0.625,0.5,0.125,0.375,0.25
70,A-bin/B-base,28,"(.5,.75]",0.5625,0.5625,0.875,0.3125,0.5625,0.9375,0.375,0.9375,0.9375,0.0
70,B-bin/A-base,28,"(.5,.75]",0.5625,0.5625,0.875,0.3125,0.5625,0.9375,0.375,0.9375,0.9375,0.0
70,A-bin/B-base,29,"(0,.25]",0.125,0.1875,0.3125,0.125,0.3125,0.625,0.3125,0.3125,0.375,0.0625
70,B-bin/A-base,29,"(0,.25]",0.1875,0.125,0.3125,0.1875,0.3125,0.625,0.3125,0.1875,0.375,0.1875
70,A-bin/B-base,30,"(0,.25]",0.0625,0.0625,0.375,0.3125,0.0625,0.4375,0.375,0.25,0.5,0.25
70,B-bin/A-base,30,"(0,.25]",0.0625,0.0625,0.375,0.3125,0.1875,0.4375,0.25,0.1875,0.5,0.3125
70,A-bin/B-base,31,"(.25,.5]",0.375,0.125,0.75,0.625,0.1875,1.0,0.8125,0.25,0.75,0.5
70,B-bin/A-base,31,"(0,.25]",0.125,0.375,0.75,0.375,0.5625,1.0,0.4375,0.5,0.75,0.25
70,A-bin/B-base,32,"(0,.25]",0.0625,0.25,0.5625,0.3125,0.3125,0.625,0.3125,0.5,0.6875,0.1875
70,B-bin/A-base,32,"(0,.25]",0.25,0.0625,0.5625,0.5,0.125,0.625,0.5,0.25,0.6875,0.4375
70,A-bin/B-base,33,"(.5,.75]",0.75,0.375,0.875,0.5,0.375,0.9375,0.5625,0.875,0.9375,0.0625
70,B-bin/A-base,33,"(.25,.5]",0.375,0.75,0.875,0.125,0.8125,0.9375,0.125,0.9375,0.9375,0.0
70,A-bin/B-base,34,"(.5,.75]",0.625,0.625,0.875,0.25,0.6875,1.0,0.3125,0.875,0.875,0.0
70,B-bin/A-base,34,"(.5,.75]",0.625,0.625,0.875,0.25,0.6875,1.0,0.3125,0.875,0.875,0.0
70,A-bin/B-base,35,"(.5,.75]",0.625,0.5625,1.0,0.4375,0.5625,1.0,0.4375,0.75,1.0,0.25
70,B-bin/A-base,35,"(.5,.75]",0.5625,0.625,1.0,0.375,0.875,1.0,0.125,0.6875,1.0,0.3125
70,A-bin/B-base,36,"(.5,.75]",0.75,0.8125,0.75,-0.0625,0.8125,0.8125,0.0,0.875,0.875,0.0
70,B-bin/A-base,36,"(.75,1)",0.8125,0.75,0.75,0.0,0.8125,0.8125,0.0,0.875,0.875,0.0
70,A-bin/B-base,37,"(.25,.5]",0.5,0.6875,0.9375,0.25,0.6875,1.0,0.3125,0.8125,0.9375,0.125
70,B-bin/A-base,37,"(.5,.75]",0.6875,0.5,0.9375,0.4375,0.625,1.0,0.375,0.5625,0.9375,0.375
70,A-bin/B-base,38,"(0,.25]",0.125,0.0,0.1875,0.1875,0.25,0.75,0.5,0.0,0.25,0.25
70,B-bin/A-base,38,0,0.0,0.125,0.1875,0.0625,0.375,0.75,0.375,0.125,0.25,0.125
70,A-bin/B-base,39,"(.25,.5]",0.5,0.4375,0.75,0.3125,0.4375,0.9375,0.5,0.75,0.8125,0.0625
70,B-bin/A-base,39,"(.25,.5]",0.4375,0.5,0.75,0.25,0.5,0.9375,0.4375,0.6875,0.8125,0.125
70,A-bin/B-base,40,0,0.0,0.125,0.375,0.25,0.3125,0.8125,0.5,0.25,0.375,0.125
70,B-bin/A-base,40,"(0,.25]",0.125,0.0,0.375,0.375,0.0,0.8125,0.8125,0.125,0.375,0.25
70,A-bin/B-base,41,"(.75,1)",0.8125,0.75,0.875,0.125,0.8125,0.9375,0.125,0.9375,0.9375,0.0
70,B-bin/A-base,41,"(.5,.75]",0.75,0.8125,0.875,0.0625,0.875,0.9375,0.0625,0.9375,0.9375,0.0
70,A-bin/B-base,42,0,0.0,0.0625,0.125,0.0625,0.1875,0.25,0.0625,0.0625,0.25,0.1875
70,B-bin/A-base,42,"(0,.25]",0.0625,0.0,0.125,0.125,0.125,0.25,0.125,0.125,0.25,0.125
70,A-bin/B-base,43,0,0.0,0.0625,0.1875,0.125,0.375,0.75,0.375,0.3125,0.25,-0.0625
70,B-bin/A-base,43,"(0,.25]",0.0625,0.0,0.1875,0.1875,0.375,0.75,0.375,0.0625,0.25,0.1875
70,A-bin/B-base,44,"(.5,.75]",0.625,0.75,0.75,0.0,0.875,1.0,0.125,0.75,0.75,0.0
70,B-bin/A-base,44,"(.5,.75]",0.75,0.625,0.75,0.125,0.6875,1.0,0.3125,0.8125,0.75,-0.0625
70,A-bin/B-base,45,"(.5,.75]",0.625,0.5,0.8125,0.3125,0.5625,1.0,0.4375,0.75,0.8125,0.0625
70,B-bin/A-base,45,"(.25,.5]",0.5,0.625,0.8125,0.1875,0.625,1.0,0.375,0.8125,0.8125,0.0
70,A-bin/B-base,46,"(.25,.5]",0.5,0.375,0.625,0.25,0.625,0.8125,0.1875,0.625,0.6875,0.0625
70,B-bin/A-base,46,"(.25,.5]",0.375,0.5,0.625,0.125,0.6875,0.8125,0.125,0.75,0.6875,-0.0625
70,A-bin/B-base,47,"(.25,.5]",0.5,0.75,0.8125,0.0625,0.75,0.875,0.125,0.9375,0.8125,-0.125
70,B-bin/A-base,47,"(.5,.75]",0.75,0.5,0.8125,0.3125,0.5,0.875,0.375,0.75,0.8125,0.0625
70,A-bin/B-base,48,"(.5,.75]",0.6875,0.6875,0.8125,0.125,0.6875,0.8125,0.125,1.0,0.9375,-0.0625
70,B-bin/A-base,48,"(.5,.75]",0.6875,0.6875,0.8125,0.125,0.6875,0.8125,0.125,0.9375,0.9375,0.0
70,A-bin/B-base,49,"(.5,.75]",0.6875,0.875,0.875,0.0,0.875,0.9375,0.0625,0.875,0.9375,0.0625
70,B-bin/A-base,49,"(.75,1)",0.875,0.6875,0.875,0.1875,0.75,0.9375,0.1875,0.8125,0.9375,0.125
70,A-bin/B-base,50,0,0.0,0.0,0.0,0.0,0.0625,0.5,0.4375,0.0,0.0,0.0
70,B-bin/A-base,50,0,0.0,0.0,0.0,0.0,0.375,0.5,0.125,0.0,0.0,0.0
70,A-bin/B-base,51,"(.5,.75]",0.625,0.5,0.8125,0.3125,0.5,0.875,0.375,0.6875,0.8125,0.125
70,B-bin/A-base,51,"(.25,.5]",0.5,0.625,0.8125,0.1875,0.625,0.875,0.25,0.6875,0.8125,0.125
70,A-bin/B-base,52,"(.5,.75]",0.6875,0.5,0.875,0.375,0.5625,1.0,0.4375,0.625,0.875,0.25
70,B-bin/A-base,52,"(.25,.5]",0.5,0.6875,0.875,0.1875,0.75,1.0,0.25,0.75,0.875,0.125
70,A-bin/B-base,53,"(.5,.75]",0.75,0.75,0.9375,0.1875,0.75,1.0,0.25,1.0,0.9375,-0.0625
70,B-bin/A-base,53,"(.5,.75]",0.75,0.75,0.9375,0.1875,0.8125,1.0,0.1875,0.9375,0.9375,0.0
70,A-bin/B-base,54,"(0,.25]",0.1875,0.1875,0.3125,0.125,0.375,0.8125,0.4375,0.1875,0.3125,0.125
70,B-bin/A-base,54,"(0,.25]",0.1875,0.1875,0.3125,0.125,0.5625,0.8125,0.25,0.3125,0.3125,0.0
70,A-bin/B-base,55,"(.5,.75]",0.75,0.8125,0.9375,0.125,0.875,1.0,0.125,0.875,0.9375,0.0625
70,B-bin/A-base,55,"(.75,1)",0.8125,0.75,0.9375,0.1875,0.9375,1.0,0.0625,0.8125,0.9375,0.125
70,A-bin/B-base,56,"(.5,.75]",0.6875,0.6875,0.9375,0.25,0.6875,0.9375,0.25,0.9375,1.0,0.0625
70,B-bin/A-base,56,"(.5,.75]",0.6875,0.6875,0.9375,0.25,0.75,0.9375,0.1875,0.875,1.0,0.125
70,A-bin/B-base,57,"(0,.25]",0.1875,0.3125,0.3125,0.0,0.4375,0.875,0.4375,0.4375,0.375,-0.0625
70,B-bin/A-base,57,"(.25,.5]",0.3125,0.1875,0.3125,0.125,0.375,0.875,0.5,0.375,0.375,0.0
70,A-bin/B-base,58,"(.25,.5]",0.375,0.5625,0.625,0.0625,0.625,0.75,0.125,0.6875,0.75,0.0625
70,B-bin/A-base,58,"(.5,.75]",0.5625,0.375,0.625,0.25,0.5625,0.75,0.1875,0.625,0.75,0.125
70,A-bin/B-base,59,"(.25,.5]",0.3125,0.3125,0.3125,0.0,0.5,0.875,0.375,0.4375,0.3125,-0.125
70,B-bin/A-base,59,"(.25,.5]",0.3125,0.3125,0.3125,0.0,0.5625,0.875,0.3125,0.375,0.3125,-0.0625
70,A-bin/B-base,60,"(0,.25]",0.25,0.125,0.1875,0.0625,0.25,0.4375,0.1875,0.1875,0.375,0.1875
70,B-bin/A-base,60,"(0,.25]",0.125,0.25,0.1875,-0.0625,0.375,0.4375,0.0625,0.3125,0.375,0.0625
70,A-bin/B-base,61,"(.25,.5]",0.5,0.125,0.375,0.25,0.25,0.6875,0.4375,0.4375,0.5,0.0625
70,B-bin/A-base,61,"(0,.25]",0.125,0.5,0.375,-0.125,0.625,0.6875,0.0625,0.625,0.5,-0.125
70,A-bin/B-base,62,"(.25,.5]",0.375,0.4375,0.5625,0.125,0.5625,0.8125,0.25,0.5625,0.75,0.1875
70,B-bin/A-base,62,"(.25,.5]",0.4375,0.375,0.5625,0.1875,0.5,0.8125,0.3125,0.4375,0.75,0.3125
70,A-bin/B-base,63,0,0.0,0.0,0.0,0.0,0.125,0.5,0.375,0.0,0.0,0.0
70,B-bin/A-base,63,0,0.0,0.0,0.0,0.0,0.0,0.5,0.5,0.0,0.0,0.0
70,A-bin/B-base,64,"(.25,.5]",0.4375,0.5,0.6875,0.1875,0.5,0.9375,0.4375,0.6875,0.75,0.0625
70,B-bin/A-base,64,"(.25,.5]",0.5,0.4375,0.6875,0.25,0.5,0.9375,0.4375,0.6875,0.75,0.0625
70,A-bin/B-base,65,"(.25,.5]",0.4375,0.375,0.5,0.125,0.5,0.75,0.25,0.6875,0.5625,-0.125
70,B-bin/A-base,65,"(.25,.5]",0.375,0.4375,0.5,0.0625,0.625,0.75,0.125,0.5625,0.5625,0.0
70,A-bin/B-base,66,"(0,.25]",0.125,0.0,0.125,0.125,0.125,0.625,0.5,0.25,0.25,0.0
70,B-bin/A-base,66,0,0.0,0.125,0.125,0.0,0.125,0.625,0.5,0.3125,0.25,-0.0625
70,A-bin/B-base,67,"(0,.25]",0.1875,0.0625,0.125,0.0625,0.0625,0.625,0.5625,0.1875,0.25,0.0625
70,B-bin/A-base,67,"(0,.25]",0.0625,0.1875,0.125,-0.0625,0.3125,0.625,0.3125,0.1875,0.25,0.0625
70,A-bin/B-base,68,"(.25,.5]",0.4375,0.25,0.4375,0.1875,0.25,0.4375,0.1875,0.3125,0.6875,0.375
70,B-bin/A-base,68,"(0,.25]",0.25,0.4375,0.4375,0.0,0.4375,0.4375,0.0,0.625,0.6875,0.0625
70,A-bin/B-base,69,"(.5,.75]",0.625,0.5625,0.75,0.1875,0.625,1.0,0.375,0.6875,0.75,0.0625
70,B-bin/A-base,69,"(.5,.75]",0.5625,0.625,0.75,0.125,0.6875,1.0,0.3125,0.75,0.75,0.0
70,A-bin/B-base,70,"(.5,.75]",0.75,0.9375,0.875,-0.0625,0.9375,0.9375,0.0,1.0,0.9375,-0.0625
70,B-bin/A-base,70,"(.75,1)",0.9375,0.75,0.875,0.125,0.8125,0.9375,0.125,0.875,0.9375,0.0625
70,A-bin/B-base,71,"(.5,.75]",0.75,0.75,0.8125,0.0625,0.9375,0.9375,0.0,0.8125,0.875,0.0625
70,B-bin/A-base,71,"(.5,.75]",0.75,0.75,0.8125,0.0625,0.875,0.9375,0.0625,0.875,0.875,0.0
70,A-bin/B-base,72,"(0,.25]",0.25,0.25,0.5,0.25,0.5625,0.875,0.3125,0.375,0.5,0.125
70,B-bin/A-base,72,"(0,.25]",0.25,0.25,0.5,0.25,0.5,0.875,0.375,0.3125,0.5,0.1875
70,A-bin/B-base,73,"(.25,.5]",0.5,0.8125,0.8125,0.0,0.8125,0.9375,0.125,1.0,0.875,-0.125
70,B-bin/A-base,73,"(.75,1)",0.8125,0.5,0.8125,0.3125,0.625,0.9375,0.3125,0.75,0.875,0.125
70,A-bin/B-base,74,"(.25,.5]",0.4375,0.6875,0.375,-0.3125,0.75,0.625,-0.125,0.875,0.4375,-0.4375
70,B-bin/A-base,74,"(.5,.75]",0.6875,0.4375,0.375,-0.0625,0.5625,0.625,0.0625,0.5625,0.4375,-0.125
70,A-bin/B-base,75,"(.25,.5]",0.5,0.3125,0.875,0.5625,0.3125,0.875,0.5625,0.625,0.9375,0.3125
70,B-bin/A-base,75,"(.25,.5]",0.3125,0.5,0.875,0.375,0.5625,0.875,0.3125,0.9375,0.9375,0.0
70,A-bin/B-base,76,"(0,.25]",0.0625,0.0625,0.25,0.1875,0.3125,0.5625,0.25,0.3125,0.25,-0.0625
70,B-bin/A-base,76,"(0,.25]",0.0625,0.0625,0.25,0.1875,0.3125,0.5625,0.25,0.3125,0.25,-0.0625
70,A-bin/B-base,77,"(0,.25]",0.1875,0.5,0.625,0.125,0.5625,0.875,0.3125,0.75,0.75,0.0
70,B-bin/A-base,77,"(.25,.5]",0.5,0.1875,0.625,0.4375,0.3125,0.875,0.5625,0.5,0.75,0.25
70,A-bin/B-base,78,"(0,.25]",0.1875,0.125,0.125,0.0,0.625,0.5625,-0.0625,0.1875,0.125,-0.0625
70,B-bin/A-base,78,"(0,.25]",0.125,0.1875,0.125,-0.0625,0.5625,0.5625,0.0,0.25,0.125,-0.125
70,A-bin/B-base,79,"(.75,1)",0.9375,0.75,0.8125,0.0625,0.8125,0.9375,0.125,0.9375,0.875,-0.0625
70,B-bin/A-base,79,"(.5,.75]",0.75,0.9375,0.8125,-0.125,0.9375,0.9375,0.0,0.9375,0.875,-0.0625
70,A-bin/B-base,80,"(0,.25]",0.0625,0.1875,0.1875,0.0,0.1875,0.625,0.4375,0.5,0.3125,-0.1875
70,B-bin/A-base,80,"(0,.25]",0.1875,0.0625,0.1875,0.125,0.25,0.625,0.375,0.375,0.3125,-0.0625
70,A-bin/B-base,81,"(0,.25]",0.25,0.0625,0.3125,0.25,0.4375,0.75,0.3125,0.0625,0.3125,0.25
70,B-bin/A-base,81,"(0,.25]",0.0625,0.25,0.3125,0.0625,0.3125,0.75,0.4375,0.375,0.3125,-0.0625
70,A-bin/B-base,82,"(.25,.5]",0.375,0.375,0.8125,0.4375,0.4375,0.875,0.4375,0.5,0.9375,0.4375
70,B-bin/A-base,82,"(.25,.5]",0.375,0.375,0.8125,0.4375,0.5625,0.875,0.3125,0.375,0.9375,0.5625
70,A-bin/B-base,83,"(.25,.5]",0.375,0.375,0.5625,0.1875,0.4375,0.8125,0.375,0.5625,0.5625,0.0
70,B-bin/A-base,83,"(.25,.5]",0.375,0.375,0.5625,0.1875,0.4375,0.8125,0.375,0.6875,0.5625,-0.125
70,A-bin/B-base,84,"(.25,.5]",0.3125,0.125,0.4375,0.3125,0.3125,0.875,0.5625,0.375,0.4375,0.0625
70,B-bin/A-base,84,"(0,.25]",0.125,0.3125,0.4375,0.125,0.3125,0.875,0.5625,0.5625,0.4375,-0.125
70,A-bin/B-base,85,"(.25,.5]",0.3125,0.4375,0.625,0.1875,0.5625,0.6875,0.125,0.625,0.75,0.125
70,B-bin/A-base,85,"(.25,.5]",0.4375,0.3125,0.625,0.3125,0.375,0.6875,0.3125,0.5,0.75,0.25
70,A-bin/B-base,86,"(.25,.5]",0.5,0.625,0.9375,0.3125,0.625,0.9375,0.3125,0.8125,0.9375,0.125
70,B-bin/A-base,86,"(.5,.75]",0.625,0.5,0.9375,0.4375,0.625,0.9375,0.3125,0.8125,0.9375,0.125
70,A-bin/B-base,87,"(0,.25]",0.25,0.25,0.375,0.125,0.5625,0.8125,0.25,0.375,0.4375,0.0625
70,B-bin/A-base,87,"(0,.25]",0.25,0.25,0.375,0.125,0.375,0.8125,0.4375,0.6875,0.4375,-0.25
70,A-bin/B-base,88,"(.25,.5]",0.4375,0.5,0.3125,-0.1875,0.6875,0.9375,0.25,0.5625,0.375,-0.1875
70,B-bin/A-base,88,"(.25,.5]",0.5,0.4375,0.3125,-0.125,0.5625,0.9375,0.375,0.5625,0.375,-0.1875
70,A-bin/B-base,89,"(0,.25]",0.125,0.1875,0.125,-0.0625,0.375,0.5,0.125,0.3125,0.25,-0.0625
70,B-bin/A-base,89,"(0,.25]",0.1875,0.125,0.125,0.0,0.1875,0.5,0.3125,0.3125,0.25,-0.0625
70,A-bin/B-base,90,"(0,.25]",0.0625,0.0625,0.1875,0.125,0.25,0.5625,0.3125,0.1875,0.1875,0.0
70,B-bin/A-base,90,"(0,.25]",0.0625,0.0625,0.1875,0.125,0.3125,0.5625,0.25,0.125,0.1875,0.0625
70,A-bin/B-base,91,"(0,.25]",0.125,0.125,0.4375,0.3125,0.125,0.8125,0.6875,0.375,0.5625,0.1875
70,B-bin/A-base,91,"(0,.25]",0.125,0.125,0.4375,0.3125,0.125,0.8125,0.6875,0.6875,0.5625,-0.125
70,A-bin/B-base,92,"(0,.25]",0.125,0.3125,0.3125,0.0,0.5625,0.875,0.3125,0.4375,0.375,-0.0625
70,B-bin/A-base,92,"(.25,.5]",0.3125,0.125,0.3125,0.1875,0.3125,0.875,0.5625,0.1875,0.375,0.1875
70,A-bin/B-base,93,"(.5,.75]",0.75,0.375,0.875,0.5,0.4375,0.875,0.4375,0.75,0.875,0.125
70,B-bin/A-base,93,"(.25,.5]",0.375,0.75,0.875,0.125,0.75,0.875,0.125,1.0,0.875,-0.125
70,A-bin/B-base,94,"(.5,.75]",0.5625,0.5625,0.875,0.3125,0.5625,1.0,0.4375,0.9375,0.875,-0.0625
70,B-bin/A-base,94,"(.5,.75]",0.5625,0.5625,0.875,0.3125,0.5625,1.0,0.4375,0.875,0.875,0.0
70,A-bin/B-base,95,"(0,.25]",0.125,0.0,0.0625,0.0625,0.3125,0.5625,0.25,0.0,0.1875,0.1875
70,B-bin/A-base,95,0,0.0,0.125,0.0625,-0.0625,0.25,0.5625,0.3125,0.125,0.1875,0.0625
70,A-bin/B-base,96,"(.75,1)",0.8125,0.6875,0.75,0.0625,0.6875,0.9375,0.25,0.75,0.75,0.0
70,B-bin/A-base,96,"(.5,.75]",0.6875,0.8125,0.75,-0.0625,0.8125,0.9375,0.125,0.875,0.75,-0.125
70,A-bin/B-base,97,0,0.0,0.0,0.0,0.0,0.1875,0.625,0.4375,0.0,0.0,0.0
70,B-bin/A-base,97,0,0.0,0.0,0.0,0.0,0.25,0.625,0.375,0.0,0.0,0.0
70,A-bin/B-base,98,"(.25,.5]",0.3125,0.375,0.3125,-0.0625,0.6875,0.625,-0.0625,0.375,0.375,0.0
70,B-bin/A-base,98,"(.25,.5]",0.375,0.3125,0.3125,0.0,0.5,0.625,0.125,0.375,0.375,0.0
70,A-bin/B-base,99,0,0.0,0.0,0.0,0.0,0.125,0.25,0.125,0.0625,0.0625,0.0
70,B-bin/A-base,99,0,0.0,0.0,0.0,0.0,0.0,0.25,0.25,0.0625,0.0625,0.0
70,A-bin/B-base,100,"(.25,.5]",0.375,0.25,0.625,0.375,0.375,0.8125,0.4375,0.4375,0.6875,0.25
70,B-bin/A-base,100,"(0,.25]",0.25,0.375,0.625,0.25,0.4375,0.8125,0.375,0.75,0.6875,-0.0625
70,A-bin/B-base,101,"(0,.25]",0.25,0.3125,0.6875,0.375,0.5,0.9375,0.4375,0.625,0.6875,0.0625
70,B-bin/A-base,101,"(.25,.5]",0.3125,0.25,0.6875,0.4375,0.5,0.9375,0.4375,0.5,0.6875,0.1875
70,A-bin/B-base,102,"(0,.25]",0.1875,0.375,0.5,0.125,0.5625,0.6875,0.125,0.5625,0.5625,0.0
70,B-bin/A-base,102,"(.25,.5]",0.375,0.1875,0.5,0.3125,0.1875,0.6875,0.5,0.4375,0.5625,0.125
70,A-bin/B-base,103,0,0.0,0.0,0.0625,0.0625,0.0,0.25,0.25,0.0625,0.0625,0.0
70,B-bin/A-base,103,0,0.0,0.0,0.0625,0.0625,0.125,0.25,0.125,0.0,0.0625,0.0625
70,A-bin/B-base,104,"(.5,.75]",0.75,0.4375,0.75,0.3125,0.4375,0.9375,0.5,0.875,0.75,-0.125
70,B-bin/A-base,104,"(.25,.5]",0.4375,0.75,0.75,0.0,0.8125,0.9375,0.125,0.8125,0.75,-0.0625
70,A-bin/B-base,105,"(.5,.75]",0.5625,0.5625,0.5625,0.0,0.6875,0.8125,0.125,0.75,0.75,0.0
70,B-bin/A-base,105,"(.5,.75]",0.5625,0.5625,0.5625,0.0,0.6875,0.8125,0.125,0.75,0.75,0.0
70,A-bin/B-base,106,"(.5,.75]",0.75,0.8125,0.8125,0.0,0.875,0.875,0.0,0.875,0.875,0.0
70,B-bin/A-base,106,"(.75,1)",0.8125,0.75,0.8125,0.0625,0.75,0.875,0.125,1.0,0.875,-0.125
70,A-bin/B-base,107,"(0,.25]",0.125,0.125,0.25,0.125,0.4375,0.6875,0.25,0.25,0.375,0.125
70,B-bin/A-base,107,"(0,.25]",0.125,0.125,0.25,0.125,0.1875,0.6875,0.5,0.375,0.375,0.0
70,A-bin/B-base,108,"(.25,.5]",0.3125,0.1875,0.75,0.5625,0.375,0.9375,0.5625,0.375,0.75,0.375
70,B-bin/A-base,108,"(0,.25]",0.1875,0.3125,0.75,0.4375,0.5625,0.9375,0.375,0.5,0.75,0.25
70,A-bin/B-base,109,"(.25,.5]",0.5,0.625,0.4375,-0.1875,0.6875,0.5625,-0.125,0.8125,0.5625,-0.25
70,B-bin/A-base,109,"(.5,.75]",0.625,0.5,0.4375,-0.0625,0.5,0.5625,0.0625,0.8125,0.5625,-0.25
70,A-bin/B-base,110,"(.5,.75]",0.5625,0.4375,0.75,0.3125,0.5625,0.875,0.3125,0.8125,0.75,-0.0625
70,B-bin/A-base,110,"(.25,.5]",0.4375,0.5625,0.75,0.1875,0.625,0.875,0.25,0.75,0.75,0.0
70,A-bin/B-base,111,"(.75,1)",0.8125,0.625,0.9375,0.3125,0.625,1.0,0.375,0.875,0.9375,0.0625
70,B-bin/A-base,111,"(.5,.75]",0.625,0.8125,0.9375,0.125,0.8125,1.0,0.1875,0.875,0.9375,0.0625
70,A-bin/B-base,112,"(.25,.5]",0.5,0.625,0.8125,0.1875,0.8125,0.9375,0.125,0.75,0.8125,0.0625
70,B-bin/A-base,112,"(.5,.75]",0.625,0.5,0.8125,0.3125,0.6875,0.9375,0.25,0.625,0.8125,0.1875
70,A-bin/B-base,113,"(.5,.75]",0.5625,0.75,0.5,-0.25,0.8125,0.875,0.0625,0.9375,0.5,-0.4375
70,B-bin/A-base,113,"(.5,.75]",0.75,0.5625,0.5,-0.0625,0.6875,0.875,0.1875,0.625,0.5,-0.125
70,A-bin/B-base,114,"(.75,1)",0.8125,0.8125,0.9375,0.125,0.8125,0.9375,0.125,0.9375,0.9375,0.0
70,B-bin/A-base,114,"(.75,1)",0.8125,0.8125,0.9375,0.125,0.875,0.9375,0.0625,0.9375,0.9375,0.0
70,A-bin/B-base,115,"(.25,.5]",0.5,0.25,0.5,0.25,0.3125,0.625,0.3125,0.5,0.6875,0.1875
70,B-bin/A-base,115,"(0,.25]",0.25,0.5,0.5,0.0,0.625,0.625,0.0,0.6875,0.6875,0.0
70,A-bin/B-base,116,0,0.0,0.0,0.0625,0.0625,0.0625,0.5625,0.5,0.0625,0.0625,0.0
70,B-bin/A-base,116,0,0.0,0.0,0.0625,0.0625,0.25,0.5625,0.3125,0.0,0.0625,0.0625
70,A-bin/B-base,117,0,0.0,0.0,0.0,0.0,0.0,0.1875,0.1875,0.0625,0.0,-0.0625
70,B-bin/A-base,117,0,0.0,0.0,0.0,0.0,0.0,0.1875,0.1875,0.0625,0.0,-0.0625
70,A-bin/B-base,118,"(0,.25]",0.0625,0.0,0.1875,0.1875,0.375,0.6875,0.3125,0.125,0.25,0.125
70,B-bin/A-base,118,0,0.0,0.0625,0.1875,0.125,0.6875,0.6875,0.0,0.0625,0.25,0.1875
70,A-bin/B-base,119,"(.25,.5]",0.375,0.25,0.75,0.5,0.3125,0.875,0.5625,0.625,0.875,0.25
70,B-bin/A-base,119,"(0,.25]",0.25,0.375,0.75,0.375,0.4375,0.875,0.4375,0.875,0.875,0.0
70,A-bin/B-base,120,"(.25,.5]",0.375,0.25,0.6875,0.4375,0.375,0.9375,0.5625,0.4375,0.6875,0.25
70,B-bin/A-base,120,"(0,.25]",0.25,0.375,0.6875,0.3125,0.625,0.9375,0.3125,0.5,0.6875,0.1875
70,A-bin/B-base,121,0,0.0,0.0625,0.0,-0.0625,0.125,0.1875,0.0625,0.3125,0.0625,-0.25
70,B-bin/A-base,121,"(0,.25]",0.0625,0.0,0.0,0.0,0.125,0.1875,0.0625,0.0,0.0625,0.0625
70,A-bin/B-base,122,"(0,.25]",0.0625,0.125,0.375,0.25,0.1875,0.5625,0.375,0.25,0.5,0.25
70,B-bin/A-base,122,"(0,.25]",0.125,0.0625,0.375,0.3125,0.125,0.5625,0.4375,0.1875,0.5,0.3125
70,A-bin/B-base,123,"(0,.25]",0.1875,0.125,0.5,0.375,0.25,0.6875,0.4375,0.4375,0.6875,0.25
70,B-bin/A-base,123,"(0,.25]",0.125,0.1875,0.5,0.3125,0.1875,0.6875,0.5,0.4375,0.6875,0.25
70,A-bin/B-base,124,"(.25,.5]",0.3125,0.4375,0.3125,-0.125,0.4375,0.6875,0.25,0.5625,0.4375,-0.125
70,B-bin/A-base,124,"(.25,.5]",0.4375,0.3125,0.3125,0.0,0.375,0.6875,0.3125,0.4375,0.4375,0.0
70,A-bin/B-base,125,"(.5,.75]",0.5625,0.8125,0.8125,0.0,0.8125,0.9375,0.125,0.9375,0.875,-0.0625
70,B-bin/A-base,125,"(.75,1)",0.8125,0.5625,0.8125,0.25,0.6875,0.9375,0.25,0.75,0.875,0.125
70,A-bin/B-base,126,"(.75,1)",0.8125,0.75,0.875,0.125,0.75,0.9375,0.1875,1.0,0.875,-0.125
70,B-bin/A-base,126,"(.5,.75]",0.75,0.8125,0.875,0.0625,0.8125,0.9375,0.125,0.9375,0.875,-0.0625
70,A-bin/B-base,127,"(.5,.75]",0.5625,0.5,0.75,0.25,0.5625,0.8125,0.25,0.6875,0.875,0.1875
70,B-bin/A-base,127,"(.25,.5]",0.5,0.5625,0.75,0.1875,0.5625,0.8125,0.25,0.8125,0.875,0.0625
70,A-bin/B-base,128,"(0,.25]",0.125,0.1875,0.4375,0.25,0.375,0.75,0.375,0.4375,0.5625,0.125
70,B-bin/A-base,128,"(0,.25]",0.1875,0.125,0.4375,0.3125,0.1875,0.75,0.5625,0.375,0.5625,0.1875
70,A-bin/B-base,129,0,0.0,0.0625,0.0,-0.0625,0.25,0.4375,0.1875,0.0625,0.0,-0.0625
70,B-bin/A-base,129,"(0,.25]",0.0625,0.0,0.0,0.0,0.0625,0.4375,0.375,0.0,0.0,0.0
70,A-bin/B-base,130,"(.75,1)",0.9375,0.8125,0.8125,0.0,0.8125,0.875,0.0625,0.9375,0.8125,-0.125
70,B-bin/A-base,130,"(.75,1)",0.8125,0.9375,0.8125,-0.125,0.9375,0.875,-0.0625,1.0,0.8125,-0.1875
70,A-bin/B-base,131,"(0,.25]",0.125,0.1875,0.4375,0.25,0.1875,0.6875,0.5,0.1875,0.4375,0.25
70,B-bin/A-base,131,"(0,.25]",0.1875,0.125,0.4375,0.3125,0.1875,0.6875,0.5,0.125,0.4375,0.3125
70,A-bin/B-base,132,"(.5,.75]",0.75,0.4375,0.75,0.3125,0.5625,0.9375,0.375,0.6875,0.8125,0.125
70,B-bin/A-base,132,"(.25,.5]",0.4375,0.75,0.75,0.0,0.75,0.9375,0.1875,0.75,0.8125,0.0625
70,A-bin/B-base,133,"(.25,.5]",0.4375,0.375,0.6875,0.3125,0.375,0.875,0.5,0.75,0.75,0.0
70,B-bin/A-base,133,"(.25,.5]",0.375,0.4375,0.6875,0.25,0.5,0.875,0.375,0.6875,0.75,0.0625
70,A-bin/B-base,134,"(0,.25]",0.0625,0.0,0.0,0.0,0.4375,1.0,0.5625,0.0625,0.0,-0.0625
70,B-bin/A-base,134,0,0.0,0.0625,0.0,-0.0625,0.4375,1.0,0.5625,0.0625,0.0,-0.0625
70,A-bin/B-base,135,"(.5,.75]",0.6875,0.75,0.5,-0.25,0.75,0.8125,0.0625,0.875,0.5,-0.375
70,B-bin/A-base,135,"(.5,.75]",0.75,0.6875,0.5,-0.1875,0.75,0.8125,0.0625,0.75,0.5,-0.25
70,A-bin/B-base,136,"(0,.25]",0.25,0.125,0.3125,0.1875,0.1875,0.6875,0.5,0.5625,0.4375,-0.125
70,B-bin/A-base,136,"(0,.25]",0.125,0.25,0.3125,0.0625,0.25,0.6875,0.4375,0.4375,0.4375,0.0
70,A-bin/B-base,137,"(.5,.75]",0.5625,0.3125,0.5,0.1875,0.375,0.6875,0.3125,0.5625,0.5625,0.0
70,B-bin/A-base,137,"(.25,.5]",0.3125,0.5625,0.5,-0.0625,0.5625,0.6875,0.125,0.625,0.5625,-0.0625
70,A-bin/B-base,138,"(0,.25]",0.1875,0.0625,0.375,0.3125,0.0625,0.5,0.4375,0.4375,0.375,-0.0625
70,B-bin/A-base,138,"(0,.25]",0.0625,0.1875,0.375,0.1875,0.25,0.5,0.25,0.25,0.375,0.125
70,A-bin/B-base,139,0,0.0,0.125,0.4375,0.3125,0.1875,0.5625,0.375,0.5625,0.4375,-0.125
70,B-bin/A-base,139,"(0,.25]",0.125,0.0,0.4375,0.4375,0.0,0.5625,0.5625,0.25,0.4375,0.1875
70,A-bin/B-base,140,"(.25,.5]",0.3125,0.25,0.375,0.125,0.25,0.5625,0.3125,0.4375,0.625,0.1875
70,B-bin/A-base,140,"(0,.25]",0.25,0.3125,0.375,0.0625,0.3125,0.5625,0.25,0.5625,0.625,0.0625
70,A-bin/B-base,141,"(0,.25]",0.1875,0.3125,0.5625,0.25,0.75,0.875,0.125,0.4375,0.625,0.1875
70,B-bin/A-base,141,"(.25,.5]",0.3125,0.1875,0.5625,0.375,0.1875,0.875,0.6875,0.4375,0.625,0.1875
70,A-bin/B-base,142,0,0.0,0.0625,0.1875,0.125,0.125,0.375,0.25,0.1875,0.1875,0.0
70,B-bin/A-base,142,"(0,.25]",0.0625,0.0,0.1875,0.1875,0.125,0.375,0.25,0.125,0.1875,0.0625
70,A-bin/B-base,143,"(.25,.5]",0.3125,0.4375,0.25,-0.1875,0.5625,0.5625,0.0,0.5,0.375,-0.125
70,B-bin/A-base,143,"(.25,.5]",0.4375,0.3125,0.25,-0.0625,0.5,0.5625,0.0625,0.4375,0.375,-0.0625
70,A-bin/B-base,144,"(0,.25]",0.25,0.1875,0.4375,0.25,0.25,0.5625,0.3125,0.5,0.5,0.0
70,B-bin/A-base,144,"(0,.25]",0.1875,0.25,0.4375,0.1875,0.3125,0.5625,0.25,0.5625,0.5,-0.0625
70,A-bin/B-base,145,"(.5,.75]",0.6875,0.375,0.625,0.25,0.5,0.875,0.375,0.5625,0.6875,0.125
70,B-bin/A-base,145,"(.25,.5]",0.375,0.6875,0.625,-0.0625,0.6875,0.875,0.1875,0.875,0.6875,-0.1875
70,A-bin/B-base,146,"(0,.25]",0.25,0.0625,0.5625,0.5,0.3125,0.9375,0.625,0.1875,0.625,0.4375
70,B-bin/A-base,146,"(0,.25]",0.0625,0.25,0.5625,0.3125,0.25,0.9375,0.6875,0.4375,0.625,0.1875
70,A-bin/B-base,147,"(.75,1)",0.8125,0.6875,0.9375,0.25,0.6875,1.0,0.3125,0.875,0.9375,0.0625
70,B-bin/A-base,147,"(.5,.75]",0.6875,0.8125,0.9375,0.125,0.8125,1.0,0.1875,0.9375,0.9375,0.0
70,A-bin/B-base,148,"(.5,.75]",0.5625,0.1875,0.75,0.5625,0.3125,0.9375,0.625,0.5,0.8125,0.3125
70,B-bin/A-base,148,"(0,.25]",0.1875,0.5625,0.75,0.1875,0.625,0.9375,0.3125,0.75,0.8125,0.0625
70,A-bin/B-base,149,"(.5,.75]",0.5625,0.5,0.6875,0.1875,0.5625,0.8125,0.25,0.875,0.6875,-0.1875
70,B-bin/A-base,149,"(.25,.5]",0.5,0.5625,0.6875,0.125,0.625,0.8125,0.1875,0.625,0.6875,0.0625
70,A-bin/B-base,150,"(.5,.75]",0.75,0.4375,0.8125,0.375,0.5,0.8125,0.3125,0.75,0.875,0.125
70,B-bin/A-base,150,"(.25,.5]",0.4375,0.75,0.8125,0.0625,0.75,0.8125,0.0625,0.9375,0.875,-0.0625
70,A-bin/B-base,151,"(.25,.5]",0.5,0.5625,0.75,0.1875,0.625,0.9375,0.3125,0.8125,0.75,-0.0625
70,B-bin/A-base,151,"(.5,.75]",0.5625,0.5,0.75,0.25,0.75,0.9375,0.1875,0.5625,0.75,0.1875
70,A-bin/B-base,152,"(.5,.75]",0.6875,0.5625,0.6875,0.125,0.625,0.8125,0.1875,0.75,0.8125,0.0625
70,B-bin/A-base,152,"(.5,.75]",0.5625,0.6875,0.6875,0.0,0.75,0.8125,0.0625,0.8125,0.8125,0.0
70,A-bin/B-base,153,"(.25,.5]",0.3125,0.4375,0.625,0.1875,0.5625,0.9375,0.375,0.5,0.625,0.125
70,B-bin/A-base,153,"(.25,.5]",0.4375,0.3125,0.625,0.3125,0.625,0.9375,0.3125,0.375,0.625,0.25
70,A-bin/B-base,154,"(.25,.5]",0.3125,0.4375,0.5,0.0625,0.5,0.75,0.25,0.625,0.5,-0.125
70,B-bin/A-base,154,"(.25,.5]",0.4375,0.3125,0.5,0.1875,0.3125,0.75,0.4375,0.625,0.5,-0.125
70,A-bin/B-base,155,"(.25,.5]",0.375,0.125,0.625,0.5,0.375,0.6875,0.3125,0.3125,0.625,0.3125
70,B-bin/A-base,155,"(0,.25]",0.125,0.375,0.625,0.25,0.4375,0.6875,0.25,0.4375,0.625,0.1875
70,A-bin/B-base,156,"(.5,.75]",0.5625,0.6875,0.875,0.1875,0.75,0.9375,0.1875,0.875,0.9375,0.0625
70,B-bin/A-base,156,"(.5,.75]",0.6875,0.5625,0.875,0.3125,0.5625,0.9375,0.375,0.9375,0.9375,0.0
70,A-bin/B-base,157,"(.25,.5]",0.3125,0.5,0.75,0.25,0.5,0.8125,0.3125,0.75,0.75,0.0
70,B-bin/A-base,157,"(.25,.5]",0.5,0.3125,0.75,0.4375,0.3125,0.8125,0.5,0.5,0.75,0.25
70,A-bin/B-base,158,"(.25,.5]",0.4375,0.0625,0.625,0.5625,0.1875,0.8125,0.625,0.5,0.6875,0.1875
70,B-bin/A-base,158,"(0,.25]",0.0625,0.4375,0.625,0.1875,0.5625,0.8125,0.25,0.625,0.6875,0.0625
70,A-bin/B-base,159,"(0,.25]",0.0625,0.0625,0.3125,0.25,0.3125,0.6875,0.375,0.125,0.4375,0.3125
70,B-bin/A-base,159,"(0,.25]",0.0625,0.0625,0.3125,0.25,0.25,0.6875,0.4375,0.125,0.4375,0.3125
70,A-bin/B-base,160,0,0.0,0.0,0.0,0.0,0.3125,0.9375,0.625,0.0,0.0,0.0
70,B-bin/A-base,160,0,0.0,0.0,0.0,0.0,0.375,0.9375,0.5625,0.0,0.0,0.0
70,A-bin/B-base,161,"(.75,1)",0.875,0.6875,0.5,-0.1875,0.8125,0.8125,0.0,0.75,0.5,-0.25
70,B-bin/A-base,161,"(.5,.75]",0.6875,0.875,0.5,-0.375,0.9375,0.8125,-0.125,0.875,0.5,-0.375
70,A-bin/B-base,162,"(0,.25]",0.0625,0.1875,0.125,-0.0625,0.375,0.75,0.375,0.1875,0.1875,0.0
70,B-bin/A-base,162,"(0,.25]",0.1875,0.0625,0.125,0.0625,0.3125,0.75,0.4375,0.125,0.1875,0.0625
70,A-bin/B-base,163,"(.25,.5]",0.5,0.625,0.8125,0.1875,0.6875,0.9375,0.25,0.8125,0.8125,0.0
70,B-bin/A-base,163,"(.5,.75]",0.625,0.5,0.8125,0.3125,0.625,0.9375,0.3125,0.75,0.8125,0.0625
70,A-bin/B-base,164,"(.5,.75]",0.5625,0.5,0.5625,0.0625,0.6875,0.75,0.0625,0.625,0.6875,0.0625
70,B-bin/A-base,164,"(.25,.5]",0.5,0.5625,0.5625,0.0,0.8125,0.75,-0.0625,0.6875,0.6875,0.0
70,A-bin/B-base,165,0,0.0,0.0,0.1875,0.1875,0.375,0.5625,0.1875,0.0,0.1875,0.1875
70,B-bin/A-base,165,0,0.0,0.0,0.1875,0.1875,0.0,0.5625,0.5625,0.0625,0.1875,0.125
70,A-bin/B-base,166,"(0,.25]",0.125,0.125,0.25,0.125,0.25,0.5,0.25,0.1875,0.25,0.0625
70,B-bin/A-base,166,"(0,.25]",0.125,0.125,0.25,0.125,0.125,0.5,0.375,0.5625,0.25,-0.3125
70,A-bin/B-base,167,0,0.0,0.0,0.0,0.0,0.5,0.9375,0.4375,0.0,0.0,0.0
70,B-bin/A-base,167,0,0.0,0.0,0.0,0.0,0.5,0.9375,0.4375,0.0,0.0,0.0
70,A-bin/B-base,168,"(.75,1)",0.8125,0.875,0.875,0.0,0.875,1.0,0.125,0.875,0.875,0.0
70,B-bin/A-base,168,"(.75,1)",0.875,0.8125,0.875,0.0625,0.875,1.0,0.125,0.9375,0.875,-0.0625
70,A-bin/B-base,169,"(0,.25]",0.125,0.0,0.1875,0.1875,0.25,0.3125,0.0625,0.1875,0.3125,0.125
70,B-bin/A-base,169,0,0.0,0.125,0.1875,0.0625,0.25,0.3125,0.0625,0.25,0.3125,0.0625
70,A-bin/B-base,170,"(.5,.75]",0.5625,0.5625,0.75,0.1875,0.625,0.8125,0.1875,0.75,0.8125,0.0625
70,B-bin/A-base,170,"(.5,.75]",0.5625,0.5625,0.75,0.1875,0.5625,0.8125,0.25,0.75,0.8125,0.0625
70,A-bin/B-base,171,0,0.0,0.0625,0.3125,0.25,0.125,0.625,0.5,0.125,0.3125,0.1875
70,B-bin/A-base,171,"(0,.25]",0.0625,0.0,0.3125,0.3125,0.0625,0.625,0.5625,0.1875,0.3125,0.125
70,A-bin/B-base,172,"(.5,.75]",0.5625,0.5625,0.875,0.3125,0.5625,0.9375,0.375,0.8125,0.875,0.0625
70,B-bin/A-base,172,"(.5,.75]",0.5625,0.5625,0.875,0.3125,0.625,0.9375,0.3125,0.875,0.875,0.0
70,A-bin/B-base,173,"(0,.25]",0.125,0.0,0.0625,0.0625,0.0,0.3125,0.3125,0.0,0.1875,0.1875
70,B-bin/A-base,173,0,0.0,0.125,0.0625,-0.0625,0.1875,0.3125,0.125,0.25,0.1875,-0.0625
70,A-bin/B-base,174,"(.5,.75]",0.625,0.5,0.625,0.125,0.625,0.8125,0.1875,0.75,0.75,0.0
70,B-bin/A-base,174,"(.25,.5]",0.5,0.625,0.625,0.0,0.6875,0.8125,0.125,0.8125,0.75,-0.0625
70,A-bin/B-base,175,"(0,.25]",0.0625,0.1875,0.375,0.1875,0.1875,0.5,0.3125,0.5,0.4375,-0.0625
70,B-bin/A-base,175,"(0,.25]",0.1875,0.0625,0.375,0.3125,0.0625,0.5,0.4375,0.4375,0.4375,0.0
70,A-bin/B-base,176,1,1.0,0.8125,1.0,0.1875,0.8125,1.0,0.1875,0.9375,1.0,0.0625
70,B-bin/A-base,176,"(.75,1)",0.8125,1.0,1.0,0.0,1.0,1.0,0.0,1.0,1.0,0.0
70,A-bin/B-base,177,"(.25,.5]",0.375,0.3125,0.4375,0.125,0.375,0.75,0.375,0.375,0.4375,0.0625
70,B-bin/A-base,177,"(.25,.5]",0.3125,0.375,0.4375,0.0625,0.625,0.75,0.125,0.5625,0.4375,-0.125
70,A-bin/B-base,178,"(.25,.5]",0.5,0.5,0.625,0.125,0.5625,0.75,0.1875,0.6875,0.6875,0.0
70,B-bin/A-base,178,"(.25,.5]",0.5,0.5,0.625,0.125,0.5625,0.75,0.1875,0.75,0.6875,-0.0625
70,A-bin/B-base,179,"(.25,.5]",0.3125,0.5625,0.5625,0.0,0.6875,0.75,0.0625,0.625,0.625,0.0
70,B-bin/A-base,179,"(.5,.75]",0.5625,0.3125,0.5625,0.25,0.375,0.75,0.375,0.6875,0.625,-0.0625
70,A-bin/B-base,180,"(.75,1)",0.875,0.75,1.0,0.25,0.75,1.0,0.25,0.9375,1.0,0.0625
70,B-bin/A-base,180,"(.5,.75]",0.75,0.875,1.0,0.125,0.875,1.0,0.125,0.9375,1.0,0.0625
70,A-bin/B-base,181,"(0,.25]",0.125,0.0625,0.1875,0.125,0.125,0.5,0.375,0.125,0.375,0.25
70,B-bin/A-base,181,"(0,.25]",0.0625,0.125,0.1875,0.0625,0.25,0.5,0.25,0.375,0.375,0.0
70,A-bin/B-base,182,"(0,.25]",0.25,0.0625,0.25,0.1875,0.375,0.6875,0.3125,0.125,0.3125,0.1875
70,B-bin/A-base,182,"(0,.25]",0.0625,0.25,0.25,0.0,0.4375,0.6875,0.25,0.25,0.3125,0.0625
70,A-bin/B-base,183,"(0,.25]",0.0625,0.0625,0.4375,0.375,0.125,0.5625,0.4375,0.25,0.5,0.25
70,B-bin/A-base,183,"(0,.25]",0.0625,0.0625,0.4375,0.375,0.1875,0.5625,0.375,0.1875,0.5,0.3125
70,A-bin/B-base,184,0,0.0,0.125,0.125,0.0,0.4375,0.625,0.1875,0.125,0.1875,0.0625
70,B-bin/A-base,184,"(0,.25]",0.125,0.0,0.125,0.125,0.0625,0.625,0.5625,0.0625,0.1875,0.125
70,A-bin/B-base,185,"(.75,1)",0.8125,0.875,0.8125,-0.0625,0.875,0.875,0.0,1.0,0.9375,-0.0625
70,B-bin/A-base,185,"(.75,1)",0.875,0.8125,0.8125,0.0,0.8125,0.875,0.0625,0.9375,0.9375,0.0
70,A-bin/B-base,186,"(.5,.75]",0.625,0.625,0.75,0.125,0.6875,0.9375,0.25,0.8125,0.8125,0.0
70,B-bin/A-base,186,"(.5,.75]",0.625,0.625,0.75,0.125,0.6875,0.9375,0.25,0.9375,0.8125,-0.125
70,A-bin/B-base,187,"(0,.25]",0.0625,0.0,0.0,0.0,0.0625,0.125,0.0625,0.0625,0.0,-0.0625
70,B-bin/A-base,187,0,0.0,0.0625,0.0,-0.0625,0.0625,0.125,0.0625,0.0625,0.0,-0.0625
70,A-bin/B-base,188,"(.75,1)",0.875,0.9375,0.9375,0.0,0.9375,1.0,0.0625,1.0,0.9375,-0.0625
70,B-bin/A-base,188,"(.75,1)",0.9375,0.875,0.9375,0.0625,0.875,1.0,0.125,1.0,0.9375,-0.0625
70,A-bin/B-base,189,"(0,.25]",0.25,0.1875,0.125,-0.0625,0.3125,0.4375,0.125,0.5625,0.125,-0.4375
70,B-bin/A-base,189,"(0,.25]",0.1875,0.25,0.125,-0.125,0.375,0.4375,0.0625,0.375,0.125,-0.25
70,A-bin/B-base,190,"(0,.25]",0.125,0.0,0.3125,0.3125,0.125,0.875,0.75,0.0625,0.3125,0.25
70,B-bin/A-base,190,0,0.0,0.125,0.3125,0.1875,0.375,0.875,0.5,0.3125,0.3125,0.0
70,A-bin/B-base,191,0,0.0,0.0,0.0625,0.0625,0.1875,0.4375,0.25,0.0625,0.0625,0.0
70,B-bin/A-base,191,0,0.0,0.0,0.0625,0.0625,0.125,0.4375,0.3125,0.0625,0.0625,0.0
70,A-bin/B-base,192,"(0,.25]",0.25,0.3125,0.375,0.0625,0.375,0.625,0.25,0.4375,0.4375,0.0
70,B-bin/A-base,192,"(.25,.5]",0.3125,0.25,0.375,0.125,0.25,0.625,0.375,0.625,0.4375,-0.1875
70,A-bin/B-base,193,"(.25,.5]",0.5,0.1875,0.5,0.3125,0.4375,0.6875,0.25,0.3125,0.5,0.1875
70,B-bin/A-base,193,"(0,.25]",0.1875,0.5,0.5,0.0,0.5625,0.6875,0.125,0.5,0.5,0.0
70,A-bin/B-base,194,"(0,.25]",0.25,0.25,0.75,0.5,0.5625,0.9375,0.375,0.375,0.8125,0.4375
70,B-bin/A-base,194,"(0,.25]",0.25,0.25,0.75,0.5,0.4375,0.9375,0.5,0.375,0.8125,0.4375
70,A-bin/B-base,195,"(.5,.75]",0.5625,0.6875,1.0,0.3125,0.6875,1.0,0.3125,0.9375,1.0,0.0625
70,B-bin/A-base,195,"(.5,.75]",0.6875,0.5625,1.0,0.4375,0.5625,1.0,0.4375,0.875,1.0,0.125
70,A-bin/B-base,196,"(.25,.5]",0.5,0.625,0.6875,0.0625,0.6875,0.6875,0.0,0.875,0.75,-0.125
70,B-bin/A-base,196,"(.5,.75]",0.625,0.5,0.6875,0.1875,0.5625,0.6875,0.125,0.75,0.75,0.0
70,A-bin/B-base,197,"(0,.25]",0.1875,0.3125,0.4375,0.125,0.375,0.4375,0.0625,0.75,0.625,-0.125
70,B-bin/A-base,197,"(.25,.5]",0.3125,0.1875,0.4375,0.25,0.1875,0.4375,0.25,0.5,0.625,0.125
70,A-bin/B-base,198,"(0,.25]",0.1875,0.125,0.25,0.125,0.1875,0.5,0.3125,0.125,0.375,0.25
70,B-bin/A-base,198,"(0,.25]",0.125,0.1875,0.25,0.0625,0.1875,0.5,0.3125,0.1875,0.375,0.1875
70,A-bin/B-base,199,"(0,.25]",0.1875,0.0,0.1875,0.1875,0.0,0.4375,0.4375,0.0,0.25,0.25
70,B-bin/A-base,199,0,0.0,0.1875,0.1875,0.0,0.1875,0.4375,0.25,0.3125,0.25,-0.0625
70,A-bin/B-base,200,"(.25,.5]",0.375,0.6875,0.75,0.0625,0.6875,0.9375,0.25,0.8125,0.75,-0.0625
70,B-bin/A-base,200,"(.5,.75]",0.6875,0.375,0.75,0.375,0.4375,0.9375,0.5,0.625,0.75,0.125
70,A-bin/B-base,201,"(0,.25]",0.0625,0.0625,0.125,0.0625,0.1875,0.5,0.3125,0.125,0.125,0.0
70,B-bin/A-base,201,"(0,.25]",0.0625,0.0625,0.125,0.0625,0.25,0.5,0.25,0.125,0.125,0.0
70,A-bin/B-base,202,"(.75,1)",0.875,0.875,1.0,0.125,0.9375,1.0,0.0625,0.9375,1.0,0.0625
70,B-bin/A-base,202,"(.75,1)",0.875,0.875,1.0,0.125,0.875,1.0,0.125,1.0,1.0,0.0
70,A-bin/B-base,203,"(.75,1)",0.8125,0.8125,0.9375,0.125,0.8125,0.9375,0.125,0.9375,1.0,0.0625
70,B-bin/A-base,203,"(.75,1)",0.8125,0.8125,0.9375,0.125,0.875,0.9375,0.0625,0.9375,1.0,0.0625
70,A-bin/B-base,204,"(0,.25]",0.25,0.375,0.5625,0.1875,0.4375,0.9375,0.5,0.5,0.5625,0.0625
70,B-bin/A-base,204,"(.25,.5]",0.375,0.25,0.5625,0.3125,0.3125,0.9375,0.625,0.4375,0.5625,0.125
70,A-bin/B-base,205,"(0,.25]",0.125,0.25,0.125,-0.125,0.375,0.5625,0.1875,0.25,0.1875,-0.0625
70,B-bin/A-base,205,"(0,.25]",0.25,0.125,0.125,0.0,0.375,0.5625,0.1875,0.125,0.1875,0.0625
70,A-bin/B-base,206,"(0,.25]",0.25,0.4375,0.5,0.0625,0.4375,0.5,0.0625,0.5625,0.8125,0.25
70,B-bin/A-base,206,"(.25,.5]",0.4375,0.25,0.5,0.25,0.25,0.5,0.25,0.6875,0.8125,0.125
70,A-bin/B-base,207,"(.25,.5]",0.5,0.5625,0.6875,0.125,0.625,0.9375,0.3125,0.75,0.6875,-0.0625
70,B-bin/A-base,207,"(.5,.75]",0.5625,0.5,0.6875,0.1875,0.5625,0.9375,0.375,0.6875,0.6875,0.0
70,A-bin/B-base,208,"(.5,.75]",0.6875,0.75,0.6875,-0.0625,0.75,0.875,0.125,0.9375,0.75,-0.1875
70,B-bin/A-base,208,"(.5,.75]",0.75,0.6875,0.6875,0.0,0.6875,0.875,0.1875,0.875,0.75,-0.125
70,A-bin/B-base,209,"(.5,.75]",0.5625,0.5,0.875,0.375,0.5,0.875,0.375,0.8125,0.9375,0.125
70,B-bin/A-base,209,"(.25,.5]",0.5,0.5625,0.875,0.3125,0.625,0.875,0.25,0.625,0.9375,0.3125
70,A-bin/B-base,210,"(.25,.5]",0.3125,0.25,0.625,0.375,0.375,0.75,0.375,0.6875,0.6875,0.0
70,B-bin/A-base,210,"(0,.25]",0.25,0.3125,0.625,0.3125,0.375,0.75,0.375,0.4375,0.6875,0.25
70,A-bin/B-base,211,"(0,.25]",0.0625,0.125,0.3125,0.1875,0.5,0.6875,0.1875,0.1875,0.375,0.1875
70,B-bin/A-base,211,"(0,.25]",0.125,0.0625,0.3125,0.25,0.4375,0.6875,0.25,0.3125,0.375,0.0625
70,A-bin/B-base,212,0,0.0,0.0,0.0,0.0,0.0,0.0,0.0,0.25,0.0,-0.25
70,B-bin/A-base,212,0,0.0,0.0,0.0,0.0,0.0625,0.0,-0.0625,0.125,0.0,-0.125
70,A-bin/B-base,213,"(.5,.75]",0.5625,0.625,0.875,0.25,0.6875,0.9375,0.25,0.8125,0.875,0.0625
70,B-bin/A-base,213,"(.5,.75]",0.625,0.5625,0.875,0.3125,0.5625,0.9375,0.375,0.75,0.875,0.125
70,A-bin/B-base,214,"(0,.25]",0.0625,0.0,0.1875,0.1875,0.375,0.5,0.125,0.0,0.1875,0.1875
70,B-bin/A-base,214,0,0.0,0.0625,0.1875,0.125,0.3125,0.5,0.1875,0.0625,0.1875,0.125
70,A-bin/B-base,215,"(.25,.5]",0.5,0.75,0.875,0.125,0.75,0.9375,0.1875,0.9375,0.9375,0.0
70,B-bin/A-base,215,"(.5,.75]",0.75,0.5,0.875,0.375,0.5625,0.9375,0.375,0.875,0.9375,0.0625
70,A-bin/B-base,216,"(.5,.75]",0.75,0.5,0.6875,0.1875,0.5,0.75,0.25,0.8125,0.8125,0.0
70,B-bin/A-base,216,"(.25,.5]",0.5,0.75,0.6875,-0.0625,0.75,0.75,0.0,1.0,0.8125,-0.1875
70,A-bin/B-base,217,"(0,.25]",0.1875,0.0625,0.1875,0.125,0.0625,0.3125,0.25,0.3125,0.1875,-0.125
70,B-bin/A-base,217,"(0,.25]",0.0625,0.1875,0.1875,0.0,0.1875,0.3125,0.125,0.375,0.1875,-0.1875
70,A-bin/B-base,218,"(0,.25]",0.125,0.125,0.125,0.0,0.75,0.875,0.125,0.1875,0.1875,0.0
70,B-bin/A-base,218,"(0,.25]",0.125,0.125,0.125,0.0,0.4375,0.875,0.4375,0.1875,0.1875,0.0
70,A-bin/B-base,219,"(0,.25]",0.0625,0.0,0.1875,0.1875,0.125,0.625,0.5,0.1875,0.1875,0.0
70,B-bin/A-base,219,0,0.0,0.0625,0.1875,0.125,0.3125,0.625,0.3125,0.3125,0.1875,-0.125
70,A-bin/B-base,220,"(0,.25]",0.0625,0.125,0.1875,0.0625,0.125,0.5,0.375,0.3125,0.3125,0.0
70,B-bin/A-base,220,"(0,.25]",0.125,0.0625,0.1875,0.125,0.125,0.5,0.375,0.25,0.3125,0.0625
70,A-bin/B-base,221,"(.75,1)",0.875,0.875,0.9375,0.0625,0.875,0.9375,0.0625,0.9375,1.0,0.0625
70,B-bin/A-base,221,"(.75,1)",0.875,0.875,0.9375,0.0625,0.875,0.9375,0.0625,1.0,1.0,0.0
70,A-bin/B-base,222,"(0,.25]",0.25,0.4375,0.6875,0.25,0.5,0.8125,0.3125,0.5,0.6875,0.1875
70,B-bin/A-base,222,"(.25,.5]",0.4375,0.25,0.6875,0.4375,0.5,0.8125,0.3125,0.375,0.6875,0.3125
70,A-bin/B-base,223,"(0,.25]",0.125,0.0625,0.1875,0.125,0.125,0.4375,0.3125,0.3125,0.375,0.0625
70,B-bin/A-base,223,"(0,.25]",0.0625,0.125,0.1875,0.0625,0.3125,0.4375,0.125,0.1875,0.375,0.1875
70,A-bin/B-base,224,0,0.0,0.0,0.3125,0.3125,0.0,0.5,0.5,0.25,0.375,0.125
70,B-bin/A-base,224,0,0.0,0.0,0.3125,0.3125,0.1875,0.5,0.3125,0.0625,0.375,0.3125
70,A-bin/B-base,225,"(0,.25]",0.0625,0.0,0.0625,0.0625,0.0625,0.5625,0.5,0.1875,0.125,-0.0625
70,B-bin/A-base,225,0,0.0,0.0625,0.0625,0.0,0.125,0.5625,0.4375,0.125,0.125,0.0
70,A-bin/B-base,226,"(0,.25]",0.1875,0.4375,0.5,0.0625,0.5625,0.6875,0.125,0.625,0.5625,-0.0625
70,B-bin/A-base,226,"(.25,.5]",0.4375,0.1875,0.5,0.3125,0.3125,0.6875,0.375,0.25,0.5625,0.3125
70,A-bin/B-base,227,"(.5,.75]",0.625,0.75,0.8125,0.0625,0.8125,1.0,0.1875,0.875,0.8125,-0.0625
70,B-bin/A-base,227,"(.5,.75]",0.75,0.625,0.8125,0.1875,0.625,1.0,0.375,0.9375,0.8125,-0.125
70,A-bin/B-base,228,"(0,.25]",0.125,0.0,0.0625,0.0625,0.5625,0.875,0.3125,0.0625,0.0625,0.0
70,B-bin/A-base,228,0,0.0,0.125,0.0625,-0.0625,0.6875,0.875,0.1875,0.1875,0.0625,-0.125
70,A-bin/B-base,229,"(0,.25]",0.1875,0.0625,0.1875,0.125,0.6875,0.8125,0.125,0.125,0.25,0.125
70,B-bin/A-base,229,"(0,.25]",0.0625,0.1875,0.1875,0.0,0.75,0.8125,0.0625,0.1875,0.25,0.0625
70,A-bin/B-base,230,"(0,.25]",0.125,0.0625,0.1875,0.125,0.25,0.5,0.25,0.125,0.1875,0.0625
70,B-bin/A-base,230,"(0,.25]",0.0625,0.125,0.1875,0.0625,0.4375,0.5,0.0625,0.125,0.1875,0.0625
70,A-bin/B-base,231,"(0,.25]",0.0625,0.125,0.0625,-0.0625,0.1875,0.375,0.1875,0.125,0.125,0.0
70,B-bin/A-base,231,"(0,.25]",0.125,0.0625,0.0625,0.0,0.125,0.375,0.25,0.125,0.125,0.0
70,A-bin/B-base,232,0,0.0,0.0,0.0,0.0,0.4375,0.5,0.0625,0.0,0.0,0.0
70,B-bin/A-base,232,0,0.0,0.0,0.0,0.0,0.375,0.5,0.125,0.0,0.0,0.0
70,A-bin/B-base,233,"(.25,.5]",0.5,0.375,0.3125,-0.0625,0.6875,0.875,0.1875,0.4375,0.375,-0.0625
70,B-bin/A-base,233,"(.25,.5]",0.375,0.5,0.3125,-0.1875,0.75,0.875,0.125,0.625,0.375,-0.25
70,A-bin/B-base,234,0,0.0,0.0,0.1875,0.1875,0.125,0.5,0.375,0.0,0.1875,0.1875
70,B-bin/A-base,234,0,0.0,0.0,0.1875,0.1875,0.125,0.5,0.375,0.0,0.1875,0.1875
70,A-bin/B-base,235,"(0,.25]",0.0625,0.125,0.25,0.125,0.3125,0.625,0.3125,0.375,0.25,-0.125
70,B-bin/A-base,235,"(0,.25]",0.125,0.0625,0.25,0.1875,0.0625,0.625,0.5625,0.1875,0.25,0.0625
70,A-bin/B-base,236,"(.75,1)",0.9375,0.75,0.9375,0.1875,0.75,0.9375,0.1875,0.8125,1.0,0.1875
70,B-bin/A-base,236,"(.5,.75]",0.75,0.9375,0.9375,0.0,0.9375,0.9375,0.0,1.0,1.0,0.0
70,A-bin/B-base,237,"(0,.25]",0.0625,0.0,0.0,0.0,0.125,0.375,0.25,0.0625,0.0,-0.0625
70,B-bin/A-base,237,0,0.0,0.0625,0.0,-0.0625,0.0625,0.375,0.3125,0.0625,0.0,-0.0625
70,A-bin/B-base,238,"(.25,.5]",0.375,0.4375,0.9375,0.5,0.5,1.0,0.5,0.75,0.9375,0.1875
70,B-bin/A-base,238,"(.25,.5]",0.4375,0.375,0.9375,0.5625,0.4375,1.0,0.5625,0.875,0.9375,0.0625
70,A-bin/B-base,239,"(0,.25]",0.25,0.125,0.125,0.0,0.125,0.4375,0.3125,0.125,0.125,0.0
70,B-bin/A-base,239,"(0,.25]",0.125,0.25,0.125,-0.125,0.25,0.4375,0.1875,0.375,0.125,-0.25
70,A-bin/B-base,240,"(.25,.5]",0.5,0.625,1.0,0.375,0.625,1.0,0.375,1.0,1.0,0.0
70,B-bin/A-base,240,"(.5,.75]",0.625,0.5,1.0,0.5,0.5625,1.0,0.4375,0.8125,1.0,0.1875
70,A-bin/B-base,241,"(.5,.75]",0.625,0.3125,0.6875,0.375,0.3125,0.75,0.4375,0.6875,0.9375,0.25
70,B-bin/A-base,241,"(.25,.5]",0.3125,0.625,0.6875,0.0625,0.6875,0.75,0.0625,0.6875,0.9375,0.25
70,A-bin/B-base,242,"(.5,.75]",0.75,0.375,0.4375,0.0625,0.375,0.5625,0.1875,0.6875,0.6875,0.0
70,B-bin/A-base,242,"(.25,.5]",0.375,0.75,0.4375,-0.3125,0.8125,0.5625,-0.25,0.9375,0.6875,-0.25
70,A-bin/B-base,243,"(0,.25]",0.0625,0.0625,0.1875,0.125,0.125,0.5625,0.4375,0.0625,0.25,0.1875
70,B-bin/A-base,243,"(0,.25]",0.0625,0.0625,0.1875,0.125,0.4375,0.5625,0.125,0.1875,0.25,0.0625
70,A-bin/B-base,244,"(.75,1)",0.875,0.75,0.9375,0.1875,0.75,0.9375,0.1875,0.9375,1.0,0.0625
70,B-bin/A-base,244,"(.5,.75]",0.75,0.875,0.9375,0.0625,0.875,0.9375,0.0625,0.9375,1.0,0.0625
70,A-bin/B-base,245,"(.25,.5]",0.375,0.375,0.5625,0.1875,0.4375,0.9375,0.5,0.625,0.625,0.0
70,B-bin/A-base,245,"(.25,.5]",0.375,0.375,0.5625,0.1875,0.5,0.9375,0.4375,0.5625,0.625,0.0625
70,A-bin/B-base,246,"(0,.25]",0.0625,0.0625,0.375,0.3125,0.0625,0.5625,0.5,0.125,0.375,0.25
70,B-bin/A-base,246,"(0,.25]",0.0625,0.0625,0.375,0.3125,0.125,0.5625,0.4375,0.125,0.375,0.25
70,A-bin/B-base,247,0,0.0,0.0,0.25,0.25,0.25,0.4375,0.1875,0.0625,0.3125,0.25
70,B-bin/A-base,247,0,0.0,0.0,0.25,0.25,0.25,0.4375,0.1875,0.125,0.3125,0.1875
70,A-bin/B-base,248,0,0.0,0.0,0.0625,0.0625,0.0625,0.25,0.1875,0.0625,0.125,0.0625
70,B-bin/A-base,248,0,0.0,0.0,0.0625,0.0625,0.1875,0.25,0.0625,0.0625,0.125,0.0625
70,A-bin/B-base,249,"(.5,.75]",0.625,0.75,0.8125,0.0625,0.75,0.8125,0.0625,0.875,0.875,0.0
70,B-bin/A-base,249,"(.5,.75]",0.75,0.625,0.8125,0.1875,0.625,0.8125,0.1875,0.875,0.875,0.0
70,A-bin/B-base,250,0,0.0,0.125,0.25,0.125,0.4375,0.75,0.3125,0.3125,0.25,-0.0625
70,B-bin/A-base,250,"(0,.25]",0.125,0.0,0.25,0.25,0.25,0.75,0.5,0.0625,0.25,0.1875
70,A-bin/B-base,251,"(0,.25]",0.1875,0.125,0.0625,-0.0625,0.375,0.5625,0.1875,0.125,0.0625,-0.0625
70,B-bin/A-base,251,"(0,.25]",0.125,0.1875,0.0625,-0.125,0.4375,0.5625,0.125,0.3125,0.0625,-0.25
70,A-bin/B-base,252,"(.5,.75]",0.5625,0.8125,0.75,-0.0625,0.8125,0.8125,0.0,1.0,0.75,-0.25
70,B-bin/A-base,252,"(.75,1)",0.8125,0.5625,0.75,0.1875,0.5625,0.8125,0.25,0.8125,0.75,-0.0625
70,A-bin/B-base,253,0,0.0,0.125,0.3125,0.1875,0.125,0.4375,0.3125,0.4375,0.4375,0.0
70,B-bin/A-base,253,"(0,.25]",0.125,0.0,0.3125,0.3125,0.0,0.4375,0.4375,0.125,0.4375,0.3125
70,A-bin/B-base,254,"(.25,.5]",0.3125,0.25,0.875,0.625,0.3125,0.875,0.5625,0.625,0.9375,0.3125
70,B-bin/A-base,254,"(0,.25]",0.25,0.3125,0.875,0.5625,0.3125,0.875,0.5625,0.5625,0.9375,0.375
70,A-bin/B-base,255,"(.5,.75]",0.625,0.6875,0.75,0.0625,0.75,0.8125,0.0625,0.8125,0.875,0.0625
70,B-bin/A-base,255,"(.5,.75]",0.6875,0.625,0.75,0.125,0.75,0.8125,0.0625,0.8125,0.875,0.0625
75,A-bin/B-base,0,"(.75,1)",0.8125,0.875,0.9375,0.0625,0.875,1.0,0.125,0.9375,0.9375,0.0
75,B-bin/A-base,0,"(.75,1)",0.875,0.8125,0.9375,0.125,0.8125,1.0,0.1875,0.8125,0.9375,0.125
75,A-bin/B-base,1,"(0,.25]",0.25,0.3125,0.5,0.1875,0.5,0.8125,0.3125,0.5,0.5625,0.0625
75,B-bin/A-base,1,"(.25,.5]",0.3125,0.25,0.5,0.25,0.3125,0.8125,0.5,0.4375,0.5625,0.125
75,A-bin/B-base,2,"(0,.25]",0.125,0.4375,0.625,0.1875,0.5625,0.75,0.1875,0.5625,0.6875,0.125
75,B-bin/A-base,2,"(.25,.5]",0.4375,0.125,0.625,0.5,0.1875,0.75,0.5625,0.5,0.6875,0.1875
75,A-bin/B-base,3,"(.5,.75]",0.5625,0.6875,0.9375,0.25,0.6875,0.9375,0.25,0.875,0.9375,0.0625
75,B-bin/A-base,3,"(.5,.75]",0.6875,0.5625,0.9375,0.375,0.625,0.9375,0.3125,0.75,0.9375,0.1875
75,A-bin/B-base,4,"(0,.25]",0.125,0.375,0.5625,0.1875,0.5,0.875,0.375,0.4375,0.5625,0.125
75,B-bin/A-base,4,"(.25,.5]",0.375,0.125,0.5625,0.4375,0.4375,0.875,0.4375,0.1875,0.5625,0.375
75,A-bin/B-base,5,"(.25,.5]",0.375,0.625,0.625,0.0,0.6875,0.8125,0.125,0.8125,0.75,-0.0625
75,B-bin/A-base,5,"(.5,.75]",0.625,0.375,0.625,0.25,0.4375,0.8125,0.375,0.6875,0.75,0.0625
75,A-bin/B-base,6,"(.5,.75]",0.6875,0.625,0.875,0.25,0.625,0.9375,0.3125,0.875,0.9375,0.0625
75,B-bin/A-base,6,"(.5,.75]",0.625,0.6875,0.875,0.1875,0.75,0.9375,0.1875,0.875,0.9375,0.0625
75,A-bin/B-base,7,0,0.0,0.0,0.1875,0.1875,0.125,0.3125,0.1875,0.0,0.25,0.25
75,B-bin/A-base,7,0,0.0,0.0,0.1875,0.1875,0.0,0.3125,0.3125,0.0,0.25,0.25
75,A-bin/B-base,8,"(0,.25]",0.1875,0.125,0.375,0.25,0.3125,0.8125,0.5,0.1875,0.375,0.1875
75,B-bin/A-base,8,"(0,.25]",0.125,0.1875,0.375,0.1875,0.375,0.8125,0.4375,0.3125,0.375,0.0625
75,A-bin/B-base,9,"(0,.25]",0.1875,0.0,0.0,0.0,0.25,0.6875,0.4375,0.0,0.0,0.0
75,B-bin/A-base,9,0,0.0,0.1875,0.0,-0.1875,0.5,0.6875,0.1875,0.25,0.0,-0.25
75,A-bin/B-base,10,0,0.0,0.0625,0.0,-0.0625,0.125,0.0625,-0.0625,0.125,0.0,-0.125
75,B-bin/A-base,10,"(0,.25]",0.0625,0.0,0.0,0.0,0.0,0.0625,0.0625,0.0625,0.0,-0.0625
75,A-bin/B-base,11,0,0.0,0.0625,0.0625,0.0,0.0625,0.1875,0.125,0.0625,0.125,0.0625
75,B-bin/A-base,11,"(0,.25]",0.0625,0.0,0.0625,0.0625,0.0,0.1875,0.1875,0.0,0.125,0.125
75,A-bin/B-base,12,"(.25,.5]",0.4375,0.625,1.0,0.375,0.625,1.0,0.375,0.8125,1.0,0.1875
75,B-bin/A-base,12,"(.5,.75]",0.625,0.4375,1.0,0.5625,0.4375,1.0,0.5625,0.875,1.0,0.125
75,A-bin/B-base,13,"(0,.25]",0.1875,0.0625,0.25,0.1875,0.25,0.5625,0.3125,0.25,0.3125,0.0625
75,B-bin/A-base,13,"(0,.25]",0.0625,0.1875,0.25,0.0625,0.4375,0.5625,0.125,0.3125,0.3125,0.0
75,A-bin/B-base,14,"(0,.25]",0.25,0.1875,0.5,0.3125,0.375,0.75,0.375,0.5625,0.5625,0.0
75,B-bin/A-base,14,"(0,.25]",0.1875,0.25,0.5,0.25,0.3125,0.75,0.4375,0.4375,0.5625,0.125
75,A-bin/B-base,15,0,0.0,0.0,0.0,0.0,0.5,0.375,-0.125,0.0,0.0,0.0
75,B-bin/A-base,15,0,0.0,0.0,0.0,0.0,0.0,0.375,0.375,0.0,0.0,0.0
75,A-bin/B-base,16,"(0,.25]",0.125,0.125,0.5,0.375,0.25,0.8125,0.5625,0.1875,0.5625,0.375
75,B-bin/A-base,16,"(0,.25]",0.125,0.125,0.5,0.375,0.125,0.8125,0.6875,0.1875,0.5625,0.375
75,A-bin/B-base,17,"(0,.25]",0.125,0.0625,0.25,0.1875,0.1875,0.625,0.4375,0.1875,0.25,0.0625
75,B-bin/A-base,17,"(0,.25]",0.0625,0.125,0.25,0.125,0.375,0.625,0.25,0.1875,0.25,0.0625
75,A-bin/B-base,18,"(0,.25]",0.1875,0.0,0.0,0.0,0.1875,0.5,0.3125,0.125,0.0625,-0.0625
75,B-bin/A-base,18,0,0.0,0.1875,0.0,-0.1875,0.25,0.5,0.25,0.3125,0.0625,-0.25
75,A-bin/B-base,19,"(0,.25]",0.25,0.1875,0.4375,0.25,0.25,0.875,0.625,0.375,0.5,0.125
75,B-bin/A-base,19,"(0,.25]",0.1875,0.25,0.4375,0.1875,0.375,0.875,0.5,0.5,0.5,0.0
75,A-bin/B-base,20,"(.75,1)",0.8125,0.875,0.9375,0.0625,0.875,1.0,0.125,1.0,0.9375,-0.0625
75,B-bin/A-base,20,"(.75,1)",0.875,0.8125,0.9375,0.125,0.8125,1.0,0.1875,1.0,0.9375,-0.0625
75,A-bin/B-base,21,"(0,.25]",0.125,0.125,0.4375,0.3125,0.125,0.8125,0.6875,0.25,0.5625,0.3125
75,B-bin/A-base,21,"(0,.25]",0.125,0.125,0.4375,0.3125,0.1875,0.8125,0.625,0.125,0.5625,0.4375
75,A-bin/B-base,22,0,0.0,0.0,0.125,0.125,0.25,0.625,0.375,0.0625,0.125,0.0625
75,B-bin/A-base,22,0,0.0,0.0,0.125,0.125,0.1875,0.625,0.4375,0.25,0.125,-0.125
75,A-bin/B-base,23,"(.5,.75]",0.5625,0.5,0.5625,0.0625,0.5625,0.75,0.1875,0.8125,0.625,-0.1875
75,B-bin/A-base,23,"(.25,.5]",0.5,0.5625,0.5625,0.0,0.5625,0.75,0.1875,0.6875,0.625,-0.0625
75,A-bin/B-base,24,"(.5,.75]",0.625,0.5625,0.8125,0.25,0.5625,0.8125,0.25,0.6875,0.9375,0.25
75,B-bin/A-base,24,"(.5,.75]",0.5625,0.625,0.8125,0.1875,0.625,0.8125,0.1875,0.625,0.9375,0.3125
75,A-bin/B-base,25,"(.25,.5]",0.375,0.3125,0.6875,0.375,0.4375,0.75,0.3125,0.5625,0.75,0.1875
75,B-bin/A-base,25,"(.25,.5]",0.3125,0.375,0.6875,0.3125,0.4375,0.75,0.3125,0.625,0.75,0.125
75,A-bin/B-base,26,"(.5,.75]",0.6875,0.625,1.0,0.375,0.75,1.0,0.25,0.8125,1.0,0.1875
75,B-bin/A-base,26,"(.5,.75]",0.625,0.6875,1.0,0.3125,0.6875,1.0,0.3125,1.0,1.0,0.0
75,A-bin/B-base,27,"(0,.25]",0.0625,0.0625,0.25,0.1875,0.3125,0.6875,0.375,0.1875,0.25,0.0625
75,B-bin/A-base,27,"(0,.25]",0.0625,0.0625,0.25,0.1875,0.125,0.6875,0.5625,0.125,0.25,0.125
75,A-bin/B-base,28,"(.5,.75]",0.5625,0.5625,0.9375,0.375,0.5625,1.0,0.4375,0.9375,0.9375,0.0
75,B-bin/A-base,28,"(.5,.75]",0.5625,0.5625,0.9375,0.375,0.5625,1.0,0.4375,0.9375,0.9375,0.0
75,A-bin/B-base,29,"(0,.25]",0.125,0.1875,0.1875,0.0,0.3125,0.4375,0.125,0.3125,0.1875,-0.125
75,B-bin/A-base,29,"(0,.25]",0.1875,0.125,0.1875,0.0625,0.3125,0.4375,0.125,0.1875,0.1875,0.0
75,A-bin/B-base,30,"(0,.25]",0.0625,0.0625,0.1875,0.125,0.0625,0.25,0.1875,0.25,0.25,0.0
75,B-bin/A-base,30,"(0,.25]",0.0625,0.0625,0.1875,0.125,0.1875,0.25,0.0625,0.1875,0.25,0.0625
75,A-bin/B-base,31,"(.25,.5]",0.375,0.125,0.625,0.5,0.1875,0.9375,0.75,0.25,0.625,0.375
75,B-bin/A-base,31,"(0,.25]",0.125,0.375,0.625,0.25,0.5625,0.9375,0.375,0.5,0.625,0.125
75,A-bin/B-base,32,"(0,.25]",0.0625,0.25,0.1875,-0.0625,0.3125,0.3125,0.0,0.5,0.3125,-0.1875
75,B-bin/A-base,32,"(0,.25]",0.25,0.0625,0.1875,0.125,0.125,0.3125,0.1875,0.25,0.3125,0.0625
75,A-bin/B-base,33,"(.5,.75]",0.75,0.375,0.9375,0.5625,0.375,1.0,0.625,0.875,0.9375,0.0625
75,B-bin/A-base,33,"(.25,.5]",0.375,0.75,0.9375,0.1875,0.8125,1.0,0.1875,0.9375,0.9375,0.0
75,A-bin/B-base,34,"(.5,.75]",0.625,0.625,0.875,0.25,0.6875,0.9375,0.25,0.875,0.9375,0.0625
75,B-bin/A-base,34,"(.5,.75]",0.625,0.625,0.875,0.25,0.6875,0.9375,0.25,0.875,0.9375,0.0625
75,A-bin/B-base,35,"(.5,.75]",0.625,0.5625,0.625,0.0625,0.5625,0.6875,0.125,0.75,0.8125,0.0625
75,B-bin/A-base,35,"(.5,.75]",0.5625,0.625,0.625,0.0,0.875,0.6875,-0.1875,0.6875,0.8125,0.125
75,A-bin/B-base,36,"(.5,.75]",0.75,0.8125,0.8125,0.0,0.8125,0.9375,0.125,0.875,0.875,0.0
75,B-bin/A-base,36,"(.75,1)",0.8125,0.75,0.8125,0.0625,0.8125,0.9375,0.125,0.875,0.875,0.0
75,A-bin/B-base,37,"(.25,.5]",0.5,0.6875,0.875,0.1875,0.6875,0.9375,0.25,0.8125,0.9375,0.125
75,B-bin/A-base,37,"(.5,.75]",0.6875,0.5,0.875,0.375,0.625,0.9375,0.3125,0.5625,0.9375,0.375
75,A-bin/B-base,38,"(0,.25]",0.125,0.0,0.125,0.125,0.25,0.625,0.375,0.0,0.25,0.25
75,B-bin/A-base,38,0,0.0,0.125,0.125,0.0,0.375,0.625,0.25,0.125,0.25,0.125
75,A-bin/B-base,39,"(.25,.5]",0.5,0.4375,0.75,0.3125,0.4375,0.8125,0.375,0.75,0.75,0.0
75,B-bin/A-base,39,"(.25,.5]",0.4375,0.5,0.75,0.25,0.5,0.8125,0.3125,0.6875,0.75,0.0625
75,A-bin/B-base,40,0,0.0,0.125,0.4375,0.3125,0.3125,0.5,0.1875,0.25,0.5,0.25
75,B-bin/A-base,40,"(0,.25]",0.125,0.0,0.4375,0.4375,0.0,0.5,0.5,0.125,0.5,0.375
75,A-bin/B-base,41,"(.75,1)",0.8125,0.75,1.0,0.25,0.8125,1.0,0.1875,0.9375,1.0,0.0625
75,B-bin/A-base,41,"(.5,.75]",0.75,0.8125,1.0,0.1875,0.875,1.0,0.125,0.9375,1.0,0.0625
75,A-bin/B-base,42,0,0.0,0.0625,0.0625,0.0,0.1875,0.125,-0.0625,0.0625,0.0625,0.0
75,B-bin/A-base,42,"(0,.25]",0.0625,0.0,0.0625,0.0625,0.125,0.125,0.0,0.125,0.0625,-0.0625
75,A-bin/B-base,43,0,0.0,0.0625,0.1875,0.125,0.375,0.5625,0.1875,0.3125,0.3125,0.0
75,B-bin/A-base,43,"(0,.25]",0.0625,0.0,0.1875,0.1875,0.375,0.5625,0.1875,0.0625,0.3125,0.25
75,A-bin/B-base,44,"(.5,.75]",0.625,0.75,0.75,0.0,0.875,1.0,0.125,0.75,0.75,0.0
75,B-bin/A-base,44,"(.5,.75]",0.75,0.625,0.75,0.125,0.6875,1.0,0.3125,0.8125,0.75,-0.0625
75,A-bin/B-base,45,"(.5,.75]",0.625,0.5,0.4375,-0.0625,0.5625,0.8125,0.25,0.75,0.4375,-0.3125
75,B-bin/A-base,45,"(.25,.5]",0.5,0.625,0.4375,-0.1875,0.625,0.8125,0.1875,0.8125,0.4375,-0.375
75,A-bin/B-base,46,"(.25,.5]",0.5,0.375,0.625,0.25,0.625,0.75,0.125,0.625,0.8125,0.1875
75,B-bin/A-base,46,"(.25,.5]",0.375,0.5,0.625,0.125,0.6875,0.75,0.0625,0.75,0.8125,0.0625
75,A-bin/B-base,47,"(.25,.5]",0.5,0.75,0.75,0.0,0.75,0.875,0.125,0.9375,0.75,-0.1875
75,B-bin/A-base,47,"(.5,.75]",0.75,0.5,0.75,0.25,0.5,0.875,0.375,0.75,0.75,0.0
75,A-bin/B-base,48,"(.5,.75]",0.6875,0.6875,0.9375,0.25,0.6875,0.9375,0.25,1.0,0.9375,-0.0625
75,B-bin/A-base,48,"(.5,.75]",0.6875,0.6875,0.9375,0.25,0.6875,0.9375,0.25,0.9375,0.9375,0.0
75,A-bin/B-base,49,"(.5,.75]",0.6875,0.875,1.0,0.125,0.875,1.0,0.125,0.875,1.0,0.125
75,B-bin/A-base,49,"(.75,1)",0.875,0.6875,1.0,0.3125,0.75,1.0,0.25,0.8125,1.0,0.1875
75,A-bin/B-base,50,0,0.0,0.0,0.0,0.0,0.0625,0.4375,0.375,0.0,0.0,0.0
75,B-bin/A-base,50,0,0.0,0.0,0.0,0.0,0.375,0.4375,0.0625,0.0,0.0,0.0
75,A-bin/B-base,51,"(.5,.75]",0.625,0.5,0.625,0.125,0.5,0.6875,0.1875,0.6875,0.75,0.0625
75,B-bin/A-base,51,"(.25,.5]",0.5,0.625,0.625,0.0,0.625,0.6875,0.0625,0.6875,0.75,0.0625
75,A-bin/B-base,52,"(.5,.75]",0.6875,0.5,0.6875,0.1875,0.5625,1.0,0.4375,0.625,0.6875,0.0625
75,B-bin/A-base,52,"(.25,.5]",0.5,0.6875,0.6875,0.0,0.75,1.0,0.25,0.75,0.6875,-0.0625
75,A-bin/B-base,53,"(.5,.75]",0.75,0.75,0.875,0.125,0.75,0.9375,0.1875,1.0,0.875,-0.125
75,B-bin/A-base,53,"(.5,.75]",0.75,0.75,0.875,0.125,0.8125,0.9375,0.125,0.9375,0.875,-0.0625
75,A-bin/B-base,54,"(0,.25]",0.1875,0.1875,0.125,-0.0625,0.375,0.8125,0.4375,0.1875,0.125,-0.0625
75,B-bin/A-base,54,"(0,.25]",0.1875,0.1875,0.125,-0.0625,0.5625,0.8125,0.25,0.3125,0.125,-0.1875
75,A-bin/B-base,55,"(.5,.75]",0.75,0.8125,1.0,0.1875,0.875,1.0,0.125,0.875,1.0,0.125
75,B-bin/A-base,55,"(.75,1)",0.8125,0.75,1.0,0.25,0.9375,1.0,0.0625,0.8125,1.0,0.1875
75,A-bin/B-base,56,"(.5,.75]",0.6875,0.6875,0.8125,0.125,0.6875,0.875,0.1875,0.9375,0.8125,-0.125
75,B-bin/A-base,56,"(.5,.75]",0.6875,0.6875,0.8125,0.125,0.75,0.875,0.125,0.875,0.8125,-0.0625
75,A-bin/B-base,57,"(0,.25]",0.1875,0.3125,0.1875,-0.125,0.4375,0.6875,0.25,0.4375,0.25,-0.1875
75,B-bin/A-base,57,"(.25,.5]",0.3125,0.1875,0.1875,0.0,0.375,0.6875,0.3125,0.375,0.25,-0.125
75,A-bin/B-base,58,"(.25,.5]",0.375,0.5625,0.5625,0.0,0.625,0.8125,0.1875,0.6875,0.625,-0.0625
75,B-bin/A-base,58,"(.5,.75]",0.5625,0.375,0.5625,0.1875,0.5625,0.8125,0.25,0.625,0.625,0.0
75,A-bin/B-base,59,"(.25,.5]",0.3125,0.3125,0.5,0.1875,0.5,0.9375,0.4375,0.4375,0.5,0.0625
75,B-bin/A-base,59,"(.25,.5]",0.3125,0.3125,0.5,0.1875,0.5625,0.9375,0.375,0.375,0.5,0.125
75,A-bin/B-base,60,"(0,.25]",0.25,0.125,0.3125,0.1875,0.25,0.5625,0.3125,0.1875,0.375,0.1875
75,B-bin/A-base,60,"(0,.25]",0.125,0.25,0.3125,0.0625,0.375,0.5625,0.1875,0.3125,0.375,0.0625
75,A-bin/B-base,61,"(.25,.5]",0.5,0.125,0.5625,0.4375,0.25,0.8125,0.5625,0.4375,0.5625,0.125
75,B-bin/A-base,61,"(0,.25]",0.125,0.5,0.5625,0.0625,0.625,0.8125,0.1875,0.625,0.5625,-0.0625
75,A-bin/B-base,62,"(.25,.5]",0.375,0.4375,0.5,0.0625,0.5625,0.6875,0.125,0.5625,0.5625,0.0
75,B-bin/A-base,62,"(.25,.5]",0.4375,0.375,0.5,0.125,0.5,0.6875,0.1875,0.4375,0.5625,0.125
75,A-bin/B-base,63,0,0.0,0.0,0.0,0.0,0.125,0.5,0.375,0.0,0.0,0.0
75,B-bin/A-base,63,0,0.0,0.0,0.0,0.0,0.0,0.5,0.5,0.0,0.0,0.0
75,A-bin/B-base,64,"(.25,.5]",0.4375,0.5,0.625,0.125,0.5,0.8125,0.3125,0.6875,0.75,0.0625
75,B-bin/A-base,64,"(.25,.5]",0.5,0.4375,0.625,0.1875,0.5,0.8125,0.3125,0.6875,0.75,0.0625
75,A-bin/B-base,65,"(.25,.5]",0.4375,0.375,0.5625,0.1875,0.5,0.75,0.25,0.6875,0.625,-0.0625
75,B-bin/A-base,65,"(.25,.5]",0.375,0.4375,0.5625,0.125,0.625,0.75,0.125,0.5625,0.625,0.0625
75,A-bin/B-base,66,"(0,.25]",0.125,0.0,0.125,0.125,0.125,0.5625,0.4375,0.25,0.25,0.0
75,B-bin/A-base,66,0,0.0,0.125,0.125,0.0,0.125,0.5625,0.4375,0.3125,0.25,-0.0625
75,A-bin/B-base,67,"(0,.25]",0.1875,0.0625,0.125,0.0625,0.0625,0.25,0.1875,0.1875,0.125,-0.0625
75,B-bin/A-base,67,"(0,.25]",0.0625,0.1875,0.125,-0.0625,0.3125,0.25,-0.0625,0.1875,0.125,-0.0625
75,A-bin/B-base,68,"(.25,.5]",0.4375,0.25,0.4375,0.1875,0.25,0.5625,0.3125,0.3125,0.5625,0.25
75,B-bin/A-base,68,"(0,.25]",0.25,0.4375,0.4375,0.0,0.4375,0.5625,0.125,0.625,0.5625,-0.0625
75,A-bin/B-base,69,"(.5,.75]",0.625,0.5625,0.75,0.1875,0.625,0.875,0.25,0.6875,0.8125,0.125
75,B-bin/A-base,69,"(.5,.75]",0.5625,0.625,0.75,0.125,0.6875,0.875,0.1875,0.75,0.8125,0.0625
75,A-bin/B-base,70,"(.5,.75]",0.75,0.9375,0.9375,0.0,0.9375,0.9375,0.0,1.0,1.0,0.0
75,B-bin/A-base,70,"(.75,1)",0.9375,0.75,0.9375,0.1875,0.8125,0.9375,0.125,0.875,1.0,0.125
75,A-bin/B-base,71,"(.5,.75]",0.75,0.75,0.9375,0.1875,0.9375,0.9375,0.0,0.8125,0.9375,0.125
75,B-bin/A-base,71,"(.5,.75]",0.75,0.75,0.9375,0.1875,0.875,0.9375,0.0625,0.875,0.9375,0.0625
75,A-bin/B-base,72,"(0,.25]",0.25,0.25,0.5,0.25,0.5625,0.75,0.1875,0.375,0.5,0.125
75,B-bin/A-base,72,"(0,.25]",0.25,0.25,0.5,0.25,0.5,0.75,0.25,0.3125,0.5,0.1875
75,A-bin/B-base,73,"(.25,.5]",0.5,0.8125,0.875,0.0625,0.8125,0.9375,0.125,1.0,0.875,-0.125
75,B-bin/A-base,73,"(.75,1)",0.8125,0.5,0.875,0.375,0.625,0.9375,0.3125,0.75,0.875,0.125
75,A-bin/B-base,74,"(.25,.5]",0.4375,0.6875,0.375,-0.3125,0.75,0.4375,-0.3125,0.875,0.4375,-0.4375
75,B-bin/A-base,74,"(.5,.75]",0.6875,0.4375,0.375,-0.0625,0.5625,0.4375,-0.125,0.5625,0.4375,-0.125
75,A-bin/B-base,75,"(.25,.5]",0.5,0.3125,0.9375,0.625,0.3125,0.9375,0.625,0.625,1.0,0.375
75,B-bin/A-base,75,"(.25,.5]",0.3125,0.5,0.9375,0.4375,0.5625,0.9375,0.375,0.9375,1.0,0.0625
75,A-bin/B-base,76,"(0,.25]",0.0625,0.0625,0.125,0.0625,0.3125,0.5625,0.25,0.3125,0.1875,-0.125
75,B-bin/A-base,76,"(0,.25]",0.0625,0.0625,0.125,0.0625,0.3125,0.5625,0.25,0.3125,0.1875,-0.125
75,A-bin/B-base,77,"(0,.25]",0.1875,0.5,0.6875,0.1875,0.5625,0.75,0.1875,0.75,0.75,0.0
75,B-bin/A-base,77,"(.25,.5]",0.5,0.1875,0.6875,0.5,0.3125,0.75,0.4375,0.5,0.75,0.25
75,A-bin/B-base,78,"(0,.25]",0.1875,0.125,0.4375,0.3125,0.625,0.8125,0.1875,0.1875,0.4375,0.25
75,B-bin/A-base,78,"(0,.25]",0.125,0.1875,0.4375,0.25,0.5625,0.8125,0.25,0.25,0.4375,0.1875
75,A-bin/B-base,79,"(.75,1)",0.9375,0.75,0.9375,0.1875,0.8125,0.9375,0.125,0.9375,0.9375,0.0
75,B-bin/A-base,79,"(.5,.75]",0.75,0.9375,0.9375,0.0,0.9375,0.9375,0.0,0.9375,0.9375,0.0
75,A-bin/B-base,80,"(0,.25]",0.0625,0.1875,0.5,0.3125,0.1875,0.875,0.6875,0.5,0.5,0.0
75,B-bin/A-base,80,"(0,.25]",0.1875,0.0625,0.5,0.4375,0.25,0.875,0.625,0.375,0.5,0.125
75,A-bin/B-base,81,"(0,.25]",0.25,0.0625,0.1875,0.125,0.4375,0.875,0.4375,0.0625,0.1875,0.125
75,B-bin/A-base,81,"(0,.25]",0.0625,0.25,0.1875,-0.0625,0.3125,0.875,0.5625,0.375,0.1875,-0.1875
75,A-bin/B-base,82,"(.25,.5]",0.375,0.375,0.625,0.25,0.4375,0.8125,0.375,0.5,0.6875,0.1875
75,B-bin/A-base,82,"(.25,.5]",0.375,0.375,0.625,0.25,0.5625,0.8125,0.25,0.375,0.6875,0.3125
75,A-bin/B-base,83,"(.25,.5]",0.375,0.375,0.75,0.375,0.4375,0.75,0.3125,0.5625,0.9375,0.375
75,B-bin/A-base,83,"(.25,.5]",0.375,0.375,0.75,0.375,0.4375,0.75,0.3125,0.6875,0.9375,0.25
75,A-bin/B-base,84,"(.25,.5]",0.3125,0.125,0.5,0.375,0.3125,0.75,0.4375,0.375,0.625,0.25
75,B-bin/A-base,84,"(0,.25]",0.125,0.3125,0.5,0.1875,0.3125,0.75,0.4375,0.5625,0.625,0.0625
75,A-bin/B-base,85,"(.25,.5]",0.3125,0.4375,0.5625,0.125,0.5625,0.6875,0.125,0.625,0.6875,0.0625
75,B-bin/A-base,85,"(.25,.5]",0.4375,0.3125,0.5625,0.25,0.375,0.6875,0.3125,0.5,0.6875,0.1875
75,A-bin/B-base,86,"(.25,.5]",0.5,0.625,0.8125,0.1875,0.625,0.9375,0.3125,0.8125,0.8125,0.0
75,B-bin/A-base,86,"(.5,.75]",0.625,0.5,0.8125,0.3125,0.625,0.9375,0.3125,0.8125,0.8125,0.0
75,A-bin/B-base,87,"(0,.25]",0.25,0.25,0.4375,0.1875,0.5625,0.6875,0.125,0.375,0.5,0.125
75,B-bin/A-base,87,"(0,.25]",0.25,0.25,0.4375,0.1875,0.375,0.6875,0.3125,0.6875,0.5,-0.1875
75,A-bin/B-base,88,"(.25,.5]",0.4375,0.5,0.25,-0.25,0.6875,0.9375,0.25,0.5625,0.25,-0.3125
75,B-bin/A-base,88,"(.25,.5]",0.5,0.4375,0.25,-0.1875,0.5625,0.9375,0.375,0.5625,0.25,-0.3125
75,A-bin/B-base,89,"(0,.25]",0.125,0.1875,0.3125,0.125,0.375,0.625,0.25,0.3125,0.3125,0.0
75,B-bin/A-base,89,"(0,.25]",0.1875,0.125,0.3125,0.1875,0.1875,0.625,0.4375,0.3125,0.3125,0.0
75,A-bin/B-base,90,"(0,.25]",0.0625,0.0625,0.125,0.0625,0.25,0.75,0.5,0.1875,0.125,-0.0625
75,B-bin/A-base,90,"(0,.25]",0.0625,0.0625,0.125,0.0625,0.3125,0.75,0.4375,0.125,0.125,0.0
75,A-bin/B-base,91,"(0,.25]",0.125,0.125,0.5625,0.4375,0.125,0.6875,0.5625,0.375,0.5625,0.1875
75,B-bin/A-base,91,"(0,.25]",0.125,0.125,0.5625,0.4375,0.125,0.6875,0.5625,0.6875,0.5625,-0.125
75,A-bin/B-base,92,"(0,.25]",0.125,0.3125,0.3125,0.0,0.5625,0.625,0.0625,0.4375,0.5,0.0625
75,B-bin/A-base,92,"(.25,.5]",0.3125,0.125,0.3125,0.1875,0.3125,0.625,0.3125,0.1875,0.5,0.3125
75,A-bin/B-base,93,"(.5,.75]",0.75,0.375,0.9375,0.5625,0.4375,1.0,0.5625,0.75,0.9375,0.1875
75,B-bin/A-base,93,"(.25,.5]",0.375,0.75,0.9375,0.1875,0.75,1.0,0.25,1.0,0.9375,-0.0625
75,A-bin/B-base,94,"(.5,.75]",0.5625,0.5625,0.9375,0.375,0.5625,0.9375,0.375,0.9375,0.9375,0.0
75,B-bin/A-base,94,"(.5,.75]",0.5625,0.5625,0.9375,0.375,0.5625,0.9375,0.375,0.875,0.9375,0.0625
75,A-bin/B-base,95,"(0,.25]",0.125,0.0,0.125,0.125,0.3125,0.625,0.3125,0.0,0.125,0.125
75,B-bin/A-base,95,0,0.0,0.125,0.125,0.0,0.25,0.625,0.375,0.125,0.125,0.0
75,A-bin/B-base,96,"(.75,1)",0.8125,0.6875,0.625,-0.0625,0.6875,0.9375,0.25,0.75,0.625,-0.125
75,B-bin/A-base,96,"(.5,.75]",0.6875,0.8125,0.625,-0.1875,0.8125,0.9375,0.125,0.875,0.625,-0.25
75,A-bin/B-base,97,0,0.0,0.0,0.0625,0.0625,0.1875,0.625,0.4375,0.0,0.0625,0.0625
75,B-bin/A-base,97,0,0.0,0.0,0.0625,0.0625,0.25,0.625,0.375,0.0,0.0625,0.0625
75,A-bin/B-base,98,"(.25,.5]",0.3125,0.375,0.5625,0.1875,0.6875,0.75,0.0625,0.375,0.6875,0.3125
75,B-bin/A-base,98,"(.25,.5]",0.375,0.3125,0.5625,0.25,0.5,0.75,0.25,0.375,0.6875,0.3125
75,A-bin/B-base,99,0,0.0,0.0,0.125,0.125,0.125,0.5625,0.4375,0.0625,0.125,0.0625
75,B-bin/A-base,99,0,0.0,0.0,0.125,0.125,0.0,0.5625,0.5625,0.0625,0.125,0.0625
75,A-bin/B-base,100,"(.25,.5]",0.375,0.25,0.6875,0.4375,0.375,0.6875,0.3125,0.4375,0.75,0.3125
75,B-bin/A-base,100,"(0,.25]",0.25,0.375,0.6875,0.3125,0.4375,0.6875,0.25,0.75,0.75,0.0
75,A-bin/B-base,101,"(0,.25]",0.25,0.3125,0.625,0.3125,0.5,0.9375,0.4375,0.625,0.625,0.0
75,B-bin/A-base,101,"(.25,.5]",0.3125,0.25,0.625,0.375,0.5,0.9375,0.4375,0.5,0.625,0.125
75,A-bin/B-base,102,"(0,.25]",0.1875,0.375,0.625,0.25,0.5625,0.75,0.1875,0.5625,0.75,0.1875
75,B-bin/A-base,102,"(.25,.5]",0.375,0.1875,0.625,0.4375,0.1875,0.75,0.5625,0.4375,0.75,0.3125
75,A-bin/B-base,103,0,0.0,0.0,0.0,0.0,0.0,0.125,0.125,0.0625,0.0,-0.0625
75,B-bin/A-base,103,0,0.0,0.0,0.0,0.0,0.125,0.125,0.0,0.0,0.0,0.0
75,A-bin/B-base,104,"(.5,.75]",0.75,0.4375,1.0,0.5625,0.4375,1.0,0.5625,0.875,1.0,0.125
75,B-bin/A-base,104,"(.25,.5]",0.4375,0.75,1.0,0.25,0.8125,1.0,0.1875,0.8125,1.0,0.1875
75,A-bin/B-base,105,"(.5,.75]",0.5625,0.5625,0.8125,0.25,0.6875,0.9375,0.25,0.75,0.875,0.125
75,B-bin/A-base,105,"(.5,.75]",0.5625,0.5625,0.8125,0.25,0.6875,0.9375,0.25,0.75,0.875,0.125
75,A-bin/B-base,106,"(.5,.75]",0.75,0.8125,0.9375,0.125,0.875,1.0,0.125,0.875,0.9375,0.0625
75,B-bin/A-base,106,"(.75,1)",0.8125,0.75,0.9375,0.1875,0.75,1.0,0.25,1.0,0.9375,-0.0625
75,A-bin/B-base,107,"(0,.25]",0.125,0.125,0.4375,0.3125,0.4375,0.8125,0.375,0.25,0.5,0.25
75,B-bin/A-base,107,"(0,.25]",0.125,0.125,0.4375,0.3125,0.1875,0.8125,0.625,0.375,0.5,0.125
75,A-bin/B-base,108,"(.25,.5]",0.3125,0.1875,0.3125,0.125,0.375,0.6875,0.3125,0.375,0.375,0.0
75,B-bin/A-base,108,"(0,.25]",0.1875,0.3125,0.3125,0.0,0.5625,0.6875,0.125,0.5,0.375,-0.125
75,A-bin/B-base,109,"(.25,.5]",0.5,0.625,0.5625,-0.0625,0.6875,0.75,0.0625,0.8125,0.625,-0.1875
75,B-bin/A-base,109,"(.5,.75]",0.625,0.5,0.5625,0.0625,0.5,0.75,0.25,0.8125,0.625,-0.1875
75,A-bin/B-base,110,"(.5,.75]",0.5625,0.4375,0.875,0.4375,0.5625,1.0,0.4375,0.8125,0.875,0.0625
75,B-bin/A-base,110,"(.25,.5]",0.4375,0.5625,0.875,0.3125,0.625,1.0,0.375,0.75,0.875,0.125
75,A-bin/B-base,111,"(.75,1)",0.8125,0.625,0.875,0.25,0.625,0.875,0.25,0.875,0.9375,0.0625
75,B-bin/A-base,111,"(.5,.75]",0.625,0.8125,0.875,0.0625,0.8125,0.875,0.0625,0.875,0.9375,0.0625
75,A-bin/B-base,112,"(.25,.5]",0.5,0.625,0.625,0.0,0.8125,0.8125,0.0,0.75,0.6875,-0.0625
75,B-bin/A-base,112,"(.5,.75]",0.625,0.5,0.625,0.125,0.6875,0.8125,0.125,0.625,0.6875,0.0625
75,A-bin/B-base,113,"(.5,.75]",0.5625,0.75,0.625,-0.125,0.8125,0.8125,0.0,0.9375,0.625,-0.3125
75,B-bin/A-base,113,"(.5,.75]",0.75,0.5625,0.625,0.0625,0.6875,0.8125,0.125,0.625,0.625,0.0
75,A-bin/B-base,114,"(.75,1)",0.8125,0.8125,0.875,0.0625,0.8125,0.9375,0.125,0.9375,0.9375,0.0
75,B-bin/A-base,114,"(.75,1)",0.8125,0.8125,0.875,0.0625,0.875,0.9375,0.0625,0.9375,0.9375,0.0
75,A-bin/B-base,115,"(.25,.5]",0.5,0.25,0.5,0.25,0.3125,0.625,0.3125,0.5,0.5625,0.0625
75,B-bin/A-base,115,"(0,.25]",0.25,0.5,0.5,0.0,0.625,0.625,0.0,0.6875,0.5625,-0.125
75,A-bin/B-base,116,0,0.0,0.0,0.0625,0.0625,0.0625,0.375,0.3125,0.0625,0.0625,0.0
75,B-bin/A-base,116,0,0.0,0.0,0.0625,0.0625,0.25,0.375,0.125,0.0,0.0625,0.0625
75,A-bin/B-base,117,0,0.0,0.0,0.0,0.0,0.0,0.1875,0.1875,0.0625,0.0,-0.0625
75,B-bin/A-base,117,0,0.0,0.0,0.0,0.0,0.0,0.1875,0.1875,0.0625,0.0,-0.0625
75,A-bin/B-base,118,"(0,.25]",0.0625,0.0,0.0625,0.0625,0.375,0.625,0.25,0.125,0.125,0.0
75,B-bin/A-base,118,0,0.0,0.0625,0.0625,0.0,0.6875,0.625,-0.0625,0.0625,0.125,0.0625
75,A-bin/B-base,119,"(.25,.5]",0.375,0.25,0.5,0.25,0.3125,0.6875,0.375,0.625,0.625,0.0
75,B-bin/A-base,119,"(0,.25]",0.25,0.375,0.5,0.125,0.4375,0.6875,0.25,0.875,0.625,-0.25
75,A-bin/B-base,120,"(.25,.5]",0.375,0.25,0.6875,0.4375,0.375,0.875,0.5,0.4375,0.8125,0.375
75,B-bin/A-base,120,"(0,.25]",0.25,0.375,0.6875,0.3125,0.625,0.875,0.25,0.5,0.8125,0.3125
75,A-bin/B-base,121,0,0.0,0.0625,0.0625,0.0,0.125,0.125,0.0,0.3125,0.1875,-0.125
75,B-bin/A-base,121,"(0,.25]",0.0625,0.0,0.0625,0.0625,0.125,0.125,0.0,0.0,0.1875,0.1875
75,A-bin/B-base,122,"(0,.25]",0.0625,0.125,0.3125,0.1875,0.1875,0.5,0.3125,0.25,0.375,0.125
75,B-bin/A-base,122,"(0,.25]",0.125,0.0625,0.3125,0.25,0.125,0.5,0.375,0.1875,0.375,0.1875
75,A-bin/B-base,123,"(0,.25]",0.1875,0.125,0.5,0.375,0.25,0.625,0.375,0.4375,0.6875,0.25
75,B-bin/A-base,123,"(0,.25]",0.125,0.1875,0.5,0.3125,0.1875,0.625,0.4375,0.4375,0.6875,0.25
75,A-bin/B-base,124,"(.25,.5]",0.3125,0.4375,0.5,0.0625,0.4375,0.625,0.1875,0.5625,0.625,0.0625
75,B-bin/A-base,124,"(.25,.5]",0.4375,0.3125,0.5,0.1875,0.375,0.625,0.25,0.4375,0.625,0.1875
75,A-bin/B-base,125,"(.5,.75]",0.5625,0.8125,0.8125,0.0,0.8125,0.8125,0.0,0.9375,0.875,-0.0625
75,B-bin/A-base,125,"(.75,1)",0.8125,0.5625,0.8125,0.25,0.6875,0.8125,0.125,0.75,0.875,0.125
75,A-bin/B-base,126,"(.75,1)",0.8125,0.75,0.9375,0.1875,0.75,1.0,0.25,1.0,0.9375,-0.0625
75,B-bin/A-base,126,"(.5,.75]",0.75,0.8125,0.9375,0.125,0.8125,1.0,0.1875,0.9375,0.9375,0.0
75,A-bin/B-base,127,"(.5,.75]",0.5625,0.5,0.625,0.125,0.5625,0.6875,0.125,0.6875,0.625,-0.0625
75,B-bin/A-base,127,"(.25,.5]",0.5,0.5625,0.625,0.0625,0.5625,0.6875,0.125,0.8125,0.625,-0.1875
75,A-bin/B-base,128,"(0,.25]",0.125,0.1875,0.375,0.1875,0.375,0.6875,0.3125,0.4375,0.4375,0.0
75,B-bin/A-base,128,"(0,.25]",0.1875,0.125,0.375,0.25,0.1875,0.6875,0.5,0.375,0.4375,0.0625
75,A-bin/B-base,129,0,0.0,0.0625,0.0,-0.0625,0.25,0.4375,0.1875,0.0625,0.0,-0.0625
75,B-bin/A-base,129,"(0,.25]",0.0625,0.0,0.0,0.0,0.0625,0.4375,0.375,0.0,0.0,0.0
75,A-bin/B-base,130,"(.75,1)",0.9375,0.8125,1.0,0.1875,0.8125,1.0,0.1875,0.9375,1.0,0.0625
75,B-bin/A-base,130,"(.75,1)",0.8125,0.9375,1.0,0.0625,0.9375,1.0,0.0625,1.0,1.0,0.0
75,A-bin/B-base,131,"(0,.25]",0.125,0.1875,0.3125,0.125,0.1875,0.625,0.4375,0.1875,0.3125,0.125
75,B-bin/A-base,131,"(0,.25]",0.1875,0.125,0.3125,0.1875,0.1875,0.625,0.4375,0.125,0.3125,0.1875
75,A-bin/B-base,132,"(.5,.75]",0.75,0.4375,0.625,0.1875,0.5625,0.9375,0.375,0.6875,0.625,-0.0625
75,B-bin/A-base,132,"(.25,.5]",0.4375,0.75,0.625,-0.125,0.75,0.9375,0.1875,0.75,0.625,-0.125
75,A-bin/B-base,133,"(.25,.5]",0.4375,0.375,0.625,0.25,0.375,0.625,0.25,0.75,0.6875,-0.0625
75,B-bin/A-base,133,"(.25,.5]",0.375,0.4375,0.625,0.1875,0.5,0.625,0.125,0.6875,0.6875,0.0
75,A-bin/B-base,134,"(0,.25]",0.0625,0.0,0.0,0.0,0.4375,0.75,0.3125,0.0625,0.0,-0.0625
75,B-bin/A-base,134,0,0.0,0.0625,0.0,-0.0625,0.4375,0.75,0.3125,0.0625,0.0,-0.0625
75,A-bin/B-base,135,"(.5,.75]",0.6875,0.75,0.6875,-0.0625,0.75,0.8125,0.0625,0.875,0.6875,-0.1875
75,B-bin/A-base,135,"(.5,.75]",0.75,0.6875,0.6875,0.0,0.75,0.8125,0.0625,0.75,0.6875,-0.0625
75,A-bin/B-base,136,"(0,.25]",0.25,0.125,0.5,0.375,0.1875,0.625,0.4375,0.5625,0.5625,0.0
75,B-bin/A-base,136,"(0,.25]",0.125,0.25,0.5,0.25,0.25,0.625,0.375,0.4375,0.5625,0.125
75,A-bin/B-base,137,"(.5,.75]",0.5625,0.3125,0.5625,0.25,0.375,0.8125,0.4375,0.5625,0.625,0.0625
75,B-bin/A-base,137,"(.25,.5]",0.3125,0.5625,0.5625,0.0,0.5625,0.8125,0.25,0.625,0.625,0.0
75,A-bin/B-base,138,"(0,.25]",0.1875,0.0625,0.1875,0.125,0.0625,0.4375,0.375,0.4375,0.25,-0.1875
75,B-bin/A-base,138,"(0,.25]",0.0625,0.1875,0.1875,0.0,0.25,0.4375,0.1875,0.25,0.25,0.0
75,A-bin/B-base,139,0,0.0,0.125,0.25,0.125,0.1875,0.5625,0.375,0.5625,0.4375,-0.125
75,B-bin/A-base,139,"(0,.25]",0.125,0.0,0.25,0.25,0.0,0.5625,0.5625,0.25,0.4375,0.1875
75,A-bin/B-base,140,"(.25,.5]",0.3125,0.25,0.25,0.0,0.25,0.4375,0.1875,0.4375,0.375,-0.0625
75,B-bin/A-base,140,"(0,.25]",0.25,0.3125,0.25,-0.0625,0.3125,0.4375,0.125,0.5625,0.375,-0.1875
75,A-bin/B-base,141,"(0,.25]",0.1875,0.3125,0.625,0.3125,0.75,1.0,0.25,0.4375,0.625,0.1875
75,B-bin/A-base,141,"(.25,.5]",0.3125,0.1875,0.625,0.4375,0.1875,1.0,0.8125,0.4375,0.625,0.1875
75,A-bin/B-base,142,0,0.0,0.0625,0.125,0.0625,0.125,0.3125,0.1875,0.1875,0.1875,0.0
75,B-bin/A-base,142,"(0,.25]",0.0625,0.0,0.125,0.125,0.125,0.3125,0.1875,0.125,0.1875,0.0625
75,A-bin/B-base,143,"(.25,.5]",0.3125,0.4375,0.1875,-0.25,0.5625,0.375,-0.1875,0.5,0.25,-0.25
75,B-bin/A-base,143,"(.25,.5]",0.4375,0.3125,0.1875,-0.125,0.5,0.375,-0.125,0.4375,0.25,-0.1875
75,A-bin/B-base,144,"(0,.25]",0.25,0.1875,0.4375,0.25,0.25,0.625,0.375,0.5,0.625,0.125
75,B-bin/A-base,144,"(0,.25]",0.1875,0.25,0.4375,0.1875,0.3125,0.625,0.3125,0.5625,0.625,0.0625
75,A-bin/B-base,145,"(.5,.75]",0.6875,0.375,0.875,0.5,0.5,1.0,0.5,0.5625,0.875,0.3125
75,B-bin/A-base,145,"(.25,.5]",0.375,0.6875,0.875,0.1875,0.6875,1.0,0.3125,0.875,0.875,0.0
75,A-bin/B-base,146,"(0,.25]",0.25,0.0625,0.75,0.6875,0.3125,0.875,0.5625,0.1875,0.8125,0.625
75,B-bin/A-base,146,"(0,.25]",0.0625,0.25,0.75,0.5,0.25,0.875,0.625,0.4375,0.8125,0.375
75,A-bin/B-base,147,"(.75,1)",0.8125,0.6875,1.0,0.3125,0.6875,1.0,0.3125,0.875,1.0,0.125
75,B-bin/A-base,147,"(.5,.75]",0.6875,0.8125,1.0,0.1875,0.8125,1.0,0.1875,0.9375,1.0,0.0625
75,A-bin/B-base,148,"(.5,.75]",0.5625,0.1875,0.6875,0.5,0.3125,0.875,0.5625,0.5,0.6875,0.1875
75,B-bin/A-base,148,"(0,.25]",0.1875,0.5625,0.6875,0.125,0.625,0.875,0.25,0.75,0.6875,-0.0625
75,A-bin/B-base,149,"(.5,.75]",0.5625,0.5,0.6875,0.1875,0.5625,0.75,0.1875,0.875,0.75,-0.125
75,B-bin/A-base,149,"(.25,.5]",0.5,0.5625,0.6875,0.125,0.625,0.75,0.125,0.625,0.75,0.125
75,A-bin/B-base,150,"(.5,.75]",0.75,0.4375,0.875,0.4375,0.5,0.9375,0.4375,0.75,0.875,0.125
75,B-bin/A-base,150,"(.25,.5]",0.4375,0.75,0.875,0.125,0.75,0.9375,0.1875,0.9375,0.875,-0.0625
75,A-bin/B-base,151,"(.25,.5]",0.5,0.5625,0.6875,0.125,0.625,0.8125,0.1875,0.8125,0.6875,-0.125
75,B-bin/A-base,151,"(.5,.75]",0.5625,0.5,0.6875,0.1875,0.75,0.8125,0.0625,0.5625,0.6875,0.125
75,A-bin/B-base,152,"(.5,.75]",0.6875,0.5625,0.8125,0.25,0.625,0.9375,0.3125,0.75,0.8125,0.0625
75,B-bin/A-base,152,"(.5,.75]",0.5625,0.6875,0.8125,0.125,0.75,0.9375,0.1875,0.8125,0.8125,0.0
75,A-bin/B-base,153,"(.25,.5]",0.3125,0.4375,0.375,-0.0625,0.5625,0.8125,0.25,0.5,0.4375,-0.0625
75,B-bin/A-base,153,"(.25,.5]",0.4375,0.3125,0.375,0.0625,0.625,0.8125,0.1875,0.375,0.4375,0.0625
75,A-bin/B-base,154,"(.25,.5]",0.3125,0.4375,0.6875,0.25,0.5,0.75,0.25,0.625,0.75,0.125
75,B-bin/A-base,154,"(.25,.5]",0.4375,0.3125,0.6875,0.375,0.3125,0.75,0.4375,0.625,0.75,0.125
75,A-bin/B-base,155,"(.25,.5]",0.375,0.125,0.4375,0.3125,0.375,0.625,0.25,0.3125,0.5625,0.25
75,B-bin/A-base,155,"(0,.25]",0.125,0.375,0.4375,0.0625,0.4375,0.625,0.1875,0.4375,0.5625,0.125
75,A-bin/B-base,156,"(.5,.75]",0.5625,0.6875,0.75,0.0625,0.75,0.9375,0.1875,0.875,0.8125,-0.0625
75,B-bin/A-base,156,"(.5,.75]",0.6875,0.5625,0.75,0.1875,0.5625,0.9375,0.375,0.9375,0.8125,-0.125
75,A-bin/B-base,157,"(.25,.5]",0.3125,0.5,0.625,0.125,0.5,0.75,0.25,0.75,0.75,0.0
75,B-bin/A-base,157,"(.25,.5]",0.5,0.3125,0.625,0.3125,0.3125,0.75,0.4375,0.5,0.75,0.25
75,A-bin/B-base,158,"(.25,.5]",0.4375,0.0625,0.5625,0.5,0.1875,0.5625,0.375,0.5,0.75,0.25
75,B-bin/A-base,158,"(0,.25]",0.0625,0.4375,0.5625,0.125,0.5625,0.5625,0.0,0.625,0.75,0.125
75,A-bin/B-base,159,"(0,.25]",0.0625,0.0625,0.125,0.0625,0.3125,0.625,0.3125,0.125,0.25,0.125
75,B-bin/A-base,159,"(0,.25]",0.0625,0.0625,0.125,0.0625,0.25,0.625,0.375,0.125,0.25,0.125
75,A-bin/B-base,160,0,0.0,0.0,0.0,0.0,0.3125,0.875,0.5625,0.0,0.0,0.0
75,B-bin/A-base,160,0,0.0,0.0,0.0,0.0,0.375,0.875,0.5,0.0,0.0,0.0
75,A-bin/B-base,161,"(.75,1)",0.875,0.6875,0.625,-0.0625,0.8125,0.9375,0.125,0.75,0.625,-0.125
75,B-bin/A-base,161,"(.5,.75]",0.6875,0.875,0.625,-0.25,0.9375,0.9375,0.0,0.875,0.625,-0.25
75,A-bin/B-base,162,"(0,.25]",0.0625,0.1875,0.125,-0.0625,0.375,0.8125,0.4375,0.1875,0.125,-0.0625
75,B-bin/A-base,162,"(0,.25]",0.1875,0.0625,0.125,0.0625,0.3125,0.8125,0.5,0.125,0.125,0.0
75,A-bin/B-base,163,"(.25,.5]",0.5,0.625,0.5625,-0.0625,0.6875,0.75,0.0625,0.8125,0.5625,-0.25
75,B-bin/A-base,163,"(.5,.75]",0.625,0.5,0.5625,0.0625,0.625,0.75,0.125,0.75,0.5625,-0.1875
75,A-bin/B-base,164,"(.5,.75]",0.5625,0.5,0.75,0.25,0.6875,0.9375,0.25,0.625,0.8125,0.1875
75,B-bin/A-base,164,"(.25,.5]",0.5,0.5625,0.75,0.1875,0.8125,0.9375,0.125,0.6875,0.8125,0.125
75,A-bin/B-base,165,0,0.0,0.0,0.25,0.25,0.375,0.625,0.25,0.0,0.25,0.25
75,B-bin/A-base,165,0,0.0,0.0,0.25,0.25,0.0,0.625,0.625,0.0625,0.25,0.1875
75,A-bin/B-base,166,"(0,.25]",0.125,0.125,0.5,0.375,0.25,0.625,0.375,0.1875,0.6875,0.5
75,B-bin/A-base,166,"(0,.25]",0.125,0.125,0.5,0.375,0.125,0.625,0.5,0.5625,0.6875,0.125
75,A-bin/B-base,167,0,0.0,0.0,0.0,0.0,0.5,0.8125,0.3125,0.0,0.0,0.0
75,B-bin/A-base,167,0,0.0,0.0,0.0,0.0,0.5,0.8125,0.3125,0.0,0.0,0.0
75,A-bin/B-base,168,"(.75,1)",0.8125,0.875,0.8125,-0.0625,0.875,0.9375,0.0625,0.875,0.875,0.0
75,B-bin/A-base,168,"(.75,1)",0.875,0.8125,0.8125,0.0,0.875,0.9375,0.0625,0.9375,0.875,-0.0625
75,A-bin/B-base,169,"(0,.25]",0.125,0.0,0.375,0.375,0.25,0.6875,0.4375,0.1875,0.375,0.1875
75,B-bin/A-base,169,0,0.0,0.125,0.375,0.25,0.25,0.6875,0.4375,0.25,0.375,0.125
75,A-bin/B-base,170,"(.5,.75]",0.5625,0.5625,0.75,0.1875,0.625,0.9375,0.3125,0.75,0.75,0.0
75,B-bin/A-base,170,"(.5,.75]",0.5625,0.5625,0.75,0.1875,0.5625,0.9375,0.375,0.75,0.75,0.0
75,A-bin/B-base,171,0,0.0,0.0625,0.25,0.1875,0.125,0.6875,0.5625,0.125,0.3125,0.1875
75,B-bin/A-base,171,"(0,.25]",0.0625,0.0,0.25,0.25,0.0625,0.6875,0.625,0.1875,0.3125,0.125
75,A-bin/B-base,172,"(.5,.75]",0.5625,0.5625,0.875,0.3125,0.5625,0.9375,0.375,0.8125,0.9375,0.125
75,B-bin/A-base,172,"(.5,.75]",0.5625,0.5625,0.875,0.3125,0.625,0.9375,0.3125,0.875,0.9375,0.0625
75,A-bin/B-base,173,"(0,.25]",0.125,0.0,0.1875,0.1875,0.0,0.375,0.375,0.0,0.25,0.25
75,B-bin/A-base,173,0,0.0,0.125,0.1875,0.0625,0.1875,0.375,0.1875,0.25,0.25,0.0
75,A-bin/B-base,174,"(.5,.75]",0.625,0.5,0.625,0.125,0.625,0.75,0.125,0.75,0.6875,-0.0625
75,B-bin/A-base,174,"(.25,.5]",0.5,0.625,0.625,0.0,0.6875,0.75,0.0625,0.8125,0.6875,-0.125
75,A-bin/B-base,175,"(0,.25]",0.0625,0.1875,0.4375,0.25,0.1875,0.5,0.3125,0.5,0.5625,0.0625
75,B-bin/A-base,175,"(0,.25]",0.1875,0.0625,0.4375,0.375,0.0625,0.5,0.4375,0.4375,0.5625,0.125
75,A-bin/B-base,176,1,1.0,0.8125,0.875,0.0625,0.8125,0.9375,0.125,0.9375,0.9375,0.0
75,B-bin/A-base,176,"(.75,1)",0.8125,1.0,0.875,-0.125,1.0,0.9375,-0.0625,1.0,0.9375,-0.0625
75,A-bin/B-base,177,"(.25,.5]",0.375,0.3125,0.3125,0.0,0.375,0.6875,0.3125,0.375,0.4375,0.0625
75,B-bin/A-base,177,"(.25,.5]",0.3125,0.375,0.3125,-0.0625,0.625,0.6875,0.0625,0.5625,0.4375,-0.125
75,A-bin/B-base,178,"(.25,.5]",0.5,0.5,0.5625,0.0625,0.5625,0.875,0.3125,0.6875,0.6875,0.0
75,B-bin/A-base,178,"(.25,.5]",0.5,0.5,0.5625,0.0625,0.5625,0.875,0.3125,0.75,0.6875,-0.0625
75,A-bin/B-base,179,"(.25,.5]",0.3125,0.5625,0.875,0.3125,0.6875,0.9375,0.25,0.625,0.9375,0.3125
75,B-bin/A-base,179,"(.5,.75]",0.5625,0.3125,0.875,0.5625,0.375,0.9375,0.5625,0.6875,0.9375,0.25
75,A-bin/B-base,180,"(.75,1)",0.875,0.75,0.875,0.125,0.75,0.9375,0.1875,0.9375,0.875,-0.0625
75,B-bin/A-base,180,"(.5,.75]",0.75,0.875,0.875,0.0,0.875,0.9375,0.0625,0.9375,0.875,-0.0625
75,A-bin/B-base,181,"(0,.25]",0.125,0.0625,0.125,0.0625,0.125,0.3125,0.1875,0.125,0.25,0.125
75,B-bin/A-base,181,"(0,.25]",0.0625,0.125,0.125,0.0,0.25,0.3125,0.0625,0.375,0.25,-0.125
75,A-bin/B-base,182,"(0,.25]",0.25,0.0625,0.3125,0.25,0.375,0.75,0.375,0.125,0.3125,0.1875
75,B-bin/A-base,182,"(0,.25]",0.0625,0.25,0.3125,0.0625,0.4375,0.75,0.3125,0.25,0.3125,0.0625
75,A-bin/B-base,183,"(0,.25]",0.0625,0.0625,0.4375,0.375,0.125,0.6875,0.5625,0.25,0.5,0.25
75,B-bin/A-base,183,"(0,.25]",0.0625,0.0625,0.4375,0.375,0.1875,0.6875,0.5,0.1875,0.5,0.3125
75,A-bin/B-base,184,0,0.0,0.125,0.125,0.0,0.4375,0.5625,0.125,0.125,0.1875,0.0625
75,B-bin/A-base,184,"(0,.25]",0.125,0.0,0.125,0.125,0.0625,0.5625,0.5,0.0625,0.1875,0.125
75,A-bin/B-base,185,"(.75,1)",0.8125,0.875,0.9375,0.0625,0.875,1.0,0.125,1.0,0.9375,-0.0625
75,B-bin/A-base,185,"(.75,1)",0.875,0.8125,0.9375,0.125,0.8125,1.0,0.1875,0.9375,0.9375,0.0
75,A-bin/B-base,186,"(.5,.75]",0.625,0.625,0.9375,0.3125,0.6875,1.0,0.3125,0.8125,0.9375,0.125
75,B-bin/A-base,186,"(.5,.75]",0.625,0.625,0.9375,0.3125,0.6875,1.0,0.3125,0.9375,0.9375,0.0
75,A-bin/B-base,187,"(0,.25]",0.0625,0.0,0.0,0.0,0.0625,0.1875,0.125,0.0625,0.0,-0.0625
75,B-bin/A-base,187,0,0.0,0.0625,0.0,-0.0625,0.0625,0.1875,0.125,0.0625,0.0,-0.0625
75,A-bin/B-base,188,"(.75,1)",0.875,0.9375,0.8125,-0.125,0.9375,0.875,-0.0625,1.0,0.9375,-0.0625
75,B-bin/A-base,188,"(.75,1)",0.9375,0.875,0.8125,-0.0625,0.875,0.875,0.0,1.0,0.9375,-0.0625
75,A-bin/B-base,189,"(0,.25]",0.25,0.1875,0.3125,0.125,0.3125,0.4375,0.125,0.5625,0.375,-0.1875
75,B-bin/A-base,189,"(0,.25]",0.1875,0.25,0.3125,0.0625,0.375,0.4375,0.0625,0.375,0.375,0.0
75,A-bin/B-base,190,"(0,.25]",0.125,0.0,0.25,0.25,0.125,0.6875,0.5625,0.0625,0.3125,0.25
75,B-bin/A-base,190,0,0.0,0.125,0.25,0.125,0.375,0.6875,0.3125,0.3125,0.3125,0.0
75,A-bin/B-base,191,0,0.0,0.0,0.0,0.0,0.1875,0.4375,0.25,0.0625,0.0,-0.0625
75,B-bin/A-base,191,0,0.0,0.0,0.0,0.0,0.125,0.4375,0.3125,0.0625,0.0,-0.0625
75,A-bin/B-base,192,"(0,.25]",0.25,0.3125,0.3125,0.0,0.375,0.6875,0.3125,0.4375,0.3125,-0.125
75,B-bin/A-base,192,"(.25,.5]",0.3125,0.25,0.3125,0.0625,0.25,0.6875,0.4375,0.625,0.3125,-0.3125
75,A-bin/B-base,193,"(.25,.5]",0.5,0.1875,0.3125,0.125,0.4375,0.75,0.3125,0.3125,0.3125,0.0
75,B-bin/A-base,193,"(0,.25]",0.1875,0.5,0.3125,-0.1875,0.5625,0.75,0.1875,0.5,0.3125,-0.1875
75,A-bin/B-base,194,"(0,.25]",0.25,0.25,0.75,0.5,0.5625,0.9375,0.375,0.375,0.8125,0.4375
75,B-bin/A-base,194,"(0,.25]",0.25,0.25,0.75,0.5,0.4375,0.9375,0.5,0.375,0.8125,0.4375
75,A-bin/B-base,195,"(.5,.75]",0.5625,0.6875,1.0,0.3125,0.6875,1.0,0.3125,0.9375,1.0,0.0625
75,B-bin/A-base,195,"(.5,.75]",0.6875,0.5625,1.0,0.4375,0.5625,1.0,0.4375,0.875,1.0,0.125
75,A-bin/B-base,196,"(.25,.5]",0.5,0.625,0.875,0.25,0.6875,0.9375,0.25,0.875,0.875,0.0
75,B-bin/A-base,196,"(.5,.75]",0.625,0.5,0.875,0.375,0.5625,0.9375,0.375,0.75,0.875,0.125
75,A-bin/B-base,197,"(0,.25]",0.1875,0.3125,0.5,0.1875,0.375,0.625,0.25,0.75,0.6875,-0.0625
75,B-bin/A-base,197,"(.25,.5]",0.3125,0.1875,0.5,0.3125,0.1875,0.625,0.4375,0.5,0.6875,0.1875
75,A-bin/B-base,198,"(0,.25]",0.1875,0.125,0.25,0.125,0.1875,0.5,0.3125,0.125,0.3125,0.1875
75,B-bin/A-base,198,"(0,.25]",0.125,0.1875,0.25,0.0625,0.1875,0.5,0.3125,0.1875,0.3125,0.125
75,A-bin/B-base,199,"(0,.25]",0.1875,0.0,0.1875,0.1875,0.0,0.4375,0.4375,0.0,0.1875,0.1875
75,B-bin/A-base,199,0,0.0,0.1875,0.1875,0.0,0.1875,0.4375,0.25,0.3125,0.1875,-0.125
75,A-bin/B-base,200,"(.25,.5]",0.375,0.6875,0.6875,0.0,0.6875,0.9375,0.25,0.8125,0.6875,-0.125
75,B-bin/A-base,200,"(.5,.75]",0.6875,0.375,0.6875,0.3125,0.4375,0.9375,0.5,0.625,0.6875,0.0625
75,A-bin/B-base,201,"(0,.25]",0.0625,0.0625,0.25,0.1875,0.1875,0.5625,0.375,0.125,0.3125,0.1875
75,B-bin/A-base,201,"(0,.25]",0.0625,0.0625,0.25,0.1875,0.25,0.5625,0.3125,0.125,0.3125,0.1875
75,A-bin/B-base,202,"(.75,1)",0.875,0.875,0.8125,-0.0625,0.9375,0.9375,0.0,0.9375,0.8125,-0.125
75,B-bin/A-base,202,"(.75,1)",0.875,0.875,0.8125,-0.0625,0.875,0.9375,0.0625,1.0,0.8125,-0.1875
75,A-bin/B-base,203,"(.75,1)",0.8125,0.8125,1.0,0.1875,0.8125,1.0,0.1875,0.9375,1.0,0.0625
75,B-bin/A-base,203,"(.75,1)",0.8125,0.8125,1.0,0.1875,0.875,1.0,0.125,0.9375,1.0,0.0625
75,A-bin/B-base,204,"(0,.25]",0.25,0.375,0.375,0.0,0.4375,0.6875,0.25,0.5,0.5,0.0
75,B-bin/A-base,204,"(.25,.5]",0.375,0.25,0.375,0.125,0.3125,0.6875,0.375,0.4375,0.5,0.0625
75,A-bin/B-base,205,"(0,.25]",0.125,0.25,0.0625,-0.1875,0.375,0.6875,0.3125,0.25,0.0625,-0.1875
75,B-bin/A-base,205,"(0,.25]",0.25,0.125,0.0625,-0.0625,0.375,0.6875,0.3125,0.125,0.0625,-0.0625
75,A-bin/B-base,206,"(0,.25]",0.25,0.4375,0.4375,0.0,0.4375,0.5,0.0625,0.5625,0.5625,0.0
75,B-bin/A-base,206,"(.25,.5]",0.4375,0.25,0.4375,0.1875,0.25,0.5,0.25,0.6875,0.5625,-0.125
75,A-bin/B-base,207,"(.25,.5]",0.5,0.5625,0.75,0.1875,0.625,0.875,0.25,0.75,0.8125,0.0625
75,B-bin/A-base,207,"(.5,.75]",0.5625,0.5,0.75,0.25,0.5625,0.875,0.3125,0.6875,0.8125,0.125
75,A-bin/B-base,208,"(.5,.75]",0.6875,0.75,0.9375,0.1875,0.75,1.0,0.25,0.9375,0.9375,0.0
75,B-bin/A-base,208,"(.5,.75]",0.75,0.6875,0.9375,0.25,0.6875,1.0,0.3125,0.875,0.9375,0.0625
75,A-bin/B-base,209,"(.5,.75]",0.5625,0.5,0.875,0.375,0.5,0.9375,0.4375,0.8125,0.9375,0.125
75,B-bin/A-base,209,"(.25,.5]",0.5,0.5625,0.875,0.3125,0.625,0.9375,0.3125,0.625,0.9375,0.3125
75,A-bin/B-base,210,"(.25,.5]",0.3125,0.25,0.4375,0.1875,0.375,0.625,0.25,0.6875,0.5625,-0.125
75,B-bin/A-base,210,"(0,.25]",0.25,0.3125,0.4375,0.125,0.375,0.625,0.25,0.4375,0.5625,0.125
75,A-bin/B-base,211,"(0,.25]",0.0625,0.125,0.3125,0.1875,0.5,0.8125,0.3125,0.1875,0.3125,0.125
75,B-bin/A-base,211,"(0,.25]",0.125,0.0625,0.3125,0.25,0.4375,0.8125,0.375,0.3125,0.3125,0.0
75,A-bin/B-base,212,0,0.0,0.0,0.0,0.0,0.0,0.0625,0.0625,0.25,0.0,-0.25
75,B-bin/A-base,212,0,0.0,0.0,0.0,0.0,0.0625,0.0625,0.0,0.125,0.0,-0.125
75,A-bin/B-base,213,"(.5,.75]",0.5625,0.625,0.8125,0.1875,0.6875,0.875,0.1875,0.8125,0.9375,0.125
75,B-bin/A-base,213,"(.5,.75]",0.625,0.5625,0.8125,0.25,0.5625,0.875,0.3125,0.75,0.9375,0.1875
75,A-bin/B-base,214,"(0,.25]",0.0625,0.0,0.0,0.0,0.375,0.875,0.5,0.0,0.0,0.0
75,B-bin/A-base,214,0,0.0,0.0625,0.0,-0.0625,0.3125,0.875,0.5625,0.0625,0.0,-0.0625
75,A-bin/B-base,215,"(.25,.5]",0.5,0.75,1.0,0.25,0.75,1.0,0.25,0.9375,1.0,0.0625
75,B-bin/A-base,215,"(.5,.75]",0.75,0.5,1.0,0.5,0.5625,1.0,0.4375,0.875,1.0,0.125
75,A-bin/B-base,216,"(.5,.75]",0.75,0.5,0.8125,0.3125,0.5,0.8125,0.3125,0.8125,0.8125,0.0
75,B-bin/A-base,216,"(.25,.5]",0.5,0.75,0.8125,0.0625,0.75,0.8125,0.0625,1.0,0.8125,-0.1875
75,A-bin/B-base,217,"(0,.25]",0.1875,0.0625,0.25,0.1875,0.0625,0.3125,0.25,0.3125,0.3125,0.0
75,B-bin/A-base,217,"(0,.25]",0.0625,0.1875,0.25,0.0625,0.1875,0.3125,0.125,0.375,0.3125,-0.0625
75,A-bin/B-base,218,"(0,.25]",0.125,0.125,0.125,0.0,0.75,0.75,0.0,0.1875,0.1875,0.0
75,B-bin/A-base,218,"(0,.25]",0.125,0.125,0.125,0.0,0.4375,0.75,0.3125,0.1875,0.1875,0.0
75,A-bin/B-base,219,"(0,.25]",0.0625,0.0,0.1875,0.1875,0.125,0.6875,0.5625,0.1875,0.1875,0.0
75,B-bin/A-base,219,0,0.0,0.0625,0.1875,0.125,0.3125,0.6875,0.375,0.3125,0.1875,-0.125
75,A-bin/B-base,220,"(0,.25]",0.0625,0.125,0.1875,0.0625,0.125,0.3125,0.1875,0.3125,0.3125,0.0
75,B-bin/A-base,220,"(0,.25]",0.125,0.0625,0.1875,0.125,0.125,0.3125,0.1875,0.25,0.3125,0.0625
75,A-bin/B-base,221,"(.75,1)",0.875,0.875,1.0,0.125,0.875,1.0,0.125,0.9375,1.0,0.0625
75,B-bin/A-base,221,"(.75,1)",0.875,0.875,1.0,0.125,0.875,1.0,0.125,1.0,1.0,0.0
75,A-bin/B-base,222,"(0,.25]",0.25,0.4375,0.4375,0.0,0.5,0.75,0.25,0.5,0.5,0.0
75,B-bin/A-base,222,"(.25,.5]",0.4375,0.25,0.4375,0.1875,0.5,0.75,0.25,0.375,0.5,0.125
75,A-bin/B-base,223,"(0,.25]",0.125,0.0625,0.3125,0.25,0.125,0.4375,0.3125,0.3125,0.4375,0.125
75,B-bin/A-base,223,"(0,.25]",0.0625,0.125,0.3125,0.1875,0.3125,0.4375,0.125,0.1875,0.4375,0.25
75,A-bin/B-base,224,0,0.0,0.0,0.3125,0.3125,0.0,0.5625,0.5625,0.25,0.375,0.125
75,B-bin/A-base,224,0,0.0,0.0,0.3125,0.3125,0.1875,0.5625,0.375,0.0625,0.375,0.3125
75,A-bin/B-base,225,"(0,.25]",0.0625,0.0,0.3125,0.3125,0.0625,0.6875,0.625,0.1875,0.375,0.1875
75,B-bin/A-base,225,0,0.0,0.0625,0.3125,0.25,0.125,0.6875,0.5625,0.125,0.375,0.25
75,A-bin/B-base,226,"(0,.25]",0.1875,0.4375,0.375,-0.0625,0.5625,0.6875,0.125,0.625,0.4375,-0.1875
75,B-bin/A-base,226,"(.25,.5]",0.4375,0.1875,0.375,0.1875,0.3125,0.6875,0.375,0.25,0.4375,0.1875
75,A-bin/B-base,227,"(.5,.75]",0.625,0.75,0.875,0.125,0.8125,0.875,0.0625,0.875,0.875,0.0
75,B-bin/A-base,227,"(.5,.75]",0.75,0.625,0.875,0.25,0.625,0.875,0.25,0.9375,0.875,-0.0625
75,A-bin/B-base,228,"(0,.25]",0.125,0.0,0.0,0.0,0.5625,0.875,0.3125,0.0625,0.0,-0.0625
75,B-bin/A-base,228,0,0.0,0.125,0.0,-0.125,0.6875,0.875,0.1875,0.1875,0.0,-0.1875
75,A-bin/B-base,229,"(0,.25]",0.1875,0.0625,0.1875,0.125,0.6875,0.8125,0.125,0.125,0.25,0.125
75,B-bin/A-base,229,"(0,.25]",0.0625,0.1875,0.1875,0.0,0.75,0.8125,0.0625,0.1875,0.25,0.0625
75,A-bin/B-base,230,"(0,.25]",0.125,0.0625,0.25,0.1875,0.25,0.625,0.375,0.125,0.3125,0.1875
75,B-bin/A-base,230,"(0,.25]",0.0625,0.125,0.25,0.125,0.4375,0.625,0.1875,0.125,0.3125,0.1875
75,A-bin/B-base,231,"(0,.25]",0.0625,0.125,0.0625,-0.0625,0.1875,0.375,0.1875,0.125,0.0625,-0.0625
75,B-bin/A-base,231,"(0,.25]",0.125,0.0625,0.0625,0.0,0.125,0.375,0.25,0.125,0.0625,-0.0625
75,A-bin/B-base,232,0,0.0,0.0,0.0,0.0,0.4375,0.5625,0.125,0.0,0.0,0.0
75,B-bin/A-base,232,0,0.0,0.0,0.0,0.0,0.375,0.5625,0.1875,0.0,0.0,0.0
75,A-bin/B-base,233,"(.25,.5]",0.5,0.375,0.4375,0.0625,0.6875,0.8125,0.125,0.4375,0.5,0.0625
75,B-bin/A-base,233,"(.25,.5]",0.375,0.5,0.4375,-0.0625,0.75,0.8125,0.0625,0.625,0.5,-0.125
75,A-bin/B-base,234,0,0.0,0.0,0.25,0.25,0.125,0.4375,0.3125,0.0,0.25,0.25
75,B-bin/A-base,234,0,0.0,0.0,0.25,0.25,0.125,0.4375,0.3125,0.0,0.25,0.25
75,A-bin/B-base,235,"(0,.25]",0.0625,0.125,0.125,0.0,0.3125,0.6875,0.375,0.375,0.125,-0.25
75,B-bin/A-base,235,"(0,.25]",0.125,0.0625,0.125,0.0625,0.0625,0.6875,0.625,0.1875,0.125,-0.0625
75,A-bin/B-base,236,"(.75,1)",0.9375,0.75,1.0,0.25,0.75,1.0,0.25,0.8125,1.0,0.1875
75,B-bin/A-base,236,"(.5,.75]",0.75,0.9375,1.0,0.0625,0.9375,1.0,0.0625,1.0,1.0,0.0
75,A-bin/B-base,237,"(0,.25]",0.0625,0.0,0.0,0.0,0.125,0.3125,0.1875,0.0625,0.0,-0.0625
75,B-bin/A-base,237,0,0.0,0.0625,0.0,-0.0625,0.0625,0.3125,0.25,0.0625,0.0,-0.0625
75,A-bin/B-base,238,"(.25,.5]",0.375,0.4375,0.6875,0.25,0.5,0.8125,0.3125,0.75,0.75,0.0
75,B-bin/A-base,238,"(.25,.5]",0.4375,0.375,0.6875,0.3125,0.4375,0.8125,0.375,0.875,0.75,-0.125
75,A-bin/B-base,239,"(0,.25]",0.25,0.125,0.1875,0.0625,0.125,0.375,0.25,0.125,0.1875,0.0625
75,B-bin/A-base,239,"(0,.25]",0.125,0.25,0.1875,-0.0625,0.25,0.375,0.125,0.375,0.1875,-0.1875
75,A-bin/B-base,240,"(.25,.5]",0.5,0.625,0.9375,0.3125,0.625,1.0,0.375,1.0,0.9375,-0.0625
75,B-bin/A-base,240,"(.5,.75]",0.625,0.5,0.9375,0.4375,0.5625,1.0,0.4375,0.8125,0.9375,0.125
75,A-bin/B-base,241,"(.5,.75]",0.625,0.3125,0.8125,0.5,0.3125,0.8125,0.5,0.6875,0.9375,0.25
75,B-bin/A-base,241,"(.25,.5]",0.3125,0.625,0.8125,0.1875,0.6875,0.8125,0.125,0.6875,0.9375,0.25
75,A-bin/B-base,242,"(.5,.75]",0.75,0.375,0.6875,0.3125,0.375,0.8125,0.4375,0.6875,0.75,0.0625
75,B-bin/A-base,242,"(.25,.5]",0.375,0.75,0.6875,-0.0625,0.8125,0.8125,0.0,0.9375,0.75,-0.1875
75,A-bin/B-base,243,"(0,.25]",0.0625,0.0625,0.25,0.1875,0.125,0.8125,0.6875,0.0625,0.25,0.1875
75,B-bin/A-base,243,"(0,.25]",0.0625,0.0625,0.25,0.1875,0.4375,0.8125,0.375,0.1875,0.25,0.0625
75,A-bin/B-base,244,"(.75,1)",0.875,0.75,1.0,0.25,0.75,1.0,0.25,0.9375,1.0,0.0625
75,B-bin/A-base,244,"(.5,.75]",0.75,0.875,1.0,0.125,0.875,1.0,0.125,0.9375,1.0,0.0625
75,A-bin/B-base,245,"(.25,.5]",0.375,0.375,0.875,0.5,0.4375,0.9375,0.5,0.625,0.875,0.25
75,B-bin/A-base,245,"(.25,.5]",0.375,0.375,0.875,0.5,0.5,0.9375,0.4375,0.5625,0.875,0.3125
75,A-bin/B-base,246,"(0,.25]",0.0625,0.0625,0.3125,0.25,0.0625,0.75,0.6875,0.125,0.4375,0.3125
75,B-bin/A-base,246,"(0,.25]",0.0625,0.0625,0.3125,0.25,0.125,0.75,0.625,0.125,0.4375,0.3125
75,A-bin/B-base,247,0,0.0,0.0,0.25,0.25,0.25,0.5625,0.3125,0.0625,0.25,0.1875
75,B-bin/A-base,247,0,0.0,0.0,0.25,0.25,0.25,0.5625,0.3125,0.125,0.25,0.125
75,A-bin/B-base,248,0,0.0,0.0,0.125,0.125,0.0625,0.5625,0.5,0.0625,0.1875,0.125
75,B-bin/A-base,248,0,0.0,0.0,0.125,0.125,0.1875,0.5625,0.375,0.0625,0.1875,0.125
75,A-bin/B-base,249,"(.5,.75]",0.625,0.75,0.9375,0.1875,0.75,0.9375,0.1875,0.875,0.9375,0.0625
75,B-bin/A-base,249,"(.5,.75]",0.75,0.625,0.9375,0.3125,0.625,0.9375,0.3125,0.875,0.9375,0.0625
75,A-bin/B-base,250,0,0.0,0.125,0.125,0.0,0.4375,0.625,0.1875,0.3125,0.1875,-0.125
75,B-bin/A-base,250,"(0,.25]",0.125,0.0,0.125,0.125,0.25,0.625,0.375,0.0625,0.1875,0.125
75,A-bin/B-base,251,"(0,.25]",0.1875,0.125,0.0625,-0.0625,0.375,0.625,0.25,0.125,0.125,0.0
75,B-bin/A-base,251,"(0,.25]",0.125,0.1875,0.0625,-0.125,0.4375,0.625,0.1875,0.3125,0.125,-0.1875
75,A-bin/B-base,252,"(.5,.75]",0.5625,0.8125,0.75,-0.0625,0.8125,0.8125,0.0,1.0,0.75,-0.25
75,B-bin/A-base,252,"(.75,1)",0.8125,0.5625,0.75,0.1875,0.5625,0.8125,0.25,0.8125,0.75,-0.0625
75,A-bin/B-base,253,0,0.0,0.125,0.4375,0.3125,0.125,0.5625,0.4375,0.4375,0.625,0.1875
75,B-bin/A-base,253,"(0,.25]",0.125,0.0,0.4375,0.4375,0.0,0.5625,0.5625,0.125,0.625,0.5
75,A-bin/B-base,254,"(.25,.5]",0.3125,0.25,0.8125,0.5625,0.3125,0.8125,0.5,0.625,0.875,0.25
75,B-bin/A-base,254,"(0,.25]",0.25,0.3125,0.8125,0.5,0.3125,0.8125,0.5,0.5625,0.875,0.3125
75,A-bin/B-base,255,"(.5,.75]",0.625,0.6875,0.625,-0.0625,0.75,0.75,0.0,0.8125,0.75,-0.0625
75,B-bin/A-base,255,"(.5,.75]",0.6875,0.625,0.625,0.0,0.75,0.75,0.0,0.8125,0.75,-0.0625
80,A-bin/B-base,0,"(.75,1)",0.8125,0.875,0.8125,-0.0625,0.875,0.875,0.0,0.9375,0.9375,0.0
80,B-bin/A-base,0,"(.75,1)",0.875,0.8125,0.8125,0.0,0.8125,0.875,0.0625,0.8125,0.9375,0.125
80,A-bin/B-base,1,"(0,.25]",0.25,0.3125,0.625,0.3125,0.5,0.9375,0.4375,0.5,0.625,0.125
80,B-bin/A-base,1,"(.25,.5]",0.3125,0.25,0.625,0.375,0.3125,0.9375,0.625,0.4375,0.625,0.1875
80,A-bin/B-base,2,"(0,.25]",0.125,0.4375,0.6875,0.25,0.5625,0.875,0.3125,0.5625,0.75,0.1875
80,B-bin/A-base,2,"(.25,.5]",0.4375,0.125,0.6875,0.5625,0.1875,0.875,0.6875,0.5,0.75,0.25
80,A-bin/B-base,3,"(.5,.75]",0.5625,0.6875,0.8125,0.125,0.6875,0.875,0.1875,0.875,0.875,0.0
80,B-bin/A-base,3,"(.5,.75]",0.6875,0.5625,0.8125,0.25,0.625,0.875,0.25,0.75,0.875,0.125
80,A-bin/B-base,4,"(0,.25]",0.125,0.375,0.375,0.0,0.5,0.875,0.375,0.4375,0.4375,0.0
80,B-bin/A-base,4,"(.25,.5]",0.375,0.125,0.375,0.25,0.4375,0.875,0.4375,0.1875,0.4375,0.25
80,A-bin/B-base,5,"(.25,.5]",0.375,0.625,0.75,0.125,0.6875,0.75,0.0625,0.8125,0.875,0.0625
80,B-bin/A-base,5,"(.5,.75]",0.625,0.375,0.75,0.375,0.4375,0.75,0.3125,0.6875,0.875,0.1875
80,A-bin/B-base,6,"(.5,.75]",0.6875,0.625,0.875,0.25,0.625,1.0,0.375,0.875,0.875,0.0
80,B-bin/A-base,6,"(.5,.75]",0.625,0.6875,0.875,0.1875,0.75,1.0,0.25,0.875,0.875,0.0
80,A-bin/B-base,7,0,0.0,0.0,0.0,0.0,0.125,0.4375,0.3125,0.0,0.0,0.0
80,B-bin/A-base,7,0,0.0,0.0,0.0,0.0,0.0,0.4375,0.4375,0.0,0.0,0.0
80,A-bin/B-base,8,"(0,.25]",0.1875,0.125,0.375,0.25,0.3125,0.6875,0.375,0.1875,0.4375,0.25
80,B-bin/A-base,8,"(0,.25]",0.125,0.1875,0.375,0.1875,0.375,0.6875,0.3125,0.3125,0.4375,0.125
80,A-bin/B-base,9,"(0,.25]",0.1875,0.0,0.0625,0.0625,0.25,0.5625,0.3125,0.0,0.0625,0.0625
80,B-bin/A-base,9,0,0.0,0.1875,0.0625,-0.125,0.5,0.5625,0.0625,0.25,0.0625,-0.1875
80,A-bin/B-base,10,0,0.0,0.0625,0.0625,0.0,0.125,0.125,0.0,0.125,0.0625,-0.0625
80,B-bin/A-base,10,"(0,.25]",0.0625,0.0,0.0625,0.0625,0.0,0.125,0.125,0.0625,0.0625,0.0
80,A-bin/B-base,11,0,0.0,0.0625,0.1875,0.125,0.0625,0.3125,0.25,0.0625,0.25,0.1875
80,B-bin/A-base,11,"(0,.25]",0.0625,0.0,0.1875,0.1875,0.0,0.3125,0.3125,0.0,0.25,0.25
80,A-bin/B-base,12,"(.25,.5]",0.4375,0.625,0.9375,0.3125,0.625,0.9375,0.3125,0.8125,0.9375,0.125
80,B-bin/A-base,12,"(.5,.75]",0.625,0.4375,0.9375,0.5,0.4375,0.9375,0.5,0.875,0.9375,0.0625
80,A-bin/B-base,13,"(0,.25]",0.1875,0.0625,0.3125,0.25,0.25,0.8125,0.5625,0.25,0.3125,0.0625
80,B-bin/A-base,13,"(0,.25]",0.0625,0.1875,0.3125,0.125,0.4375,0.8125,0.375,0.3125,0.3125,0.0
80,A-bin/B-base,14,"(0,.25]",0.25,0.1875,0.6875,0.5,0.375,0.8125,0.4375,0.5625,0.8125,0.25
80,B-bin/A-base,14,"(0,.25]",0.1875,0.25,0.6875,0.4375,0.3125,0.8125,0.5,0.4375,0.8125,0.375
80,A-bin/B-base,15,0,0.0,0.0,0.0625,0.0625,0.5,0.4375,-0.0625,0.0,0.0625,0.0625
80,B-bin/A-base,15,0,0.0,0.0,0.0625,0.0625,0.0,0.4375,0.4375,0.0,0.0625,0.0625
80,A-bin/B-base,16,"(0,.25]",0.125,0.125,0.375,0.25,0.25,0.5,0.25,0.1875,0.5,0.3125
80,B-bin/A-base,16,"(0,.25]",0.125,0.125,0.375,0.25,0.125,0.5,0.375,0.1875,0.5,0.3125
80,A-bin/B-base,17,"(0,.25]",0.125,0.0625,0.125,0.0625,0.1875,0.6875,0.5,0.1875,0.1875,0.0
80,B-bin/A-base,17,"(0,.25]",0.0625,0.125,0.125,0.0,0.375,0.6875,0.3125,0.1875,0.1875,0.0
80,A-bin/B-base,18,"(0,.25]",0.1875,0.0,0.0,0.0,0.1875,0.5625,0.375,0.125,0.0625,-0.0625
80,B-bin/A-base,18,0,0.0,0.1875,0.0,-0.1875,0.25,0.5625,0.3125,0.3125,0.0625,-0.25
80,A-bin/B-base,19,"(0,.25]",0.25,0.1875,0.375,0.1875,0.25,0.75,0.5,0.375,0.4375,0.0625
80,B-bin/A-base,19,"(0,.25]",0.1875,0.25,0.375,0.125,0.375,0.75,0.375,0.5,0.4375,-0.0625
80,A-bin/B-base,20,"(.75,1)",0.8125,0.875,0.875,0.0,0.875,0.9375,0.0625,1.0,0.9375,-0.0625
80,B-bin/A-base,20,"(.75,1)",0.875,0.8125,0.875,0.0625,0.8125,0.9375,0.125,1.0,0.9375,-0.0625
80,A-bin/B-base,21,"(0,.25]",0.125,0.125,0.625,0.5,0.125,0.8125,0.6875,0.25,0.625,0.375
80,B-bin/A-base,21,"(0,.25]",0.125,0.125,0.625,0.5,0.1875,0.8125,0.625,0.125,0.625,0.5
80,A-bin/B-base,22,0,0.0,0.0,0.1875,0.1875,0.25,0.5625,0.3125,0.0625,0.1875,0.125
80,B-bin/A-base,22,0,0.0,0.0,0.1875,0.1875,0.1875,0.5625,0.375,0.25,0.1875,-0.0625
80,A-bin/B-base,23,"(.5,.75]",0.5625,0.5,0.6875,0.1875,0.5625,0.8125,0.25,0.8125,0.75,-0.0625
80,B-bin/A-base,23,"(.25,.5]",0.5,0.5625,0.6875,0.125,0.5625,0.8125,0.25,0.6875,0.75,0.0625
80,A-bin/B-base,24,"(.5,.75]",0.625,0.5625,0.875,0.3125,0.5625,1.0,0.4375,0.6875,0.875,0.1875
80,B-bin/A-base,24,"(.5,.75]",0.5625,0.625,0.875,0.25,0.625,1.0,0.375,0.625,0.875,0.25
80,A-bin/B-base,25,"(.25,.5]",0.375,0.3125,0.75,0.4375,0.4375,0.8125,0.375,0.5625,0.875,0.3125
80,B-bin/A-base,25,"(.25,.5]",0.3125,0.375,0.75,0.375,0.4375,0.8125,0.375,0.625,0.875,0.25
80,A-bin/B-base,26,"(.5,.75]",0.6875,0.625,0.6875,0.0625,0.75,0.9375,0.1875,0.8125,0.75,-0.0625
80,B-bin/A-base,26,"(.5,.75]",0.625,0.6875,0.6875,0.0,0.6875,0.9375,0.25,1.0,0.75,-0.25
80,A-bin/B-base,27,"(0,.25]",0.0625,0.0625,0.1875,0.125,0.3125,0.625,0.3125,0.1875,0.1875,0.0
80,B-bin/A-base,27,"(0,.25]",0.0625,0.0625,0.1875,0.125,0.125,0.625,0.5,0.125,0.1875,0.0625
80,A-bin/B-base,28,"(.5,.75]",0.5625,0.5625,0.875,0.3125,0.5625,0.875,0.3125,0.9375,0.875,-0.0625
80,B-bin/A-base,28,"(.5,.75]",0.5625,0.5625,0.875,0.3125,0.5625,0.875,0.3125,0.9375,0.875,-0.0625
80,A-bin/B-base,29,"(0,.25]",0.125,0.1875,0.1875,0.0,0.3125,0.4375,0.125,0.3125,0.1875,-0.125
80,B-bin/A-base,29,"(0,.25]",0.1875,0.125,0.1875,0.0625,0.3125,0.4375,0.125,0.1875,0.1875,0.0
80,A-bin/B-base,30,"(0,.25]",0.0625,0.0625,0.1875,0.125,0.0625,0.25,0.1875,0.25,0.4375,0.1875
80,B-bin/A-base,30,"(0,.25]",0.0625,0.0625,0.1875,0.125,0.1875,0.25,0.0625,0.1875,0.4375,0.25
80,A-bin/B-base,31,"(.25,.5]",0.375,0.125,0.4375,0.3125,0.1875,0.875,0.6875,0.25,0.5,0.25
80,B-bin/A-base,31,"(0,.25]",0.125,0.375,0.4375,0.0625,0.5625,0.875,0.3125,0.5,0.5,0.0
80,A-bin/B-base,32,"(0,.25]",0.0625,0.25,0.1875,-0.0625,0.3125,0.25,-0.0625,0.5,0.5,0.0
80,B-bin/A-base,32,"(0,.25]",0.25,0.0625,0.1875,0.125,0.125,0.25,0.125,0.25,0.5,0.25
80,A-bin/B-base,33,"(.5,.75]",0.75,0.375,0.9375,0.5625,0.375,0.9375,0.5625,0.875,0.9375,0.0625
80,B-bin/A-base,33,"(.25,.5]",0.375,0.75,0.9375,0.1875,0.8125,0.9375,0.125,0.9375,0.9375,0.0
80,A-bin/B-base,34,"(.5,.75]",0.625,0.625,0.875,0.25,0.6875,1.0,0.3125,0.875,0.875,0.0
80,B-bin/A-base,34,"(.5,.75]",0.625,0.625,0.875,0.25,0.6875,1.0,0.3125,0.875,0.875,0.0
80,A-bin/B-base,35,"(.5,.75]",0.625,0.5625,0.8125,0.25,0.5625,0.8125,0.25,0.75,0.875,0.125
80,B-bin/A-base,35,"(.5,.75]",0.5625,0.625,0.8125,0.1875,0.875,0.8125,-0.0625,0.6875,0.875,0.1875
80,A-bin/B-base,36,"(.5,.75]",0.75,0.8125,0.75,-0.0625,0.8125,0.875,0.0625,0.875,0.8125,-0.0625
80,B-bin/A-base,36,"(.75,1)",0.8125,0.75,0.75,0.0,0.8125,0.875,0.0625,0.875,0.8125,-0.0625
80,A-bin/B-base,37,"(.25,.5]",0.5,0.6875,0.8125,0.125,0.6875,1.0,0.3125,0.8125,0.8125,0.0
80,B-bin/A-base,37,"(.5,.75]",0.6875,0.5,0.8125,0.3125,0.625,1.0,0.375,0.5625,0.8125,0.25
80,A-bin/B-base,38,"(0,.25]",0.125,0.0,0.125,0.125,0.25,0.625,0.375,0.0,0.25,0.25
80,B-bin/A-base,38,0,0.0,0.125,0.125,0.0,0.375,0.625,0.25,0.125,0.25,0.125
80,A-bin/B-base,39,"(.25,.5]",0.5,0.4375,0.625,0.1875,0.4375,0.75,0.3125,0.75,0.875,0.125
80,B-bin/A-base,39,"(.25,.5]",0.4375,0.5,0.625,0.125,0.5,0.75,0.25,0.6875,0.875,0.1875
80,A-bin/B-base,40,0,0.0,0.125,0.3125,0.1875,0.3125,0.6875,0.375,0.25,0.3125,0.0625
80,B-bin/A-base,40,"(0,.25]",0.125,0.0,0.3125,0.3125,0.0,0.6875,0.6875,0.125,0.3125,0.1875
80,A-bin/B-base,41,"(.75,1)",0.8125,0.75,1.0,0.25,0.8125,1.0,0.1875,0.9375,1.0,0.0625
80,B-bin/A-base,41,"(.5,.75]",0.75,0.8125,1.0,0.1875,0.875,1.0,0.125,0.9375,1.0,0.0625
80,A-bin/B-base,42,0,0.0,0.0625,0.0,-0.0625,0.1875,0.1875,0.0,0.0625,0.0,-0.0625
80,B-bin/A-base,42,"(0,.25]",0.0625,0.0,0.0,0.0,0.125,0.1875,0.0625,0.125,0.0,-0.125
80,A-bin/B-base,43,0,0.0,0.0625,0.1875,0.125,0.375,0.875,0.5,0.3125,0.1875,-0.125
80,B-bin/A-base,43,"(0,.25]",0.0625,0.0,0.1875,0.1875,0.375,0.875,0.5,0.0625,0.1875,0.125
80,A-bin/B-base,44,"(.5,.75]",0.625,0.75,0.8125,0.0625,0.875,1.0,0.125,0.75,0.8125,0.0625
80,B-bin/A-base,44,"(.5,.75]",0.75,0.625,0.8125,0.1875,0.6875,1.0,0.3125,0.8125,0.8125,0.0
80,A-bin/B-base,45,"(.5,.75]",0.625,0.5,0.5625,0.0625,0.5625,1.0,0.4375,0.75,0.5625,-0.1875
80,B-bin/A-base,45,"(.25,.5]",0.5,0.625,0.5625,-0.0625,0.625,1.0,0.375,0.8125,0.5625,-0.25
80,A-bin/B-base,46,"(.25,.5]",0.5,0.375,0.5625,0.1875,0.625,0.8125,0.1875,0.625,0.5625,-0.0625
80,B-bin/A-base,46,"(.25,.5]",0.375,0.5,0.5625,0.0625,0.6875,0.8125,0.125,0.75,0.5625,-0.1875
80,A-bin/B-base,47,"(.25,.5]",0.5,0.75,0.6875,-0.0625,0.75,0.6875,-0.0625,0.9375,0.875,-0.0625
80,B-bin/A-base,47,"(.5,.75]",0.75,0.5,0.6875,0.1875,0.5,0.6875,0.1875,0.75,0.875,0.125
80,A-bin/B-base,48,"(.5,.75]",0.6875,0.6875,1.0,0.3125,0.6875,1.0,0.3125,1.0,1.0,0.0
80,B-bin/A-base,48,"(.5,.75]",0.6875,0.6875,1.0,0.3125,0.6875,1.0,0.3125,0.9375,1.0,0.0625
80,A-bin/B-base,49,"(.5,.75]",0.6875,0.875,0.9375,0.0625,0.875,0.9375,0.0625,0.875,1.0,0.125
80,B-bin/A-base,49,"(.75,1)",0.875,0.6875,0.9375,0.25,0.75,0.9375,0.1875,0.8125,1.0,0.1875
80,A-bin/B-base,50,0,0.0,0.0,0.0,0.0,0.0625,0.75,0.6875,0.0,0.0,0.0
80,B-bin/A-base,50,0,0.0,0.0,0.0,0.0,0.375,0.75,0.375,0.0,0.0,0.0
80,A-bin/B-base,51,"(.5,.75]",0.625,0.5,0.8125,0.3125,0.5,0.875,0.375,0.6875,0.8125,0.125
80,B-bin/A-base,51,"(.25,.5]",0.5,0.625,0.8125,0.1875,0.625,0.875,0.25,0.6875,0.8125,0.125
80,A-bin/B-base,52,"(.5,.75]",0.6875,0.5,0.6875,0.1875,0.5625,1.0,0.4375,0.625,0.6875,0.0625
80,B-bin/A-base,52,"(.25,.5]",0.5,0.6875,0.6875,0.0,0.75,1.0,0.25,0.75,0.6875,-0.0625
80,A-bin/B-base,53,"(.5,.75]",0.75,0.75,0.9375,0.1875,0.75,1.0,0.25,1.0,0.9375,-0.0625
80,B-bin/A-base,53,"(.5,.75]",0.75,0.75,0.9375,0.1875,0.8125,1.0,0.1875,0.9375,0.9375,0.0
80,A-bin/B-base,54,"(0,.25]",0.1875,0.1875,0.25,0.0625,0.375,0.75,0.375,0.1875,0.3125,0.125
80,B-bin/A-base,54,"(0,.25]",0.1875,0.1875,0.25,0.0625,0.5625,0.75,0.1875,0.3125,0.3125,0.0
80,A-bin/B-base,55,"(.5,.75]",0.75,0.8125,1.0,0.1875,0.875,1.0,0.125,0.875,1.0,0.125
80,B-bin/A-base,55,"(.75,1)",0.8125,0.75,1.0,0.25,0.9375,1.0,0.0625,0.8125,1.0,0.1875
80,A-bin/B-base,56,"(.5,.75]",0.6875,0.6875,0.9375,0.25,0.6875,1.0,0.3125,0.9375,0.9375,0.0
80,B-bin/A-base,56,"(.5,.75]",0.6875,0.6875,0.9375,0.25,0.75,1.0,0.25,0.875,0.9375,0.0625
80,A-bin/B-base,57,"(0,.25]",0.1875,0.3125,0.375,0.0625,0.4375,0.625,0.1875,0.4375,0.375,-0.0625
80,B-bin/A-base,57,"(.25,.5]",0.3125,0.1875,0.375,0.1875,0.375,0.625,0.25,0.375,0.375,0.0
80,A-bin/B-base,58,"(.25,.5]",0.375,0.5625,0.6875,0.125,0.625,0.75,0.125,0.6875,0.8125,0.125
80,B-bin/A-base,58,"(.5,.75]",0.5625,0.375,0.6875,0.3125,0.5625,0.75,0.1875,0.625,0.8125,0.1875
80,A-bin/B-base,59,"(.25,.5]",0.3125,0.3125,0.3125,0.0,0.5,0.8125,0.3125,0.4375,0.3125,-0.125
80,B-bin/A-base,59,"(.25,.5]",0.3125,0.3125,0.3125,0.0,0.5625,0.8125,0.25,0.375,0.3125,-0.0625
80,A-bin/B-base,60,"(0,.25]",0.25,0.125,0.25,0.125,0.25,0.5625,0.3125,0.1875,0.4375,0.25
80,B-bin/A-base,60,"(0,.25]",0.125,0.25,0.25,0.0,0.375,0.5625,0.1875,0.3125,0.4375,0.125
80,A-bin/B-base,61,"(.25,.5]",0.5,0.125,0.625,0.5,0.25,0.625,0.375,0.4375,0.8125,0.375
80,B-bin/A-base,61,"(0,.25]",0.125,0.5,0.625,0.125,0.625,0.625,0.0,0.625,0.8125,0.1875
80,A-bin/B-base,62,"(.25,.5]",0.375,0.4375,0.5625,0.125,0.5625,0.75,0.1875,0.5625,0.625,0.0625
80,B-bin/A-base,62,"(.25,.5]",0.4375,0.375,0.5625,0.1875,0.5,0.75,0.25,0.4375,0.625,0.1875
80,A-bin/B-base,63,0,0.0,0.0,0.0,0.0,0.125,0.6875,0.5625,0.0,0.0,0.0
80,B-bin/A-base,63,0,0.0,0.0,0.0,0.0,0.0,0.6875,0.6875,0.0,0.0,0.0
80,A-bin/B-base,64,"(.25,.5]",0.4375,0.5,0.6875,0.1875,0.5,0.8125,0.3125,0.6875,0.8125,0.125
80,B-bin/A-base,64,"(.25,.5]",0.5,0.4375,0.6875,0.25,0.5,0.8125,0.3125,0.6875,0.8125,0.125
80,A-bin/B-base,65,"(.25,.5]",0.4375,0.375,0.75,0.375,0.5,0.9375,0.4375,0.6875,0.8125,0.125
80,B-bin/A-base,65,"(.25,.5]",0.375,0.4375,0.75,0.3125,0.625,0.9375,0.3125,0.5625,0.8125,0.25
80,A-bin/B-base,66,"(0,.25]",0.125,0.0,0.5,0.5,0.125,0.75,0.625,0.25,0.5,0.25
80,B-bin/A-base,66,0,0.0,0.125,0.5,0.375,0.125,0.75,0.625,0.3125,0.5,0.1875
80,A-bin/B-base,67,"(0,.25]",0.1875,0.0625,0.0625,0.0,0.0625,0.375,0.3125,0.1875,0.25,0.0625
80,B-bin/A-base,67,"(0,.25]",0.0625,0.1875,0.0625,-0.125,0.3125,0.375,0.0625,0.1875,0.25,0.0625
80,A-bin/B-base,68,"(.25,.5]",0.4375,0.25,0.4375,0.1875,0.25,0.5,0.25,0.3125,0.5,0.1875
80,B-bin/A-base,68,"(0,.25]",0.25,0.4375,0.4375,0.0,0.4375,0.5,0.0625,0.625,0.5,-0.125
80,A-bin/B-base,69,"(.5,.75]",0.625,0.5625,0.9375,0.375,0.625,1.0,0.375,0.6875,0.9375,0.25
80,B-bin/A-base,69,"(.5,.75]",0.5625,0.625,0.9375,0.3125,0.6875,1.0,0.3125,0.75,0.9375,0.1875
80,A-bin/B-base,70,"(.5,.75]",0.75,0.9375,1.0,0.0625,0.9375,1.0,0.0625,1.0,1.0,0.0
80,B-bin/A-base,70,"(.75,1)",0.9375,0.75,1.0,0.25,0.8125,1.0,0.1875,0.875,1.0,0.125
80,A-bin/B-base,71,"(.5,.75]",0.75,0.75,0.9375,0.1875,0.9375,1.0,0.0625,0.8125,0.9375,0.125
80,B-bin/A-base,71,"(.5,.75]",0.75,0.75,0.9375,0.1875,0.875,1.0,0.125,0.875,0.9375,0.0625
80,A-bin/B-base,72,"(0,.25]",0.25,0.25,0.75,0.5,0.5625,0.875,0.3125,0.375,0.8125,0.4375
80,B-bin/A-base,72,"(0,.25]",0.25,0.25,0.75,0.5,0.5,0.875,0.375,0.3125,0.8125,0.5
80,A-bin/B-base,73,"(.25,.5]",0.5,0.8125,0.6875,-0.125,0.8125,0.875,0.0625,1.0,0.8125,-0.1875
80,B-bin/A-base,73,"(.75,1)",0.8125,0.5,0.6875,0.1875,0.625,0.875,0.25,0.75,0.8125,0.0625
80,A-bin/B-base,74,"(.25,.5]",0.4375,0.6875,0.4375,-0.25,0.75,0.8125,0.0625,0.875,0.4375,-0.4375
80,B-bin/A-base,74,"(.5,.75]",0.6875,0.4375,0.4375,0.0,0.5625,0.8125,0.25,0.5625,0.4375,-0.125
80,A-bin/B-base,75,"(.25,.5]",0.5,0.3125,0.875,0.5625,0.3125,0.9375,0.625,0.625,0.875,0.25
80,B-bin/A-base,75,"(.25,.5]",0.3125,0.5,0.875,0.375,0.5625,0.9375,0.375,0.9375,0.875,-0.0625
80,A-bin/B-base,76,"(0,.25]",0.0625,0.0625,0.4375,0.375,0.3125,0.75,0.4375,0.3125,0.5,0.1875
80,B-bin/A-base,76,"(0,.25]",0.0625,0.0625,0.4375,0.375,0.3125,0.75,0.4375,0.3125,0.5,0.1875
80,A-bin/B-base,77,"(0,.25]",0.1875,0.5,0.6875,0.1875,0.5625,0.8125,0.25,0.75,0.75,0.0
80,B-bin/A-base,77,"(.25,.5]",0.5,0.1875,0.6875,0.5,0.3125,0.8125,0.5,0.5,0.75,0.25
80,A-bin/B-base,78,"(0,.25]",0.1875,0.125,0.25,0.125,0.625,0.875,0.25,0.1875,0.25,0.0625
80,B-bin/A-base,78,"(0,.25]",0.125,0.1875,0.25,0.0625,0.5625,0.875,0.3125,0.25,0.25,0.0
80,A-bin/B-base,79,"(.75,1)",0.9375,0.75,1.0,0.25,0.8125,1.0,0.1875,0.9375,1.0,0.0625
80,B-bin/A-base,79,"(.5,.75]",0.75,0.9375,1.0,0.0625,0.9375,1.0,0.0625,0.9375,1.0,0.0625
80,A-bin/B-base,80,"(0,.25]",0.0625,0.1875,0.3125,0.125,0.1875,0.6875,0.5,0.5,0.375,-0.125
80,B-bin/A-base,80,"(0,.25]",0.1875,0.0625,0.3125,0.25,0.25,0.6875,0.4375,0.375,0.375,0.0
80,A-bin/B-base,81,"(0,.25]",0.25,0.0625,0.3125,0.25,0.4375,0.6875,0.25,0.0625,0.4375,0.375
80,B-bin/A-base,81,"(0,.25]",0.0625,0.25,0.3125,0.0625,0.3125,0.6875,0.375,0.375,0.4375,0.0625
80,A-bin/B-base,82,"(.25,.5]",0.375,0.375,0.625,0.25,0.4375,0.9375,0.5,0.5,0.625,0.125
80,B-bin/A-base,82,"(.25,.5]",0.375,0.375,0.625,0.25,0.5625,0.9375,0.375,0.375,0.625,0.25
80,A-bin/B-base,83,"(.25,.5]",0.375,0.375,0.5625,0.1875,0.4375,0.875,0.4375,0.5625,0.625,0.0625
80,B-bin/A-base,83,"(.25,.5]",0.375,0.375,0.5625,0.1875,0.4375,0.875,0.4375,0.6875,0.625,-0.0625
80,A-bin/B-base,84,"(.25,.5]",0.3125,0.125,0.375,0.25,0.3125,0.75,0.4375,0.375,0.4375,0.0625
80,B-bin/A-base,84,"(0,.25]",0.125,0.3125,0.375,0.0625,0.3125,0.75,0.4375,0.5625,0.4375,-0.125
80,A-bin/B-base,85,"(.25,.5]",0.3125,0.4375,0.5625,0.125,0.5625,0.625,0.0625,0.625,0.875,0.25
80,B-bin/A-base,85,"(.25,.5]",0.4375,0.3125,0.5625,0.25,0.375,0.625,0.25,0.5,0.875,0.375
80,A-bin/B-base,86,"(.25,.5]",0.5,0.625,1.0,0.375,0.625,1.0,0.375,0.8125,1.0,0.1875
80,B-bin/A-base,86,"(.5,.75]",0.625,0.5,1.0,0.5,0.625,1.0,0.375,0.8125,1.0,0.1875
80,A-bin/B-base,87,"(0,.25]",0.25,0.25,0.5625,0.3125,0.5625,0.8125,0.25,0.375,0.5625,0.1875
80,B-bin/A-base,87,"(0,.25]",0.25,0.25,0.5625,0.3125,0.375,0.8125,0.4375,0.6875,0.5625,-0.125
80,A-bin/B-base,88,"(.25,.5]",0.4375,0.5,0.5,0.0,0.6875,0.9375,0.25,0.5625,0.5,-0.0625
80,B-bin/A-base,88,"(.25,.5]",0.5,0.4375,0.5,0.0625,0.5625,0.9375,0.375,0.5625,0.5,-0.0625
80,A-bin/B-base,89,"(0,.25]",0.125,0.1875,0.1875,0.0,0.375,0.6875,0.3125,0.3125,0.1875,-0.125
80,B-bin/A-base,89,"(0,.25]",0.1875,0.125,0.1875,0.0625,0.1875,0.6875,0.5,0.3125,0.1875,-0.125
80,A-bin/B-base,90,"(0,.25]",0.0625,0.0625,0.0625,0.0,0.25,0.75,0.5,0.1875,0.0625,-0.125
80,B-bin/A-base,90,"(0,.25]",0.0625,0.0625,0.0625,0.0,0.3125,0.75,0.4375,0.125,0.0625,-0.0625
80,A-bin/B-base,91,"(0,.25]",0.125,0.125,0.4375,0.3125,0.125,0.625,0.5,0.375,0.5625,0.1875
80,B-bin/A-base,91,"(0,.25]",0.125,0.125,0.4375,0.3125,0.125,0.625,0.5,0.6875,0.5625,-0.125
80,A-bin/B-base,92,"(0,.25]",0.125,0.3125,0.375,0.0625,0.5625,0.6875,0.125,0.4375,0.4375,0.0
80,B-bin/A-base,92,"(.25,.5]",0.3125,0.125,0.375,0.25,0.3125,0.6875,0.375,0.1875,0.4375,0.25
80,A-bin/B-base,93,"(.5,.75]",0.75,0.375,0.875,0.5,0.4375,0.875,0.4375,0.75,0.9375,0.1875
80,B-bin/A-base,93,"(.25,.5]",0.375,0.75,0.875,0.125,0.75,0.875,0.125,1.0,0.9375,-0.0625
80,A-bin/B-base,94,"(.5,.75]",0.5625,0.5625,0.875,0.3125,0.5625,0.9375,0.375,0.9375,0.9375,0.0
80,B-bin/A-base,94,"(.5,.75]",0.5625,0.5625,0.875,0.3125,0.5625,0.9375,0.375,0.875,0.9375,0.0625
80,A-bin/B-base,95,"(0,.25]",0.125,0.0,0.0625,0.0625,0.3125,0.3125,0.0,0.0,0.0625,0.0625
80,B-bin/A-base,95,0,0.0,0.125,0.0625,-0.0625,0.25,0.3125,0.0625,0.125,0.0625,-0.0625
80,A-bin/B-base,96,"(.75,1)",0.8125,0.6875,0.875,0.1875,0.6875,0.9375,0.25,0.75,0.875,0.125
80,B-bin/A-base,96,"(.5,.75]",0.6875,0.8125,0.875,0.0625,0.8125,0.9375,0.125,0.875,0.875,0.0
80,A-bin/B-base,97,0,0.0,0.0,0.0625,0.0625,0.1875,0.625,0.4375,0.0,0.0625,0.0625
80,B-bin/A-base,97,0,0.0,0.0,0.0625,0.0625,0.25,0.625,0.375,0.0,0.0625,0.0625
80,A-bin/B-base,98,"(.25,.5]",0.3125,0.375,0.625,0.25,0.6875,0.875,0.1875,0.375,0.625,0.25
80,B-bin/A-base,98,"(.25,.5]",0.375,0.3125,0.625,0.3125,0.5,0.875,0.375,0.375,0.625,0.25
80,A-bin/B-base,99,0,0.0,0.0,0.1875,0.1875,0.125,0.4375,0.3125,0.0625,0.25,0.1875
80,B-bin/A-base,99,0,0.0,0.0,0.1875,0.1875,0.0,0.4375,0.4375,0.0625,0.25,0.1875
80,A-bin/B-base,100,"(.25,.5]",0.375,0.25,0.6875,0.4375,0.375,0.6875,0.3125,0.4375,0.75,0.3125
80,B-bin/A-base,100,"(0,.25]",0.25,0.375,0.6875,0.3125,0.4375,0.6875,0.25,0.75,0.75,0.0
80,A-bin/B-base,101,"(0,.25]",0.25,0.3125,0.8125,0.5,0.5,1.0,0.5,0.625,0.8125,0.1875
80,B-bin/A-base,101,"(.25,.5]",0.3125,0.25,0.8125,0.5625,0.5,1.0,0.5,0.5,0.8125,0.3125
80,A-bin/B-base,102,"(0,.25]",0.1875,0.375,0.5625,0.1875,0.5625,0.6875,0.125,0.5625,0.6875,0.125
80,B-bin/A-base,102,"(.25,.5]",0.375,0.1875,0.5625,0.375,0.1875,0.6875,0.5,0.4375,0.6875,0.25
80,A-bin/B-base,103,0,0.0,0.0,0.0625,0.0625,0.0,0.375,0.375,0.0625,0.0625,0.0
80,B-bin/A-base,103,0,0.0,0.0,0.0625,0.0625,0.125,0.375,0.25,0.0,0.0625,0.0625
80,A-bin/B-base,104,"(.5,.75]",0.75,0.4375,0.8125,0.375,0.4375,0.875,0.4375,0.875,0.875,0.0
80,B-bin/A-base,104,"(.25,.5]",0.4375,0.75,0.8125,0.0625,0.8125,0.875,0.0625,0.8125,0.875,0.0625
80,A-bin/B-base,105,"(.5,.75]",0.5625,0.5625,0.8125,0.25,0.6875,0.9375,0.25,0.75,0.875,0.125
80,B-bin/A-base,105,"(.5,.75]",0.5625,0.5625,0.8125,0.25,0.6875,0.9375,0.25,0.75,0.875,0.125
80,A-bin/B-base,106,"(.5,.75]",0.75,0.8125,1.0,0.1875,0.875,1.0,0.125,0.875,1.0,0.125
80,B-bin/A-base,106,"(.75,1)",0.8125,0.75,1.0,0.25,0.75,1.0,0.25,1.0,1.0,0.0
80,A-bin/B-base,107,"(0,.25]",0.125,0.125,0.125,0.0,0.4375,0.6875,0.25,0.25,0.125,-0.125
80,B-bin/A-base,107,"(0,.25]",0.125,0.125,0.125,0.0,0.1875,0.6875,0.5,0.375,0.125,-0.25
80,A-bin/B-base,108,"(.25,.5]",0.3125,0.1875,0.5,0.3125,0.375,0.75,0.375,0.375,0.5625,0.1875
80,B-bin/A-base,108,"(0,.25]",0.1875,0.3125,0.5,0.1875,0.5625,0.75,0.1875,0.5,0.5625,0.0625
80,A-bin/B-base,109,"(.25,.5]",0.5,0.625,0.6875,0.0625,0.6875,0.875,0.1875,0.8125,0.75,-0.0625
80,B-bin/A-base,109,"(.5,.75]",0.625,0.5,0.6875,0.1875,0.5,0.875,0.375,0.8125,0.75,-0.0625
80,A-bin/B-base,110,"(.5,.75]",0.5625,0.4375,0.8125,0.375,0.5625,0.9375,0.375,0.8125,0.8125,0.0
80,B-bin/A-base,110,"(.25,.5]",0.4375,0.5625,0.8125,0.25,0.625,0.9375,0.3125,0.75,0.8125,0.0625
80,A-bin/B-base,111,"(.75,1)",0.8125,0.625,1.0,0.375,0.625,1.0,0.375,0.875,1.0,0.125
80,B-bin/A-base,111,"(.5,.75]",0.625,0.8125,1.0,0.1875,0.8125,1.0,0.1875,0.875,1.0,0.125
80,A-bin/B-base,112,"(.25,.5]",0.5,0.625,0.8125,0.1875,0.8125,0.875,0.0625,0.75,0.9375,0.1875
80,B-bin/A-base,112,"(.5,.75]",0.625,0.5,0.8125,0.3125,0.6875,0.875,0.1875,0.625,0.9375,0.3125
80,A-bin/B-base,113,"(.5,.75]",0.5625,0.75,0.6875,-0.0625,0.8125,0.8125,0.0,0.9375,0.75,-0.1875
80,B-bin/A-base,113,"(.5,.75]",0.75,0.5625,0.6875,0.125,0.6875,0.8125,0.125,0.625,0.75,0.125
80,A-bin/B-base,114,"(.75,1)",0.8125,0.8125,0.9375,0.125,0.8125,1.0,0.1875,0.9375,0.9375,0.0
80,B-bin/A-base,114,"(.75,1)",0.8125,0.8125,0.9375,0.125,0.875,1.0,0.125,0.9375,0.9375,0.0
80,A-bin/B-base,115,"(.25,.5]",0.5,0.25,0.75,0.5,0.3125,0.8125,0.5,0.5,0.8125,0.3125
80,B-bin/A-base,115,"(0,.25]",0.25,0.5,0.75,0.25,0.625,0.8125,0.1875,0.6875,0.8125,0.125
80,A-bin/B-base,116,0,0.0,0.0,0.125,0.125,0.0625,0.5625,0.5,0.0625,0.125,0.0625
80,B-bin/A-base,116,0,0.0,0.0,0.125,0.125,0.25,0.5625,0.3125,0.0,0.125,0.125
80,A-bin/B-base,117,0,0.0,0.0,0.0625,0.0625,0.0,0.25,0.25,0.0625,0.0625,0.0
80,B-bin/A-base,117,0,0.0,0.0,0.0625,0.0625,0.0,0.25,0.25,0.0625,0.0625,0.0
80,A-bin/B-base,118,"(0,.25]",0.0625,0.0,0.0625,0.0625,0.375,0.6875,0.3125,0.125,0.0625,-0.0625
80,B-bin/A-base,118,0,0.0,0.0625,0.0625,0.0,0.6875,0.6875,0.0,0.0625,0.0625,0.0
80,A-bin/B-base,119,"(.25,.5]",0.375,0.25,0.625,0.375,0.3125,0.875,0.5625,0.625,0.6875,0.0625
80,B-bin/A-base,119,"(0,.25]",0.25,0.375,0.625,0.25,0.4375,0.875,0.4375,0.875,0.6875,-0.1875
80,A-bin/B-base,120,"(.25,.5]",0.375,0.25,0.6875,0.4375,0.375,0.9375,0.5625,0.4375,0.6875,0.25
80,B-bin/A-base,120,"(0,.25]",0.25,0.375,0.6875,0.3125,0.625,0.9375,0.3125,0.5,0.6875,0.1875
80,A-bin/B-base,121,0,0.0,0.0625,0.0,-0.0625,0.125,0.4375,0.3125,0.3125,0.0,-0.3125
80,B-bin/A-base,121,"(0,.25]",0.0625,0.0,0.0,0.0,0.125,0.4375,0.3125,0.0,0.0,0.0
80,A-bin/B-base,122,"(0,.25]",0.0625,0.125,0.25,0.125,0.1875,0.5625,0.375,0.25,0.25,0.0
80,B-bin/A-base,122,"(0,.25]",0.125,0.0625,0.25,0.1875,0.125,0.5625,0.4375,0.1875,0.25,0.0625
80,A-bin/B-base,123,"(0,.25]",0.1875,0.125,0.5,0.375,0.25,0.625,0.375,0.4375,0.6875,0.25
80,B-bin/A-base,123,"(0,.25]",0.125,0.1875,0.5,0.3125,0.1875,0.625,0.4375,0.4375,0.6875,0.25
80,A-bin/B-base,124,"(.25,.5]",0.3125,0.4375,0.625,0.1875,0.4375,0.875,0.4375,0.5625,0.625,0.0625
80,B-bin/A-base,124,"(.25,.5]",0.4375,0.3125,0.625,0.3125,0.375,0.875,0.5,0.4375,0.625,0.1875
80,A-bin/B-base,125,"(.5,.75]",0.5625,0.8125,0.875,0.0625,0.8125,0.9375,0.125,0.9375,0.875,-0.0625
80,B-bin/A-base,125,"(.75,1)",0.8125,0.5625,0.875,0.3125,0.6875,0.9375,0.25,0.75,0.875,0.125
80,A-bin/B-base,126,"(.75,1)",0.8125,0.75,0.875,0.125,0.75,0.9375,0.1875,1.0,0.9375,-0.0625
80,B-bin/A-base,126,"(.5,.75]",0.75,0.8125,0.875,0.0625,0.8125,0.9375,0.125,0.9375,0.9375,0.0
80,A-bin/B-base,127,"(.5,.75]",0.5625,0.5,0.8125,0.3125,0.5625,0.875,0.3125,0.6875,0.875,0.1875
80,B-bin/A-base,127,"(.25,.5]",0.5,0.5625,0.8125,0.25,0.5625,0.875,0.3125,0.8125,0.875,0.0625
80,A-bin/B-base,128,"(0,.25]",0.125,0.1875,0.4375,0.25,0.375,0.8125,0.4375,0.4375,0.5,0.0625
80,B-bin/A-base,128,"(0,.25]",0.1875,0.125,0.4375,0.3125,0.1875,0.8125,0.625,0.375,0.5,0.125
80,A-bin/B-base,129,0,0.0,0.0625,0.0,-0.0625,0.25,0.625,0.375,0.0625,0.0625,0.0
80,B-bin/A-base,129,"(0,.25]",0.0625,0.0,0.0,0.0,0.0625,0.625,0.5625,0.0,0.0625,0.0625
80,A-bin/B-base,130,"(.75,1)",0.9375,0.8125,0.8125,0.0,0.8125,0.9375,0.125,0.9375,0.875,-0.0625
80,B-bin/A-base,130,"(.75,1)",0.8125,0.9375,0.8125,-0.125,0.9375,0.9375,0.0,1.0,0.875,-0.125
80,A-bin/B-base,131,"(0,.25]",0.125,0.1875,0.4375,0.25,0.1875,0.8125,0.625,0.1875,0.4375,0.25
80,B-bin/A-base,131,"(0,.25]",0.1875,0.125,0.4375,0.3125,0.1875,0.8125,0.625,0.125,0.4375,0.3125
80,A-bin/B-base,132,"(.5,.75]",0.75,0.4375,0.625,0.1875,0.5625,0.8125,0.25,0.6875,0.75,0.0625
80,B-bin/A-base,132,"(.25,.5]",0.4375,0.75,0.625,-0.125,0.75,0.8125,0.0625,0.75,0.75,0.0
80,A-bin/B-base,133,"(.25,.5]",0.4375,0.375,0.5625,0.1875,0.375,0.75,0.375,0.75,0.5625,-0.1875
80,B-bin/A-base,133,"(.25,.5]",0.375,0.4375,0.5625,0.125,0.5,0.75,0.25,0.6875,0.5625,-0.125
80,A-bin/B-base,134,"(0,.25]",0.0625,0.0,0.0,0.0,0.4375,0.6875,0.25,0.0625,0.0,-0.0625
80,B-bin/A-base,134,0,0.0,0.0625,0.0,-0.0625,0.4375,0.6875,0.25,0.0625,0.0,-0.0625
80,A-bin/B-base,135,"(.5,.75]",0.6875,0.75,0.75,0.0,0.75,0.8125,0.0625,0.875,0.8125,-0.0625
80,B-bin/A-base,135,"(.5,.75]",0.75,0.6875,0.75,0.0625,0.75,0.8125,0.0625,0.75,0.8125,0.0625
80,A-bin/B-base,136,"(0,.25]",0.25,0.125,0.5625,0.4375,0.1875,0.625,0.4375,0.5625,0.625,0.0625
80,B-bin/A-base,136,"(0,.25]",0.125,0.25,0.5625,0.3125,0.25,0.625,0.375,0.4375,0.625,0.1875
80,A-bin/B-base,137,"(.5,.75]",0.5625,0.3125,0.6875,0.375,0.375,0.8125,0.4375,0.5625,0.75,0.1875
80,B-bin/A-base,137,"(.25,.5]",0.3125,0.5625,0.6875,0.125,0.5625,0.8125,0.25,0.625,0.75,0.125
80,A-bin/B-base,138,"(0,.25]",0.1875,0.0625,0.25,0.1875,0.0625,0.5,0.4375,0.4375,0.3125,-0.125
80,B-bin/A-base,138,"(0,.25]",0.0625,0.1875,0.25,0.0625,0.25,0.5,0.25,0.25,0.3125,0.0625
80,A-bin/B-base,139,0,0.0,0.125,0.375,0.25,0.1875,0.5625,0.375,0.5625,0.5,-0.0625
80,B-bin/A-base,139,"(0,.25]",0.125,0.0,0.375,0.375,0.0,0.5625,0.5625,0.25,0.5,0.25
80,A-bin/B-base,140,"(.25,.5]",0.3125,0.25,0.5625,0.3125,0.25,0.8125,0.5625,0.4375,0.625,0.1875
80,B-bin/A-base,140,"(0,.25]",0.25,0.3125,0.5625,0.25,0.3125,0.8125,0.5,0.5625,0.625,0.0625
80,A-bin/B-base,141,"(0,.25]",0.1875,0.3125,0.625,0.3125,0.75,1.0,0.25,0.4375,0.625,0.1875
80,B-bin/A-base,141,"(.25,.5]",0.3125,0.1875,0.625,0.4375,0.1875,1.0,0.8125,0.4375,0.625,0.1875
80,A-bin/B-base,142,0,0.0,0.0625,0.0625,0.0,0.125,0.3125,0.1875,0.1875,0.1875,0.0
80,B-bin/A-base,142,"(0,.25]",0.0625,0.0,0.0625,0.0625,0.125,0.3125,0.1875,0.125,0.1875,0.0625
80,A-bin/B-base,143,"(.25,.5]",0.3125,0.4375,0.3125,-0.125,0.5625,0.625,0.0625,0.5,0.4375,-0.0625
80,B-bin/A-base,143,"(.25,.5]",0.4375,0.3125,0.3125,0.0,0.5,0.625,0.125,0.4375,0.4375,0.0
80,A-bin/B-base,144,"(0,.25]",0.25,0.1875,0.5625,0.375,0.25,0.75,0.5,0.5,0.6875,0.1875
80,B-bin/A-base,144,"(0,.25]",0.1875,0.25,0.5625,0.3125,0.3125,0.75,0.4375,0.5625,0.6875,0.125
80,A-bin/B-base,145,"(.5,.75]",0.6875,0.375,0.75,0.375,0.5,0.8125,0.3125,0.5625,0.875,0.3125
80,B-bin/A-base,145,"(.25,.5]",0.375,0.6875,0.75,0.0625,0.6875,0.8125,0.125,0.875,0.875,0.0
80,A-bin/B-base,146,"(0,.25]",0.25,0.0625,0.5,0.4375,0.3125,0.875,0.5625,0.1875,0.625,0.4375
80,B-bin/A-base,146,"(0,.25]",0.0625,0.25,0.5,0.25,0.25,0.875,0.625,0.4375,0.625,0.1875
80,A-bin/B-base,147,"(.75,1)",0.8125,0.6875,1.0,0.3125,0.6875,1.0,0.3125,0.875,1.0,0.125
80,B-bin/A-base,147,"(.5,.75]",0.6875,0.8125,1.0,0.1875,0.8125,1.0,0.1875,0.9375,1.0,0.0625
80,A-bin/B-base,148,"(.5,.75]",0.5625,0.1875,0.8125,0.625,0.3125,1.0,0.6875,0.5,0.8125,0.3125
80,B-bin/A-base,148,"(0,.25]",0.1875,0.5625,0.8125,0.25,0.625,1.0,0.375,0.75,0.8125,0.0625
80,A-bin/B-base,149,"(.5,.75]",0.5625,0.5,0.875,0.375,0.5625,0.9375,0.375,0.875,0.875,0.0
80,B-bin/A-base,149,"(.25,.5]",0.5,0.5625,0.875,0.3125,0.625,0.9375,0.3125,0.625,0.875,0.25
80,A-bin/B-base,150,"(.5,.75]",0.75,0.4375,0.8125,0.375,0.5,0.875,0.375,0.75,0.875,0.125
80,B-bin/A-base,150,"(.25,.5]",0.4375,0.75,0.8125,0.0625,0.75,0.875,0.125,0.9375,0.875,-0.0625
80,A-bin/B-base,151,"(.25,.5]",0.5,0.5625,0.5,-0.0625,0.625,0.9375,0.3125,0.8125,0.5625,-0.25
80,B-bin/A-base,151,"(.5,.75]",0.5625,0.5,0.5,0.0,0.75,0.9375,0.1875,0.5625,0.5625,0.0
80,A-bin/B-base,152,"(.5,.75]",0.6875,0.5625,0.5625,0.0,0.625,1.0,0.375,0.75,0.5625,-0.1875
80,B-bin/A-base,152,"(.5,.75]",0.5625,0.6875,0.5625,-0.125,0.75,1.0,0.25,0.8125,0.5625,-0.25
80,A-bin/B-base,153,"(.25,.5]",0.3125,0.4375,0.3125,-0.125,0.5625,0.9375,0.375,0.5,0.3125,-0.1875
80,B-bin/A-base,153,"(.25,.5]",0.4375,0.3125,0.3125,0.0,0.625,0.9375,0.3125,0.375,0.3125,-0.0625
80,A-bin/B-base,154,"(.25,.5]",0.3125,0.4375,0.5,0.0625,0.5,0.6875,0.1875,0.625,0.6875,0.0625
80,B-bin/A-base,154,"(.25,.5]",0.4375,0.3125,0.5,0.1875,0.3125,0.6875,0.375,0.625,0.6875,0.0625
80,A-bin/B-base,155,"(.25,.5]",0.375,0.125,0.5625,0.4375,0.375,0.8125,0.4375,0.3125,0.5625,0.25
80,B-bin/A-base,155,"(0,.25]",0.125,0.375,0.5625,0.1875,0.4375,0.8125,0.375,0.4375,0.5625,0.125
80,A-bin/B-base,156,"(.5,.75]",0.5625,0.6875,0.75,0.0625,0.75,0.875,0.125,0.875,0.75,-0.125
80,B-bin/A-base,156,"(.5,.75]",0.6875,0.5625,0.75,0.1875,0.5625,0.875,0.3125,0.9375,0.75,-0.1875
80,A-bin/B-base,157,"(.25,.5]",0.3125,0.5,0.6875,0.1875,0.5,0.6875,0.1875,0.75,0.8125,0.0625
80,B-bin/A-base,157,"(.25,.5]",0.5,0.3125,0.6875,0.375,0.3125,0.6875,0.375,0.5,0.8125,0.3125
80,A-bin/B-base,158,"(.25,.5]",0.4375,0.0625,0.8125,0.75,0.1875,0.875,0.6875,0.5,0.8125,0.3125
80,B-bin/A-base,158,"(0,.25]",0.0625,0.4375,0.8125,0.375,0.5625,0.875,0.3125,0.625,0.8125,0.1875
80,A-bin/B-base,159,"(0,.25]",0.0625,0.0625,0.0625,0.0,0.3125,0.6875,0.375,0.125,0.25,0.125
80,B-bin/A-base,159,"(0,.25]",0.0625,0.0625,0.0625,0.0,0.25,0.6875,0.4375,0.125,0.25,0.125
80,A-bin/B-base,160,0,0.0,0.0,0.0,0.0,0.3125,0.8125,0.5,0.0,0.0625,0.0625
80,B-bin/A-base,160,0,0.0,0.0,0.0,0.0,0.375,0.8125,0.4375,0.0,0.0625,0.0625
80,A-bin/B-base,161,"(.75,1)",0.875,0.6875,0.8125,0.125,0.8125,0.9375,0.125,0.75,0.8125,0.0625
80,B-bin/A-base,161,"(.5,.75]",0.6875,0.875,0.8125,-0.0625,0.9375,0.9375,0.0,0.875,0.8125,-0.0625
80,A-bin/B-base,162,"(0,.25]",0.0625,0.1875,0.1875,0.0,0.375,0.75,0.375,0.1875,0.1875,0.0
80,B-bin/A-base,162,"(0,.25]",0.1875,0.0625,0.1875,0.125,0.3125,0.75,0.4375,0.125,0.1875,0.0625
80,A-bin/B-base,163,"(.25,.5]",0.5,0.625,0.625,0.0,0.6875,0.875,0.1875,0.8125,0.75,-0.0625
80,B-bin/A-base,163,"(.5,.75]",0.625,0.5,0.625,0.125,0.625,0.875,0.25,0.75,0.75,0.0
80,A-bin/B-base,164,"(.5,.75]",0.5625,0.5,0.8125,0.3125,0.6875,0.8125,0.125,0.625,0.8125,0.1875
80,B-bin/A-base,164,"(.25,.5]",0.5,0.5625,0.8125,0.25,0.8125,0.8125,0.0,0.6875,0.8125,0.125
80,A-bin/B-base,165,0,0.0,0.0,0.1875,0.1875,0.375,0.6875,0.3125,0.0,0.1875,0.1875
80,B-bin/A-base,165,0,0.0,0.0,0.1875,0.1875,0.0,0.6875,0.6875,0.0625,0.1875,0.125
80,A-bin/B-base,166,"(0,.25]",0.125,0.125,0.3125,0.1875,0.25,0.6875,0.4375,0.1875,0.375,0.1875
80,B-bin/A-base,166,"(0,.25]",0.125,0.125,0.3125,0.1875,0.125,0.6875,0.5625,0.5625,0.375,-0.1875
80,A-bin/B-base,167,0,0.0,0.0,0.0,0.0,0.5,0.8125,0.3125,0.0,0.0,0.0
80,B-bin/A-base,167,0,0.0,0.0,0.0,0.0,0.5,0.8125,0.3125,0.0,0.0,0.0
80,A-bin/B-base,168,"(.75,1)",0.8125,0.875,0.875,0.0,0.875,0.9375,0.0625,0.875,0.875,0.0
80,B-bin/A-base,168,"(.75,1)",0.875,0.8125,0.875,0.0625,0.875,0.9375,0.0625,0.9375,0.875,-0.0625
80,A-bin/B-base,169,"(0,.25]",0.125,0.0,0.1875,0.1875,0.25,0.5625,0.3125,0.1875,0.3125,0.125
80,B-bin/A-base,169,0,0.0,0.125,0.1875,0.0625,0.25,0.5625,0.3125,0.25,0.3125,0.0625
80,A-bin/B-base,170,"(.5,.75]",0.5625,0.5625,0.9375,0.375,0.625,0.9375,0.3125,0.75,0.9375,0.1875
80,B-bin/A-base,170,"(.5,.75]",0.5625,0.5625,0.9375,0.375,0.5625,0.9375,0.375,0.75,0.9375,0.1875
80,A-bin/B-base,171,0,0.0,0.0625,0.5,0.4375,0.125,0.8125,0.6875,0.125,0.5625,0.4375
80,B-bin/A-base,171,"(0,.25]",0.0625,0.0,0.5,0.5,0.0625,0.8125,0.75,0.1875,0.5625,0.375
80,A-bin/B-base,172,"(.5,.75]",0.5625,0.5625,0.9375,0.375,0.5625,1.0,0.4375,0.8125,0.9375,0.125
80,B-bin/A-base,172,"(.5,.75]",0.5625,0.5625,0.9375,0.375,0.625,1.0,0.375,0.875,0.9375,0.0625
80,A-bin/B-base,173,"(0,.25]",0.125,0.0,0.1875,0.1875,0.0,0.375,0.375,0.0,0.25,0.25
80,B-bin/A-base,173,0,0.0,0.125,0.1875,0.0625,0.1875,0.375,0.1875,0.25,0.25,0.0
80,A-bin/B-base,174,"(.5,.75]",0.625,0.5,0.6875,0.1875,0.625,0.875,0.25,0.75,0.6875,-0.0625
80,B-bin/A-base,174,"(.25,.5]",0.5,0.625,0.6875,0.0625,0.6875,0.875,0.1875,0.8125,0.6875,-0.125
80,A-bin/B-base,175,"(0,.25]",0.0625,0.1875,0.25,0.0625,0.1875,0.5,0.3125,0.5,0.25,-0.25
80,B-bin/A-base,175,"(0,.25]",0.1875,0.0625,0.25,0.1875,0.0625,0.5,0.4375,0.4375,0.25,-0.1875
80,A-bin/B-base,176,1,1.0,0.8125,1.0,0.1875,0.8125,1.0,0.1875,0.9375,1.0,0.0625
80,B-bin/A-base,176,"(.75,1)",0.8125,1.0,1.0,0.0,1.0,1.0,0.0,1.0,1.0,0.0
80,A-bin/B-base,177,"(.25,.5]",0.375,0.3125,0.375,0.0625,0.375,0.625,0.25,0.375,0.375,0.0
80,B-bin/A-base,177,"(.25,.5]",0.3125,0.375,0.375,0.0,0.625,0.625,0.0,0.5625,0.375,-0.1875
80,A-bin/B-base,178,"(.25,.5]",0.5,0.5,0.6875,0.1875,0.5625,0.875,0.3125,0.6875,0.6875,0.0
80,B-bin/A-base,178,"(.25,.5]",0.5,0.5,0.6875,0.1875,0.5625,0.875,0.3125,0.75,0.6875,-0.0625
80,A-bin/B-base,179,"(.25,.5]",0.3125,0.5625,0.875,0.3125,0.6875,1.0,0.3125,0.625,0.875,0.25
80,B-bin/A-base,179,"(.5,.75]",0.5625,0.3125,0.875,0.5625,0.375,1.0,0.625,0.6875,0.875,0.1875
80,A-bin/B-base,180,"(.75,1)",0.875,0.75,1.0,0.25,0.75,1.0,0.25,0.9375,1.0,0.0625
80,B-bin/A-base,180,"(.5,.75]",0.75,0.875,1.0,0.125,0.875,1.0,0.125,0.9375,1.0,0.0625
80,A-bin/B-base,181,"(0,.25]",0.125,0.0625,0.125,0.0625,0.125,0.25,0.125,0.125,0.25,0.125
80,B-bin/A-base,181,"(0,.25]",0.0625,0.125,0.125,0.0,0.25,0.25,0.0,0.375,0.25,-0.125
80,A-bin/B-base,182,"(0,.25]",0.25,0.0625,0.4375,0.375,0.375,0.8125,0.4375,0.125,0.4375,0.3125
80,B-bin/A-base,182,"(0,.25]",0.0625,0.25,0.4375,0.1875,0.4375,0.8125,0.375,0.25,0.4375,0.1875
80,A-bin/B-base,183,"(0,.25]",0.0625,0.0625,0.625,0.5625,0.125,0.6875,0.5625,0.25,0.8125,0.5625
80,B-bin/A-base,183,"(0,.25]",0.0625,0.0625,0.625,0.5625,0.1875,0.6875,0.5,0.1875,0.8125,0.625
80,A-bin/B-base,184,0,0.0,0.125,0.125,0.0,0.4375,0.5625,0.125,0.125,0.125,0.0
80,B-bin/A-base,184,"(0,.25]",0.125,0.0,0.125,0.125,0.0625,0.5625,0.5,0.0625,0.125,0.0625
80,A-bin/B-base,185,"(.75,1)",0.8125,0.875,0.875,0.0,0.875,0.9375,0.0625,1.0,0.9375,-0.0625
80,B-bin/A-base,185,"(.75,1)",0.875,0.8125,0.875,0.0625,0.8125,0.9375,0.125,0.9375,0.9375,0.0
80,A-bin/B-base,186,"(.5,.75]",0.625,0.625,0.8125,0.1875,0.6875,0.875,0.1875,0.8125,0.9375,0.125
80,B-bin/A-base,186,"(.5,.75]",0.625,0.625,0.8125,0.1875,0.6875,0.875,0.1875,0.9375,0.9375,0.0
80,A-bin/B-base,187,"(0,.25]",0.0625,0.0,0.0,0.0,0.0625,0.1875,0.125,0.0625,0.0,-0.0625
80,B-bin/A-base,187,0,0.0,0.0625,0.0,-0.0625,0.0625,0.1875,0.125,0.0625,0.0,-0.0625
80,A-bin/B-base,188,"(.75,1)",0.875,0.9375,1.0,0.0625,0.9375,1.0,0.0625,1.0,1.0,0.0
80,B-bin/A-base,188,"(.75,1)",0.9375,0.875,1.0,0.125,0.875,1.0,0.125,1.0,1.0,0.0
80,A-bin/B-base,189,"(0,.25]",0.25,0.1875,0.5,0.3125,0.3125,0.625,0.3125,0.5625,0.5625,0.0
80,B-bin/A-base,189,"(0,.25]",0.1875,0.25,0.5,0.25,0.375,0.625,0.25,0.375,0.5625,0.1875
80,A-bin/B-base,190,"(0,.25]",0.125,0.0,0.25,0.25,0.125,0.875,0.75,0.0625,0.25,0.1875
80,B-bin/A-base,190,0,0.0,0.125,0.25,0.125,0.375,0.875,0.5,0.3125,0.25,-0.0625
80,A-bin/B-base,191,0,0.0,0.0,0.0,0.0,0.1875,0.5,0.3125,0.0625,0.0,-0.0625
80,B-bin/A-base,191,0,0.0,0.0,0.0,0.0,0.125,0.5,0.375,0.0625,0.0,-0.0625
80,A-bin/B-base,192,"(0,.25]",0.25,0.3125,0.6875,0.375,0.375,0.9375,0.5625,0.4375,0.6875,0.25
80,B-bin/A-base,192,"(.25,.5]",0.3125,0.25,0.6875,0.4375,0.25,0.9375,0.6875,0.625,0.6875,0.0625
80,A-bin/B-base,193,"(.25,.5]",0.5,0.1875,0.5,0.3125,0.4375,0.625,0.1875,0.3125,0.5625,0.25
80,B-bin/A-base,193,"(0,.25]",0.1875,0.5,0.5,0.0,0.5625,0.625,0.0625,0.5,0.5625,0.0625
80,A-bin/B-base,194,"(0,.25]",0.25,0.25,0.5625,0.3125,0.5625,0.6875,0.125,0.375,0.5625,0.1875
80,B-bin/A-base,194,"(0,.25]",0.25,0.25,0.5625,0.3125,0.4375,0.6875,0.25,0.375,0.5625,0.1875
80,A-bin/B-base,195,"(.5,.75]",0.5625,0.6875,0.875,0.1875,0.6875,0.9375,0.25,0.9375,0.875,-0.0625
80,B-bin/A-base,195,"(.5,.75]",0.6875,0.5625,0.875,0.3125,0.5625,0.9375,0.375,0.875,0.875,0.0
80,A-bin/B-base,196,"(.25,.5]",0.5,0.625,0.9375,0.3125,0.6875,0.9375,0.25,0.875,1.0,0.125
80,B-bin/A-base,196,"(.5,.75]",0.625,0.5,0.9375,0.4375,0.5625,0.9375,0.375,0.75,1.0,0.25
80,A-bin/B-base,197,"(0,.25]",0.1875,0.3125,0.25,-0.0625,0.375,0.5,0.125,0.75,0.4375,-0.3125
80,B-bin/A-base,197,"(.25,.5]",0.3125,0.1875,0.25,0.0625,0.1875,0.5,0.3125,0.5,0.4375,-0.0625
80,A-bin/B-base,198,"(0,.25]",0.1875,0.125,0.3125,0.1875,0.1875,0.5625,0.375,0.125,0.3125,0.1875
80,B-bin/A-base,198,"(0,.25]",0.125,0.1875,0.3125,0.125,0.1875,0.5625,0.375,0.1875,0.3125,0.125
80,A-bin/B-base,199,"(0,.25]",0.1875,0.0,0.1875,0.1875,0.0,0.3125,0.3125,0.0,0.25,0.25
80,B-bin/A-base,199,0,0.0,0.1875,0.1875,0.0,0.1875,0.3125,0.125,0.3125,0.25,-0.0625
80,A-bin/B-base,200,"(.25,.5]",0.375,0.6875,0.8125,0.125,0.6875,0.875,0.1875,0.8125,0.875,0.0625
80,B-bin/A-base,200,"(.5,.75]",0.6875,0.375,0.8125,0.4375,0.4375,0.875,0.4375,0.625,0.875,0.25
80,A-bin/B-base,201,"(0,.25]",0.0625,0.0625,0.125,0.0625,0.1875,0.5,0.3125,0.125,0.1875,0.0625
80,B-bin/A-base,201,"(0,.25]",0.0625,0.0625,0.125,0.0625,0.25,0.5,0.25,0.125,0.1875,0.0625
80,A-bin/B-base,202,"(.75,1)",0.875,0.875,0.875,0.0,0.9375,0.9375,0.0,0.9375,0.9375,0.0
80,B-bin/A-base,202,"(.75,1)",0.875,0.875,0.875,0.0,0.875,0.9375,0.0625,1.0,0.9375,-0.0625
80,A-bin/B-base,203,"(.75,1)",0.8125,0.8125,0.9375,0.125,0.8125,0.9375,0.125,0.9375,1.0,0.0625
80,B-bin/A-base,203,"(.75,1)",0.8125,0.8125,0.9375,0.125,0.875,0.9375,0.0625,0.9375,1.0,0.0625
80,A-bin/B-base,204,"(0,.25]",0.25,0.375,0.5625,0.1875,0.4375,0.875,0.4375,0.5,0.625,0.125
80,B-bin/A-base,204,"(.25,.5]",0.375,0.25,0.5625,0.3125,0.3125,0.875,0.5625,0.4375,0.625,0.1875
80,A-bin/B-base,205,"(0,.25]",0.125,0.25,0.125,-0.125,0.375,0.625,0.25,0.25,0.1875,-0.0625
80,B-bin/A-base,205,"(0,.25]",0.25,0.125,0.125,0.0,0.375,0.625,0.25,0.125,0.1875,0.0625
80,A-bin/B-base,206,"(0,.25]",0.25,0.4375,0.375,-0.0625,0.4375,0.4375,0.0,0.5625,0.5625,0.0
80,B-bin/A-base,206,"(.25,.5]",0.4375,0.25,0.375,0.125,0.25,0.4375,0.1875,0.6875,0.5625,-0.125
80,A-bin/B-base,207,"(.25,.5]",0.5,0.5625,0.625,0.0625,0.625,0.75,0.125,0.75,0.6875,-0.0625
80,B-bin/A-base,207,"(.5,.75]",0.5625,0.5,0.625,0.125,0.5625,0.75,0.1875,0.6875,0.6875,0.0
80,A-bin/B-base,208,"(.5,.75]",0.6875,0.75,0.9375,0.1875,0.75,1.0,0.25,0.9375,0.9375,0.0
80,B-bin/A-base,208,"(.5,.75]",0.75,0.6875,0.9375,0.25,0.6875,1.0,0.3125,0.875,0.9375,0.0625
80,A-bin/B-base,209,"(.5,.75]",0.5625,0.5,0.8125,0.3125,0.5,0.8125,0.3125,0.8125,0.9375,0.125
80,B-bin/A-base,209,"(.25,.5]",0.5,0.5625,0.8125,0.25,0.625,0.8125,0.1875,0.625,0.9375,0.3125
80,A-bin/B-base,210,"(.25,.5]",0.3125,0.25,0.6875,0.4375,0.375,0.6875,0.3125,0.6875,0.75,0.0625
80,B-bin/A-base,210,"(0,.25]",0.25,0.3125,0.6875,0.375,0.375,0.6875,0.3125,0.4375,0.75,0.3125
80,A-bin/B-base,211,"(0,.25]",0.0625,0.125,0.375,0.25,0.5,0.75,0.25,0.1875,0.375,0.1875
80,B-bin/A-base,211,"(0,.25]",0.125,0.0625,0.375,0.3125,0.4375,0.75,0.3125,0.3125,0.375,0.0625
80,A-bin/B-base,212,0,0.0,0.0,0.0,0.0,0.0,0.1875,0.1875,0.25,0.1875,-0.0625
80,B-bin/A-base,212,0,0.0,0.0,0.0,0.0,0.0625,0.1875,0.125,0.125,0.1875,0.0625
80,A-bin/B-base,213,"(.5,.75]",0.5625,0.625,0.75,0.125,0.6875,0.9375,0.25,0.8125,0.8125,0.0
80,B-bin/A-base,213,"(.5,.75]",0.625,0.5625,0.75,0.1875,0.5625,0.9375,0.375,0.75,0.8125,0.0625
80,A-bin/B-base,214,"(0,.25]",0.0625,0.0,0.125,0.125,0.375,0.6875,0.3125,0.0,0.125,0.125
80,B-bin/A-base,214,0,0.0,0.0625,0.125,0.0625,0.3125,0.6875,0.375,0.0625,0.125,0.0625
80,A-bin/B-base,215,"(.25,.5]",0.5,0.75,0.9375,0.1875,0.75,0.9375,0.1875,0.9375,1.0,0.0625
80,B-bin/A-base,215,"(.5,.75]",0.75,0.5,0.9375,0.4375,0.5625,0.9375,0.375,0.875,1.0,0.125
80,A-bin/B-base,216,"(.5,.75]",0.75,0.5,0.6875,0.1875,0.5,0.8125,0.3125,0.8125,0.75,-0.0625
80,B-bin/A-base,216,"(.25,.5]",0.5,0.75,0.6875,-0.0625,0.75,0.8125,0.0625,1.0,0.75,-0.25
80,A-bin/B-base,217,"(0,.25]",0.1875,0.0625,0.25,0.1875,0.0625,0.3125,0.25,0.3125,0.3125,0.0
80,B-bin/A-base,217,"(0,.25]",0.0625,0.1875,0.25,0.0625,0.1875,0.3125,0.125,0.375,0.3125,-0.0625
80,A-bin/B-base,218,"(0,.25]",0.125,0.125,0.125,0.0,0.75,0.75,0.0,0.1875,0.25,0.0625
80,B-bin/A-base,218,"(0,.25]",0.125,0.125,0.125,0.0,0.4375,0.75,0.3125,0.1875,0.25,0.0625
80,A-bin/B-base,219,"(0,.25]",0.0625,0.0,0.375,0.375,0.125,0.5,0.375,0.1875,0.375,0.1875
80,B-bin/A-base,219,0,0.0,0.0625,0.375,0.3125,0.3125,0.5,0.1875,0.3125,0.375,0.0625
80,A-bin/B-base,220,"(0,.25]",0.0625,0.125,0.1875,0.0625,0.125,0.375,0.25,0.3125,0.3125,0.0
80,B-bin/A-base,220,"(0,.25]",0.125,0.0625,0.1875,0.125,0.125,0.375,0.25,0.25,0.3125,0.0625
80,A-bin/B-base,221,"(.75,1)",0.875,0.875,0.8125,-0.0625,0.875,0.8125,-0.0625,0.9375,0.9375,0.0
80,B-bin/A-base,221,"(.75,1)",0.875,0.875,0.8125,-0.0625,0.875,0.8125,-0.0625,1.0,0.9375,-0.0625
80,A-bin/B-base,222,"(0,.25]",0.25,0.4375,0.8125,0.375,0.5,0.875,0.375,0.5,0.8125,0.3125
80,B-bin/A-base,222,"(.25,.5]",0.4375,0.25,0.8125,0.5625,0.5,0.875,0.375,0.375,0.8125,0.4375
80,A-bin/B-base,223,"(0,.25]",0.125,0.0625,0.1875,0.125,0.125,0.5,0.375,0.3125,0.25,-0.0625
80,B-bin/A-base,223,"(0,.25]",0.0625,0.125,0.1875,0.0625,0.3125,0.5,0.1875,0.1875,0.25,0.0625
80,A-bin/B-base,224,0,0.0,0.0,0.1875,0.1875,0.0,0.4375,0.4375,0.25,0.1875,-0.0625
80,B-bin/A-base,224,0,0.0,0.0,0.1875,0.1875,0.1875,0.4375,0.25,0.0625,0.1875,0.125
80,A-bin/B-base,225,"(0,.25]",0.0625,0.0,0.25,0.25,0.0625,0.5625,0.5,0.1875,0.3125,0.125
80,B-bin/A-base,225,0,0.0,0.0625,0.25,0.1875,0.125,0.5625,0.4375,0.125,0.3125,0.1875
80,A-bin/B-base,226,"(0,.25]",0.1875,0.4375,0.5,0.0625,0.5625,0.875,0.3125,0.625,0.5625,-0.0625
80,B-bin/A-base,226,"(.25,.5]",0.4375,0.1875,0.5,0.3125,0.3125,0.875,0.5625,0.25,0.5625,0.3125
80,A-bin/B-base,227,"(.5,.75]",0.625,0.75,0.875,0.125,0.8125,1.0,0.1875,0.875,0.875,0.0
80,B-bin/A-base,227,"(.5,.75]",0.75,0.625,0.875,0.25,0.625,1.0,0.375,0.9375,0.875,-0.0625
80,A-bin/B-base,228,"(0,.25]",0.125,0.0,0.0625,0.0625,0.5625,0.75,0.1875,0.0625,0.125,0.0625
80,B-bin/A-base,228,0,0.0,0.125,0.0625,-0.0625,0.6875,0.75,0.0625,0.1875,0.125,-0.0625
80,A-bin/B-base,229,"(0,.25]",0.1875,0.0625,0.3125,0.25,0.6875,0.875,0.1875,0.125,0.3125,0.1875
80,B-bin/A-base,229,"(0,.25]",0.0625,0.1875,0.3125,0.125,0.75,0.875,0.125,0.1875,0.3125,0.125
80,A-bin/B-base,230,"(0,.25]",0.125,0.0625,0.0625,0.0,0.25,0.5625,0.3125,0.125,0.125,0.0
80,B-bin/A-base,230,"(0,.25]",0.0625,0.125,0.0625,-0.0625,0.4375,0.5625,0.125,0.125,0.125,0.0
80,A-bin/B-base,231,"(0,.25]",0.0625,0.125,0.1875,0.0625,0.1875,0.375,0.1875,0.125,0.1875,0.0625
80,B-bin/A-base,231,"(0,.25]",0.125,0.0625,0.1875,0.125,0.125,0.375,0.25,0.125,0.1875,0.0625
80,A-bin/B-base,232,0,0.0,0.0,0.0,0.0,0.4375,0.9375,0.5,0.0,0.0,0.0
80,B-bin/A-base,232,0,0.0,0.0,0.0,0.0,0.375,0.9375,0.5625,0.0,0.0,0.0
80,A-bin/B-base,233,"(.25,.5]",0.5,0.375,0.25,-0.125,0.6875,1.0,0.3125,0.4375,0.25,-0.1875
80,B-bin/A-base,233,"(.25,.5]",0.375,0.5,0.25,-0.25,0.75,1.0,0.25,0.625,0.25,-0.375
80,A-bin/B-base,234,0,0.0,0.0,0.1875,0.1875,0.125,0.4375,0.3125,0.0,0.1875,0.1875
80,B-bin/A-base,234,0,0.0,0.0,0.1875,0.1875,0.125,0.4375,0.3125,0.0,0.1875,0.1875
80,A-bin/B-base,235,"(0,.25]",0.0625,0.125,0.1875,0.0625,0.3125,0.5,0.1875,0.375,0.3125,-0.0625
80,B-bin/A-base,235,"(0,.25]",0.125,0.0625,0.1875,0.125,0.0625,0.5,0.4375,0.1875,0.3125,0.125
80,A-bin/B-base,236,"(.75,1)",0.9375,0.75,1.0,0.25,0.75,1.0,0.25,0.8125,1.0,0.1875
80,B-bin/A-base,236,"(.5,.75]",0.75,0.9375,1.0,0.0625,0.9375,1.0,0.0625,1.0,1.0,0.0
80,A-bin/B-base,237,"(0,.25]",0.0625,0.0,0.125,0.125,0.125,0.3125,0.1875,0.0625,0.125,0.0625
80,B-bin/A-base,237,0,0.0,0.0625,0.125,0.0625,0.0625,0.3125,0.25,0.0625,0.125,0.0625
80,A-bin/B-base,238,"(.25,.5]",0.375,0.4375,0.8125,0.375,0.5,0.8125,0.3125,0.75,1.0,0.25
80,B-bin/A-base,238,"(.25,.5]",0.4375,0.375,0.8125,0.4375,0.4375,0.8125,0.375,0.875,1.0,0.125
80,A-bin/B-base,239,"(0,.25]",0.25,0.125,0.125,0.0,0.125,0.375,0.25,0.125,0.125,0.0
80,B-bin/A-base,239,"(0,.25]",0.125,0.25,0.125,-0.125,0.25,0.375,0.125,0.375,0.125,-0.25
80,A-bin/B-base,240,"(.25,.5]",0.5,0.625,0.875,0.25,0.625,0.9375,0.3125,1.0,0.9375,-0.0625
80,B-bin/A-base,240,"(.5,.75]",0.625,0.5,0.875,0.375,0.5625,0.9375,0.375,0.8125,0.9375,0.125
80,A-bin/B-base,241,"(.5,.75]",0.625,0.3125,0.625,0.3125,0.3125,0.625,0.3125,0.6875,0.8125,0.125
80,B-bin/A-base,241,"(.25,.5]",0.3125,0.625,0.625,0.0,0.6875,0.625,-0.0625,0.6875,0.8125,0.125
80,A-bin/B-base,242,"(.5,.75]",0.75,0.375,0.4375,0.0625,0.375,0.4375,0.0625,0.6875,0.5625,-0.125
80,B-bin/A-base,242,"(.25,.5]",0.375,0.75,0.4375,-0.3125,0.8125,0.4375,-0.375,0.9375,0.5625,-0.375
80,A-bin/B-base,243,"(0,.25]",0.0625,0.0625,0.1875,0.125,0.125,0.75,0.625,0.0625,0.1875,0.125
80,B-bin/A-base,243,"(0,.25]",0.0625,0.0625,0.1875,0.125,0.4375,0.75,0.3125,0.1875,0.1875,0.0
80,A-bin/B-base,244,"(.75,1)",0.875,0.75,1.0,0.25,0.75,1.0,0.25,0.9375,1.0,0.0625
80,B-bin/A-base,244,"(.5,.75]",0.75,0.875,1.0,0.125,0.875,1.0,0.125,0.9375,1.0,0.0625
80,A-bin/B-base,245,"(.25,.5]",0.375,0.375,0.75,0.375,0.4375,0.8125,0.375,0.625,0.9375,0.3125
80,B-bin/A-base,245,"(.25,.5]",0.375,0.375,0.75,0.375,0.5,0.8125,0.3125,0.5625,0.9375,0.375
80,A-bin/B-base,246,"(0,.25]",0.0625,0.0625,0.375,0.3125,0.0625,0.6875,0.625,0.125,0.4375,0.3125
80,B-bin/A-base,246,"(0,.25]",0.0625,0.0625,0.375,0.3125,0.125,0.6875,0.5625,0.125,0.4375,0.3125
80,A-bin/B-base,247,0,0.0,0.0,0.25,0.25,0.25,0.5,0.25,0.0625,0.375,0.3125
80,B-bin/A-base,247,0,0.0,0.0,0.25,0.25,0.25,0.5,0.25,0.125,0.375,0.25
80,A-bin/B-base,248,0,0.0,0.0,0.125,0.125,0.0625,0.625,0.5625,0.0625,0.125,0.0625
80,B-bin/A-base,248,0,0.0,0.0,0.125,0.125,0.1875,0.625,0.4375,0.0625,0.125,0.0625
80,A-bin/B-base,249,"(.5,.75]",0.625,0.75,1.0,0.25,0.75,1.0,0.25,0.875,1.0,0.125
80,B-bin/A-base,249,"(.5,.75]",0.75,0.625,1.0,0.375,0.625,1.0,0.375,0.875,1.0,0.125
80,A-bin/B-base,250,0,0.0,0.125,0.25,0.125,0.4375,0.75,0.3125,0.3125,0.25,-0.0625
80,B-bin/A-base,250,"(0,.25]",0.125,0.0,0.25,0.25,0.25,0.75,0.5,0.0625,0.25,0.1875
80,A-bin/B-base,251,"(0,.25]",0.1875,0.125,0.125,0.0,0.375,0.625,0.25,0.125,0.1875,0.0625
80,B-bin/A-base,251,"(0,.25]",0.125,0.1875,0.125,-0.0625,0.4375,0.625,0.1875,0.3125,0.1875,-0.125
80,A-bin/B-base,252,"(.5,.75]",0.5625,0.8125,1.0,0.1875,0.8125,1.0,0.1875,1.0,1.0,0.0
80,B-bin/A-base,252,"(.75,1)",0.8125,0.5625,1.0,0.4375,0.5625,1.0,0.4375,0.8125,1.0,0.1875
80,A-bin/B-base,253,0,0.0,0.125,0.25,0.125,0.125,0.3125,0.1875,0.4375,0.375,-0.0625
80,B-bin/A-base,253,"(0,.25]",0.125,0.0,0.25,0.25,0.0,0.3125,0.3125,0.125,0.375,0.25
80,A-bin/B-base,254,"(.25,.5]",0.3125,0.25,0.75,0.5,0.3125,0.8125,0.5,0.625,0.875,0.25
80,B-bin/A-base,254,"(0,.25]",0.25,0.3125,0.75,0.4375,0.3125,0.8125,0.5,0.5625,0.875,0.3125
80,A-bin/B-base,255,"(.5,.75]",0.625,0.6875,0.75,0.0625,0.75,0.9375,0.1875,0.8125,0.8125,0.0
80,B-bin/A-base,255,"(.5,.75]",0.6875,0.625,0.75,0.125,0.75,0.9375,0.1875,0.8125,0.8125,0.0
85,A-bin/B-base,0,"(.75,1)",0.8125,0.875,1.0,0.125,0.875,1.0,0.125,0.9375,1.0,0.0625
85,B-bin/A-base,0,"(.75,1)",0.875,0.8125,1.0,0.1875,0.8125,1.0,0.1875,0.8125,1.0,0.1875
85,A-bin/B-base,1,"(0,.25]",0.25,0.3125,0.5,0.1875,0.5,0.8125,0.3125,0.5,0.5625,0.0625
85,B-bin/A-base,1,"(.25,.5]",0.3125,0.25,0.5,0.25,0.3125,0.8125,0.5,0.4375,0.5625,0.125
85,A-bin/B-base,2,"(0,.25]",0.125,0.4375,0.5,0.0625,0.5625,0.6875,0.125,0.5625,0.75,0.1875
85,B-bin/A-base,2,"(.25,.5]",0.4375,0.125,0.5,0.375,0.1875,0.6875,0.5,0.5,0.75,0.25
85,A-bin/B-base,3,"(.5,.75]",0.5625,0.6875,0.875,0.1875,0.6875,0.875,0.1875,0.875,0.9375,0.0625
85,B-bin/A-base,3,"(.5,.75]",0.6875,0.5625,0.875,0.3125,0.625,0.875,0.25,0.75,0.9375,0.1875
85,A-bin/B-base,4,"(0,.25]",0.125,0.375,0.5625,0.1875,0.5,0.875,0.375,0.4375,0.5625,0.125
85,B-bin/A-base,4,"(.25,.5]",0.375,0.125,0.5625,0.4375,0.4375,0.875,0.4375,0.1875,0.5625,0.375
85,A-bin/B-base,5,"(.25,.5]",0.375,0.625,0.6875,0.0625,0.6875,0.875,0.1875,0.8125,0.75,-0.0625
85,B-bin/A-base,5,"(.5,.75]",0.625,0.375,0.6875,0.3125,0.4375,0.875,0.4375,0.6875,0.75,0.0625
85,A-bin/B-base,6,"(.5,.75]",0.6875,0.625,0.8125,0.1875,0.625,0.9375,0.3125,0.875,0.875,0.0
85,B-bin/A-base,6,"(.5,.75]",0.625,0.6875,0.8125,0.125,0.75,0.9375,0.1875,0.875,0.875,0.0
85,A-bin/B-base,7,0,0.0,0.0,0.0625,0.0625,0.125,0.3125,0.1875,0.0,0.125,0.125
85,B-bin/A-base,7,0,0.0,0.0,0.0625,0.0625,0.0,0.3125,0.3125,0.0,0.125,0.125
85,A-bin/B-base,8,"(0,.25]",0.1875,0.125,0.125,0.0,0.3125,0.6875,0.375,0.1875,0.25,0.0625
85,B-bin/A-base,8,"(0,.25]",0.125,0.1875,0.125,-0.0625,0.375,0.6875,0.3125,0.3125,0.25,-0.0625
85,A-bin/B-base,9,"(0,.25]",0.1875,0.0,0.0625,0.0625,0.25,0.75,0.5,0.0,0.0625,0.0625
85,B-bin/A-base,9,0,0.0,0.1875,0.0625,-0.125,0.5,0.75,0.25,0.25,0.0625,-0.1875
85,A-bin/B-base,10,0,0.0,0.0625,0.0625,0.0,0.125,0.0625,-0.0625,0.125,0.125,0.0
85,B-bin/A-base,10,"(0,.25]",0.0625,0.0,0.0625,0.0625,0.0,0.0625,0.0625,0.0625,0.125,0.0625
85,A-bin/B-base,11,0,0.0,0.0625,0.0,-0.0625,0.0625,0.1875,0.125,0.0625,0.125,0.0625
85,B-bin/A-base,11,"(0,.25]",0.0625,0.0,0.0,0.0,0.0,0.1875,0.1875,0.0,0.125,0.125
85,A-bin/B-base,12,"(.25,.5]",0.4375,0.625,1.0,0.375,0.625,1.0,0.375,0.8125,1.0,0.1875
85,B-bin/A-base,12,"(.5,.75]",0.625,0.4375,1.0,0.5625,0.4375,1.0,0.5625,0.875,1.0,0.125
85,A-bin/B-base,13,"(0,.25]",0.1875,0.0625,0.1875,0.125,0.25,0.5625,0.3125,0.25,0.25,0.0
85,B-bin/A-base,13,"(0,.25]",0.0625,0.1875,0.1875,0.0,0.4375,0.5625,0.125,0.3125,0.25,-0.0625
85,A-bin/B-base,14,"(0,.25]",0.25,0.1875,0.5,0.3125,0.375,0.625,0.25,0.5625,0.6875,0.125
85,B-bin/A-base,14,"(0,.25]",0.1875,0.25,0.5,0.25,0.3125,0.625,0.3125,0.4375,0.6875,0.25
85,A-bin/B-base,15,0,0.0,0.0,0.0625,0.0625,0.5,0.625,0.125,0.0,0.0625,0.0625
85,B-bin/A-base,15,0,0.0,0.0,0.0625,0.0625,0.0,0.625,0.625,0.0,0.0625,0.0625
85,A-bin/B-base,16,"(0,.25]",0.125,0.125,0.5625,0.4375,0.25,0.75,0.5,0.1875,0.5625,0.375
85,B-bin/A-base,16,"(0,.25]",0.125,0.125,0.5625,0.4375,0.125,0.75,0.625,0.1875,0.5625,0.375
85,A-bin/B-base,17,"(0,.25]",0.125,0.0625,0.25,0.1875,0.1875,0.75,0.5625,0.1875,0.25,0.0625
85,B-bin/A-base,17,"(0,.25]",0.0625,0.125,0.25,0.125,0.375,0.75,0.375,0.1875,0.25,0.0625
85,A-bin/B-base,18,"(0,.25]",0.1875,0.0,0.0625,0.0625,0.1875,0.5625,0.375,0.125,0.25,0.125
85,B-bin/A-base,18,0,0.0,0.1875,0.0625,-0.125,0.25,0.5625,0.3125,0.3125,0.25,-0.0625
85,A-bin/B-base,19,"(0,.25]",0.25,0.1875,0.25,0.0625,0.25,0.875,0.625,0.375,0.375,0.0
85,B-bin/A-base,19,"(0,.25]",0.1875,0.25,0.25,0.0,0.375,0.875,0.5,0.5,0.375,-0.125
85,A-bin/B-base,20,"(.75,1)",0.8125,0.875,1.0,0.125,0.875,1.0,0.125,1.0,1.0,0.0
85,B-bin/A-base,20,"(.75,1)",0.875,0.8125,1.0,0.1875,0.8125,1.0,0.1875,1.0,1.0,0.0
85,A-bin/B-base,21,"(0,.25]",0.125,0.125,0.4375,0.3125,0.125,0.6875,0.5625,0.25,0.5,0.25
85,B-bin/A-base,21,"(0,.25]",0.125,0.125,0.4375,0.3125,0.1875,0.6875,0.5,0.125,0.5,0.375
85,A-bin/B-base,22,0,0.0,0.0,0.125,0.125,0.25,0.5,0.25,0.0625,0.125,0.0625
85,B-bin/A-base,22,0,0.0,0.0,0.125,0.125,0.1875,0.5,0.3125,0.25,0.125,-0.125
85,A-bin/B-base,23,"(.5,.75]",0.5625,0.5,0.625,0.125,0.5625,0.875,0.3125,0.8125,0.75,-0.0625
85,B-bin/A-base,23,"(.25,.5]",0.5,0.5625,0.625,0.0625,0.5625,0.875,0.3125,0.6875,0.75,0.0625
85,A-bin/B-base,24,"(.5,.75]",0.625,0.5625,0.875,0.3125,0.5625,0.9375,0.375,0.6875,0.9375,0.25
85,B-bin/A-base,24,"(.5,.75]",0.5625,0.625,0.875,0.25,0.625,0.9375,0.3125,0.625,0.9375,0.3125
85,A-bin/B-base,25,"(.25,.5]",0.375,0.3125,0.6875,0.375,0.4375,0.8125,0.375,0.5625,0.6875,0.125
85,B-bin/A-base,25,"(.25,.5]",0.3125,0.375,0.6875,0.3125,0.4375,0.8125,0.375,0.625,0.6875,0.0625
85,A-bin/B-base,26,"(.5,.75]",0.6875,0.625,0.875,0.25,0.75,1.0,0.25,0.8125,0.875,0.0625
85,B-bin/A-base,26,"(.5,.75]",0.625,0.6875,0.875,0.1875,0.6875,1.0,0.3125,1.0,0.875,-0.125
85,A-bin/B-base,27,"(0,.25]",0.0625,0.0625,0.125,0.0625,0.3125,0.5,0.1875,0.1875,0.25,0.0625
85,B-bin/A-base,27,"(0,.25]",0.0625,0.0625,0.125,0.0625,0.125,0.5,0.375,0.125,0.25,0.125
85,A-bin/B-base,28,"(.5,.75]",0.5625,0.5625,0.6875,0.125,0.5625,0.75,0.1875,0.9375,0.8125,-0.125
85,B-bin/A-base,28,"(.5,.75]",0.5625,0.5625,0.6875,0.125,0.5625,0.75,0.1875,0.9375,0.8125,-0.125
85,A-bin/B-base,29,"(0,.25]",0.125,0.1875,0.1875,0.0,0.3125,0.4375,0.125,0.3125,0.25,-0.0625
85,B-bin/A-base,29,"(0,.25]",0.1875,0.125,0.1875,0.0625,0.3125,0.4375,0.125,0.1875,0.25,0.0625
85,A-bin/B-base,30,"(0,.25]",0.0625,0.0625,0.3125,0.25,0.0625,0.375,0.3125,0.25,0.5625,0.3125
85,B-bin/A-base,30,"(0,.25]",0.0625,0.0625,0.3125,0.25,0.1875,0.375,0.1875,0.1875,0.5625,0.375
85,A-bin/B-base,31,"(.25,.5]",0.375,0.125,0.3125,0.1875,0.1875,0.8125,0.625,0.25,0.375,0.125
85,B-bin/A-base,31,"(0,.25]",0.125,0.375,0.3125,-0.0625,0.5625,0.8125,0.25,0.5,0.375,-0.125
85,A-bin/B-base,32,"(0,.25]",0.0625,0.25,0.0625,-0.1875,0.3125,0.1875,-0.125,0.5,0.1875,-0.3125
85,B-bin/A-base,32,"(0,.25]",0.25,0.0625,0.0625,0.0,0.125,0.1875,0.0625,0.25,0.1875,-0.0625
85,A-bin/B-base,33,"(.5,.75]",0.75,0.375,0.6875,0.3125,0.375,0.6875,0.3125,0.875,0.8125,-0.0625
85,B-bin/A-base,33,"(.25,.5]",0.375,0.75,0.6875,-0.0625,0.8125,0.6875,-0.125,0.9375,0.8125,-0.125
85,A-bin/B-base,34,"(.5,.75]",0.625,0.625,0.9375,0.3125,0.6875,1.0,0.3125,0.875,0.9375,0.0625
85,B-bin/A-base,34,"(.5,.75]",0.625,0.625,0.9375,0.3125,0.6875,1.0,0.3125,0.875,0.9375,0.0625
85,A-bin/B-base,35,"(.5,.75]",0.625,0.5625,0.8125,0.25,0.5625,1.0,0.4375,0.75,0.8125,0.0625
85,B-bin/A-base,35,"(.5,.75]",0.5625,0.625,0.8125,0.1875,0.875,1.0,0.125,0.6875,0.8125,0.125
85,A-bin/B-base,36,"(.5,.75]",0.75,0.8125,0.6875,-0.125,0.8125,0.75,-0.0625,0.875,0.9375,0.0625
85,B-bin/A-base,36,"(.75,1)",0.8125,0.75,0.6875,-0.0625,0.8125,0.75,-0.0625,0.875,0.9375,0.0625
85,A-bin/B-base,37,"(.25,.5]",0.5,0.6875,0.75,0.0625,0.6875,0.9375,0.25,0.8125,0.75,-0.0625
85,B-bin/A-base,37,"(.5,.75]",0.6875,0.5,0.75,0.25,0.625,0.9375,0.3125,0.5625,0.75,0.1875
85,A-bin/B-base,38,"(0,.25]",0.125,0.0,0.0625,0.0625,0.25,0.8125,0.5625,0.0,0.0625,0.0625
85,B-bin/A-base,38,0,0.0,0.125,0.0625,-0.0625,0.375,0.8125,0.4375,0.125,0.0625,-0.0625
85,A-bin/B-base,39,"(.25,.5]",0.5,0.4375,0.6875,0.25,0.4375,0.875,0.4375,0.75,0.6875,-0.0625
85,B-bin/A-base,39,"(.25,.5]",0.4375,0.5,0.6875,0.1875,0.5,0.875,0.375,0.6875,0.6875,0.0
85,A-bin/B-base,40,0,0.0,0.125,0.25,0.125,0.3125,0.6875,0.375,0.25,0.3125,0.0625
85,B-bin/A-base,40,"(0,.25]",0.125,0.0,0.25,0.25,0.0,0.6875,0.6875,0.125,0.3125,0.1875
85,A-bin/B-base,41,"(.75,1)",0.8125,0.75,0.9375,0.1875,0.8125,0.9375,0.125,0.9375,0.9375,0.0
85,B-bin/A-base,41,"(.5,.75]",0.75,0.8125,0.9375,0.125,0.875,0.9375,0.0625,0.9375,0.9375,0.0
85,A-bin/B-base,42,0,0.0,0.0625,0.0625,0.0,0.1875,0.0625,-0.125,0.0625,0.125,0.0625
85,B-bin/A-base,42,"(0,.25]",0.0625,0.0,0.0625,0.0625,0.125,0.0625,-0.0625,0.125,0.125,0.0
85,A-bin/B-base,43,0,0.0,0.0625,0.1875,0.125,0.375,0.5625,0.1875,0.3125,0.1875,-0.125
85,B-bin/A-base,43,"(0,.25]",0.0625,0.0,0.1875,0.1875,0.375,0.5625,0.1875,0.0625,0.1875,0.125
85,A-bin/B-base,44,"(.5,.75]",0.625,0.75,0.6875,-0.0625,0.875,1.0,0.125,0.75,0.6875,-0.0625
85,B-bin/A-base,44,"(.5,.75]",0.75,0.625,0.6875,0.0625,0.6875,1.0,0.3125,0.8125,0.6875,-0.125
85,A-bin/B-base,45,"(.5,.75]",0.625,0.5,0.5625,0.0625,0.5625,0.875,0.3125,0.75,0.5625,-0.1875
85,B-bin/A-base,45,"(.25,.5]",0.5,0.625,0.5625,-0.0625,0.625,0.875,0.25,0.8125,0.5625,-0.25
85,A-bin/B-base,46,"(.25,.5]",0.5,0.375,0.6875,0.3125,0.625,1.0,0.375,0.625,0.6875,0.0625
85,B-bin/A-base,46,"(.25,.5]",0.375,0.5,0.6875,0.1875,0.6875,1.0,0.3125,0.75,0.6875,-0.0625
85,A-bin/B-base,47,"(.25,.5]",0.5,0.75,0.75,0.0,0.75,0.8125,0.0625,0.9375,0.9375,0.0
85,B-bin/A-base,47,"(.5,.75]",0.75,0.5,0.75,0.25,0.5,0.8125,0.3125,0.75,0.9375,0.1875
85,A-bin/B-base,48,"(.5,.75]",0.6875,0.6875,0.8125,0.125,0.6875,0.8125,0.125,1.0,0.8125,-0.1875
85,B-bin/A-base,48,"(.5,.75]",0.6875,0.6875,0.8125,0.125,0.6875,0.8125,0.125,0.9375,0.8125,-0.125
85,A-bin/B-base,49,"(.5,.75]",0.6875,0.875,0.875,0.0,0.875,0.875,0.0,0.875,0.9375,0.0625
85,B-bin/A-base,49,"(.75,1)",0.875,0.6875,0.875,0.1875,0.75,0.875,0.125,0.8125,0.9375,0.125
85,A-bin/B-base,50,0,0.0,0.0,0.0,0.0,0.0625,0.5625,0.5,0.0,0.0,0.0
85,B-bin/A-base,50,0,0.0,0.0,0.0,0.0,0.375,0.5625,0.1875,0.0,0.0,0.0
85,A-bin/B-base,51,"(.5,.75]",0.625,0.5,0.8125,0.3125,0.5,0.875,0.375,0.6875,0.875,0.1875
85,B-bin/A-base,51,"(.25,.5]",0.5,0.625,0.8125,0.1875,0.625,0.875,0.25,0.6875,0.875,0.1875
85,A-bin/B-base,52,"(.5,.75]",0.6875,0.5,0.6875,0.1875,0.5625,0.8125,0.25,0.625,0.6875,0.0625
85,B-bin/A-base,52,"(.25,.5]",0.5,0.6875,0.6875,0.0,0.75,0.8125,0.0625,0.75,0.6875,-0.0625
85,A-bin/B-base,53,"(.5,.75]",0.75,0.75,0.875,0.125,0.75,0.9375,0.1875,1.0,0.9375,-0.0625
85,B-bin/A-base,53,"(.5,.75]",0.75,0.75,0.875,0.125,0.8125,0.9375,0.125,0.9375,0.9375,0.0
85,A-bin/B-base,54,"(0,.25]",0.1875,0.1875,0.3125,0.125,0.375,0.875,0.5,0.1875,0.3125,0.125
85,B-bin/A-base,54,"(0,.25]",0.1875,0.1875,0.3125,0.125,0.5625,0.875,0.3125,0.3125,0.3125,0.0
85,A-bin/B-base,55,"(.5,.75]",0.75,0.8125,0.875,0.0625,0.875,1.0,0.125,0.875,0.875,0.0
85,B-bin/A-base,55,"(.75,1)",0.8125,0.75,0.875,0.125,0.9375,1.0,0.0625,0.8125,0.875,0.0625
85,A-bin/B-base,56,"(.5,.75]",0.6875,0.6875,0.9375,0.25,0.6875,0.9375,0.25,0.9375,0.9375,0.0
85,B-bin/A-base,56,"(.5,.75]",0.6875,0.6875,0.9375,0.25,0.75,0.9375,0.1875,0.875,0.9375,0.0625
85,A-bin/B-base,57,"(0,.25]",0.1875,0.3125,0.3125,0.0,0.4375,0.625,0.1875,0.4375,0.3125,-0.125
85,B-bin/A-base,57,"(.25,.5]",0.3125,0.1875,0.3125,0.125,0.375,0.625,0.25,0.375,0.3125,-0.0625
85,A-bin/B-base,58,"(.25,.5]",0.375,0.5625,0.625,0.0625,0.625,0.75,0.125,0.6875,0.6875,0.0
85,B-bin/A-base,58,"(.5,.75]",0.5625,0.375,0.625,0.25,0.5625,0.75,0.1875,0.625,0.6875,0.0625
85,A-bin/B-base,59,"(.25,.5]",0.3125,0.3125,0.3125,0.0,0.5,0.8125,0.3125,0.4375,0.3125,-0.125
85,B-bin/A-base,59,"(.25,.5]",0.3125,0.3125,0.3125,0.0,0.5625,0.8125,0.25,0.375,0.3125,-0.0625
85,A-bin/B-base,60,"(0,.25]",0.25,0.125,0.25,0.125,0.25,0.625,0.375,0.1875,0.375,0.1875
85,B-bin/A-base,60,"(0,.25]",0.125,0.25,0.25,0.0,0.375,0.625,0.25,0.3125,0.375,0.0625
85,A-bin/B-base,61,"(.25,.5]",0.5,0.125,0.5625,0.4375,0.25,0.625,0.375,0.4375,0.625,0.1875
85,B-bin/A-base,61,"(0,.25]",0.125,0.5,0.5625,0.0625,0.625,0.625,0.0,0.625,0.625,0.0
85,A-bin/B-base,62,"(.25,.5]",0.375,0.4375,0.6875,0.25,0.5625,0.8125,0.25,0.5625,0.8125,0.25
85,B-bin/A-base,62,"(.25,.5]",0.4375,0.375,0.6875,0.3125,0.5,0.8125,0.3125,0.4375,0.8125,0.375
85,A-bin/B-base,63,0,0.0,0.0,0.0,0.0,0.125,0.375,0.25,0.0,0.0,0.0
85,B-bin/A-base,63,0,0.0,0.0,0.0,0.0,0.0,0.375,0.375,0.0,0.0,0.0
85,A-bin/B-base,64,"(.25,.5]",0.4375,0.5,0.8125,0.3125,0.5,0.9375,0.4375,0.6875,0.8125,0.125
85,B-bin/A-base,64,"(.25,.5]",0.5,0.4375,0.8125,0.375,0.5,0.9375,0.4375,0.6875,0.8125,0.125
85,A-bin/B-base,65,"(.25,.5]",0.4375,0.375,0.8125,0.4375,0.5,0.9375,0.4375,0.6875,0.8125,0.125
85,B-bin/A-base,65,"(.25,.5]",0.375,0.4375,0.8125,0.375,0.625,0.9375,0.3125,0.5625,0.8125,0.25
85,A-bin/B-base,66,"(0,.25]",0.125,0.0,0.4375,0.4375,0.125,0.75,0.625,0.25,0.5,0.25
85,B-bin/A-base,66,0,0.0,0.125,0.4375,0.3125,0.125,0.75,0.625,0.3125,0.5,0.1875
85,A-bin/B-base,67,"(0,.25]",0.1875,0.0625,0.0625,0.0,0.0625,0.625,0.5625,0.1875,0.125,-0.0625
85,B-bin/A-base,67,"(0,.25]",0.0625,0.1875,0.0625,-0.125,0.3125,0.625,0.3125,0.1875,0.125,-0.0625
85,A-bin/B-base,68,"(.25,.5]",0.4375,0.25,0.5,0.25,0.25,0.5625,0.3125,0.3125,0.5625,0.25
85,B-bin/A-base,68,"(0,.25]",0.25,0.4375,0.5,0.0625,0.4375,0.5625,0.125,0.625,0.5625,-0.0625
85,A-bin/B-base,69,"(.5,.75]",0.625,0.5625,0.875,0.3125,0.625,1.0,0.375,0.6875,0.875,0.1875
85,B-bin/A-base,69,"(.5,.75]",0.5625,0.625,0.875,0.25,0.6875,1.0,0.3125,0.75,0.875,0.125
85,A-bin/B-base,70,"(.5,.75]",0.75,0.9375,0.9375,0.0,0.9375,0.9375,0.0,1.0,1.0,0.0
85,B-bin/A-base,70,"(.75,1)",0.9375,0.75,0.9375,0.1875,0.8125,0.9375,0.125,0.875,1.0,0.125
85,A-bin/B-base,71,"(.5,.75]",0.75,0.75,0.6875,-0.0625,0.9375,1.0,0.0625,0.8125,0.6875,-0.125
85,B-bin/A-base,71,"(.5,.75]",0.75,0.75,0.6875,-0.0625,0.875,1.0,0.125,0.875,0.6875,-0.1875
85,A-bin/B-base,72,"(0,.25]",0.25,0.25,0.6875,0.4375,0.5625,0.9375,0.375,0.375,0.6875,0.3125
85,B-bin/A-base,72,"(0,.25]",0.25,0.25,0.6875,0.4375,0.5,0.9375,0.4375,0.3125,0.6875,0.375
85,A-bin/B-base,73,"(.25,.5]",0.5,0.8125,0.75,-0.0625,0.8125,1.0,0.1875,1.0,0.75,-0.25
85,B-bin/A-base,73,"(.75,1)",0.8125,0.5,0.75,0.25,0.625,1.0,0.375,0.75,0.75,0.0
85,A-bin/B-base,74,"(.25,.5]",0.4375,0.6875,0.625,-0.0625,0.75,0.875,0.125,0.875,0.6875,-0.1875
85,B-bin/A-base,74,"(.5,.75]",0.6875,0.4375,0.625,0.1875,0.5625,0.875,0.3125,0.5625,0.6875,0.125
85,A-bin/B-base,75,"(.25,.5]",0.5,0.3125,0.8125,0.5,0.3125,0.875,0.5625,0.625,0.9375,0.3125
85,B-bin/A-base,75,"(.25,.5]",0.3125,0.5,0.8125,0.3125,0.5625,0.875,0.3125,0.9375,0.9375,0.0
85,A-bin/B-base,76,"(0,.25]",0.0625,0.0625,0.3125,0.25,0.3125,0.6875,0.375,0.3125,0.3125,0.0
85,B-bin/A-base,76,"(0,.25]",0.0625,0.0625,0.3125,0.25,0.3125,0.6875,0.375,0.3125,0.3125,0.0
85,A-bin/B-base,77,"(0,.25]",0.1875,0.5,0.75,0.25,0.5625,0.75,0.1875,0.75,0.875,0.125
85,B-bin/A-base,77,"(.25,.5]",0.5,0.1875,0.75,0.5625,0.3125,0.75,0.4375,0.5,0.875,0.375
85,A-bin/B-base,78,"(0,.25]",0.1875,0.125,0.3125,0.1875,0.625,0.8125,0.1875,0.1875,0.375,0.1875
85,B-bin/A-base,78,"(0,.25]",0.125,0.1875,0.3125,0.125,0.5625,0.8125,0.25,0.25,0.375,0.125
85,A-bin/B-base,79,"(.75,1)",0.9375,0.75,0.9375,0.1875,0.8125,1.0,0.1875,0.9375,0.9375,0.0
85,B-bin/A-base,79,"(.5,.75]",0.75,0.9375,0.9375,0.0,0.9375,1.0,0.0625,0.9375,0.9375,0.0
85,A-bin/B-base,80,"(0,.25]",0.0625,0.1875,0.25,0.0625,0.1875,0.75,0.5625,0.5,0.25,-0.25
85,B-bin/A-base,80,"(0,.25]",0.1875,0.0625,0.25,0.1875,0.25,0.75,0.5,0.375,0.25,-0.125
85,A-bin/B-base,81,"(0,.25]",0.25,0.0625,0.4375,0.375,0.4375,0.6875,0.25,0.0625,0.4375,0.375
85,B-bin/A-base,81,"(0,.25]",0.0625,0.25,0.4375,0.1875,0.3125,0.6875,0.375,0.375,0.4375,0.0625
85,A-bin/B-base,82,"(.25,.5]",0.375,0.375,0.625,0.25,0.4375,0.6875,0.25,0.5,0.75,0.25
85,B-bin/A-base,82,"(.25,.5]",0.375,0.375,0.625,0.25,0.5625,0.6875,0.125,0.375,0.75,0.375
85,A-bin/B-base,83,"(.25,.5]",0.375,0.375,0.625,0.25,0.4375,0.75,0.3125,0.5625,0.75,0.1875
85,B-bin/A-base,83,"(.25,.5]",0.375,0.375,0.625,0.25,0.4375,0.75,0.3125,0.6875,0.75,0.0625
85,A-bin/B-base,84,"(.25,.5]",0.3125,0.125,0.5,0.375,0.3125,0.8125,0.5,0.375,0.5625,0.1875
85,B-bin/A-base,84,"(0,.25]",0.125,0.3125,0.5,0.1875,0.3125,0.8125,0.5,0.5625,0.5625,0.0
85,A-bin/B-base,85,"(.25,.5]",0.3125,0.4375,0.5625,0.125,0.5625,0.75,0.1875,0.625,0.5625,-0.0625
85,B-bin/A-base,85,"(.25,.5]",0.4375,0.3125,0.5625,0.25,0.375,0.75,0.375,0.5,0.5625,0.0625
85,A-bin/B-base,86,"(.25,.5]",0.5,0.625,0.8125,0.1875,0.625,0.9375,0.3125,0.8125,0.8125,0.0
85,B-bin/A-base,86,"(.5,.75]",0.625,0.5,0.8125,0.3125,0.625,0.9375,0.3125,0.8125,0.8125,0.0
85,A-bin/B-base,87,"(0,.25]",0.25,0.25,0.5625,0.3125,0.5625,0.9375,0.375,0.375,0.5625,0.1875
85,B-bin/A-base,87,"(0,.25]",0.25,0.25,0.5625,0.3125,0.375,0.9375,0.5625,0.6875,0.5625,-0.125
85,A-bin/B-base,88,"(.25,.5]",0.4375,0.5,0.4375,-0.0625,0.6875,0.8125,0.125,0.5625,0.4375,-0.125
85,B-bin/A-base,88,"(.25,.5]",0.5,0.4375,0.4375,0.0,0.5625,0.8125,0.25,0.5625,0.4375,-0.125
85,A-bin/B-base,89,"(0,.25]",0.125,0.1875,0.3125,0.125,0.375,0.875,0.5,0.3125,0.3125,0.0
85,B-bin/A-base,89,"(0,.25]",0.1875,0.125,0.3125,0.1875,0.1875,0.875,0.6875,0.3125,0.3125,0.0
85,A-bin/B-base,90,"(0,.25]",0.0625,0.0625,0.0625,0.0,0.25,0.75,0.5,0.1875,0.0625,-0.125
85,B-bin/A-base,90,"(0,.25]",0.0625,0.0625,0.0625,0.0,0.3125,0.75,0.4375,0.125,0.0625,-0.0625
85,A-bin/B-base,91,"(0,.25]",0.125,0.125,0.375,0.25,0.125,0.5,0.375,0.375,0.625,0.25
85,B-bin/A-base,91,"(0,.25]",0.125,0.125,0.375,0.25,0.125,0.5,0.375,0.6875,0.625,-0.0625
85,A-bin/B-base,92,"(0,.25]",0.125,0.3125,0.125,-0.1875,0.5625,0.625,0.0625,0.4375,0.1875,-0.25
85,B-bin/A-base,92,"(.25,.5]",0.3125,0.125,0.125,0.0,0.3125,0.625,0.3125,0.1875,0.1875,0.0
85,A-bin/B-base,93,"(.5,.75]",0.75,0.375,0.875,0.5,0.4375,0.9375,0.5,0.75,0.9375,0.1875
85,B-bin/A-base,93,"(.25,.5]",0.375,0.75,0.875,0.125,0.75,0.9375,0.1875,1.0,0.9375,-0.0625
85,A-bin/B-base,94,"(.5,.75]",0.5625,0.5625,0.875,0.3125,0.5625,0.9375,0.375,0.9375,0.9375,0.0
85,B-bin/A-base,94,"(.5,.75]",0.5625,0.5625,0.875,0.3125,0.5625,0.9375,0.375,0.875,0.9375,0.0625
85,A-bin/B-base,95,"(0,.25]",0.125,0.0,0.0625,0.0625,0.3125,0.5,0.1875,0.0,0.0625,0.0625
85,B-bin/A-base,95,0,0.0,0.125,0.0625,-0.0625,0.25,0.5,0.25,0.125,0.0625,-0.0625
85,A-bin/B-base,96,"(.75,1)",0.8125,0.6875,0.75,0.0625,0.6875,1.0,0.3125,0.75,0.75,0.0
85,B-bin/A-base,96,"(.5,.75]",0.6875,0.8125,0.75,-0.0625,0.8125,1.0,0.1875,0.875,0.75,-0.125
85,A-bin/B-base,97,0,0.0,0.0,0.0,0.0,0.1875,0.5625,0.375,0.0,0.0,0.0
85,B-bin/A-base,97,0,0.0,0.0,0.0,0.0,0.25,0.5625,0.3125,0.0,0.0,0.0
85,A-bin/B-base,98,"(.25,.5]",0.3125,0.375,0.5625,0.1875,0.6875,0.6875,0.0,0.375,0.625,0.25
85,B-bin/A-base,98,"(.25,.5]",0.375,0.3125,0.5625,0.25,0.5,0.6875,0.1875,0.375,0.625,0.25
85,A-bin/B-base,99,0,0.0,0.0,0.0625,0.0625,0.125,0.375,0.25,0.0625,0.125,0.0625
85,B-bin/A-base,99,0,0.0,0.0,0.0625,0.0625,0.0,0.375,0.375,0.0625,0.125,0.0625
85,A-bin/B-base,100,"(.25,.5]",0.375,0.25,0.75,0.5,0.375,0.8125,0.4375,0.4375,0.8125,0.375
85,B-bin/A-base,100,"(0,.25]",0.25,0.375,0.75,0.375,0.4375,0.8125,0.375,0.75,0.8125,0.0625
85,A-bin/B-base,101,"(0,.25]",0.25,0.3125,0.6875,0.375,0.5,0.875,0.375,0.625,0.75,0.125
85,B-bin/A-base,101,"(.25,.5]",0.3125,0.25,0.6875,0.4375,0.5,0.875,0.375,0.5,0.75,0.25
85,A-bin/B-base,102,"(0,.25]",0.1875,0.375,0.75,0.375,0.5625,0.8125,0.25,0.5625,0.75,0.1875
85,B-bin/A-base,102,"(.25,.5]",0.375,0.1875,0.75,0.5625,0.1875,0.8125,0.625,0.4375,0.75,0.3125
85,A-bin/B-base,103,0,0.0,0.0,0.0,0.0,0.0,0.1875,0.1875,0.0625,0.0,-0.0625
85,B-bin/A-base,103,0,0.0,0.0,0.0,0.0,0.125,0.1875,0.0625,0.0,0.0,0.0
85,A-bin/B-base,104,"(.5,.75]",0.75,0.4375,1.0,0.5625,0.4375,1.0,0.5625,0.875,1.0,0.125
85,B-bin/A-base,104,"(.25,.5]",0.4375,0.75,1.0,0.25,0.8125,1.0,0.1875,0.8125,1.0,0.1875
85,A-bin/B-base,105,"(.5,.75]",0.5625,0.5625,0.75,0.1875,0.6875,0.9375,0.25,0.75,0.8125,0.0625
85,B-bin/A-base,105,"(.5,.75]",0.5625,0.5625,0.75,0.1875,0.6875,0.9375,0.25,0.75,0.8125,0.0625
85,A-bin/B-base,106,"(.5,.75]",0.75,0.8125,1.0,0.1875,0.875,1.0,0.125,0.875,1.0,0.125
85,B-bin/A-base,106,"(.75,1)",0.8125,0.75,1.0,0.25,0.75,1.0,0.25,1.0,1.0,0.0
85,A-bin/B-base,107,"(0,.25]",0.125,0.125,0.3125,0.1875,0.4375,0.8125,0.375,0.25,0.3125,0.0625
85,B-bin/A-base,107,"(0,.25]",0.125,0.125,0.3125,0.1875,0.1875,0.8125,0.625,0.375,0.3125,-0.0625
85,A-bin/B-base,108,"(.25,.5]",0.3125,0.1875,0.3125,0.125,0.375,0.6875,0.3125,0.375,0.4375,0.0625
85,B-bin/A-base,108,"(0,.25]",0.1875,0.3125,0.3125,0.0,0.5625,0.6875,0.125,0.5,0.4375,-0.0625
85,A-bin/B-base,109,"(.25,.5]",0.5,0.625,0.6875,0.0625,0.6875,0.8125,0.125,0.8125,0.75,-0.0625
85,B-bin/A-base,109,"(.5,.75]",0.625,0.5,0.6875,0.1875,0.5,0.8125,0.3125,0.8125,0.75,-0.0625
85,A-bin/B-base,110,"(.5,.75]",0.5625,0.4375,0.8125,0.375,0.5625,0.875,0.3125,0.8125,0.9375,0.125
85,B-bin/A-base,110,"(.25,.5]",0.4375,0.5625,0.8125,0.25,0.625,0.875,0.25,0.75,0.9375,0.1875
85,A-bin/B-base,111,"(.75,1)",0.8125,0.625,1.0,0.375,0.625,1.0,0.375,0.875,1.0,0.125
85,B-bin/A-base,111,"(.5,.75]",0.625,0.8125,1.0,0.1875,0.8125,1.0,0.1875,0.875,1.0,0.125
85,A-bin/B-base,112,"(.25,.5]",0.5,0.625,0.875,0.25,0.8125,0.9375,0.125,0.75,0.9375,0.1875
85,B-bin/A-base,112,"(.5,.75]",0.625,0.5,0.875,0.375,0.6875,0.9375,0.25,0.625,0.9375,0.3125
85,A-bin/B-base,113,"(.5,.75]",0.5625,0.75,0.625,-0.125,0.8125,0.9375,0.125,0.9375,0.625,-0.3125
85,B-bin/A-base,113,"(.5,.75]",0.75,0.5625,0.625,0.0625,0.6875,0.9375,0.25,0.625,0.625,0.0
85,A-bin/B-base,114,"(.75,1)",0.8125,0.8125,1.0,0.1875,0.8125,1.0,0.1875,0.9375,1.0,0.0625
85,B-bin/A-base,114,"(.75,1)",0.8125,0.8125,1.0,0.1875,0.875,1.0,0.125,0.9375,1.0,0.0625
85,A-bin/B-base,115,"(.25,.5]",0.5,0.25,0.4375,0.1875,0.3125,0.625,0.3125,0.5,0.5,0.0
85,B-bin/A-base,115,"(0,.25]",0.25,0.5,0.4375,-0.0625,0.625,0.625,0.0,0.6875,0.5,-0.1875
85,A-bin/B-base,116,0,0.0,0.0,0.0,0.0,0.0625,0.5625,0.5,0.0625,0.0,-0.0625
85,B-bin/A-base,116,0,0.0,0.0,0.0,0.0,0.25,0.5625,0.3125,0.0,0.0,0.0
85,A-bin/B-base,117,0,0.0,0.0,0.0,0.0,0.0,0.25,0.25,0.0625,0.0,-0.0625
85,B-bin/A-base,117,0,0.0,0.0,0.0,0.0,0.0,0.25,0.25,0.0625,0.0,-0.0625
85,A-bin/B-base,118,"(0,.25]",0.0625,0.0,0.125,0.125,0.375,0.6875,0.3125,0.125,0.1875,0.0625
85,B-bin/A-base,118,0,0.0,0.0625,0.125,0.0625,0.6875,0.6875,0.0,0.0625,0.1875,0.125
85,A-bin/B-base,119,"(.25,.5]",0.375,0.25,0.6875,0.4375,0.3125,1.0,0.6875,0.625,0.6875,0.0625
85,B-bin/A-base,119,"(0,.25]",0.25,0.375,0.6875,0.3125,0.4375,1.0,0.5625,0.875,0.6875,-0.1875
85,A-bin/B-base,120,"(.25,.5]",0.375,0.25,0.8125,0.5625,0.375,0.875,0.5,0.4375,0.8125,0.375
85,B-bin/A-base,120,"(0,.25]",0.25,0.375,0.8125,0.4375,0.625,0.875,0.25,0.5,0.8125,0.3125
85,A-bin/B-base,121,0,0.0,0.0625,0.0,-0.0625,0.125,0.25,0.125,0.3125,0.1875,-0.125
85,B-bin/A-base,121,"(0,.25]",0.0625,0.0,0.0,0.0,0.125,0.25,0.125,0.0,0.1875,0.1875
85,A-bin/B-base,122,"(0,.25]",0.0625,0.125,0.375,0.25,0.1875,0.5,0.3125,0.25,0.4375,0.1875
85,B-bin/A-base,122,"(0,.25]",0.125,0.0625,0.375,0.3125,0.125,0.5,0.375,0.1875,0.4375,0.25
85,A-bin/B-base,123,"(0,.25]",0.1875,0.125,0.4375,0.3125,0.25,0.5,0.25,0.4375,0.625,0.1875
85,B-bin/A-base,123,"(0,.25]",0.125,0.1875,0.4375,0.25,0.1875,0.5,0.3125,0.4375,0.625,0.1875
85,A-bin/B-base,124,"(.25,.5]",0.3125,0.4375,0.625,0.1875,0.4375,0.6875,0.25,0.5625,0.75,0.1875
85,B-bin/A-base,124,"(.25,.5]",0.4375,0.3125,0.625,0.3125,0.375,0.6875,0.3125,0.4375,0.75,0.3125
85,A-bin/B-base,125,"(.5,.75]",0.5625,0.8125,0.6875,-0.125,0.8125,0.875,0.0625,0.9375,0.8125,-0.125
85,B-bin/A-base,125,"(.75,1)",0.8125,0.5625,0.6875,0.125,0.6875,0.875,0.1875,0.75,0.8125,0.0625
85,A-bin/B-base,126,"(.75,1)",0.8125,0.75,0.9375,0.1875,0.75,1.0,0.25,1.0,0.9375,-0.0625
85,B-bin/A-base,126,"(.5,.75]",0.75,0.8125,0.9375,0.125,0.8125,1.0,0.1875,0.9375,0.9375,0.0
85,A-bin/B-base,127,"(.5,.75]",0.5625,0.5,0.6875,0.1875,0.5625,0.75,0.1875,0.6875,0.875,0.1875
85,B-bin/A-base,127,"(.25,.5]",0.5,0.5625,0.6875,0.125,0.5625,0.75,0.1875,0.8125,0.875,0.0625
85,A-bin/B-base,128,"(0,.25]",0.125,0.1875,0.625,0.4375,0.375,0.8125,0.4375,0.4375,0.625,0.1875
85,B-bin/A-base,128,"(0,.25]",0.1875,0.125,0.625,0.5,0.1875,0.8125,0.625,0.375,0.625,0.25
85,A-bin/B-base,129,0,0.0,0.0625,0.0,-0.0625,0.25,0.4375,0.1875,0.0625,0.0,-0.0625
85,B-bin/A-base,129,"(0,.25]",0.0625,0.0,0.0,0.0,0.0625,0.4375,0.375,0.0,0.0,0.0
85,A-bin/B-base,130,"(.75,1)",0.9375,0.8125,0.875,0.0625,0.8125,1.0,0.1875,0.9375,0.875,-0.0625
85,B-bin/A-base,130,"(.75,1)",0.8125,0.9375,0.875,-0.0625,0.9375,1.0,0.0625,1.0,0.875,-0.125
85,A-bin/B-base,131,"(0,.25]",0.125,0.1875,0.25,0.0625,0.1875,0.6875,0.5,0.1875,0.375,0.1875
85,B-bin/A-base,131,"(0,.25]",0.1875,0.125,0.25,0.125,0.1875,0.6875,0.5,0.125,0.375,0.25
85,A-bin/B-base,132,"(.5,.75]",0.75,0.4375,0.75,0.3125,0.5625,0.9375,0.375,0.6875,0.8125,0.125
85,B-bin/A-base,132,"(.25,.5]",0.4375,0.75,0.75,0.0,0.75,0.9375,0.1875,0.75,0.8125,0.0625
85,A-bin/B-base,133,"(.25,.5]",0.4375,0.375,0.5625,0.1875,0.375,0.8125,0.4375,0.75,0.5625,-0.1875
85,B-bin/A-base,133,"(.25,.5]",0.375,0.4375,0.5625,0.125,0.5,0.8125,0.3125,0.6875,0.5625,-0.125
85,A-bin/B-base,134,"(0,.25]",0.0625,0.0,0.0,0.0,0.4375,0.75,0.3125,0.0625,0.0,-0.0625
85,B-bin/A-base,134,0,0.0,0.0625,0.0,-0.0625,0.4375,0.75,0.3125,0.0625,0.0,-0.0625
85,A-bin/B-base,135,"(.5,.75]",0.6875,0.75,0.8125,0.0625,0.75,0.875,0.125,0.875,0.875,0.0
85,B-bin/A-base,135,"(.5,.75]",0.75,0.6875,0.8125,0.125,0.75,0.875,0.125,0.75,0.875,0.125
85,A-bin/B-base,136,"(0,.25]",0.25,0.125,0.5625,0.4375,0.1875,0.6875,0.5,0.5625,0.625,0.0625
85,B-bin/A-base,136,"(0,.25]",0.125,0.25,0.5625,0.3125,0.25,0.6875,0.4375,0.4375,0.625,0.1875
85,A-bin/B-base,137,"(.5,.75]",0.5625,0.3125,0.4375,0.125,0.375,0.625,0.25,0.5625,0.5,-0.0625
85,B-bin/A-base,137,"(.25,.5]",0.3125,0.5625,0.4375,-0.125,0.5625,0.625,0.0625,0.625,0.5,-0.125
85,A-bin/B-base,138,"(0,.25]",0.1875,0.0625,0.375,0.3125,0.0625,0.5,0.4375,0.4375,0.5,0.0625
85,B-bin/A-base,138,"(0,.25]",0.0625,0.1875,0.375,0.1875,0.25,0.5,0.25,0.25,0.5,0.25
85,A-bin/B-base,139,0,0.0,0.125,0.5,0.375,0.1875,0.6875,0.5,0.5625,0.5625,0.0
85,B-bin/A-base,139,"(0,.25]",0.125,0.0,0.5,0.5,0.0,0.6875,0.6875,0.25,0.5625,0.3125
85,A-bin/B-base,140,"(.25,.5]",0.3125,0.25,0.4375,0.1875,0.25,0.625,0.375,0.4375,0.5625,0.125
85,B-bin/A-base,140,"(0,.25]",0.25,0.3125,0.4375,0.125,0.3125,0.625,0.3125,0.5625,0.5625,0.0
85,A-bin/B-base,141,"(0,.25]",0.1875,0.3125,0.5625,0.25,0.75,0.8125,0.0625,0.4375,0.625,0.1875
85,B-bin/A-base,141,"(.25,.5]",0.3125,0.1875,0.5625,0.375,0.1875,0.8125,0.625,0.4375,0.625,0.1875
85,A-bin/B-base,142,0,0.0,0.0625,0.25,0.1875,0.125,0.5625,0.4375,0.1875,0.3125,0.125
85,B-bin/A-base,142,"(0,.25]",0.0625,0.0,0.25,0.25,0.125,0.5625,0.4375,0.125,0.3125,0.1875
85,A-bin/B-base,143,"(.25,.5]",0.3125,0.4375,0.4375,0.0,0.5625,0.75,0.1875,0.5,0.4375,-0.0625
85,B-bin/A-base,143,"(.25,.5]",0.4375,0.3125,0.4375,0.125,0.5,0.75,0.25,0.4375,0.4375,0.0
85,A-bin/B-base,144,"(0,.25]",0.25,0.1875,0.5,0.3125,0.25,0.625,0.375,0.5,0.5625,0.0625
85,B-bin/A-base,144,"(0,.25]",0.1875,0.25,0.5,0.25,0.3125,0.625,0.3125,0.5625,0.5625,0.0
85,A-bin/B-base,145,"(.5,.75]",0.6875,0.375,0.625,0.25,0.5,0.8125,0.3125,0.5625,0.75,0.1875
85,B-bin/A-base,145,"(.25,.5]",0.375,0.6875,0.625,-0.0625,0.6875,0.8125,0.125,0.875,0.75,-0.125
85,A-bin/B-base,146,"(0,.25]",0.25,0.0625,0.625,0.5625,0.3125,0.875,0.5625,0.1875,0.625,0.4375
85,B-bin/A-base,146,"(0,.25]",0.0625,0.25,0.625,0.375,0.25,0.875,0.625,0.4375,0.625,0.1875
85,A-bin/B-base,147,"(.75,1)",0.8125,0.6875,0.9375,0.25,0.6875,1.0,0.3125,0.875,0.9375,0.0625
85,B-bin/A-base,147,"(.5,.75]",0.6875,0.8125,0.9375,0.125,0.8125,1.0,0.1875,0.9375,0.9375,0.0
85,A-bin/B-base,148,"(.5,.75]",0.5625,0.1875,0.6875,0.5,0.3125,0.875,0.5625,0.5,0.8125,0.3125
85,B-bin/A-base,148,"(0,.25]",0.1875,0.5625,0.6875,0.125,0.625,0.875,0.25,0.75,0.8125,0.0625
85,A-bin/B-base,149,"(.5,.75]",0.5625,0.5,0.75,0.25,0.5625,0.75,0.1875,0.875,0.8125,-0.0625
85,B-bin/A-base,149,"(.25,.5]",0.5,0.5625,0.75,0.1875,0.625,0.75,0.125,0.625,0.8125,0.1875
85,A-bin/B-base,150,"(.5,.75]",0.75,0.4375,0.8125,0.375,0.5,0.875,0.375,0.75,0.875,0.125
85,B-bin/A-base,150,"(.25,.5]",0.4375,0.75,0.8125,0.0625,0.75,0.875,0.125,0.9375,0.875,-0.0625
85,A-bin/B-base,151,"(.25,.5]",0.5,0.5625,0.75,0.1875,0.625,0.9375,0.3125,0.8125,0.75,-0.0625
85,B-bin/A-base,151,"(.5,.75]",0.5625,0.5,0.75,0.25,0.75,0.9375,0.1875,0.5625,0.75,0.1875
85,A-bin/B-base,152,"(.5,.75]",0.6875,0.5625,0.75,0.1875,0.625,1.0,0.375,0.75,0.75,0.0
85,B-bin/A-base,152,"(.5,.75]",0.5625,0.6875,0.75,0.0625,0.75,1.0,0.25,0.8125,0.75,-0.0625
85,A-bin/B-base,153,"(.25,.5]",0.3125,0.4375,0.375,-0.0625,0.5625,0.8125,0.25,0.5,0.375,-0.125
85,B-bin/A-base,153,"(.25,.5]",0.4375,0.3125,0.375,0.0625,0.625,0.8125,0.1875,0.375,0.375,0.0
85,A-bin/B-base,154,"(.25,.5]",0.3125,0.4375,0.5,0.0625,0.5,0.8125,0.3125,0.625,0.625,0.0
85,B-bin/A-base,154,"(.25,.5]",0.4375,0.3125,0.5,0.1875,0.3125,0.8125,0.5,0.625,0.625,0.0
85,A-bin/B-base,155,"(.25,.5]",0.375,0.125,0.5,0.375,0.375,0.625,0.25,0.3125,0.5625,0.25
85,B-bin/A-base,155,"(0,.25]",0.125,0.375,0.5,0.125,0.4375,0.625,0.1875,0.4375,0.5625,0.125
85,A-bin/B-base,156,"(.5,.75]",0.5625,0.6875,0.75,0.0625,0.75,0.875,0.125,0.875,0.8125,-0.0625
85,B-bin/A-base,156,"(.5,.75]",0.6875,0.5625,0.75,0.1875,0.5625,0.875,0.3125,0.9375,0.8125,-0.125
85,A-bin/B-base,157,"(.25,.5]",0.3125,0.5,0.4375,-0.0625,0.5,0.4375,-0.0625,0.75,0.75,0.0
85,B-bin/A-base,157,"(.25,.5]",0.5,0.3125,0.4375,0.125,0.3125,0.4375,0.125,0.5,0.75,0.25
85,A-bin/B-base,158,"(.25,.5]",0.4375,0.0625,0.8125,0.75,0.1875,0.875,0.6875,0.5,0.8125,0.3125
85,B-bin/A-base,158,"(0,.25]",0.0625,0.4375,0.8125,0.375,0.5625,0.875,0.3125,0.625,0.8125,0.1875
85,A-bin/B-base,159,"(0,.25]",0.0625,0.0625,0.1875,0.125,0.3125,0.6875,0.375,0.125,0.1875,0.0625
85,B-bin/A-base,159,"(0,.25]",0.0625,0.0625,0.1875,0.125,0.25,0.6875,0.4375,0.125,0.1875,0.0625
85,A-bin/B-base,160,0,0.0,0.0,0.0,0.0,0.3125,0.6875,0.375,0.0,0.0,0.0
85,B-bin/A-base,160,0,0.0,0.0,0.0,0.0,0.375,0.6875,0.3125,0.0,0.0,0.0
85,A-bin/B-base,161,"(.75,1)",0.875,0.6875,0.8125,0.125,0.8125,1.0,0.1875,0.75,0.8125,0.0625
85,B-bin/A-base,161,"(.5,.75]",0.6875,0.875,0.8125,-0.0625,0.9375,1.0,0.0625,0.875,0.8125,-0.0625
85,A-bin/B-base,162,"(0,.25]",0.0625,0.1875,0.25,0.0625,0.375,0.8125,0.4375,0.1875,0.25,0.0625
85,B-bin/A-base,162,"(0,.25]",0.1875,0.0625,0.25,0.1875,0.3125,0.8125,0.5,0.125,0.25,0.125
85,A-bin/B-base,163,"(.25,.5]",0.5,0.625,0.875,0.25,0.6875,1.0,0.3125,0.8125,0.875,0.0625
85,B-bin/A-base,163,"(.5,.75]",0.625,0.5,0.875,0.375,0.625,1.0,0.375,0.75,0.875,0.125
85,A-bin/B-base,164,"(.5,.75]",0.5625,0.5,0.75,0.25,0.6875,0.875,0.1875,0.625,0.8125,0.1875
85,B-bin/A-base,164,"(.25,.5]",0.5,0.5625,0.75,0.1875,0.8125,0.875,0.0625,0.6875,0.8125,0.125
85,A-bin/B-base,165,0,0.0,0.0,0.0625,0.0625,0.375,0.625,0.25,0.0,0.0625,0.0625
85,B-bin/A-base,165,0,0.0,0.0,0.0625,0.0625,0.0,0.625,0.625,0.0625,0.0625,0.0
85,A-bin/B-base,166,"(0,.25]",0.125,0.125,0.375,0.25,0.25,0.6875,0.4375,0.1875,0.4375,0.25
85,B-bin/A-base,166,"(0,.25]",0.125,0.125,0.375,0.25,0.125,0.6875,0.5625,0.5625,0.4375,-0.125
85,A-bin/B-base,167,0,0.0,0.0,0.0,0.0,0.5,0.875,0.375,0.0,0.0,0.0
85,B-bin/A-base,167,0,0.0,0.0,0.0,0.0,0.5,0.875,0.375,0.0,0.0,0.0
85,A-bin/B-base,168,"(.75,1)",0.8125,0.875,0.6875,-0.1875,0.875,0.8125,-0.0625,0.875,0.8125,-0.0625
85,B-bin/A-base,168,"(.75,1)",0.875,0.8125,0.6875,-0.125,0.875,0.8125,-0.0625,0.9375,0.8125,-0.125
85,A-bin/B-base,169,"(0,.25]",0.125,0.0,0.375,0.375,0.25,0.5,0.25,0.1875,0.4375,0.25
85,B-bin/A-base,169,0,0.0,0.125,0.375,0.25,0.25,0.5,0.25,0.25,0.4375,0.1875
85,A-bin/B-base,170,"(.5,.75]",0.5625,0.5625,0.8125,0.25,0.625,0.9375,0.3125,0.75,0.8125,0.0625
85,B-bin/A-base,170,"(.5,.75]",0.5625,0.5625,0.8125,0.25,0.5625,0.9375,0.375,0.75,0.8125,0.0625
85,A-bin/B-base,171,0,0.0,0.0625,0.125,0.0625,0.125,0.5625,0.4375,0.125,0.25,0.125
85,B-bin/A-base,171,"(0,.25]",0.0625,0.0,0.125,0.125,0.0625,0.5625,0.5,0.1875,0.25,0.0625
85,A-bin/B-base,172,"(.5,.75]",0.5625,0.5625,0.875,0.3125,0.5625,1.0,0.4375,0.8125,0.875,0.0625
85,B-bin/A-base,172,"(.5,.75]",0.5625,0.5625,0.875,0.3125,0.625,1.0,0.375,0.875,0.875,0.0
85,A-bin/B-base,173,"(0,.25]",0.125,0.0,0.0625,0.0625,0.0,0.375,0.375,0.0,0.0625,0.0625
85,B-bin/A-base,173,0,0.0,0.125,0.0625,-0.0625,0.1875,0.375,0.1875,0.25,0.0625,-0.1875
85,A-bin/B-base,174,"(.5,.75]",0.625,0.5,0.625,0.125,0.625,0.75,0.125,0.75,0.6875,-0.0625
85,B-bin/A-base,174,"(.25,.5]",0.5,0.625,0.625,0.0,0.6875,0.75,0.0625,0.8125,0.6875,-0.125
85,A-bin/B-base,175,"(0,.25]",0.0625,0.1875,0.3125,0.125,0.1875,0.4375,0.25,0.5,0.375,-0.125
85,B-bin/A-base,175,"(0,.25]",0.1875,0.0625,0.3125,0.25,0.0625,0.4375,0.375,0.4375,0.375,-0.0625
85,A-bin/B-base,176,1,1.0,0.8125,1.0,0.1875,0.8125,1.0,0.1875,0.9375,1.0,0.0625
85,B-bin/A-base,176,"(.75,1)",0.8125,1.0,1.0,0.0,1.0,1.0,0.0,1.0,1.0,0.0
85,A-bin/B-base,177,"(.25,.5]",0.375,0.3125,0.3125,0.0,0.375,0.8125,0.4375,0.375,0.3125,-0.0625
85,B-bin/A-base,177,"(.25,.5]",0.3125,0.375,0.3125,-0.0625,0.625,0.8125,0.1875,0.5625,0.3125,-0.25
85,A-bin/B-base,178,"(.25,.5]",0.5,0.5,0.6875,0.1875,0.5625,0.875,0.3125,0.6875,0.75,0.0625
85,B-bin/A-base,178,"(.25,.5]",0.5,0.5,0.6875,0.1875,0.5625,0.875,0.3125,0.75,0.75,0.0
85,A-bin/B-base,179,"(.25,.5]",0.3125,0.5625,0.75,0.1875,0.6875,0.875,0.1875,0.625,0.875,0.25
85,B-bin/A-base,179,"(.5,.75]",0.5625,0.3125,0.75,0.4375,0.375,0.875,0.5,0.6875,0.875,0.1875
85,A-bin/B-base,180,"(.75,1)",0.875,0.75,1.0,0.25,0.75,1.0,0.25,0.9375,1.0,0.0625
85,B-bin/A-base,180,"(.5,.75]",0.75,0.875,1.0,0.125,0.875,1.0,0.125,0.9375,1.0,0.0625
85,A-bin/B-base,181,"(0,.25]",0.125,0.0625,0.0,-0.0625,0.125,0.25,0.125,0.125,0.1875,0.0625
85,B-bin/A-base,181,"(0,.25]",0.0625,0.125,0.0,-0.125,0.25,0.25,0.0,0.375,0.1875,-0.1875
85,A-bin/B-base,182,"(0,.25]",0.25,0.0625,0.4375,0.375,0.375,0.9375,0.5625,0.125,0.4375,0.3125
85,B-bin/A-base,182,"(0,.25]",0.0625,0.25,0.4375,0.1875,0.4375,0.9375,0.5,0.25,0.4375,0.1875
85,A-bin/B-base,183,"(0,.25]",0.0625,0.0625,0.4375,0.375,0.125,0.625,0.5,0.25,0.625,0.375
85,B-bin/A-base,183,"(0,.25]",0.0625,0.0625,0.4375,0.375,0.1875,0.625,0.4375,0.1875,0.625,0.4375
85,A-bin/B-base,184,0,0.0,0.125,0.25,0.125,0.4375,0.625,0.1875,0.125,0.25,0.125
85,B-bin/A-base,184,"(0,.25]",0.125,0.0,0.25,0.25,0.0625,0.625,0.5625,0.0625,0.25,0.1875
85,A-bin/B-base,185,"(.75,1)",0.8125,0.875,0.8125,-0.0625,0.875,0.8125,-0.0625,1.0,1.0,0.0
85,B-bin/A-base,185,"(.75,1)",0.875,0.8125,0.8125,0.0,0.8125,0.8125,0.0,0.9375,1.0,0.0625
85,A-bin/B-base,186,"(.5,.75]",0.625,0.625,0.875,0.25,0.6875,0.9375,0.25,0.8125,0.9375,0.125
85,B-bin/A-base,186,"(.5,.75]",0.625,0.625,0.875,0.25,0.6875,0.9375,0.25,0.9375,0.9375,0.0
85,A-bin/B-base,187,"(0,.25]",0.0625,0.0,0.0,0.0,0.0625,0.25,0.1875,0.0625,0.0,-0.0625
85,B-bin/A-base,187,0,0.0,0.0625,0.0,-0.0625,0.0625,0.25,0.1875,0.0625,0.0,-0.0625
85,A-bin/B-base,188,"(.75,1)",0.875,0.9375,0.9375,0.0,0.9375,1.0,0.0625,1.0,0.9375,-0.0625
85,B-bin/A-base,188,"(.75,1)",0.9375,0.875,0.9375,0.0625,0.875,1.0,0.125,1.0,0.9375,-0.0625
85,A-bin/B-base,189,"(0,.25]",0.25,0.1875,0.1875,0.0,0.3125,0.375,0.0625,0.5625,0.1875,-0.375
85,B-bin/A-base,189,"(0,.25]",0.1875,0.25,0.1875,-0.0625,0.375,0.375,0.0,0.375,0.1875,-0.1875
85,A-bin/B-base,190,"(0,.25]",0.125,0.0,0.1875,0.1875,0.125,0.8125,0.6875,0.0625,0.25,0.1875
85,B-bin/A-base,190,0,0.0,0.125,0.1875,0.0625,0.375,0.8125,0.4375,0.3125,0.25,-0.0625
85,A-bin/B-base,191,0,0.0,0.0,0.0,0.0,0.1875,0.4375,0.25,0.0625,0.0,-0.0625
85,B-bin/A-base,191,0,0.0,0.0,0.0,0.0,0.125,0.4375,0.3125,0.0625,0.0,-0.0625
85,A-bin/B-base,192,"(0,.25]",0.25,0.3125,0.4375,0.125,0.375,0.6875,0.3125,0.4375,0.4375,0.0
85,B-bin/A-base,192,"(.25,.5]",0.3125,0.25,0.4375,0.1875,0.25,0.6875,0.4375,0.625,0.4375,-0.1875
85,A-bin/B-base,193,"(.25,.5]",0.5,0.1875,0.4375,0.25,0.4375,0.75,0.3125,0.3125,0.4375,0.125
85,B-bin/A-base,193,"(0,.25]",0.1875,0.5,0.4375,-0.0625,0.5625,0.75,0.1875,0.5,0.4375,-0.0625
85,A-bin/B-base,194,"(0,.25]",0.25,0.25,0.5625,0.3125,0.5625,0.9375,0.375,0.375,0.5625,0.1875
85,B-bin/A-base,194,"(0,.25]",0.25,0.25,0.5625,0.3125,0.4375,0.9375,0.5,0.375,0.5625,0.1875
85,A-bin/B-base,195,"(.5,.75]",0.5625,0.6875,0.9375,0.25,0.6875,0.9375,0.25,0.9375,1.0,0.0625
85,B-bin/A-base,195,"(.5,.75]",0.6875,0.5625,0.9375,0.375,0.5625,0.9375,0.375,0.875,1.0,0.125
85,A-bin/B-base,196,"(.25,.5]",0.5,0.625,0.6875,0.0625,0.6875,0.75,0.0625,0.875,0.8125,-0.0625
85,B-bin/A-base,196,"(.5,.75]",0.625,0.5,0.6875,0.1875,0.5625,0.75,0.1875,0.75,0.8125,0.0625
85,A-bin/B-base,197,"(0,.25]",0.1875,0.3125,0.5625,0.25,0.375,0.5625,0.1875,0.75,0.8125,0.0625
85,B-bin/A-base,197,"(.25,.5]",0.3125,0.1875,0.5625,0.375,0.1875,0.5625,0.375,0.5,0.8125,0.3125
85,A-bin/B-base,198,"(0,.25]",0.1875,0.125,0.25,0.125,0.1875,0.5,0.3125,0.125,0.4375,0.3125
85,B-bin/A-base,198,"(0,.25]",0.125,0.1875,0.25,0.0625,0.1875,0.5,0.3125,0.1875,0.4375,0.25
85,A-bin/B-base,199,"(0,.25]",0.1875,0.0,0.0625,0.0625,0.0,0.375,0.375,0.0,0.0625,0.0625
85,B-bin/A-base,199,0,0.0,0.1875,0.0625,-0.125,0.1875,0.375,0.1875,0.3125,0.0625,-0.25
85,A-bin/B-base,200,"(.25,.5]",0.375,0.6875,0.75,0.0625,0.6875,0.875,0.1875,0.8125,0.875,0.0625
85,B-bin/A-base,200,"(.5,.75]",0.6875,0.375,0.75,0.375,0.4375,0.875,0.4375,0.625,0.875,0.25
85,A-bin/B-base,201,"(0,.25]",0.0625,0.0625,0.1875,0.125,0.1875,0.625,0.4375,0.125,0.25,0.125
85,B-bin/A-base,201,"(0,.25]",0.0625,0.0625,0.1875,0.125,0.25,0.625,0.375,0.125,0.25,0.125
85,A-bin/B-base,202,"(.75,1)",0.875,0.875,0.9375,0.0625,0.9375,0.9375,0.0,0.9375,0.9375,0.0
85,B-bin/A-base,202,"(.75,1)",0.875,0.875,0.9375,0.0625,0.875,0.9375,0.0625,1.0,0.9375,-0.0625
85,A-bin/B-base,203,"(.75,1)",0.8125,0.8125,0.9375,0.125,0.8125,1.0,0.1875,0.9375,0.9375,0.0
85,B-bin/A-base,203,"(.75,1)",0.8125,0.8125,0.9375,0.125,0.875,1.0,0.125,0.9375,0.9375,0.0
85,A-bin/B-base,204,"(0,.25]",0.25,0.375,0.4375,0.0625,0.4375,0.75,0.3125,0.5,0.5,0.0
85,B-bin/A-base,204,"(.25,.5]",0.375,0.25,0.4375,0.1875,0.3125,0.75,0.4375,0.4375,0.5,0.0625
85,A-bin/B-base,205,"(0,.25]",0.125,0.25,0.3125,0.0625,0.375,0.8125,0.4375,0.25,0.375,0.125
85,B-bin/A-base,205,"(0,.25]",0.25,0.125,0.3125,0.1875,0.375,0.8125,0.4375,0.125,0.375,0.25
85,A-bin/B-base,206,"(0,.25]",0.25,0.4375,0.6875,0.25,0.4375,0.75,0.3125,0.5625,0.6875,0.125
85,B-bin/A-base,206,"(.25,.5]",0.4375,0.25,0.6875,0.4375,0.25,0.75,0.5,0.6875,0.6875,0.0
85,A-bin/B-base,207,"(.25,.5]",0.5,0.5625,0.5625,0.0,0.625,0.875,0.25,0.75,0.625,-0.125
85,B-bin/A-base,207,"(.5,.75]",0.5625,0.5,0.5625,0.0625,0.5625,0.875,0.3125,0.6875,0.625,-0.0625
85,A-bin/B-base,208,"(.5,.75]",0.6875,0.75,0.875,0.125,0.75,0.9375,0.1875,0.9375,0.9375,0.0
85,B-bin/A-base,208,"(.5,.75]",0.75,0.6875,0.875,0.1875,0.6875,0.9375,0.25,0.875,0.9375,0.0625
85,A-bin/B-base,209,"(.5,.75]",0.5625,0.5,0.75,0.25,0.5,0.8125,0.3125,0.8125,0.8125,0.0
85,B-bin/A-base,209,"(.25,.5]",0.5,0.5625,0.75,0.1875,0.625,0.8125,0.1875,0.625,0.8125,0.1875
85,A-bin/B-base,210,"(.25,.5]",0.3125,0.25,0.5625,0.3125,0.375,0.75,0.375,0.6875,0.6875,0.0
85,B-bin/A-base,210,"(0,.25]",0.25,0.3125,0.5625,0.25,0.375,0.75,0.375,0.4375,0.6875,0.25
85,A-bin/B-base,211,"(0,.25]",0.0625,0.125,0.1875,0.0625,0.5,1.0,0.5,0.1875,0.1875,0.0
85,B-bin/A-base,211,"(0,.25]",0.125,0.0625,0.1875,0.125,0.4375,1.0,0.5625,0.3125,0.1875,-0.125
85,A-bin/B-base,212,0,0.0,0.0,0.0,0.0,0.0,0.1875,0.1875,0.25,0.0,-0.25
85,B-bin/A-base,212,0,0.0,0.0,0.0,0.0,0.0625,0.1875,0.125,0.125,0.0,-0.125
85,A-bin/B-base,213,"(.5,.75]",0.5625,0.625,0.8125,0.1875,0.6875,0.9375,0.25,0.8125,0.8125,0.0
85,B-bin/A-base,213,"(.5,.75]",0.625,0.5625,0.8125,0.25,0.5625,0.9375,0.375,0.75,0.8125,0.0625
85,A-bin/B-base,214,"(0,.25]",0.0625,0.0,0.125,0.125,0.375,0.5,0.125,0.0,0.125,0.125
85,B-bin/A-base,214,0,0.0,0.0625,0.125,0.0625,0.3125,0.5,0.1875,0.0625,0.125,0.0625
85,A-bin/B-base,215,"(.25,.5]",0.5,0.75,0.875,0.125,0.75,0.875,0.125,0.9375,0.9375,0.0
85,B-bin/A-base,215,"(.5,.75]",0.75,0.5,0.875,0.375,0.5625,0.875,0.3125,0.875,0.9375,0.0625
85,A-bin/B-base,216,"(.5,.75]",0.75,0.5,0.8125,0.3125,0.5,0.8125,0.3125,0.8125,0.9375,0.125
85,B-bin/A-base,216,"(.25,.5]",0.5,0.75,0.8125,0.0625,0.75,0.8125,0.0625,1.0,0.9375,-0.0625
85,A-bin/B-base,217,"(0,.25]",0.1875,0.0625,0.125,0.0625,0.0625,0.1875,0.125,0.3125,0.25,-0.0625
85,B-bin/A-base,217,"(0,.25]",0.0625,0.1875,0.125,-0.0625,0.1875,0.1875,0.0,0.375,0.25,-0.125
85,A-bin/B-base,218,"(0,.25]",0.125,0.125,0.0625,-0.0625,0.75,0.875,0.125,0.1875,0.0625,-0.125
85,B-bin/A-base,218,"(0,.25]",0.125,0.125,0.0625,-0.0625,0.4375,0.875,0.4375,0.1875,0.0625,-0.125
85,A-bin/B-base,219,"(0,.25]",0.0625,0.0,0.0625,0.0625,0.125,0.5625,0.4375,0.1875,0.125,-0.0625
85,B-bin/A-base,219,0,0.0,0.0625,0.0625,0.0,0.3125,0.5625,0.25,0.3125,0.125,-0.1875
85,A-bin/B-base,220,"(0,.25]",0.0625,0.125,0.25,0.125,0.125,0.5625,0.4375,0.3125,0.4375,0.125
85,B-bin/A-base,220,"(0,.25]",0.125,0.0625,0.25,0.1875,0.125,0.5625,0.4375,0.25,0.4375,0.1875
85,A-bin/B-base,221,"(.75,1)",0.875,0.875,1.0,0.125,0.875,1.0,0.125,0.9375,1.0,0.0625
85,B-bin/A-base,221,"(.75,1)",0.875,0.875,1.0,0.125,0.875,1.0,0.125,1.0,1.0,0.0
85,A-bin/B-base,222,"(0,.25]",0.25,0.4375,0.625,0.1875,0.5,0.875,0.375,0.5,0.625,0.125
85,B-bin/A-base,222,"(.25,.5]",0.4375,0.25,0.625,0.375,0.5,0.875,0.375,0.375,0.625,0.25
85,A-bin/B-base,223,"(0,.25]",0.125,0.0625,0.25,0.1875,0.125,0.3125,0.1875,0.3125,0.375,0.0625
85,B-bin/A-base,223,"(0,.25]",0.0625,0.125,0.25,0.125,0.3125,0.3125,0.0,0.1875,0.375,0.1875
85,A-bin/B-base,224,0,0.0,0.0,0.375,0.375,0.0,0.5625,0.5625,0.25,0.5,0.25
85,B-bin/A-base,224,0,0.0,0.0,0.375,0.375,0.1875,0.5625,0.375,0.0625,0.5,0.4375
85,A-bin/B-base,225,"(0,.25]",0.0625,0.0,0.0625,0.0625,0.0625,0.5625,0.5,0.1875,0.125,-0.0625
85,B-bin/A-base,225,0,0.0,0.0625,0.0625,0.0,0.125,0.5625,0.4375,0.125,0.125,0.0
85,A-bin/B-base,226,"(0,.25]",0.1875,0.4375,0.75,0.3125,0.5625,0.9375,0.375,0.625,0.75,0.125
85,B-bin/A-base,226,"(.25,.5]",0.4375,0.1875,0.75,0.5625,0.3125,0.9375,0.625,0.25,0.75,0.5
85,A-bin/B-base,227,"(.5,.75]",0.625,0.75,0.6875,-0.0625,0.8125,0.8125,0.0,0.875,0.875,0.0
85,B-bin/A-base,227,"(.5,.75]",0.75,0.625,0.6875,0.0625,0.625,0.8125,0.1875,0.9375,0.875,-0.0625
85,A-bin/B-base,228,"(0,.25]",0.125,0.0,0.125,0.125,0.5625,0.875,0.3125,0.0625,0.125,0.0625
85,B-bin/A-base,228,0,0.0,0.125,0.125,0.0,0.6875,0.875,0.1875,0.1875,0.125,-0.0625
85,A-bin/B-base,229,"(0,.25]",0.1875,0.0625,0.25,0.1875,0.6875,0.9375,0.25,0.125,0.25,0.125
85,B-bin/A-base,229,"(0,.25]",0.0625,0.1875,0.25,0.0625,0.75,0.9375,0.1875,0.1875,0.25,0.0625
85,A-bin/B-base,230,"(0,.25]",0.125,0.0625,0.125,0.0625,0.25,0.625,0.375,0.125,0.1875,0.0625
85,B-bin/A-base,230,"(0,.25]",0.0625,0.125,0.125,0.0,0.4375,0.625,0.1875,0.125,0.1875,0.0625
85,A-bin/B-base,231,"(0,.25]",0.0625,0.125,0.0625,-0.0625,0.1875,0.375,0.1875,0.125,0.125,0.0
85,B-bin/A-base,231,"(0,.25]",0.125,0.0625,0.0625,0.0,0.125,0.375,0.25,0.125,0.125,0.0
85,A-bin/B-base,232,0,0.0,0.0,0.0,0.0,0.4375,0.5625,0.125,0.0,0.0,0.0
85,B-bin/A-base,232,0,0.0,0.0,0.0,0.0,0.375,0.5625,0.1875,0.0,0.0,0.0
85,A-bin/B-base,233,"(.25,.5]",0.5,0.375,0.3125,-0.0625,0.6875,0.9375,0.25,0.4375,0.3125,-0.125
85,B-bin/A-base,233,"(.25,.5]",0.375,0.5,0.3125,-0.1875,0.75,0.9375,0.1875,0.625,0.3125,-0.3125
85,A-bin/B-base,234,0,0.0,0.0,0.0625,0.0625,0.125,0.25,0.125,0.0,0.125,0.125
85,B-bin/A-base,234,0,0.0,0.0,0.0625,0.0625,0.125,0.25,0.125,0.0,0.125,0.125
85,A-bin/B-base,235,"(0,.25]",0.0625,0.125,0.1875,0.0625,0.3125,0.5,0.1875,0.375,0.1875,-0.1875
85,B-bin/A-base,235,"(0,.25]",0.125,0.0625,0.1875,0.125,0.0625,0.5,0.4375,0.1875,0.1875,0.0
85,A-bin/B-base,236,"(.75,1)",0.9375,0.75,0.875,0.125,0.75,0.9375,0.1875,0.8125,0.9375,0.125
85,B-bin/A-base,236,"(.5,.75]",0.75,0.9375,0.875,-0.0625,0.9375,0.9375,0.0,1.0,0.9375,-0.0625
85,A-bin/B-base,237,"(0,.25]",0.0625,0.0,0.0,0.0,0.125,0.125,0.0,0.0625,0.0,-0.0625
85,B-bin/A-base,237,0,0.0,0.0625,0.0,-0.0625,0.0625,0.125,0.0625,0.0625,0.0,-0.0625
85,A-bin/B-base,238,"(.25,.5]",0.375,0.4375,0.6875,0.25,0.5,0.75,0.25,0.75,0.75,0.0
85,B-bin/A-base,238,"(.25,.5]",0.4375,0.375,0.6875,0.3125,0.4375,0.75,0.3125,0.875,0.75,-0.125
85,A-bin/B-base,239,"(0,.25]",0.25,0.125,0.1875,0.0625,0.125,0.5625,0.4375,0.125,0.25,0.125
85,B-bin/A-base,239,"(0,.25]",0.125,0.25,0.1875,-0.0625,0.25,0.5625,0.3125,0.375,0.25,-0.125
85,A-bin/B-base,240,"(.25,.5]",0.5,0.625,0.8125,0.1875,0.625,1.0,0.375,1.0,0.8125,-0.1875
85,B-bin/A-base,240,"(.5,.75]",0.625,0.5,0.8125,0.3125,0.5625,1.0,0.4375,0.8125,0.8125,0.0
85,A-bin/B-base,241,"(.5,.75]",0.625,0.3125,0.625,0.3125,0.3125,0.6875,0.375,0.6875,0.6875,0.0
85,B-bin/A-base,241,"(.25,.5]",0.3125,0.625,0.625,0.0,0.6875,0.6875,0.0,0.6875,0.6875,0.0
85,A-bin/B-base,242,"(.5,.75]",0.75,0.375,0.8125,0.4375,0.375,0.8125,0.4375,0.6875,0.875,0.1875
85,B-bin/A-base,242,"(.25,.5]",0.375,0.75,0.8125,0.0625,0.8125,0.8125,0.0,0.9375,0.875,-0.0625
85,A-bin/B-base,243,"(0,.25]",0.0625,0.0625,0.25,0.1875,0.125,0.625,0.5,0.0625,0.25,0.1875
85,B-bin/A-base,243,"(0,.25]",0.0625,0.0625,0.25,0.1875,0.4375,0.625,0.1875,0.1875,0.25,0.0625
85,A-bin/B-base,244,"(.75,1)",0.875,0.75,0.8125,0.0625,0.75,0.8125,0.0625,0.9375,0.9375,0.0
85,B-bin/A-base,244,"(.5,.75]",0.75,0.875,0.8125,-0.0625,0.875,0.8125,-0.0625,0.9375,0.9375,0.0
85,A-bin/B-base,245,"(.25,.5]",0.375,0.375,0.625,0.25,0.4375,0.9375,0.5,0.625,0.6875,0.0625
85,B-bin/A-base,245,"(.25,.5]",0.375,0.375,0.625,0.25,0.5,0.9375,0.4375,0.5625,0.6875,0.125
85,A-bin/B-base,246,"(0,.25]",0.0625,0.0625,0.3125,0.25,0.0625,0.5,0.4375,0.125,0.375,0.25
85,B-bin/A-base,246,"(0,.25]",0.0625,0.0625,0.3125,0.25,0.125,0.5,0.375,0.125,0.375,0.25
85,A-bin/B-base,247,0,0.0,0.0,0.0625,0.0625,0.25,0.4375,0.1875,0.0625,0.125,0.0625
85,B-bin/A-base,247,0,0.0,0.0,0.0625,0.0625,0.25,0.4375,0.1875,0.125,0.125,0.0
85,A-bin/B-base,248,0,0.0,0.0,0.0625,0.0625,0.0625,0.6875,0.625,0.0625,0.125,0.0625
85,B-bin/A-base,248,0,0.0,0.0,0.0625,0.0625,0.1875,0.6875,0.5,0.0625,0.125,0.0625
85,A-bin/B-base,249,"(.5,.75]",0.625,0.75,1.0,0.25,0.75,1.0,0.25,0.875,1.0,0.125
85,B-bin/A-base,249,"(.5,.75]",0.75,0.625,1.0,0.375,0.625,1.0,0.375,0.875,1.0,0.125
85,A-bin/B-base,250,0,0.0,0.125,0.125,0.0,0.4375,0.75,0.3125,0.3125,0.125,-0.1875
85,B-bin/A-base,250,"(0,.25]",0.125,0.0,0.125,0.125,0.25,0.75,0.5,0.0625,0.125,0.0625
85,A-bin/B-base,251,"(0,.25]",0.1875,0.125,0.0625,-0.0625,0.375,0.6875,0.3125,0.125,0.0625,-0.0625
85,B-bin/A-base,251,"(0,.25]",0.125,0.1875,0.0625,-0.125,0.4375,0.6875,0.25,0.3125,0.0625,-0.25
85,A-bin/B-base,252,"(.5,.75]",0.5625,0.8125,0.6875,-0.125,0.8125,0.8125,0.0,1.0,0.875,-0.125
85,B-bin/A-base,252,"(.75,1)",0.8125,0.5625,0.6875,0.125,0.5625,0.8125,0.25,0.8125,0.875,0.0625
85,A-bin/B-base,253,0,0.0,0.125,0.25,0.125,0.125,0.375,0.25,0.4375,0.5,0.0625
85,B-bin/A-base,253,"(0,.25]",0.125,0.0,0.25,0.25,0.0,0.375,0.375,0.125,0.5,0.375
85,A-bin/B-base,254,"(.25,.5]",0.3125,0.25,0.8125,0.5625,0.3125,1.0,0.6875,0.625,0.8125,0.1875
85,B-bin/A-base,254,"(0,.25]",0.25,0.3125,0.8125,0.5,0.3125,1.0,0.6875,0.5625,0.8125,0.25
85,A-bin/B-base,255,"(.5,.75]",0.625,0.6875,0.625,-0.0625,0.75,0.8125,0.0625,0.8125,0.75,-0.0625
85,B-bin/A-base,255,"(.5,.75]",0.6875,0.625,0.625,0.0,0.75,0.8125,0.0625,0.8125,0.75,-0.0625
90,A-bin/B-base,0,"(.75,1)",0.8125,0.875,0.875,0.0,0.875,1.0,0.125,0.9375,0.875,-0.0625
90,B-bin/A-base,0,"(.75,1)",0.875,0.8125,0.875,0.0625,0.8125,1.0,0.1875,0.8125,0.875,0.0625
90,A-bin/B-base,1,"(0,.25]",0.25,0.3125,0.625,0.3125,0.5,0.8125,0.3125,0.5,0.6875,0.1875
90,B-bin/A-base,1,"(.25,.5]",0.3125,0.25,0.625,0.375,0.3125,0.8125,0.5,0.4375,0.6875,0.25
90,A-bin/B-base,2,"(0,.25]",0.125,0.4375,0.6875,0.25,0.5625,0.875,0.3125,0.5625,0.75,0.1875
90,B-bin/A-base,2,"(.25,.5]",0.4375,0.125,0.6875,0.5625,0.1875,0.875,0.6875,0.5,0.75,0.25
90,A-bin/B-base,3,"(.5,.75]",0.5625,0.6875,0.875,0.1875,0.6875,0.9375,0.25,0.875,0.9375,0.0625
90,B-bin/A-base,3,"(.5,.75]",0.6875,0.5625,0.875,0.3125,0.625,0.9375,0.3125,0.75,0.9375,0.1875
90,A-bin/B-base,4,"(0,.25]",0.125,0.375,0.3125,-0.0625,0.5,0.875,0.375,0.4375,0.4375,0.0
90,B-bin/A-base,4,"(.25,.5]",0.375,0.125,0.3125,0.1875,0.4375,0.875,0.4375,0.1875,0.4375,0.25
90,A-bin/B-base,5,"(.25,.5]",0.375,0.625,0.8125,0.1875,0.6875,0.875,0.1875,0.8125,0.875,0.0625
90,B-bin/A-base,5,"(.5,.75]",0.625,0.375,0.8125,0.4375,0.4375,0.875,0.4375,0.6875,0.875,0.1875
90,A-bin/B-base,6,"(.5,.75]",0.6875,0.625,0.9375,0.3125,0.625,1.0,0.375,0.875,0.9375,0.0625
90,B-bin/A-base,6,"(.5,.75]",0.625,0.6875,0.9375,0.25,0.75,1.0,0.25,0.875,0.9375,0.0625
90,A-bin/B-base,7,0,0.0,0.0,0.0625,0.0625,0.125,0.5,0.375,0.0,0.0625,0.0625
90,B-bin/A-base,7,0,0.0,0.0,0.0625,0.0625,0.0,0.5,0.5,0.0,0.0625,0.0625
90,A-bin/B-base,8,"(0,.25]",0.1875,0.125,0.1875,0.0625,0.3125,0.5625,0.25,0.1875,0.3125,0.125
90,B-bin/A-base,8,"(0,.25]",0.125,0.1875,0.1875,0.0,0.375,0.5625,0.1875,0.3125,0.3125,0.0
90,A-bin/B-base,9,"(0,.25]",0.1875,0.0,0.1875,0.1875,0.25,0.75,0.5,0.0,0.1875,0.1875
90,B-bin/A-base,9,0,0.0,0.1875,0.1875,0.0,0.5,0.75,0.25,0.25,0.1875,-0.0625
90,A-bin/B-base,10,0,0.0,0.0625,0.125,0.0625,0.125,0.125,0.0,0.125,0.125,0.0
90,B-bin/A-base,10,"(0,.25]",0.0625,0.0,0.125,0.125,0.0,0.125,0.125,0.0625,0.125,0.0625
90,A-bin/B-base,11,0,0.0,0.0625,0.0,-0.0625,0.0625,0.0,-0.0625,0.0625,0.0,-0.0625
90,B-bin/A-base,11,"(0,.25]",0.0625,0.0,0.0,0.0,0.0,0.0,0.0,0.0,0.0,0.0
90,A-bin/B-base,12,"(.25,.5]",0.4375,0.625,0.875,0.25,0.625,0.875,0.25,0.8125,1.0,0.1875
90,B-bin/A-base,12,"(.5,.75]",0.625,0.4375,0.875,0.4375,0.4375,0.875,0.4375,0.875,1.0,0.125
90,A-bin/B-base,13,"(0,.25]",0.1875,0.0625,0.375,0.3125,0.25,1.0,0.75,0.25,0.375,0.125
90,B-bin/A-base,13,"(0,.25]",0.0625,0.1875,0.375,0.1875,0.4375,1.0,0.5625,0.3125,0.375,0.0625
90,A-bin/B-base,14,"(0,.25]",0.25,0.1875,0.5,0.3125,0.375,0.75,0.375,0.5625,0.5,-0.0625
90,B-bin/A-base,14,"(0,.25]",0.1875,0.25,0.5,0.25,0.3125,0.75,0.4375,0.4375,0.5,0.0625
90,A-bin/B-base,15,0,0.0,0.0,0.0,0.0,0.5,0.4375,-0.0625,0.0,0.0,0.0
90,B-bin/A-base,15,0,0.0,0.0,0.0,0.0,0.0,0.4375,0.4375,0.0,0.0,0.0
90,A-bin/B-base,16,"(0,.25]",0.125,0.125,0.5625,0.4375,0.25,0.75,0.5,0.1875,0.6875,0.5
90,B-bin/A-base,16,"(0,.25]",0.125,0.125,0.5625,0.4375,0.125,0.75,0.625,0.1875,0.6875,0.5
90,A-bin/B-base,17,"(0,.25]",0.125,0.0625,0.125,0.0625,0.1875,0.5625,0.375,0.1875,0.125,-0.0625
90,B-bin/A-base,17,"(0,.25]",0.0625,0.125,0.125,0.0,0.375,0.5625,0.1875,0.1875,0.125,-0.0625
90,A-bin/B-base,18,"(0,.25]",0.1875,0.0,0.0625,0.0625,0.1875,0.375,0.1875,0.125,0.0625,-0.0625
90,B-bin/A-base,18,0,0.0,0.1875,0.0625,-0.125,0.25,0.375,0.125,0.3125,0.0625,-0.25
90,A-bin/B-base,19,"(0,.25]",0.25,0.1875,0.5,0.3125,0.25,0.8125,0.5625,0.375,0.5625,0.1875
90,B-bin/A-base,19,"(0,.25]",0.1875,0.25,0.5,0.25,0.375,0.8125,0.4375,0.5,0.5625,0.0625
90,A-bin/B-base,20,"(.75,1)",0.8125,0.875,1.0,0.125,0.875,1.0,0.125,1.0,1.0,0.0
90,B-bin/A-base,20,"(.75,1)",0.875,0.8125,1.0,0.1875,0.8125,1.0,0.1875,1.0,1.0,0.0
90,A-bin/B-base,21,"(0,.25]",0.125,0.125,0.5625,0.4375,0.125,0.6875,0.5625,0.25,0.625,0.375
90,B-bin/A-base,21,"(0,.25]",0.125,0.125,0.5625,0.4375,0.1875,0.6875,0.5,0.125,0.625,0.5
90,A-bin/B-base,22,0,0.0,0.0,0.0625,0.0625,0.25,0.4375,0.1875,0.0625,0.0625,0.0
90,B-bin/A-base,22,0,0.0,0.0,0.0625,0.0625,0.1875,0.4375,0.25,0.25,0.0625,-0.1875
90,A-bin/B-base,23,"(.5,.75]",0.5625,0.5,0.5625,0.0625,0.5625,0.75,0.1875,0.8125,0.75,-0.0625
90,B-bin/A-base,23,"(.25,.5]",0.5,0.5625,0.5625,0.0,0.5625,0.75,0.1875,0.6875,0.75,0.0625
90,A-bin/B-base,24,"(.5,.75]",0.625,0.5625,0.75,0.1875,0.5625,0.9375,0.375,0.6875,0.8125,0.125
90,B-bin/A-base,24,"(.5,.75]",0.5625,0.625,0.75,0.125,0.625,0.9375,0.3125,0.625,0.8125,0.1875
90,A-bin/B-base,25,"(.25,.5]",0.375,0.3125,0.6875,0.375,0.4375,0.8125,0.375,0.5625,0.75,0.1875
90,B-bin/A-base,25,"(.25,.5]",0.3125,0.375,0.6875,0.3125,0.4375,0.8125,0.375,0.625,0.75,0.125
90,A-bin/B-base,26,"(.5,.75]",0.6875,0.625,0.9375,0.3125,0.75,1.0,0.25,0.8125,0.9375,0.125
90,B-bin/A-base,26,"(.5,.75]",0.625,0.6875,0.9375,0.25,0.6875,1.0,0.3125,1.0,0.9375,-0.0625
90,A-bin/B-base,27,"(0,.25]",0.0625,0.0625,0.0625,0.0,0.3125,0.5,0.1875,0.1875,0.125,-0.0625
90,B-bin/A-base,27,"(0,.25]",0.0625,0.0625,0.0625,0.0,0.125,0.5,0.375,0.125,0.125,0.0
90,A-bin/B-base,28,"(.5,.75]",0.5625,0.5625,0.8125,0.25,0.5625,0.875,0.3125,0.9375,0.9375,0.0
90,B-bin/A-base,28,"(.5,.75]",0.5625,0.5625,0.8125,0.25,0.5625,0.875,0.3125,0.9375,0.9375,0.0
90,A-bin/B-base,29,"(0,.25]",0.125,0.1875,0.25,0.0625,0.3125,0.375,0.0625,0.3125,0.3125,0.0
90,B-bin/A-base,29,"(0,.25]",0.1875,0.125,0.25,0.125,0.3125,0.375,0.0625,0.1875,0.3125,0.125
90,A-bin/B-base,30,"(0,.25]",0.0625,0.0625,0.1875,0.125,0.0625,0.3125,0.25,0.25,0.25,0.0
90,B-bin/A-base,30,"(0,.25]",0.0625,0.0625,0.1875,0.125,0.1875,0.3125,0.125,0.1875,0.25,0.0625
90,A-bin/B-base,31,"(.25,.5]",0.375,0.125,0.5,0.375,0.1875,0.9375,0.75,0.25,0.5,0.25
90,B-bin/A-base,31,"(0,.25]",0.125,0.375,0.5,0.125,0.5625,0.9375,0.375,0.5,0.5,0.0
90,A-bin/B-base,32,"(0,.25]",0.0625,0.25,0.375,0.125,0.3125,0.4375,0.125,0.5,0.6875,0.1875
90,B-bin/A-base,32,"(0,.25]",0.25,0.0625,0.375,0.3125,0.125,0.4375,0.3125,0.25,0.6875,0.4375
90,A-bin/B-base,33,"(.5,.75]",0.75,0.375,0.875,0.5,0.375,0.875,0.5,0.875,0.9375,0.0625
90,B-bin/A-base,33,"(.25,.5]",0.375,0.75,0.875,0.125,0.8125,0.875,0.0625,0.9375,0.9375,0.0
90,A-bin/B-base,34,"(.5,.75]",0.625,0.625,0.875,0.25,0.6875,0.9375,0.25,0.875,0.9375,0.0625
90,B-bin/A-base,34,"(.5,.75]",0.625,0.625,0.875,0.25,0.6875,0.9375,0.25,0.875,0.9375,0.0625
90,A-bin/B-base,35,"(.5,.75]",0.625,0.5625,0.75,0.1875,0.5625,0.9375,0.375,0.75,0.75,0.0
90,B-bin/A-base,35,"(.5,.75]",0.5625,0.625,0.75,0.125,0.875,0.9375,0.0625,0.6875,0.75,0.0625
90,A-bin/B-base,36,"(.5,.75]",0.75,0.8125,0.75,-0.0625,0.8125,0.8125,0.0,0.875,0.875,0.0
90,B-bin/A-base,36,"(.75,1)",0.8125,0.75,0.75,0.0,0.8125,0.8125,0.0,0.875,0.875,0.0
90,A-bin/B-base,37,"(.25,.5]",0.5,0.6875,0.6875,0.0,0.6875,0.8125,0.125,0.8125,0.75,-0.0625
90,B-bin/A-base,37,"(.5,.75]",0.6875,0.5,0.6875,0.1875,0.625,0.8125,0.1875,0.5625,0.75,0.1875
90,A-bin/B-base,38,"(0,.25]",0.125,0.0,0.0,0.0,0.25,0.5625,0.3125,0.0,0.0625,0.0625
90,B-bin/A-base,38,0,0.0,0.125,0.0,-0.125,0.375,0.5625,0.1875,0.125,0.0625,-0.0625
90,A-bin/B-base,39,"(.25,.5]",0.5,0.4375,0.75,0.3125,0.4375,0.8125,0.375,0.75,0.875,0.125
90,B-bin/A-base,39,"(.25,.5]",0.4375,0.5,0.75,0.25,0.5,0.8125,0.3125,0.6875,0.875,0.1875
90,A-bin/B-base,40,0,0.0,0.125,0.25,0.125,0.3125,0.5625,0.25,0.25,0.3125,0.0625
90,B-bin/A-base,40,"(0,.25]",0.125,0.0,0.25,0.25,0.0,0.5625,0.5625,0.125,0.3125,0.1875
90,A-bin/B-base,41,"(.75,1)",0.8125,0.75,1.0,0.25,0.8125,1.0,0.1875,0.9375,1.0,0.0625
90,B-bin/A-base,41,"(.5,.75]",0.75,0.8125,1.0,0.1875,0.875,1.0,0.125,0.9375,1.0,0.0625
90,A-bin/B-base,42,0,0.0,0.0625,0.1875,0.125,0.1875,0.375,0.1875,0.0625,0.3125,0.25
90,B-bin/A-base,42,"(0,.25]",0.0625,0.0,0.1875,0.1875,0.125,0.375,0.25,0.125,0.3125,0.1875
90,A-bin/B-base,43,0,0.0,0.0625,0.375,0.3125,0.375,0.75,0.375,0.3125,0.375,0.0625
90,B-bin/A-base,43,"(0,.25]",0.0625,0.0,0.375,0.375,0.375,0.75,0.375,0.0625,0.375,0.3125
90,A-bin/B-base,44,"(.5,.75]",0.625,0.75,0.6875,-0.0625,0.875,0.9375,0.0625,0.75,0.6875,-0.0625
90,B-bin/A-base,44,"(.5,.75]",0.75,0.625,0.6875,0.0625,0.6875,0.9375,0.25,0.8125,0.6875,-0.125
90,A-bin/B-base,45,"(.5,.75]",0.625,0.5,0.4375,-0.0625,0.5625,0.9375,0.375,0.75,0.4375,-0.3125
90,B-bin/A-base,45,"(.25,.5]",0.5,0.625,0.4375,-0.1875,0.625,0.9375,0.3125,0.8125,0.4375,-0.375
90,A-bin/B-base,46,"(.25,.5]",0.5,0.375,0.3125,-0.0625,0.625,0.625,0.0,0.625,0.4375,-0.1875
90,B-bin/A-base,46,"(.25,.5]",0.375,0.5,0.3125,-0.1875,0.6875,0.625,-0.0625,0.75,0.4375,-0.3125
90,A-bin/B-base,47,"(.25,.5]",0.5,0.75,0.875,0.125,0.75,0.9375,0.1875,0.9375,0.9375,0.0
90,B-bin/A-base,47,"(.5,.75]",0.75,0.5,0.875,0.375,0.5,0.9375,0.4375,0.75,0.9375,0.1875
90,A-bin/B-base,48,"(.5,.75]",0.6875,0.6875,0.8125,0.125,0.6875,0.8125,0.125,1.0,1.0,0.0
90,B-bin/A-base,48,"(.5,.75]",0.6875,0.6875,0.8125,0.125,0.6875,0.8125,0.125,0.9375,1.0,0.0625
90,A-bin/B-base,49,"(.5,.75]",0.6875,0.875,0.75,-0.125,0.875,0.8125,-0.0625,0.875,0.875,0.0
90,B-bin/A-base,49,"(.75,1)",0.875,0.6875,0.75,0.0625,0.75,0.8125,0.0625,0.8125,0.875,0.0625
90,A-bin/B-base,50,0,0.0,0.0,0.0,0.0,0.0625,0.5,0.4375,0.0,0.0,0.0
90,B-bin/A-base,50,0,0.0,0.0,0.0,0.0,0.375,0.5,0.125,0.0,0.0,0.0
90,A-bin/B-base,51,"(.5,.75]",0.625,0.5,0.6875,0.1875,0.5,0.6875,0.1875,0.6875,0.8125,0.125
90,B-bin/A-base,51,"(.25,.5]",0.5,0.625,0.6875,0.0625,0.625,0.6875,0.0625,0.6875,0.8125,0.125
90,A-bin/B-base,52,"(.5,.75]",0.6875,0.5,0.625,0.125,0.5625,0.8125,0.25,0.625,0.6875,0.0625
90,B-bin/A-base,52,"(.25,.5]",0.5,0.6875,0.625,-0.0625,0.75,0.8125,0.0625,0.75,0.6875,-0.0625
90,A-bin/B-base,53,"(.5,.75]",0.75,0.75,0.8125,0.0625,0.75,0.9375,0.1875,1.0,0.875,-0.125
90,B-bin/A-base,53,"(.5,.75]",0.75,0.75,0.8125,0.0625,0.8125,0.9375,0.125,0.9375,0.875,-0.0625
90,A-bin/B-base,54,"(0,.25]",0.1875,0.1875,0.5,0.3125,0.375,0.625,0.25,0.1875,0.625,0.4375
90,B-bin/A-base,54,"(0,.25]",0.1875,0.1875,0.5,0.3125,0.5625,0.625,0.0625,0.3125,0.625,0.3125
90,A-bin/B-base,55,"(.5,.75]",0.75,0.8125,0.9375,0.125,0.875,1.0,0.125,0.875,0.9375,0.0625
90,B-bin/A-base,55,"(.75,1)",0.8125,0.75,0.9375,0.1875,0.9375,1.0,0.0625,0.8125,0.9375,0.125
90,A-bin/B-base,56,"(.5,.75]",0.6875,0.6875,0.6875,0.0,0.6875,0.8125,0.125,0.9375,0.8125,-0.125
90,B-bin/A-base,56,"(.5,.75]",0.6875,0.6875,0.6875,0.0,0.75,0.8125,0.0625,0.875,0.8125,-0.0625
90,A-bin/B-base,57,"(0,.25]",0.1875,0.3125,0.3125,0.0,0.4375,0.75,0.3125,0.4375,0.4375,0.0
90,B-bin/A-base,57,"(.25,.5]",0.3125,0.1875,0.3125,0.125,0.375,0.75,0.375,0.375,0.4375,0.0625
90,A-bin/B-base,58,"(.25,.5]",0.375,0.5625,0.6875,0.125,0.625,0.8125,0.1875,0.6875,0.6875,0.0
90,B-bin/A-base,58,"(.5,.75]",0.5625,0.375,0.6875,0.3125,0.5625,0.8125,0.25,0.625,0.6875,0.0625
90,A-bin/B-base,59,"(.25,.5]",0.3125,0.3125,0.5,0.1875,0.5,0.9375,0.4375,0.4375,0.5,0.0625
90,B-bin/A-base,59,"(.25,.5]",0.3125,0.3125,0.5,0.1875,0.5625,0.9375,0.375,0.375,0.5,0.125
90,A-bin/B-base,60,"(0,.25]",0.25,0.125,0.25,0.125,0.25,0.75,0.5,0.1875,0.3125,0.125
90,B-bin/A-base,60,"(0,.25]",0.125,0.25,0.25,0.0,0.375,0.75,0.375,0.3125,0.3125,0.0
90,A-bin/B-base,61,"(.25,.5]",0.5,0.125,0.5625,0.4375,0.25,0.8125,0.5625,0.4375,0.625,0.1875
90,B-bin/A-base,61,"(0,.25]",0.125,0.5,0.5625,0.0625,0.625,0.8125,0.1875,0.625,0.625,0.0
90,A-bin/B-base,62,"(.25,.5]",0.375,0.4375,0.75,0.3125,0.5625,0.75,0.1875,0.5625,0.875,0.3125
90,B-bin/A-base,62,"(.25,.5]",0.4375,0.375,0.75,0.375,0.5,0.75,0.25,0.4375,0.875,0.4375
90,A-bin/B-base,63,0,0.0,0.0,0.0,0.0,0.125,0.4375,0.3125,0.0,0.0,0.0
90,B-bin/A-base,63,0,0.0,0.0,0.0,0.0,0.0,0.4375,0.4375,0.0,0.0,0.0
90,A-bin/B-base,64,"(.25,.5]",0.4375,0.5,0.625,0.125,0.5,0.75,0.25,0.6875,0.6875,0.0
90,B-bin/A-base,64,"(.25,.5]",0.5,0.4375,0.625,0.1875,0.5,0.75,0.25,0.6875,0.6875,0.0
90,A-bin/B-base,65,"(.25,.5]",0.4375,0.375,0.8125,0.4375,0.5,1.0,0.5,0.6875,0.8125,0.125
90,B-bin/A-base,65,"(.25,.5]",0.375,0.4375,0.8125,0.375,0.625,1.0,0.375,0.5625,0.8125,0.25
90,A-bin/B-base,66,"(0,.25]",0.125,0.0,0.375,0.375,0.125,0.875,0.75,0.25,0.375,0.125
90,B-bin/A-base,66,0,0.0,0.125,0.375,0.25,0.125,0.875,0.75,0.3125,0.375,0.0625
90,A-bin/B-base,67,"(0,.25]",0.1875,0.0625,0.1875,0.125,0.0625,0.375,0.3125,0.1875,0.1875,0.0
90,B-bin/A-base,67,"(0,.25]",0.0625,0.1875,0.1875,0.0,0.3125,0.375,0.0625,0.1875,0.1875,0.0
90,A-bin/B-base,68,"(.25,.5]",0.4375,0.25,0.5625,0.3125,0.25,0.625,0.375,0.3125,0.5625,0.25
90,B-bin/A-base,68,"(0,.25]",0.25,0.4375,0.5625,0.125,0.4375,0.625,0.1875,0.625,0.5625,-0.0625
90,A-bin/B-base,69,"(.5,.75]",0.625,0.5625,0.6875,0.125,0.625,0.875,0.25,0.6875,0.6875,0.0
90,B-bin/A-base,69,"(.5,.75]",0.5625,0.625,0.6875,0.0625,0.6875,0.875,0.1875,0.75,0.6875,-0.0625
90,A-bin/B-base,70,"(.5,.75]",0.75,0.9375,0.9375,0.0,0.9375,0.9375,0.0,1.0,1.0,0.0
90,B-bin/A-base,70,"(.75,1)",0.9375,0.75,0.9375,0.1875,0.8125,0.9375,0.125,0.875,1.0,0.125
90,A-bin/B-base,71,"(.5,.75]",0.75,0.75,0.8125,0.0625,0.9375,0.9375,0.0,0.8125,0.8125,0.0
90,B-bin/A-base,71,"(.5,.75]",0.75,0.75,0.8125,0.0625,0.875,0.9375,0.0625,0.875,0.8125,-0.0625
90,A-bin/B-base,72,"(0,.25]",0.25,0.25,0.5625,0.3125,0.5625,0.625,0.0625,0.375,0.6875,0.3125
90,B-bin/A-base,72,"(0,.25]",0.25,0.25,0.5625,0.3125,0.5,0.625,0.125,0.3125,0.6875,0.375
90,A-bin/B-base,73,"(.25,.5]",0.5,0.8125,0.75,-0.0625,0.8125,0.875,0.0625,1.0,0.8125,-0.1875
90,B-bin/A-base,73,"(.75,1)",0.8125,0.5,0.75,0.25,0.625,0.875,0.25,0.75,0.8125,0.0625
90,A-bin/B-base,74,"(.25,.5]",0.4375,0.6875,0.3125,-0.375,0.75,0.5,-0.25,0.875,0.5,-0.375
90,B-bin/A-base,74,"(.5,.75]",0.6875,0.4375,0.3125,-0.125,0.5625,0.5,-0.0625,0.5625,0.5,-0.0625
90,A-bin/B-base,75,"(.25,.5]",0.5,0.3125,0.75,0.4375,0.3125,0.8125,0.5,0.625,0.8125,0.1875
90,B-bin/A-base,75,"(.25,.5]",0.3125,0.5,0.75,0.25,0.5625,0.8125,0.25,0.9375,0.8125,-0.125
90,A-bin/B-base,76,"(0,.25]",0.0625,0.0625,0.25,0.1875,0.3125,0.8125,0.5,0.3125,0.25,-0.0625
90,B-bin/A-base,76,"(0,.25]",0.0625,0.0625,0.25,0.1875,0.3125,0.8125,0.5,0.3125,0.25,-0.0625
90,A-bin/B-base,77,"(0,.25]",0.1875,0.5,0.9375,0.4375,0.5625,0.9375,0.375,0.75,0.9375,0.1875
90,B-bin/A-base,77,"(.25,.5]",0.5,0.1875,0.9375,0.75,0.3125,0.9375,0.625,0.5,0.9375,0.4375
90,A-bin/B-base,78,"(0,.25]",0.1875,0.125,0.3125,0.1875,0.625,0.8125,0.1875,0.1875,0.375,0.1875
90,B-bin/A-base,78,"(0,.25]",0.125,0.1875,0.3125,0.125,0.5625,0.8125,0.25,0.25,0.375,0.125
90,A-bin/B-base,79,"(.75,1)",0.9375,0.75,1.0,0.25,0.8125,1.0,0.1875,0.9375,1.0,0.0625
90,B-bin/A-base,79,"(.5,.75]",0.75,0.9375,1.0,0.0625,0.9375,1.0,0.0625,0.9375,1.0,0.0625
90,A-bin/B-base,80,"(0,.25]",0.0625,0.1875,0.3125,0.125,0.1875,0.6875,0.5,0.5,0.4375,-0.0625
90,B-bin/A-base,80,"(0,.25]",0.1875,0.0625,0.3125,0.25,0.25,0.6875,0.4375,0.375,0.4375,0.0625
90,A-bin/B-base,81,"(0,.25]",0.25,0.0625,0.375,0.3125,0.4375,0.75,0.3125,0.0625,0.375,0.3125
90,B-bin/A-base,81,"(0,.25]",0.0625,0.25,0.375,0.125,0.3125,0.75,0.4375,0.375,0.375,0.0
90,A-bin/B-base,82,"(.25,.5]",0.375,0.375,0.5625,0.1875,0.4375,0.875,0.4375,0.5,0.6875,0.1875
90,B-bin/A-base,82,"(.25,.5]",0.375,0.375,0.5625,0.1875,0.5625,0.875,0.3125,0.375,0.6875,0.3125
90,A-bin/B-base,83,"(.25,.5]",0.375,0.375,0.6875,0.3125,0.4375,0.75,0.3125,0.5625,0.8125,0.25
90,B-bin/A-base,83,"(.25,.5]",0.375,0.375,0.6875,0.3125,0.4375,0.75,0.3125,0.6875,0.8125,0.125
90,A-bin/B-base,84,"(.25,.5]",0.3125,0.125,0.4375,0.3125,0.3125,0.75,0.4375,0.375,0.5,0.125
90,B-bin/A-base,84,"(0,.25]",0.125,0.3125,0.4375,0.125,0.3125,0.75,0.4375,0.5625,0.5,-0.0625
90,A-bin/B-base,85,"(.25,.5]",0.3125,0.4375,0.5625,0.125,0.5625,0.6875,0.125,0.625,0.8125,0.1875
90,B-bin/A-base,85,"(.25,.5]",0.4375,0.3125,0.5625,0.25,0.375,0.6875,0.3125,0.5,0.8125,0.3125
90,A-bin/B-base,86,"(.25,.5]",0.5,0.625,0.8125,0.1875,0.625,1.0,0.375,0.8125,0.8125,0.0
90,B-bin/A-base,86,"(.5,.75]",0.625,0.5,0.8125,0.3125,0.625,1.0,0.375,0.8125,0.8125,0.0
90,A-bin/B-base,87,"(0,.25]",0.25,0.25,0.4375,0.1875,0.5625,0.9375,0.375,0.375,0.5,0.125
90,B-bin/A-base,87,"(0,.25]",0.25,0.25,0.4375,0.1875,0.375,0.9375,0.5625,0.6875,0.5,-0.1875
90,A-bin/B-base,88,"(.25,.5]",0.4375,0.5,0.5,0.0,0.6875,0.9375,0.25,0.5625,0.5,-0.0625
90,B-bin/A-base,88,"(.25,.5]",0.5,0.4375,0.5,0.0625,0.5625,0.9375,0.375,0.5625,0.5,-0.0625
90,A-bin/B-base,89,"(0,.25]",0.125,0.1875,0.1875,0.0,0.375,0.6875,0.3125,0.3125,0.3125,0.0
90,B-bin/A-base,89,"(0,.25]",0.1875,0.125,0.1875,0.0625,0.1875,0.6875,0.5,0.3125,0.3125,0.0
90,A-bin/B-base,90,"(0,.25]",0.0625,0.0625,0.125,0.0625,0.25,0.6875,0.4375,0.1875,0.125,-0.0625
90,B-bin/A-base,90,"(0,.25]",0.0625,0.0625,0.125,0.0625,0.3125,0.6875,0.375,0.125,0.125,0.0
90,A-bin/B-base,91,"(0,.25]",0.125,0.125,0.625,0.5,0.125,0.75,0.625,0.375,0.625,0.25
90,B-bin/A-base,91,"(0,.25]",0.125,0.125,0.625,0.5,0.125,0.75,0.625,0.6875,0.625,-0.0625
90,A-bin/B-base,92,"(0,.25]",0.125,0.3125,0.3125,0.0,0.5625,0.5625,0.0,0.4375,0.4375,0.0
90,B-bin/A-base,92,"(.25,.5]",0.3125,0.125,0.3125,0.1875,0.3125,0.5625,0.25,0.1875,0.4375,0.25
90,A-bin/B-base,93,"(.5,.75]",0.75,0.375,1.0,0.625,0.4375,1.0,0.5625,0.75,1.0,0.25
90,B-bin/A-base,93,"(.25,.5]",0.375,0.75,1.0,0.25,0.75,1.0,0.25,1.0,1.0,0.0
90,A-bin/B-base,94,"(.5,.75]",0.5625,0.5625,0.9375,0.375,0.5625,1.0,0.4375,0.9375,0.9375,0.0
90,B-bin/A-base,94,"(.5,.75]",0.5625,0.5625,0.9375,0.375,0.5625,1.0,0.4375,0.875,0.9375,0.0625
90,A-bin/B-base,95,"(0,.25]",0.125,0.0,0.0625,0.0625,0.3125,0.5,0.1875,0.0,0.0625,0.0625
90,B-bin/A-base,95,0,0.0,0.125,0.0625,-0.0625,0.25,0.5,0.25,0.125,0.0625,-0.0625
90,A-bin/B-base,96,"(.75,1)",0.8125,0.6875,0.6875,0.0,0.6875,0.9375,0.25,0.75,0.6875,-0.0625
90,B-bin/A-base,96,"(.5,.75]",0.6875,0.8125,0.6875,-0.125,0.8125,0.9375,0.125,0.875,0.6875,-0.1875
90,A-bin/B-base,97,0,0.0,0.0,0.0625,0.0625,0.1875,0.3125,0.125,0.0,0.0625,0.0625
90,B-bin/A-base,97,0,0.0,0.0,0.0625,0.0625,0.25,0.3125,0.0625,0.0,0.0625,0.0625
90,A-bin/B-base,98,"(.25,.5]",0.3125,0.375,0.5,0.125,0.6875,0.6875,0.0,0.375,0.5,0.125
90,B-bin/A-base,98,"(.25,.5]",0.375,0.3125,0.5,0.1875,0.5,0.6875,0.1875,0.375,0.5,0.125
90,A-bin/B-base,99,0,0.0,0.0,0.0,0.0,0.125,0.375,0.25,0.0625,0.125,0.0625
90,B-bin/A-base,99,0,0.0,0.0,0.0,0.0,0.0,0.375,0.375,0.0625,0.125,0.0625
90,A-bin/B-base,100,"(.25,.5]",0.375,0.25,0.5,0.25,0.375,0.625,0.25,0.4375,0.6875,0.25
90,B-bin/A-base,100,"(0,.25]",0.25,0.375,0.5,0.125,0.4375,0.625,0.1875,0.75,0.6875,-0.0625
90,A-bin/B-base,101,"(0,.25]",0.25,0.3125,0.625,0.3125,0.5,0.875,0.375,0.625,0.625,0.0
90,B-bin/A-base,101,"(.25,.5]",0.3125,0.25,0.625,0.375,0.5,0.875,0.375,0.5,0.625,0.125
90,A-bin/B-base,102,"(0,.25]",0.1875,0.375,0.5625,0.1875,0.5625,0.6875,0.125,0.5625,0.6875,0.125
90,B-bin/A-base,102,"(.25,.5]",0.375,0.1875,0.5625,0.375,0.1875,0.6875,0.5,0.4375,0.6875,0.25
90,A-bin/B-base,103,0,0.0,0.0,0.0625,0.0625,0.0,0.125,0.125,0.0625,0.0625,0.0
90,B-bin/A-base,103,0,0.0,0.0,0.0625,0.0625,0.125,0.125,0.0,0.0,0.0625,0.0625
90,A-bin/B-base,104,"(.5,.75]",0.75,0.4375,0.75,0.3125,0.4375,0.8125,0.375,0.875,0.875,0.0
90,B-bin/A-base,104,"(.25,.5]",0.4375,0.75,0.75,0.0,0.8125,0.8125,0.0,0.8125,0.875,0.0625
90,A-bin/B-base,105,"(.5,.75]",0.5625,0.5625,0.875,0.3125,0.6875,1.0,0.3125,0.75,0.875,0.125
90,B-bin/A-base,105,"(.5,.75]",0.5625,0.5625,0.875,0.3125,0.6875,1.0,0.3125,0.75,0.875,0.125
90,A-bin/B-base,106,"(.5,.75]",0.75,0.8125,0.8125,0.0,0.875,0.9375,0.0625,0.875,0.8125,-0.0625
90,B-bin/A-base,106,"(.75,1)",0.8125,0.75,0.8125,0.0625,0.75,0.9375,0.1875,1.0,0.8125,-0.1875
90,A-bin/B-base,107,"(0,.25]",0.125,0.125,0.5,0.375,0.4375,0.625,0.1875,0.25,0.5625,0.3125
90,B-bin/A-base,107,"(0,.25]",0.125,0.125,0.5,0.375,0.1875,0.625,0.4375,0.375,0.5625,0.1875
90,A-bin/B-base,108,"(.25,.5]",0.3125,0.1875,0.5625,0.375,0.375,0.75,0.375,0.375,0.5625,0.1875
90,B-bin/A-base,108,"(0,.25]",0.1875,0.3125,0.5625,0.25,0.5625,0.75,0.1875,0.5,0.5625,0.0625
90,A-bin/B-base,109,"(.25,.5]",0.5,0.625,0.4375,-0.1875,0.6875,0.5625,-0.125,0.8125,0.5625,-0.25
90,B-bin/A-base,109,"(.5,.75]",0.625,0.5,0.4375,-0.0625,0.5,0.5625,0.0625,0.8125,0.5625,-0.25
90,A-bin/B-base,110,"(.5,.75]",0.5625,0.4375,1.0,0.5625,0.5625,1.0,0.4375,0.8125,1.0,0.1875
90,B-bin/A-base,110,"(.25,.5]",0.4375,0.5625,1.0,0.4375,0.625,1.0,0.375,0.75,1.0,0.25
90,A-bin/B-base,111,"(.75,1)",0.8125,0.625,0.9375,0.3125,0.625,1.0,0.375,0.875,0.9375,0.0625
90,B-bin/A-base,111,"(.5,.75]",0.625,0.8125,0.9375,0.125,0.8125,1.0,0.1875,0.875,0.9375,0.0625
90,A-bin/B-base,112,"(.25,.5]",0.5,0.625,0.75,0.125,0.8125,0.9375,0.125,0.75,0.75,0.0
90,B-bin/A-base,112,"(.5,.75]",0.625,0.5,0.75,0.25,0.6875,0.9375,0.25,0.625,0.75,0.125
90,A-bin/B-base,113,"(.5,.75]",0.5625,0.75,0.375,-0.375,0.8125,0.8125,0.0,0.9375,0.4375,-0.5
90,B-bin/A-base,113,"(.5,.75]",0.75,0.5625,0.375,-0.1875,0.6875,0.8125,0.125,0.625,0.4375,-0.1875
90,A-bin/B-base,114,"(.75,1)",0.8125,0.8125,1.0,0.1875,0.8125,1.0,0.1875,0.9375,1.0,0.0625
90,B-bin/A-base,114,"(.75,1)",0.8125,0.8125,1.0,0.1875,0.875,1.0,0.125,0.9375,1.0,0.0625
90,A-bin/B-base,115,"(.25,.5]",0.5,0.25,0.625,0.375,0.3125,0.6875,0.375,0.5,0.6875,0.1875
90,B-bin/A-base,115,"(0,.25]",0.25,0.5,0.625,0.125,0.625,0.6875,0.0625,0.6875,0.6875,0.0
90,A-bin/B-base,116,0,0.0,0.0,0.0,0.0,0.0625,0.3125,0.25,0.0625,0.0625,0.0
90,B-bin/A-base,116,0,0.0,0.0,0.0,0.0,0.25,0.3125,0.0625,0.0,0.0625,0.0625
90,A-bin/B-base,117,0,0.0,0.0,0.0625,0.0625,0.0,0.25,0.25,0.0625,0.0625,0.0
90,B-bin/A-base,117,0,0.0,0.0,0.0625,0.0625,0.0,0.25,0.25,0.0625,0.0625,0.0
90,A-bin/B-base,118,"(0,.25]",0.0625,0.0,0.0,0.0,0.375,0.75,0.375,0.125,0.0,-0.125
90,B-bin/A-base,118,0,0.0,0.0625,0.0,-0.0625,0.6875,0.75,0.0625,0.0625,0.0,-0.0625
90,A-bin/B-base,119,"(.25,.5]",0.375,0.25,0.625,0.375,0.3125,0.8125,0.5,0.625,0.75,0.125
90,B-bin/A-base,119,"(0,.25]",0.25,0.375,0.625,0.25,0.4375,0.8125,0.375,0.875,0.75,-0.125
90,A-bin/B-base,120,"(.25,.5]",0.375,0.25,0.6875,0.4375,0.375,0.8125,0.4375,0.4375,0.6875,0.25
90,B-bin/A-base,120,"(0,.25]",0.25,0.375,0.6875,0.3125,0.625,0.8125,0.1875,0.5,0.6875,0.1875
90,A-bin/B-base,121,0,0.0,0.0625,0.0,-0.0625,0.125,0.125,0.0,0.3125,0.0,-0.3125
90,B-bin/A-base,121,"(0,.25]",0.0625,0.0,0.0,0.0,0.125,0.125,0.0,0.0,0.0,0.0
90,A-bin/B-base,122,"(0,.25]",0.0625,0.125,0.375,0.25,0.1875,0.5,0.3125,0.25,0.4375,0.1875
90,B-bin/A-base,122,"(0,.25]",0.125,0.0625,0.375,0.3125,0.125,0.5,0.375,0.1875,0.4375,0.25
90,A-bin/B-base,123,"(0,.25]",0.1875,0.125,0.375,0.25,0.25,0.5,0.25,0.4375,0.625,0.1875
90,B-bin/A-base,123,"(0,.25]",0.125,0.1875,0.375,0.1875,0.1875,0.5,0.3125,0.4375,0.625,0.1875
90,A-bin/B-base,124,"(.25,.5]",0.3125,0.4375,0.625,0.1875,0.4375,0.75,0.3125,0.5625,0.6875,0.125
90,B-bin/A-base,124,"(.25,.5]",0.4375,0.3125,0.625,0.3125,0.375,0.75,0.375,0.4375,0.6875,0.25
90,A-bin/B-base,125,"(.5,.75]",0.5625,0.8125,0.8125,0.0,0.8125,1.0,0.1875,0.9375,0.8125,-0.125
90,B-bin/A-base,125,"(.75,1)",0.8125,0.5625,0.8125,0.25,0.6875,1.0,0.3125,0.75,0.8125,0.0625
90,A-bin/B-base,126,"(.75,1)",0.8125,0.75,0.9375,0.1875,0.75,1.0,0.25,1.0,0.9375,-0.0625
90,B-bin/A-base,126,"(.5,.75]",0.75,0.8125,0.9375,0.125,0.8125,1.0,0.1875,0.9375,0.9375,0.0
90,A-bin/B-base,127,"(.5,.75]",0.5625,0.5,0.8125,0.3125,0.5625,0.9375,0.375,0.6875,0.875,0.1875
90,B-bin/A-base,127,"(.25,.5]",0.5,0.5625,0.8125,0.25,0.5625,0.9375,0.375,0.8125,0.875,0.0625
90,A-bin/B-base,128,"(0,.25]",0.125,0.1875,0.5,0.3125,0.375,0.75,0.375,0.4375,0.6875,0.25
90,B-bin/A-base,128,"(0,.25]",0.1875,0.125,0.5,0.375,0.1875,0.75,0.5625,0.375,0.6875,0.3125
90,A-bin/B-base,129,0,0.0,0.0625,0.0625,0.0,0.25,0.6875,0.4375,0.0625,0.0625,0.0
90,B-bin/A-base,129,"(0,.25]",0.0625,0.0,0.0625,0.0625,0.0625,0.6875,0.625,0.0,0.0625,0.0625
90,A-bin/B-base,130,"(.75,1)",0.9375,0.8125,0.8125,0.0,0.8125,0.875,0.0625,0.9375,0.875,-0.0625
90,B-bin/A-base,130,"(.75,1)",0.8125,0.9375,0.8125,-0.125,0.9375,0.875,-0.0625,1.0,0.875,-0.125
90,A-bin/B-base,131,"(0,.25]",0.125,0.1875,0.3125,0.125,0.1875,0.75,0.5625,0.1875,0.3125,0.125
90,B-bin/A-base,131,"(0,.25]",0.1875,0.125,0.3125,0.1875,0.1875,0.75,0.5625,0.125,0.3125,0.1875
90,A-bin/B-base,132,"(.5,.75]",0.75,0.4375,0.6875,0.25,0.5625,0.875,0.3125,0.6875,0.8125,0.125
90,B-bin/A-base,132,"(.25,.5]",0.4375,0.75,0.6875,-0.0625,0.75,0.875,0.125,0.75,0.8125,0.0625
90,A-bin/B-base,133,"(.25,.5]",0.4375,0.375,0.6875,0.3125,0.375,0.8125,0.4375,0.75,0.75,0.0
90,B-bin/A-base,133,"(.25,.5]",0.375,0.4375,0.6875,0.25,0.5,0.8125,0.3125,0.6875,0.75,0.0625
90,A-bin/B-base,134,"(0,.25]",0.0625,0.0,0.0,0.0,0.4375,0.875,0.4375,0.0625,0.0,-0.0625
90,B-bin/A-base,134,0,0.0,0.0625,0.0,-0.0625,0.4375,0.875,0.4375,0.0625,0.0,-0.0625
90,A-bin/B-base,135,"(.5,.75]",0.6875,0.75,0.6875,-0.0625,0.75,0.875,0.125,0.875,0.75,-0.125
90,B-bin/A-base,135,"(.5,.75]",0.75,0.6875,0.6875,0.0,0.75,0.875,0.125,0.75,0.75,0.0
90,A-bin/B-base,136,"(0,.25]",0.25,0.125,0.5625,0.4375,0.1875,0.6875,0.5,0.5625,0.625,0.0625
90,B-bin/A-base,136,"(0,.25]",0.125,0.25,0.5625,0.3125,0.25,0.6875,0.4375,0.4375,0.625,0.1875
90,A-bin/B-base,137,"(.5,.75]",0.5625,0.3125,0.4375,0.125,0.375,0.5625,0.1875,0.5625,0.5625,0.0
90,B-bin/A-base,137,"(.25,.5]",0.3125,0.5625,0.4375,-0.125,0.5625,0.5625,0.0,0.625,0.5625,-0.0625
90,A-bin/B-base,138,"(0,.25]",0.1875,0.0625,0.4375,0.375,0.0625,0.5625,0.5,0.4375,0.5,0.0625
90,B-bin/A-base,138,"(0,.25]",0.0625,0.1875,0.4375,0.25,0.25,0.5625,0.3125,0.25,0.5,0.25
90,A-bin/B-base,139,0,0.0,0.125,0.5,0.375,0.1875,0.75,0.5625,0.5625,0.5625,0.0
90,B-bin/A-base,139,"(0,.25]",0.125,0.0,0.5,0.5,0.0,0.75,0.75,0.25,0.5625,0.3125
90,A-bin/B-base,140,"(.25,.5]",0.3125,0.25,0.5625,0.3125,0.25,0.625,0.375,0.4375,0.6875,0.25
90,B-bin/A-base,140,"(0,.25]",0.25,0.3125,0.5625,0.25,0.3125,0.625,0.3125,0.5625,0.6875,0.125
90,A-bin/B-base,141,"(0,.25]",0.1875,0.3125,0.5625,0.25,0.75,0.9375,0.1875,0.4375,0.5625,0.125
90,B-bin/A-base,141,"(.25,.5]",0.3125,0.1875,0.5625,0.375,0.1875,0.9375,0.75,0.4375,0.5625,0.125
90,A-bin/B-base,142,0,0.0,0.0625,0.1875,0.125,0.125,0.375,0.25,0.1875,0.1875,0.0
90,B-bin/A-base,142,"(0,.25]",0.0625,0.0,0.1875,0.1875,0.125,0.375,0.25,0.125,0.1875,0.0625
90,A-bin/B-base,143,"(.25,.5]",0.3125,0.4375,0.25,-0.1875,0.5625,0.4375,-0.125,0.5,0.375,-0.125
90,B-bin/A-base,143,"(.25,.5]",0.4375,0.3125,0.25,-0.0625,0.5,0.4375,-0.0625,0.4375,0.375,-0.0625
90,A-bin/B-base,144,"(0,.25]",0.25,0.1875,0.5625,0.375,0.25,0.75,0.5,0.5,0.5625,0.0625
90,B-bin/A-base,144,"(0,.25]",0.1875,0.25,0.5625,0.3125,0.3125,0.75,0.4375,0.5625,0.5625,0.0
90,A-bin/B-base,145,"(.5,.75]",0.6875,0.375,0.75,0.375,0.5,0.875,0.375,0.5625,0.75,0.1875
90,B-bin/A-base,145,"(.25,.5]",0.375,0.6875,0.75,0.0625,0.6875,0.875,0.1875,0.875,0.75,-0.125
90,A-bin/B-base,146,"(0,.25]",0.25,0.0625,0.6875,0.625,0.3125,0.9375,0.625,0.1875,0.6875,0.5
90,B-bin/A-base,146,"(0,.25]",0.0625,0.25,0.6875,0.4375,0.25,0.9375,0.6875,0.4375,0.6875,0.25
90,A-bin/B-base,147,"(.75,1)",0.8125,0.6875,0.875,0.1875,0.6875,0.9375,0.25,0.875,0.9375,0.0625
90,B-bin/A-base,147,"(.5,.75]",0.6875,0.8125,0.875,0.0625,0.8125,0.9375,0.125,0.9375,0.9375,0.0
90,A-bin/B-base,148,"(.5,.75]",0.5625,0.1875,0.75,0.5625,0.3125,0.9375,0.625,0.5,0.8125,0.3125
90,B-bin/A-base,148,"(0,.25]",0.1875,0.5625,0.75,0.1875,0.625,0.9375,0.3125,0.75,0.8125,0.0625
90,A-bin/B-base,149,"(.5,.75]",0.5625,0.5,0.75,0.25,0.5625,0.75,0.1875,0.875,0.8125,-0.0625
90,B-bin/A-base,149,"(.25,.5]",0.5,0.5625,0.75,0.1875,0.625,0.75,0.125,0.625,0.8125,0.1875
90,A-bin/B-base,150,"(.5,.75]",0.75,0.4375,0.8125,0.375,0.5,0.9375,0.4375,0.75,0.875,0.125
90,B-bin/A-base,150,"(.25,.5]",0.4375,0.75,0.8125,0.0625,0.75,0.9375,0.1875,0.9375,0.875,-0.0625
90,A-bin/B-base,151,"(.25,.5]",0.5,0.5625,0.625,0.0625,0.625,0.8125,0.1875,0.8125,0.625,-0.1875
90,B-bin/A-base,151,"(.5,.75]",0.5625,0.5,0.625,0.125,0.75,0.8125,0.0625,0.5625,0.625,0.0625
90,A-bin/B-base,152,"(.5,.75]",0.6875,0.5625,0.5625,0.0,0.625,0.9375,0.3125,0.75,0.5625,-0.1875
90,B-bin/A-base,152,"(.5,.75]",0.5625,0.6875,0.5625,-0.125,0.75,0.9375,0.1875,0.8125,0.5625,-0.25
90,A-bin/B-base,153,"(.25,.5]",0.3125,0.4375,0.4375,0.0,0.5625,0.9375,0.375,0.5,0.4375,-0.0625
90,B-bin/A-base,153,"(.25,.5]",0.4375,0.3125,0.4375,0.125,0.625,0.9375,0.3125,0.375,0.4375,0.0625
90,A-bin/B-base,154,"(.25,.5]",0.3125,0.4375,0.625,0.1875,0.5,0.6875,0.1875,0.625,0.6875,0.0625
90,B-bin/A-base,154,"(.25,.5]",0.4375,0.3125,0.625,0.3125,0.3125,0.6875,0.375,0.625,0.6875,0.0625
90,A-bin/B-base,155,"(.25,.5]",0.375,0.125,0.5625,0.4375,0.375,0.625,0.25,0.3125,0.5625,0.25
90,B-bin/A-base,155,"(0,.25]",0.125,0.375,0.5625,0.1875,0.4375,0.625,0.1875,0.4375,0.5625,0.125
90,A-bin/B-base,156,"(.5,.75]",0.5625,0.6875,0.75,0.0625,0.75,0.875,0.125,0.875,0.8125,-0.0625
90,B-bin/A-base,156,"(.5,.75]",0.6875,0.5625,0.75,0.1875,0.5625,0.875,0.3125,0.9375,0.8125,-0.125
90,A-bin/B-base,157,"(.25,.5]",0.3125,0.5,0.75,0.25,0.5,0.75,0.25,0.75,0.875,0.125
90,B-bin/A-base,157,"(.25,.5]",0.5,0.3125,0.75,0.4375,0.3125,0.75,0.4375,0.5,0.875,0.375
90,A-bin/B-base,158,"(.25,.5]",0.4375,0.0625,0.75,0.6875,0.1875,0.8125,0.625,0.5,0.8125,0.3125
90,B-bin/A-base,158,"(0,.25]",0.0625,0.4375,0.75,0.3125,0.5625,0.8125,0.25,0.625,0.8125,0.1875
90,A-bin/B-base,159,"(0,.25]",0.0625,0.0625,0.375,0.3125,0.3125,0.875,0.5625,0.125,0.375,0.25
90,B-bin/A-base,159,"(0,.25]",0.0625,0.0625,0.375,0.3125,0.25,0.875,0.625,0.125,0.375,0.25
90,A-bin/B-base,160,0,0.0,0.0,0.0,0.0,0.3125,0.6875,0.375,0.0,0.0,0.0
90,B-bin/A-base,160,0,0.0,0.0,0.0,0.0,0.375,0.6875,0.3125,0.0,0.0,0.0
90,A-bin/B-base,161,"(.75,1)",0.875,0.6875,0.75,0.0625,0.8125,0.875,0.0625,0.75,0.875,0.125
90,B-bin/A-base,161,"(.5,.75]",0.6875,0.875,0.75,-0.125,0.9375,0.875,-0.0625,0.875,0.875,0.0
90,A-bin/B-base,162,"(0,.25]",0.0625,0.1875,0.25,0.0625,0.375,0.8125,0.4375,0.1875,0.25,0.0625
90,B-bin/A-base,162,"(0,.25]",0.1875,0.0625,0.25,0.1875,0.3125,0.8125,0.5,0.125,0.25,0.125
90,A-bin/B-base,163,"(.25,.5]",0.5,0.625,0.5,-0.125,0.6875,0.625,-0.0625,0.8125,0.625,-0.1875
90,B-bin/A-base,163,"(.5,.75]",0.625,0.5,0.5,0.0,0.625,0.625,0.0,0.75,0.625,-0.125
90,A-bin/B-base,164,"(.5,.75]",0.5625,0.5,0.5625,0.0625,0.6875,0.8125,0.125,0.625,0.5625,-0.0625
90,B-bin/A-base,164,"(.25,.5]",0.5,0.5625,0.5625,0.0,0.8125,0.8125,0.0,0.6875,0.5625,-0.125
90,A-bin/B-base,165,0,0.0,0.0,0.125,0.125,0.375,0.5625,0.1875,0.0,0.1875,0.1875
90,B-bin/A-base,165,0,0.0,0.0,0.125,0.125,0.0,0.5625,0.5625,0.0625,0.1875,0.125
90,A-bin/B-base,166,"(0,.25]",0.125,0.125,0.1875,0.0625,0.25,0.3125,0.0625,0.1875,0.3125,0.125
90,B-bin/A-base,166,"(0,.25]",0.125,0.125,0.1875,0.0625,0.125,0.3125,0.1875,0.5625,0.3125,-0.25
90,A-bin/B-base,167,0,0.0,0.0,0.0,0.0,0.5,0.8125,0.3125,0.0,0.0,0.0
90,B-bin/A-base,167,0,0.0,0.0,0.0,0.0,0.5,0.8125,0.3125,0.0,0.0,0.0
90,A-bin/B-base,168,"(.75,1)",0.8125,0.875,1.0,0.125,0.875,1.0,0.125,0.875,1.0,0.125
90,B-bin/A-base,168,"(.75,1)",0.875,0.8125,1.0,0.1875,0.875,1.0,0.125,0.9375,1.0,0.0625
90,A-bin/B-base,169,"(0,.25]",0.125,0.0,0.4375,0.4375,0.25,0.625,0.375,0.1875,0.5625,0.375
90,B-bin/A-base,169,0,0.0,0.125,0.4375,0.3125,0.25,0.625,0.375,0.25,0.5625,0.3125
90,A-bin/B-base,170,"(.5,.75]",0.5625,0.5625,0.875,0.3125,0.625,1.0,0.375,0.75,0.875,0.125
90,B-bin/A-base,170,"(.5,.75]",0.5625,0.5625,0.875,0.3125,0.5625,1.0,0.4375,0.75,0.875,0.125
90,A-bin/B-base,171,0,0.0,0.0625,0.0625,0.0,0.125,0.5625,0.4375,0.125,0.125,0.0
90,B-bin/A-base,171,"(0,.25]",0.0625,0.0,0.0625,0.0625,0.0625,0.5625,0.5,0.1875,0.125,-0.0625
90,A-bin/B-base,172,"(.5,.75]",0.5625,0.5625,0.875,0.3125,0.5625,1.0,0.4375,0.8125,0.875,0.0625
90,B-bin/A-base,172,"(.5,.75]",0.5625,0.5625,0.875,0.3125,0.625,1.0,0.375,0.875,0.875,0.0
90,A-bin/B-base,173,"(0,.25]",0.125,0.0,0.0,0.0,0.0,0.125,0.125,0.0,0.0625,0.0625
90,B-bin/A-base,173,0,0.0,0.125,0.0,-0.125,0.1875,0.125,-0.0625,0.25,0.0625,-0.1875
90,A-bin/B-base,174,"(.5,.75]",0.625,0.5,0.75,0.25,0.625,0.9375,0.3125,0.75,0.75,0.0
90,B-bin/A-base,174,"(.25,.5]",0.5,0.625,0.75,0.125,0.6875,0.9375,0.25,0.8125,0.75,-0.0625
90,A-bin/B-base,175,"(0,.25]",0.0625,0.1875,0.625,0.4375,0.1875,0.75,0.5625,0.5,0.6875,0.1875
90,B-bin/A-base,175,"(0,.25]",0.1875,0.0625,0.625,0.5625,0.0625,0.75,0.6875,0.4375,0.6875,0.25
90,A-bin/B-base,176,1,1.0,0.8125,1.0,0.1875,0.8125,1.0,0.1875,0.9375,1.0,0.0625
90,B-bin/A-base,176,"(.75,1)",0.8125,1.0,1.0,0.0,1.0,1.0,0.0,1.0,1.0,0.0
90,A-bin/B-base,177,"(.25,.5]",0.375,0.3125,0.375,0.0625,0.375,0.8125,0.4375,0.375,0.375,0.0
90,B-bin/A-base,177,"(.25,.5]",0.3125,0.375,0.375,0.0,0.625,0.8125,0.1875,0.5625,0.375,-0.1875
90,A-bin/B-base,178,"(.25,.5]",0.5,0.5,0.5625,0.0625,0.5625,0.875,0.3125,0.6875,0.5625,-0.125
90,B-bin/A-base,178,"(.25,.5]",0.5,0.5,0.5625,0.0625,0.5625,0.875,0.3125,0.75,0.5625,-0.1875
90,A-bin/B-base,179,"(.25,.5]",0.3125,0.5625,0.5,-0.0625,0.6875,0.6875,0.0,0.625,0.75,0.125
90,B-bin/A-base,179,"(.5,.75]",0.5625,0.3125,0.5,0.1875,0.375,0.6875,0.3125,0.6875,0.75,0.0625
90,A-bin/B-base,180,"(.75,1)",0.875,0.75,0.9375,0.1875,0.75,0.9375,0.1875,0.9375,0.9375,0.0
90,B-bin/A-base,180,"(.5,.75]",0.75,0.875,0.9375,0.0625,0.875,0.9375,0.0625,0.9375,0.9375,0.0
90,A-bin/B-base,181,"(0,.25]",0.125,0.0625,0.25,0.1875,0.125,0.375,0.25,0.125,0.25,0.125
90,B-bin/A-base,181,"(0,.25]",0.0625,0.125,0.25,0.125,0.25,0.375,0.125,0.375,0.25,-0.125
90,A-bin/B-base,182,"(0,.25]",0.25,0.0625,0.3125,0.25,0.375,0.6875,0.3125,0.125,0.3125,0.1875
90,B-bin/A-base,182,"(0,.25]",0.0625,0.25,0.3125,0.0625,0.4375,0.6875,0.25,0.25,0.3125,0.0625
90,A-bin/B-base,183,"(0,.25]",0.0625,0.0625,0.625,0.5625,0.125,0.6875,0.5625,0.25,0.75,0.5
90,B-bin/A-base,183,"(0,.25]",0.0625,0.0625,0.625,0.5625,0.1875,0.6875,0.5,0.1875,0.75,0.5625
90,A-bin/B-base,184,0,0.0,0.125,0.3125,0.1875,0.4375,0.6875,0.25,0.125,0.3125,0.1875
90,B-bin/A-base,184,"(0,.25]",0.125,0.0,0.3125,0.3125,0.0625,0.6875,0.625,0.0625,0.3125,0.25
90,A-bin/B-base,185,"(.75,1)",0.8125,0.875,1.0,0.125,0.875,1.0,0.125,1.0,1.0,0.0
90,B-bin/A-base,185,"(.75,1)",0.875,0.8125,1.0,0.1875,0.8125,1.0,0.1875,0.9375,1.0,0.0625
90,A-bin/B-base,186,"(.5,.75]",0.625,0.625,0.9375,0.3125,0.6875,1.0,0.3125,0.8125,0.9375,0.125
90,B-bin/A-base,186,"(.5,.75]",0.625,0.625,0.9375,0.3125,0.6875,1.0,0.3125,0.9375,0.9375,0.0
90,A-bin/B-base,187,"(0,.25]",0.0625,0.0,0.0,0.0,0.0625,0.0625,0.0,0.0625,0.0625,0.0
90,B-bin/A-base,187,0,0.0,0.0625,0.0,-0.0625,0.0625,0.0625,0.0,0.0625,0.0625,0.0
90,A-bin/B-base,188,"(.75,1)",0.875,0.9375,0.9375,0.0,0.9375,1.0,0.0625,1.0,0.9375,-0.0625
90,B-bin/A-base,188,"(.75,1)",0.9375,0.875,0.9375,0.0625,0.875,1.0,0.125,1.0,0.9375,-0.0625
90,A-bin/B-base,189,"(0,.25]",0.25,0.1875,0.375,0.1875,0.3125,0.5,0.1875,0.5625,0.375,-0.1875
90,B-bin/A-base,189,"(0,.25]",0.1875,0.25,0.375,0.125,0.375,0.5,0.125,0.375,0.375,0.0
90,A-bin/B-base,190,"(0,.25]",0.125,0.0,0.25,0.25,0.125,0.8125,0.6875,0.0625,0.25,0.1875
90,B-bin/A-base,190,0,0.0,0.125,0.25,0.125,0.375,0.8125,0.4375,0.3125,0.25,-0.0625
90,A-bin/B-base,191,0,0.0,0.0,0.1875,0.1875,0.1875,0.625,0.4375,0.0625,0.1875,0.125
90,B-bin/A-base,191,0,0.0,0.0,0.1875,0.1875,0.125,0.625,0.5,0.0625,0.1875,0.125
90,A-bin/B-base,192,"(0,.25]",0.25,0.3125,0.5,0.1875,0.375,0.75,0.375,0.4375,0.5,0.0625
90,B-bin/A-base,192,"(.25,.5]",0.3125,0.25,0.5,0.25,0.25,0.75,0.5,0.625,0.5,-0.125
90,A-bin/B-base,193,"(.25,.5]",0.5,0.1875,0.5,0.3125,0.4375,0.6875,0.25,0.3125,0.6875,0.375
90,B-bin/A-base,193,"(0,.25]",0.1875,0.5,0.5,0.0,0.5625,0.6875,0.125,0.5,0.6875,0.1875
90,A-bin/B-base,194,"(0,.25]",0.25,0.25,0.5625,0.3125,0.5625,0.75,0.1875,0.375,0.625,0.25
90,B-bin/A-base,194,"(0,.25]",0.25,0.25,0.5625,0.3125,0.4375,0.75,0.3125,0.375,0.625,0.25
90,A-bin/B-base,195,"(.5,.75]",0.5625,0.6875,1.0,0.3125,0.6875,1.0,0.3125,0.9375,1.0,0.0625
90,B-bin/A-base,195,"(.5,.75]",0.6875,0.5625,1.0,0.4375,0.5625,1.0,0.4375,0.875,1.0,0.125
90,A-bin/B-base,196,"(.25,.5]",0.5,0.625,0.8125,0.1875,0.6875,0.8125,0.125,0.875,0.9375,0.0625
90,B-bin/A-base,196,"(.5,.75]",0.625,0.5,0.8125,0.3125,0.5625,0.8125,0.25,0.75,0.9375,0.1875
90,A-bin/B-base,197,"(0,.25]",0.1875,0.3125,0.75,0.4375,0.375,0.75,0.375,0.75,0.75,0.0
90,B-bin/A-base,197,"(.25,.5]",0.3125,0.1875,0.75,0.5625,0.1875,0.75,0.5625,0.5,0.75,0.25
90,A-bin/B-base,198,"(0,.25]",0.1875,0.125,0.3125,0.1875,0.1875,0.5625,0.375,0.125,0.3125,0.1875
90,B-bin/A-base,198,"(0,.25]",0.125,0.1875,0.3125,0.125,0.1875,0.5625,0.375,0.1875,0.3125,0.125
90,A-bin/B-base,199,"(0,.25]",0.1875,0.0,0.125,0.125,0.0,0.25,0.25,0.0,0.25,0.25
90,B-bin/A-base,199,0,0.0,0.1875,0.125,-0.0625,0.1875,0.25,0.0625,0.3125,0.25,-0.0625
90,A-bin/B-base,200,"(.25,.5]",0.375,0.6875,0.75,0.0625,0.6875,0.875,0.1875,0.8125,0.75,-0.0625
90,B-bin/A-base,200,"(.5,.75]",0.6875,0.375,0.75,0.375,0.4375,0.875,0.4375,0.625,0.75,0.125
90,A-bin/B-base,201,"(0,.25]",0.0625,0.0625,0.375,0.3125,0.1875,0.625,0.4375,0.125,0.4375,0.3125
90,B-bin/A-base,201,"(0,.25]",0.0625,0.0625,0.375,0.3125,0.25,0.625,0.375,0.125,0.4375,0.3125
90,A-bin/B-base,202,"(.75,1)",0.875,0.875,0.9375,0.0625,0.9375,1.0,0.0625,0.9375,0.9375,0.0
90,B-bin/A-base,202,"(.75,1)",0.875,0.875,0.9375,0.0625,0.875,1.0,0.125,1.0,0.9375,-0.0625
90,A-bin/B-base,203,"(.75,1)",0.8125,0.8125,0.875,0.0625,0.8125,0.875,0.0625,0.9375,0.875,-0.0625
90,B-bin/A-base,203,"(.75,1)",0.8125,0.8125,0.875,0.0625,0.875,0.875,0.0,0.9375,0.875,-0.0625
90,A-bin/B-base,204,"(0,.25]",0.25,0.375,0.4375,0.0625,0.4375,0.75,0.3125,0.5,0.5,0.0
90,B-bin/A-base,204,"(.25,.5]",0.375,0.25,0.4375,0.1875,0.3125,0.75,0.4375,0.4375,0.5,0.0625
90,A-bin/B-base,205,"(0,.25]",0.125,0.25,0.25,0.0,0.375,0.75,0.375,0.25,0.25,0.0
90,B-bin/A-base,205,"(0,.25]",0.25,0.125,0.25,0.125,0.375,0.75,0.375,0.125,0.25,0.125
90,A-bin/B-base,206,"(0,.25]",0.25,0.4375,0.5,0.0625,0.4375,0.5625,0.125,0.5625,0.5625,0.0
90,B-bin/A-base,206,"(.25,.5]",0.4375,0.25,0.5,0.25,0.25,0.5625,0.3125,0.6875,0.5625,-0.125
90,A-bin/B-base,207,"(.25,.5]",0.5,0.5625,0.6875,0.125,0.625,0.75,0.125,0.75,0.8125,0.0625
90,B-bin/A-base,207,"(.5,.75]",0.5625,0.5,0.6875,0.1875,0.5625,0.75,0.1875,0.6875,0.8125,0.125
90,A-bin/B-base,208,"(.5,.75]",0.6875,0.75,0.875,0.125,0.75,0.9375,0.1875,0.9375,0.875,-0.0625
90,B-bin/A-base,208,"(.5,.75]",0.75,0.6875,0.875,0.1875,0.6875,0.9375,0.25,0.875,0.875,0.0
90,A-bin/B-base,209,"(.5,.75]",0.5625,0.5,0.75,0.25,0.5,0.8125,0.3125,0.8125,0.8125,0.0
90,B-bin/A-base,209,"(.25,.5]",0.5,0.5625,0.75,0.1875,0.625,0.8125,0.1875,0.625,0.8125,0.1875
90,A-bin/B-base,210,"(.25,.5]",0.3125,0.25,0.6875,0.4375,0.375,0.8125,0.4375,0.6875,0.8125,0.125
90,B-bin/A-base,210,"(0,.25]",0.25,0.3125,0.6875,0.375,0.375,0.8125,0.4375,0.4375,0.8125,0.375
90,A-bin/B-base,211,"(0,.25]",0.0625,0.125,0.5,0.375,0.5,0.8125,0.3125,0.1875,0.5,0.3125
90,B-bin/A-base,211,"(0,.25]",0.125,0.0625,0.5,0.4375,0.4375,0.8125,0.375,0.3125,0.5,0.1875
90,A-bin/B-base,212,0,0.0,0.0,0.0,0.0,0.0,0.0625,0.0625,0.25,0.125,-0.125
90,B-bin/A-base,212,0,0.0,0.0,0.0,0.0,0.0625,0.0625,0.0,0.125,0.125,0.0
90,A-bin/B-base,213,"(.5,.75]",0.5625,0.625,0.75,0.125,0.6875,0.8125,0.125,0.8125,0.8125,0.0
90,B-bin/A-base,213,"(.5,.75]",0.625,0.5625,0.75,0.1875,0.5625,0.8125,0.25,0.75,0.8125,0.0625
90,A-bin/B-base,214,"(0,.25]",0.0625,0.0,0.0625,0.0625,0.375,0.5625,0.1875,0.0,0.0625,0.0625
90,B-bin/A-base,214,0,0.0,0.0625,0.0625,0.0,0.3125,0.5625,0.25,0.0625,0.0625,0.0
90,A-bin/B-base,215,"(.25,.5]",0.5,0.75,0.875,0.125,0.75,0.9375,0.1875,0.9375,0.9375,0.0
90,B-bin/A-base,215,"(.5,.75]",0.75,0.5,0.875,0.375,0.5625,0.9375,0.375,0.875,0.9375,0.0625
90,A-bin/B-base,216,"(.5,.75]",0.75,0.5,0.8125,0.3125,0.5,0.8125,0.3125,0.8125,0.8125,0.0
90,B-bin/A-base,216,"(.25,.5]",0.5,0.75,0.8125,0.0625,0.75,0.8125,0.0625,1.0,0.8125,-0.1875
90,A-bin/B-base,217,"(0,.25]",0.1875,0.0625,0.25,0.1875,0.0625,0.25,0.1875,0.3125,0.4375,0.125
90,B-bin/A-base,217,"(0,.25]",0.0625,0.1875,0.25,0.0625,0.1875,0.25,0.0625,0.375,0.4375,0.0625
90,A-bin/B-base,218,"(0,.25]",0.125,0.125,0.0625,-0.0625,0.75,0.9375,0.1875,0.1875,0.125,-0.0625
90,B-bin/A-base,218,"(0,.25]",0.125,0.125,0.0625,-0.0625,0.4375,0.9375,0.5,0.1875,0.125,-0.0625
90,A-bin/B-base,219,"(0,.25]",0.0625,0.0,0.125,0.125,0.125,0.5625,0.4375,0.1875,0.125,-0.0625
90,B-bin/A-base,219,0,0.0,0.0625,0.125,0.0625,0.3125,0.5625,0.25,0.3125,0.125,-0.1875
90,A-bin/B-base,220,"(0,.25]",0.0625,0.125,0.375,0.25,0.125,0.6875,0.5625,0.3125,0.4375,0.125
90,B-bin/A-base,220,"(0,.25]",0.125,0.0625,0.375,0.3125,0.125,0.6875,0.5625,0.25,0.4375,0.1875
90,A-bin/B-base,221,"(.75,1)",0.875,0.875,0.9375,0.0625,0.875,0.9375,0.0625,0.9375,1.0,0.0625
90,B-bin/A-base,221,"(.75,1)",0.875,0.875,0.9375,0.0625,0.875,0.9375,0.0625,1.0,1.0,0.0
90,A-bin/B-base,222,"(0,.25]",0.25,0.4375,0.4375,0.0,0.5,0.5625,0.0625,0.5,0.6875,0.1875
90,B-bin/A-base,222,"(.25,.5]",0.4375,0.25,0.4375,0.1875,0.5,0.5625,0.0625,0.375,0.6875,0.3125
90,A-bin/B-base,223,"(0,.25]",0.125,0.0625,0.125,0.0625,0.125,0.625,0.5,0.3125,0.125,-0.1875
90,B-bin/A-base,223,"(0,.25]",0.0625,0.125,0.125,0.0,0.3125,0.625,0.3125,0.1875,0.125,-0.0625
90,A-bin/B-base,224,0,0.0,0.0,0.0625,0.0625,0.0,0.1875,0.1875,0.25,0.125,-0.125
90,B-bin/A-base,224,0,0.0,0.0,0.0625,0.0625,0.1875,0.1875,0.0,0.0625,0.125,0.0625
90,A-bin/B-base,225,"(0,.25]",0.0625,0.0,0.1875,0.1875,0.0625,0.6875,0.625,0.1875,0.25,0.0625
90,B-bin/A-base,225,0,0.0,0.0625,0.1875,0.125,0.125,0.6875,0.5625,0.125,0.25,0.125
90,A-bin/B-base,226,"(0,.25]",0.1875,0.4375,0.4375,0.0,0.5625,0.625,0.0625,0.625,0.6875,0.0625
90,B-bin/A-base,226,"(.25,.5]",0.4375,0.1875,0.4375,0.25,0.3125,0.625,0.3125,0.25,0.6875,0.4375
90,A-bin/B-base,227,"(.5,.75]",0.625,0.75,1.0,0.25,0.8125,1.0,0.1875,0.875,1.0,0.125
90,B-bin/A-base,227,"(.5,.75]",0.75,0.625,1.0,0.375,0.625,1.0,0.375,0.9375,1.0,0.0625
90,A-bin/B-base,228,"(0,.25]",0.125,0.0,0.0,0.0,0.5625,0.6875,0.125,0.0625,0.0,-0.0625
90,B-bin/A-base,228,0,0.0,0.125,0.0,-0.125,0.6875,0.6875,0.0,0.1875,0.0,-0.1875
90,A-bin/B-base,229,"(0,.25]",0.1875,0.0625,0.4375,0.375,0.6875,0.9375,0.25,0.125,0.4375,0.3125
90,B-bin/A-base,229,"(0,.25]",0.0625,0.1875,0.4375,0.25,0.75,0.9375,0.1875,0.1875,0.4375,0.25
90,A-bin/B-base,230,"(0,.25]",0.125,0.0625,0.1875,0.125,0.25,0.625,0.375,0.125,0.3125,0.1875
90,B-bin/A-base,230,"(0,.25]",0.0625,0.125,0.1875,0.0625,0.4375,0.625,0.1875,0.125,0.3125,0.1875
90,A-bin/B-base,231,"(0,.25]",0.0625,0.125,0.0,-0.125,0.1875,0.25,0.0625,0.125,0.0625,-0.0625
90,B-bin/A-base,231,"(0,.25]",0.125,0.0625,0.0,-0.0625,0.125,0.25,0.125,0.125,0.0625,-0.0625
90,A-bin/B-base,232,0,0.0,0.0,0.0,0.0,0.4375,0.625,0.1875,0.0,0.0625,0.0625
90,B-bin/A-base,232,0,0.0,0.0,0.0,0.0,0.375,0.625,0.25,0.0,0.0625,0.0625
90,A-bin/B-base,233,"(.25,.5]",0.5,0.375,0.375,0.0,0.6875,0.875,0.1875,0.4375,0.375,-0.0625
90,B-bin/A-base,233,"(.25,.5]",0.375,0.5,0.375,-0.125,0.75,0.875,0.125,0.625,0.375,-0.25
90,A-bin/B-base,234,0,0.0,0.0,0.0,0.0,0.125,0.375,0.25,0.0,0.0625,0.0625
90,B-bin/A-base,234,0,0.0,0.0,0.0,0.0,0.125,0.375,0.25,0.0,0.0625,0.0625
90,A-bin/B-base,235,"(0,.25]",0.0625,0.125,0.1875,0.0625,0.3125,0.6875,0.375,0.375,0.25,-0.125
90,B-bin/A-base,235,"(0,.25]",0.125,0.0625,0.1875,0.125,0.0625,0.6875,0.625,0.1875,0.25,0.0625
90,A-bin/B-base,236,"(.75,1)",0.9375,0.75,0.875,0.125,0.75,0.9375,0.1875,0.8125,0.875,0.0625
90,B-bin/A-base,236,"(.5,.75]",0.75,0.9375,0.875,-0.0625,0.9375,0.9375,0.0,1.0,0.875,-0.125
90,A-bin/B-base,237,"(0,.25]",0.0625,0.0,0.0,0.0,0.125,0.1875,0.0625,0.0625,0.0,-0.0625
90,B-bin/A-base,237,0,0.0,0.0625,0.0,-0.0625,0.0625,0.1875,0.125,0.0625,0.0,-0.0625
90,A-bin/B-base,238,"(.25,.5]",0.375,0.4375,0.75,0.3125,0.5,0.75,0.25,0.75,0.8125,0.0625
90,B-bin/A-base,238,"(.25,.5]",0.4375,0.375,0.75,0.375,0.4375,0.75,0.3125,0.875,0.8125,-0.0625
90,A-bin/B-base,239,"(0,.25]",0.25,0.125,0.0,-0.125,0.125,0.3125,0.1875,0.125,0.0625,-0.0625
90,B-bin/A-base,239,"(0,.25]",0.125,0.25,0.0,-0.25,0.25,0.3125,0.0625,0.375,0.0625,-0.3125
90,A-bin/B-base,240,"(.25,.5]",0.5,0.625,0.9375,0.3125,0.625,0.9375,0.3125,1.0,1.0,0.0
90,B-bin/A-base,240,"(.5,.75]",0.625,0.5,0.9375,0.4375,0.5625,0.9375,0.375,0.8125,1.0,0.1875
90,A-bin/B-base,241,"(.5,.75]",0.625,0.3125,0.6875,0.375,0.3125,0.8125,0.5,0.6875,0.75,0.0625
90,B-bin/A-base,241,"(.25,.5]",0.3125,0.625,0.6875,0.0625,0.6875,0.8125,0.125,0.6875,0.75,0.0625
90,A-bin/B-base,242,"(.5,.75]",0.75,0.375,0.5625,0.1875,0.375,0.75,0.375,0.6875,0.625,-0.0625
90,B-bin/A-base,242,"(.25,.5]",0.375,0.75,0.5625,-0.1875,0.8125,0.75,-0.0625,0.9375,0.625,-0.3125
90,A-bin/B-base,243,"(0,.25]",0.0625,0.0625,0.5,0.4375,0.125,0.875,0.75,0.0625,0.5,0.4375
90,B-bin/A-base,243,"(0,.25]",0.0625,0.0625,0.5,0.4375,0.4375,0.875,0.4375,0.1875,0.5,0.3125
90,A-bin/B-base,244,"(.75,1)",0.875,0.75,0.9375,0.1875,0.75,0.9375,0.1875,0.9375,1.0,0.0625
90,B-bin/A-base,244,"(.5,.75]",0.75,0.875,0.9375,0.0625,0.875,0.9375,0.0625,0.9375,1.0,0.0625
90,A-bin/B-base,245,"(.25,.5]",0.375,0.375,0.8125,0.4375,0.4375,1.0,0.5625,0.625,0.8125,0.1875
90,B-bin/A-base,245,"(.25,.5]",0.375,0.375,0.8125,0.4375,0.5,1.0,0.5,0.5625,0.8125,0.25
90,A-bin/B-base,246,"(0,.25]",0.0625,0.0625,0.1875,0.125,0.0625,0.4375,0.375,0.125,0.25,0.125
90,B-bin/A-base,246,"(0,.25]",0.0625,0.0625,0.1875,0.125,0.125,0.4375,0.3125,0.125,0.25,0.125
90,A-bin/B-base,247,0,0.0,0.0,0.25,0.25,0.25,0.375,0.125,0.0625,0.25,0.1875
90,B-bin/A-base,247,0,0.0,0.0,0.25,0.25,0.25,0.375,0.125,0.125,0.25,0.125
90,A-bin/B-base,248,0,0.0,0.0,0.0625,0.0625,0.0625,0.6875,0.625,0.0625,0.125,0.0625
90,B-bin/A-base,248,0,0.0,0.0,0.0625,0.0625,0.1875,0.6875,0.5,0.0625,0.125,0.0625
90,A-bin/B-base,249,"(.5,.75]",0.625,0.75,1.0,0.25,0.75,1.0,0.25,0.875,1.0,0.125
90,B-bin/A-base,249,"(.5,.75]",0.75,0.625,1.0,0.375,0.625,1.0,0.375,0.875,1.0,0.125
90,A-bin/B-base,250,0,0.0,0.125,0.3125,0.1875,0.4375,0.875,0.4375,0.3125,0.3125,0.0
90,B-bin/A-base,250,"(0,.25]",0.125,0.0,0.3125,0.3125,0.25,0.875,0.625,0.0625,0.3125,0.25
90,A-bin/B-base,251,"(0,.25]",0.1875,0.125,0.0625,-0.0625,0.375,0.75,0.375,0.125,0.125,0.0
90,B-bin/A-base,251,"(0,.25]",0.125,0.1875,0.0625,-0.125,0.4375,0.75,0.3125,0.3125,0.125,-0.1875
90,A-bin/B-base,252,"(.5,.75]",0.5625,0.8125,0.8125,0.0,0.8125,0.9375,0.125,1.0,0.8125,-0.1875
90,B-bin/A-base,252,"(.75,1)",0.8125,0.5625,0.8125,0.25,0.5625,0.9375,0.375,0.8125,0.8125,0.0
90,A-bin/B-base,253,0,0.0,0.125,0.4375,0.3125,0.125,0.625,0.5,0.4375,0.625,0.1875
90,B-bin/A-base,253,"(0,.25]",0.125,0.0,0.4375,0.4375,0.0,0.625,0.625,0.125,0.625,0.5
90,A-bin/B-base,254,"(.25,.5]",0.3125,0.25,0.625,0.375,0.3125,0.8125,0.5,0.625,0.625,0.0
90,B-bin/A-base,254,"(0,.25]",0.25,0.3125,0.625,0.3125,0.3125,0.8125,0.5,0.5625,0.625,0.0625
90,A-bin/B-base,255,"(.5,.75]",0.625,0.6875,0.8125,0.125,0.75,0.875,0.125,0.8125,0.8125,0.0
90,B-bin/A-base,255,"(.5,.75]",0.6875,0.625,0.8125,0.1875,0.75,0.875,0.125,0.8125,0.8125,0.0
95,A-bin/B-base,0,"(.75,1)",0.8125,0.875,0.9375,0.0625,0.875,0.9375,0.0625,0.9375,0.9375,0.0
95,B-bin/A-base,0,"(.75,1)",0.875,0.8125,0.9375,0.125,0.8125,0.9375,0.125,0.8125,0.9375,0.125
95,A-bin/B-base,1,"(0,.25]",0.25,0.3125,0.4375,0.125,0.5,0.875,0.375,0.5,0.5,0.0
95,B-bin/A-base,1,"(.25,.5]",0.3125,0.25,0.4375,0.1875,0.3125,0.875,0.5625,0.4375,0.5,0.0625
95,A-bin/B-base,2,"(0,.25]",0.125,0.4375,0.625,0.1875,0.5625,0.75,0.1875,0.5625,0.75,0.1875
95,B-bin/A-base,2,"(.25,.5]",0.4375,0.125,0.625,0.5,0.1875,0.75,0.5625,0.5,0.75,0.25
95,A-bin/B-base,3,"(.5,.75]",0.5625,0.6875,0.875,0.1875,0.6875,0.875,0.1875,0.875,0.9375,0.0625
95,B-bin/A-base,3,"(.5,.75]",0.6875,0.5625,0.875,0.3125,0.625,0.875,0.25,0.75,0.9375,0.1875
95,A-bin/B-base,4,"(0,.25]",0.125,0.375,0.4375,0.0625,0.5,0.75,0.25,0.4375,0.4375,0.0
95,B-bin/A-base,4,"(.25,.5]",0.375,0.125,0.4375,0.3125,0.4375,0.75,0.3125,0.1875,0.4375,0.25
95,A-bin/B-base,5,"(.25,.5]",0.375,0.625,0.8125,0.1875,0.6875,0.9375,0.25,0.8125,0.8125,0.0
95,B-bin/A-base,5,"(.5,.75]",0.625,0.375,0.8125,0.4375,0.4375,0.9375,0.5,0.6875,0.8125,0.125
95,A-bin/B-base,6,"(.5,.75]",0.6875,0.625,0.8125,0.1875,0.625,1.0,0.375,0.875,0.8125,-0.0625
95,B-bin/A-base,6,"(.5,.75]",0.625,0.6875,0.8125,0.125,0.75,1.0,0.25,0.875,0.8125,-0.0625
95,A-bin/B-base,7,0,0.0,0.0,0.1875,0.1875,0.125,0.5,0.375,0.0,0.1875,0.1875
95,B-bin/A-base,7,0,0.0,0.0,0.1875,0.1875,0.0,0.5,0.5,0.0,0.1875,0.1875
95,A-bin/B-base,8,"(0,.25]",0.1875,0.125,0.25,0.125,0.3125,0.75,0.4375,0.1875,0.25,0.0625
95,B-bin/A-base,8,"(0,.25]",0.125,0.1875,0.25,0.0625,0.375,0.75,0.375,0.3125,0.25,-0.0625
95,A-bin/B-base,9,"(0,.25]",0.1875,0.0,0.125,0.125,0.25,0.625,0.375,0.0,0.1875,0.1875
95,B-bin/A-base,9,0,0.0,0.1875,0.125,-0.0625,0.5,0.625,0.125,0.25,0.1875,-0.0625
95,A-bin/B-base,10,0,0.0,0.0625,0.0625,0.0,0.125,0.0625,-0.0625,0.125,0.125,0.0
95,B-bin/A-base,10,"(0,.25]",0.0625,0.0,0.0625,0.0625,0.0,0.0625,0.0625,0.0625,0.125,0.0625
95,A-bin/B-base,11,0,0.0,0.0625,0.125,0.0625,0.0625,0.125,0.0625,0.0625,0.125,0.0625
95,B-bin/A-base,11,"(0,.25]",0.0625,0.0,0.125,0.125,0.0,0.125,0.125,0.0,0.125,0.125
95,A-bin/B-base,12,"(.25,.5]",0.4375,0.625,1.0,0.375,0.625,1.0,0.375,0.8125,1.0,0.1875
95,B-bin/A-base,12,"(.5,.75]",0.625,0.4375,1.0,0.5625,0.4375,1.0,0.5625,0.875,1.0,0.125
95,A-bin/B-base,13,"(0,.25]",0.1875,0.0625,0.25,0.1875,0.25,0.75,0.5,0.25,0.375,0.125
95,B-bin/A-base,13,"(0,.25]",0.0625,0.1875,0.25,0.0625,0.4375,0.75,0.3125,0.3125,0.375,0.0625
95,A-bin/B-base,14,"(0,.25]",0.25,0.1875,0.75,0.5625,0.375,0.9375,0.5625,0.5625,0.8125,0.25
95,B-bin/A-base,14,"(0,.25]",0.1875,0.25,0.75,0.5,0.3125,0.9375,0.625,0.4375,0.8125,0.375
95,A-bin/B-base,15,0,0.0,0.0,0.0,0.0,0.5,0.625,0.125,0.0,0.0,0.0
95,B-bin/A-base,15,0,0.0,0.0,0.0,0.0,0.0,0.625,0.625,0.0,0.0,0.0
95,A-bin/B-base,16,"(0,.25]",0.125,0.125,0.6875,0.5625,0.25,0.875,0.625,0.1875,0.6875,0.5
95,B-bin/A-base,16,"(0,.25]",0.125,0.125,0.6875,0.5625,0.125,0.875,0.75,0.1875,0.6875,0.5
95,A-bin/B-base,17,"(0,.25]",0.125,0.0625,0.125,0.0625,0.1875,0.75,0.5625,0.1875,0.25,0.0625
95,B-bin/A-base,17,"(0,.25]",0.0625,0.125,0.125,0.0,0.375,0.75,0.375,0.1875,0.25,0.0625
95,A-bin/B-base,18,"(0,.25]",0.1875,0.0,0.125,0.125,0.1875,0.625,0.4375,0.125,0.125,0.0
95,B-bin/A-base,18,0,0.0,0.1875,0.125,-0.0625,0.25,0.625,0.375,0.3125,0.125,-0.1875
95,A-bin/B-base,19,"(0,.25]",0.25,0.1875,0.1875,0.0,0.25,0.9375,0.6875,0.375,0.1875,-0.1875
95,B-bin/A-base,19,"(0,.25]",0.1875,0.25,0.1875,-0.0625,0.375,0.9375,0.5625,0.5,0.1875,-0.3125
95,A-bin/B-base,20,"(.75,1)",0.8125,0.875,0.875,0.0,0.875,0.875,0.0,1.0,0.9375,-0.0625
95,B-bin/A-base,20,"(.75,1)",0.875,0.8125,0.875,0.0625,0.8125,0.875,0.0625,1.0,0.9375,-0.0625
95,A-bin/B-base,21,"(0,.25]",0.125,0.125,0.5625,0.4375,0.125,0.6875,0.5625,0.25,0.625,0.375
95,B-bin/A-base,21,"(0,.25]",0.125,0.125,0.5625,0.4375,0.1875,0.6875,0.5,0.125,0.625,0.5
95,A-bin/B-base,22,0,0.0,0.0,0.125,0.125,0.25,0.5625,0.3125,0.0625,0.125,0.0625
95,B-bin/A-base,22,0,0.0,0.0,0.125,0.125,0.1875,0.5625,0.375,0.25,0.125,-0.125
95,A-bin/B-base,23,"(.5,.75]",0.5625,0.5,0.5625,0.0625,0.5625,0.8125,0.25,0.8125,0.625,-0.1875
95,B-bin/A-base,23,"(.25,.5]",0.5,0.5625,0.5625,0.0,0.5625,0.8125,0.25,0.6875,0.625,-0.0625
95,A-bin/B-base,24,"(.5,.75]",0.625,0.5625,0.8125,0.25,0.5625,1.0,0.4375,0.6875,0.8125,0.125
95,B-bin/A-base,24,"(.5,.75]",0.5625,0.625,0.8125,0.1875,0.625,1.0,0.375,0.625,0.8125,0.1875
95,A-bin/B-base,25,"(.25,.5]",0.375,0.3125,0.625,0.3125,0.4375,0.8125,0.375,0.5625,0.6875,0.125
95,B-bin/A-base,25,"(.25,.5]",0.3125,0.375,0.625,0.25,0.4375,0.8125,0.375,0.625,0.6875,0.0625
95,A-bin/B-base,26,"(.5,.75]",0.6875,0.625,0.6875,0.0625,0.75,0.9375,0.1875,0.8125,0.6875,-0.125
95,B-bin/A-base,26,"(.5,.75]",0.625,0.6875,0.6875,0.0,0.6875,0.9375,0.25,1.0,0.6875,-0.3125
95,A-bin/B-base,27,"(0,.25]",0.0625,0.0625,0.1875,0.125,0.3125,0.5,0.1875,0.1875,0.375,0.1875
95,B-bin/A-base,27,"(0,.25]",0.0625,0.0625,0.1875,0.125,0.125,0.5,0.375,0.125,0.375,0.25
95,A-bin/B-base,28,"(.5,.75]",0.5625,0.5625,0.875,0.3125,0.5625,0.9375,0.375,0.9375,0.9375,0.0
95,B-bin/A-base,28,"(.5,.75]",0.5625,0.5625,0.875,0.3125,0.5625,0.9375,0.375,0.9375,0.9375,0.0
95,A-bin/B-base,29,"(0,.25]",0.125,0.1875,0.3125,0.125,0.3125,0.625,0.3125,0.3125,0.4375,0.125
95,B-bin/A-base,29,"(0,.25]",0.1875,0.125,0.3125,0.1875,0.3125,0.625,0.3125,0.1875,0.4375,0.25
95,A-bin/B-base,30,"(0,.25]",0.0625,0.0625,0.25,0.1875,0.0625,0.3125,0.25,0.25,0.3125,0.0625
95,B-bin/A-base,30,"(0,.25]",0.0625,0.0625,0.25,0.1875,0.1875,0.3125,0.125,0.1875,0.3125,0.125
95,A-bin/B-base,31,"(.25,.5]",0.375,0.125,0.625,0.5,0.1875,0.9375,0.75,0.25,0.6875,0.4375
95,B-bin/A-base,31,"(0,.25]",0.125,0.375,0.625,0.25,0.5625,0.9375,0.375,0.5,0.6875,0.1875
95,A-bin/B-base,32,"(0,.25]",0.0625,0.25,0.3125,0.0625,0.3125,0.375,0.0625,0.5,0.375,-0.125
95,B-bin/A-base,32,"(0,.25]",0.25,0.0625,0.3125,0.25,0.125,0.375,0.25,0.25,0.375,0.125
95,A-bin/B-base,33,"(.5,.75]",0.75,0.375,0.625,0.25,0.375,0.625,0.25,0.875,0.875,0.0
95,B-bin/A-base,33,"(.25,.5]",0.375,0.75,0.625,-0.125,0.8125,0.625,-0.1875,0.9375,0.875,-0.0625
95,A-bin/B-base,34,"(.5,.75]",0.625,0.625,1.0,0.375,0.6875,1.0,0.3125,0.875,1.0,0.125
95,B-bin/A-base,34,"(.5,.75]",0.625,0.625,1.0,0.375,0.6875,1.0,0.3125,0.875,1.0,0.125
95,A-bin/B-base,35,"(.5,.75]",0.625,0.5625,0.8125,0.25,0.5625,0.9375,0.375,0.75,0.875,0.125
95,B-bin/A-base,35,"(.5,.75]",0.5625,0.625,0.8125,0.1875,0.875,0.9375,0.0625,0.6875,0.875,0.1875
95,A-bin/B-base,36,"(.5,.75]",0.75,0.8125,0.6875,-0.125,0.8125,0.6875,-0.125,0.875,0.75,-0.125
95,B-bin/A-base,36,"(.75,1)",0.8125,0.75,0.6875,-0.0625,0.8125,0.6875,-0.125,0.875,0.75,-0.125
95,A-bin/B-base,37,"(.25,.5]",0.5,0.6875,0.625,-0.0625,0.6875,0.75,0.0625,0.8125,0.75,-0.0625
95,B-bin/A-base,37,"(.5,.75]",0.6875,0.5,0.625,0.125,0.625,0.75,0.125,0.5625,0.75,0.1875
95,A-bin/B-base,38,"(0,.25]",0.125,0.0,0.1875,0.1875,0.25,0.6875,0.4375,0.0,0.1875,0.1875
95,B-bin/A-base,38,0,0.0,0.125,0.1875,0.0625,0.375,0.6875,0.3125,0.125,0.1875,0.0625
95,A-bin/B-base,39,"(.25,.5]",0.5,0.4375,0.6875,0.25,0.4375,0.8125,0.375,0.75,0.75,0.0
95,B-bin/A-base,39,"(.25,.5]",0.4375,0.5,0.6875,0.1875,0.5,0.8125,0.3125,0.6875,0.75,0.0625
95,A-bin/B-base,40,0,0.0,0.125,0.3125,0.1875,0.3125,0.625,0.3125,0.25,0.375,0.125
95,B-bin/A-base,40,"(0,.25]",0.125,0.0,0.3125,0.3125,0.0,0.625,0.625,0.125,0.375,0.25
95,A-bin/B-base,41,"(.75,1)",0.8125,0.75,1.0,0.25,0.8125,1.0,0.1875,0.9375,1.0,0.0625
95,B-bin/A-base,41,"(.5,.75]",0.75,0.8125,1.0,0.1875,0.875,1.0,0.125,0.9375,1.0,0.0625
95,A-bin/B-base,42,0,0.0,0.0625,0.0625,0.0,0.1875,0.1875,0.0,0.0625,0.1875,0.125
95,B-bin/A-base,42,"(0,.25]",0.0625,0.0,0.0625,0.0625,0.125,0.1875,0.0625,0.125,0.1875,0.0625
95,A-bin/B-base,43,0,0.0,0.0625,0.125,0.0625,0.375,0.75,0.375,0.3125,0.1875,-0.125
95,B-bin/A-base,43,"(0,.25]",0.0625,0.0,0.125,0.125,0.375,0.75,0.375,0.0625,0.1875,0.125
95,A-bin/B-base,44,"(.5,.75]",0.625,0.75,0.625,-0.125,0.875,0.9375,0.0625,0.75,0.625,-0.125
95,B-bin/A-base,44,"(.5,.75]",0.75,0.625,0.625,0.0,0.6875,0.9375,0.25,0.8125,0.625,-0.1875
95,A-bin/B-base,45,"(.5,.75]",0.625,0.5,0.4375,-0.0625,0.5625,0.9375,0.375,0.75,0.4375,-0.3125
95,B-bin/A-base,45,"(.25,.5]",0.5,0.625,0.4375,-0.1875,0.625,0.9375,0.3125,0.8125,0.4375,-0.375
95,A-bin/B-base,46,"(.25,.5]",0.5,0.375,0.4375,0.0625,0.625,0.8125,0.1875,0.625,0.5,-0.125
95,B-bin/A-base,46,"(.25,.5]",0.375,0.5,0.4375,-0.0625,0.6875,0.8125,0.125,0.75,0.5,-0.25
95,A-bin/B-base,47,"(.25,.5]",0.5,0.75,0.8125,0.0625,0.75,0.8125,0.0625,0.9375,0.9375,0.0
95,B-bin/A-base,47,"(.5,.75]",0.75,0.5,0.8125,0.3125,0.5,0.8125,0.3125,0.75,0.9375,0.1875
95,A-bin/B-base,48,"(.5,.75]",0.6875,0.6875,0.8125,0.125,0.6875,0.875,0.1875,1.0,0.875,-0.125
95,B-bin/A-base,48,"(.5,.75]",0.6875,0.6875,0.8125,0.125,0.6875,0.875,0.1875,0.9375,0.875,-0.0625
95,A-bin/B-base,49,"(.5,.75]",0.6875,0.875,1.0,0.125,0.875,1.0,0.125,0.875,1.0,0.125
95,B-bin/A-base,49,"(.75,1)",0.875,0.6875,1.0,0.3125,0.75,1.0,0.25,0.8125,1.0,0.1875
95,A-bin/B-base,50,0,0.0,0.0,0.0,0.0,0.0625,0.5,0.4375,0.0,0.0,0.0
95,B-bin/A-base,50,0,0.0,0.0,0.0,0.0,0.375,0.5,0.125,0.0,0.0,0.0
95,A-bin/B-base,51,"(.5,.75]",0.625,0.5,0.75,0.25,0.5,0.75,0.25,0.6875,0.9375,0.25
95,B-bin/A-base,51,"(.25,.5]",0.5,0.625,0.75,0.125,0.625,0.75,0.125,0.6875,0.9375,0.25
95,A-bin/B-base,52,"(.5,.75]",0.6875,0.5,0.5625,0.0625,0.5625,0.8125,0.25,0.625,0.625,0.0
95,B-bin/A-base,52,"(.25,.5]",0.5,0.6875,0.5625,-0.125,0.75,0.8125,0.0625,0.75,0.625,-0.125
95,A-bin/B-base,53,"(.5,.75]",0.75,0.75,0.875,0.125,0.75,0.9375,0.1875,1.0,0.875,-0.125
95,B-bin/A-base,53,"(.5,.75]",0.75,0.75,0.875,0.125,0.8125,0.9375,0.125,0.9375,0.875,-0.0625
95,A-bin/B-base,54,"(0,.25]",0.1875,0.1875,0.3125,0.125,0.375,0.8125,0.4375,0.1875,0.3125,0.125
95,B-bin/A-base,54,"(0,.25]",0.1875,0.1875,0.3125,0.125,0.5625,0.8125,0.25,0.3125,0.3125,0.0
95,A-bin/B-base,55,"(.5,.75]",0.75,0.8125,0.875,0.0625,0.875,1.0,0.125,0.875,0.875,0.0
95,B-bin/A-base,55,"(.75,1)",0.8125,0.75,0.875,0.125,0.9375,1.0,0.0625,0.8125,0.875,0.0625
95,A-bin/B-base,56,"(.5,.75]",0.6875,0.6875,0.8125,0.125,0.6875,0.8125,0.125,0.9375,0.9375,0.0
95,B-bin/A-base,56,"(.5,.75]",0.6875,0.6875,0.8125,0.125,0.75,0.8125,0.0625,0.875,0.9375,0.0625
95,A-bin/B-base,57,"(0,.25]",0.1875,0.3125,0.3125,0.0,0.4375,0.6875,0.25,0.4375,0.4375,0.0
95,B-bin/A-base,57,"(.25,.5]",0.3125,0.1875,0.3125,0.125,0.375,0.6875,0.3125,0.375,0.4375,0.0625
95,A-bin/B-base,58,"(.25,.5]",0.375,0.5625,0.375,-0.1875,0.625,0.625,0.0,0.6875,0.625,-0.0625
95,B-bin/A-base,58,"(.5,.75]",0.5625,0.375,0.375,0.0,0.5625,0.625,0.0625,0.625,0.625,0.0
95,A-bin/B-base,59,"(.25,.5]",0.3125,0.3125,0.1875,-0.125,0.5,0.625,0.125,0.4375,0.25,-0.1875
95,B-bin/A-base,59,"(.25,.5]",0.3125,0.3125,0.1875,-0.125,0.5625,0.625,0.0625,0.375,0.25,-0.125
95,A-bin/B-base,60,"(0,.25]",0.25,0.125,0.25,0.125,0.25,0.5625,0.3125,0.1875,0.375,0.1875
95,B-bin/A-base,60,"(0,.25]",0.125,0.25,0.25,0.0,0.375,0.5625,0.1875,0.3125,0.375,0.0625
95,A-bin/B-base,61,"(.25,.5]",0.5,0.125,0.375,0.25,0.25,0.625,0.375,0.4375,0.5,0.0625
95,B-bin/A-base,61,"(0,.25]",0.125,0.5,0.375,-0.125,0.625,0.625,0.0,0.625,0.5,-0.125
95,A-bin/B-base,62,"(.25,.5]",0.375,0.4375,0.75,0.3125,0.5625,0.875,0.3125,0.5625,0.75,0.1875
95,B-bin/A-base,62,"(.25,.5]",0.4375,0.375,0.75,0.375,0.5,0.875,0.375,0.4375,0.75,0.3125
95,A-bin/B-base,63,0,0.0,0.0,0.0,0.0,0.125,0.625,0.5,0.0,0.0,0.0
95,B-bin/A-base,63,0,0.0,0.0,0.0,0.0,0.0,0.625,0.625,0.0,0.0,0.0
95,A-bin/B-base,64,"(.25,.5]",0.4375,0.5,0.8125,0.3125,0.5,1.0,0.5,0.6875,0.8125,0.125
95,B-bin/A-base,64,"(.25,.5]",0.5,0.4375,0.8125,0.375,0.5,1.0,0.5,0.6875,0.8125,0.125
95,A-bin/B-base,65,"(.25,.5]",0.4375,0.375,0.8125,0.4375,0.5,0.875,0.375,0.6875,0.8125,0.125
95,B-bin/A-base,65,"(.25,.5]",0.375,0.4375,0.8125,0.375,0.625,0.875,0.25,0.5625,0.8125,0.25
95,A-bin/B-base,66,"(0,.25]",0.125,0.0,0.5,0.5,0.125,0.875,0.75,0.25,0.5625,0.3125
95,B-bin/A-base,66,0,0.0,0.125,0.5,0.375,0.125,0.875,0.75,0.3125,0.5625,0.25
95,A-bin/B-base,67,"(0,.25]",0.1875,0.0625,0.125,0.0625,0.0625,0.5,0.4375,0.1875,0.125,-0.0625
95,B-bin/A-base,67,"(0,.25]",0.0625,0.1875,0.125,-0.0625,0.3125,0.5,0.1875,0.1875,0.125,-0.0625
95,A-bin/B-base,68,"(.25,.5]",0.4375,0.25,0.4375,0.1875,0.25,0.4375,0.1875,0.3125,0.6875,0.375
95,B-bin/A-base,68,"(0,.25]",0.25,0.4375,0.4375,0.0,0.4375,0.4375,0.0,0.625,0.6875,0.0625
95,A-bin/B-base,69,"(.5,.75]",0.625,0.5625,0.875,0.3125,0.625,1.0,0.375,0.6875,0.875,0.1875
95,B-bin/A-base,69,"(.5,.75]",0.5625,0.625,0.875,0.25,0.6875,1.0,0.3125,0.75,0.875,0.125
95,A-bin/B-base,70,"(.5,.75]",0.75,0.9375,1.0,0.0625,0.9375,1.0,0.0625,1.0,1.0,0.0
95,B-bin/A-base,70,"(.75,1)",0.9375,0.75,1.0,0.25,0.8125,1.0,0.1875,0.875,1.0,0.125
95,A-bin/B-base,71,"(.5,.75]",0.75,0.75,1.0,0.25,0.9375,1.0,0.0625,0.8125,1.0,0.1875
95,B-bin/A-base,71,"(.5,.75]",0.75,0.75,1.0,0.25,0.875,1.0,0.125,0.875,1.0,0.125
95,A-bin/B-base,72,"(0,.25]",0.25,0.25,0.6875,0.4375,0.5625,0.8125,0.25,0.375,0.6875,0.3125
95,B-bin/A-base,72,"(0,.25]",0.25,0.25,0.6875,0.4375,0.5,0.8125,0.3125,0.3125,0.6875,0.375
95,A-bin/B-base,73,"(.25,.5]",0.5,0.8125,0.8125,0.0,0.8125,0.875,0.0625,1.0,0.8125,-0.1875
95,B-bin/A-base,73,"(.75,1)",0.8125,0.5,0.8125,0.3125,0.625,0.875,0.25,0.75,0.8125,0.0625
95,A-bin/B-base,74,"(.25,.5]",0.4375,0.6875,0.5,-0.1875,0.75,0.6875,-0.0625,0.875,0.5625,-0.3125
95,B-bin/A-base,74,"(.5,.75]",0.6875,0.4375,0.5,0.0625,0.5625,0.6875,0.125,0.5625,0.5625,0.0
95,A-bin/B-base,75,"(.25,.5]",0.5,0.3125,0.875,0.5625,0.3125,0.9375,0.625,0.625,0.875,0.25
95,B-bin/A-base,75,"(.25,.5]",0.3125,0.5,0.875,0.375,0.5625,0.9375,0.375,0.9375,0.875,-0.0625
95,A-bin/B-base,76,"(0,.25]",0.0625,0.0625,0.1875,0.125,0.3125,0.8125,0.5,0.3125,0.25,-0.0625
95,B-bin/A-base,76,"(0,.25]",0.0625,0.0625,0.1875,0.125,0.3125,0.8125,0.5,0.3125,0.25,-0.0625
95,A-bin/B-base,77,"(0,.25]",0.1875,0.5,0.5,0.0,0.5625,0.625,0.0625,0.75,0.8125,0.0625
95,B-bin/A-base,77,"(.25,.5]",0.5,0.1875,0.5,0.3125,0.3125,0.625,0.3125,0.5,0.8125,0.3125
95,A-bin/B-base,78,"(0,.25]",0.1875,0.125,0.3125,0.1875,0.625,0.6875,0.0625,0.1875,0.4375,0.25
95,B-bin/A-base,78,"(0,.25]",0.125,0.1875,0.3125,0.125,0.5625,0.6875,0.125,0.25,0.4375,0.1875
95,A-bin/B-base,79,"(.75,1)",0.9375,0.75,1.0,0.25,0.8125,1.0,0.1875,0.9375,1.0,0.0625
95,B-bin/A-base,79,"(.5,.75]",0.75,0.9375,1.0,0.0625,0.9375,1.0,0.0625,0.9375,1.0,0.0625
95,A-bin/B-base,80,"(0,.25]",0.0625,0.1875,0.375,0.1875,0.1875,0.75,0.5625,0.5,0.375,-0.125
95,B-bin/A-base,80,"(0,.25]",0.1875,0.0625,0.375,0.3125,0.25,0.75,0.5,0.375,0.375,0.0
95,A-bin/B-base,81,"(0,.25]",0.25,0.0625,0.125,0.0625,0.4375,0.4375,0.0,0.0625,0.1875,0.125
95,B-bin/A-base,81,"(0,.25]",0.0625,0.25,0.125,-0.125,0.3125,0.4375,0.125,0.375,0.1875,-0.1875
95,A-bin/B-base,82,"(.25,.5]",0.375,0.375,0.625,0.25,0.4375,0.9375,0.5,0.5,0.6875,0.1875
95,B-bin/A-base,82,"(.25,.5]",0.375,0.375,0.625,0.25,0.5625,0.9375,0.375,0.375,0.6875,0.3125
95,A-bin/B-base,83,"(.25,.5]",0.375,0.375,0.5625,0.1875,0.4375,0.8125,0.375,0.5625,0.75,0.1875
95,B-bin/A-base,83,"(.25,.5]",0.375,0.375,0.5625,0.1875,0.4375,0.8125,0.375,0.6875,0.75,0.0625
95,A-bin/B-base,84,"(.25,.5]",0.3125,0.125,0.5625,0.4375,0.3125,0.75,0.4375,0.375,0.5625,0.1875
95,B-bin/A-base,84,"(0,.25]",0.125,0.3125,0.5625,0.25,0.3125,0.75,0.4375,0.5625,0.5625,0.0
95,A-bin/B-base,85,"(.25,.5]",0.3125,0.4375,0.5,0.0625,0.5625,0.5625,0.0,0.625,0.625,0.0
95,B-bin/A-base,85,"(.25,.5]",0.4375,0.3125,0.5,0.1875,0.375,0.5625,0.1875,0.5,0.625,0.125
95,A-bin/B-base,86,"(.25,.5]",0.5,0.625,0.75,0.125,0.625,0.875,0.25,0.8125,0.8125,0.0
95,B-bin/A-base,86,"(.5,.75]",0.625,0.5,0.75,0.25,0.625,0.875,0.25,0.8125,0.8125,0.0
95,A-bin/B-base,87,"(0,.25]",0.25,0.25,0.5,0.25,0.5625,0.625,0.0625,0.375,0.625,0.25
95,B-bin/A-base,87,"(0,.25]",0.25,0.25,0.5,0.25,0.375,0.625,0.25,0.6875,0.625,-0.0625
95,A-bin/B-base,88,"(.25,.5]",0.4375,0.5,0.375,-0.125,0.6875,0.8125,0.125,0.5625,0.5,-0.0625
95,B-bin/A-base,88,"(.25,.5]",0.5,0.4375,0.375,-0.0625,0.5625,0.8125,0.25,0.5625,0.5,-0.0625
95,A-bin/B-base,89,"(0,.25]",0.125,0.1875,0.125,-0.0625,0.375,0.5,0.125,0.3125,0.125,-0.1875
95,B-bin/A-base,89,"(0,.25]",0.1875,0.125,0.125,0.0,0.1875,0.5,0.3125,0.3125,0.125,-0.1875
95,A-bin/B-base,90,"(0,.25]",0.0625,0.0625,0.1875,0.125,0.25,0.6875,0.4375,0.1875,0.1875,0.0
95,B-bin/A-base,90,"(0,.25]",0.0625,0.0625,0.1875,0.125,0.3125,0.6875,0.375,0.125,0.1875,0.0625
95,A-bin/B-base,91,"(0,.25]",0.125,0.125,0.5625,0.4375,0.125,0.75,0.625,0.375,0.8125,0.4375
95,B-bin/A-base,91,"(0,.25]",0.125,0.125,0.5625,0.4375,0.125,0.75,0.625,0.6875,0.8125,0.125
95,A-bin/B-base,92,"(0,.25]",0.125,0.3125,0.3125,0.0,0.5625,0.6875,0.125,0.4375,0.375,-0.0625
95,B-bin/A-base,92,"(.25,.5]",0.3125,0.125,0.3125,0.1875,0.3125,0.6875,0.375,0.1875,0.375,0.1875
95,A-bin/B-base,93,"(.5,.75]",0.75,0.375,0.9375,0.5625,0.4375,1.0,0.5625,0.75,0.9375,0.1875
95,B-bin/A-base,93,"(.25,.5]",0.375,0.75,0.9375,0.1875,0.75,1.0,0.25,1.0,0.9375,-0.0625
95,A-bin/B-base,94,"(.5,.75]",0.5625,0.5625,1.0,0.4375,0.5625,1.0,0.4375,0.9375,1.0,0.0625
95,B-bin/A-base,94,"(.5,.75]",0.5625,0.5625,1.0,0.4375,0.5625,1.0,0.4375,0.875,1.0,0.125
95,A-bin/B-base,95,"(0,.25]",0.125,0.0,0.0625,0.0625,0.3125,0.625,0.3125,0.0,0.125,0.125
95,B-bin/A-base,95,0,0.0,0.125,0.0625,-0.0625,0.25,0.625,0.375,0.125,0.125,0.0
95,A-bin/B-base,96,"(.75,1)",0.8125,0.6875,0.75,0.0625,0.6875,0.875,0.1875,0.75,0.875,0.125
95,B-bin/A-base,96,"(.5,.75]",0.6875,0.8125,0.75,-0.0625,0.8125,0.875,0.0625,0.875,0.875,0.0
95,A-bin/B-base,97,0,0.0,0.0,0.0,0.0,0.1875,0.4375,0.25,0.0,0.0,0.0
95,B-bin/A-base,97,0,0.0,0.0,0.0,0.0,0.25,0.4375,0.1875,0.0,0.0,0.0
95,A-bin/B-base,98,"(.25,.5]",0.3125,0.375,0.375,0.0,0.6875,0.625,-0.0625,0.375,0.4375,0.0625
95,B-bin/A-base,98,"(.25,.5]",0.375,0.3125,0.375,0.0625,0.5,0.625,0.125,0.375,0.4375,0.0625
95,A-bin/B-base,99,0,0.0,0.0,0.0625,0.0625,0.125,0.375,0.25,0.0625,0.0625,0.0
95,B-bin/A-base,99,0,0.0,0.0,0.0625,0.0625,0.0,0.375,0.375,0.0625,0.0625,0.0
95,A-bin/B-base,100,"(.25,.5]",0.375,0.25,0.625,0.375,0.375,0.75,0.375,0.4375,0.625,0.1875
95,B-bin/A-base,100,"(0,.25]",0.25,0.375,0.625,0.25,0.4375,0.75,0.3125,0.75,0.625,-0.125
95,A-bin/B-base,101,"(0,.25]",0.25,0.3125,0.4375,0.125,0.5,0.9375,0.4375,0.625,0.5,-0.125
95,B-bin/A-base,101,"(.25,.5]",0.3125,0.25,0.4375,0.1875,0.5,0.9375,0.4375,0.5,0.5,0.0
95,A-bin/B-base,102,"(0,.25]",0.1875,0.375,0.625,0.25,0.5625,0.8125,0.25,0.5625,0.625,0.0625
95,B-bin/A-base,102,"(.25,.5]",0.375,0.1875,0.625,0.4375,0.1875,0.8125,0.625,0.4375,0.625,0.1875
95,A-bin/B-base,103,0,0.0,0.0,0.0,0.0,0.0,0.1875,0.1875,0.0625,0.0,-0.0625
95,B-bin/A-base,103,0,0.0,0.0,0.0,0.0,0.125,0.1875,0.0625,0.0,0.0,0.0
95,A-bin/B-base,104,"(.5,.75]",0.75,0.4375,0.75,0.3125,0.4375,0.875,0.4375,0.875,0.8125,-0.0625
95,B-bin/A-base,104,"(.25,.5]",0.4375,0.75,0.75,0.0,0.8125,0.875,0.0625,0.8125,0.8125,0.0
95,A-bin/B-base,105,"(.5,.75]",0.5625,0.5625,0.5625,0.0,0.6875,0.9375,0.25,0.75,0.5625,-0.1875
95,B-bin/A-base,105,"(.5,.75]",0.5625,0.5625,0.5625,0.0,0.6875,0.9375,0.25,0.75,0.5625,-0.1875
95,A-bin/B-base,106,"(.5,.75]",0.75,0.8125,1.0,0.1875,0.875,1.0,0.125,0.875,1.0,0.125
95,B-bin/A-base,106,"(.75,1)",0.8125,0.75,1.0,0.25,0.75,1.0,0.25,1.0,1.0,0.0
95,A-bin/B-base,107,"(0,.25]",0.125,0.125,0.3125,0.1875,0.4375,0.8125,0.375,0.25,0.3125,0.0625
95,B-bin/A-base,107,"(0,.25]",0.125,0.125,0.3125,0.1875,0.1875,0.8125,0.625,0.375,0.3125,-0.0625
95,A-bin/B-base,108,"(.25,.5]",0.3125,0.1875,0.3125,0.125,0.375,0.6875,0.3125,0.375,0.3125,-0.0625
95,B-bin/A-base,108,"(0,.25]",0.1875,0.3125,0.3125,0.0,0.5625,0.6875,0.125,0.5,0.3125,-0.1875
95,A-bin/B-base,109,"(.25,.5]",0.5,0.625,0.5625,-0.0625,0.6875,0.6875,0.0,0.8125,0.75,-0.0625
95,B-bin/A-base,109,"(.5,.75]",0.625,0.5,0.5625,0.0625,0.5,0.6875,0.1875,0.8125,0.75,-0.0625
95,A-bin/B-base,110,"(.5,.75]",0.5625,0.4375,0.8125,0.375,0.5625,0.875,0.3125,0.8125,0.9375,0.125
95,B-bin/A-base,110,"(.25,.5]",0.4375,0.5625,0.8125,0.25,0.625,0.875,0.25,0.75,0.9375,0.1875
95,A-bin/B-base,111,"(.75,1)",0.8125,0.625,1.0,0.375,0.625,1.0,0.375,0.875,1.0,0.125
95,B-bin/A-base,111,"(.5,.75]",0.625,0.8125,1.0,0.1875,0.8125,1.0,0.1875,0.875,1.0,0.125
95,A-bin/B-base,112,"(.25,.5]",0.5,0.625,0.8125,0.1875,0.8125,0.875,0.0625,0.75,0.8125,0.0625
95,B-bin/A-base,112,"(.5,.75]",0.625,0.5,0.8125,0.3125,0.6875,0.875,0.1875,0.625,0.8125,0.1875
95,A-bin/B-base,113,"(.5,.75]",0.5625,0.75,0.625,-0.125,0.8125,0.9375,0.125,0.9375,0.625,-0.3125
95,B-bin/A-base,113,"(.5,.75]",0.75,0.5625,0.625,0.0625,0.6875,0.9375,0.25,0.625,0.625,0.0
95,A-bin/B-base,114,"(.75,1)",0.8125,0.8125,0.9375,0.125,0.8125,0.9375,0.125,0.9375,1.0,0.0625
95,B-bin/A-base,114,"(.75,1)",0.8125,0.8125,0.9375,0.125,0.875,0.9375,0.0625,0.9375,1.0,0.0625
95,A-bin/B-base,115,"(.25,.5]",0.5,0.25,0.625,0.375,0.3125,0.8125,0.5,0.5,0.75,0.25
95,B-bin/A-base,115,"(0,.25]",0.25,0.5,0.625,0.125,0.625,0.8125,0.1875,0.6875,0.75,0.0625
95,A-bin/B-base,116,0,0.0,0.0,0.0,0.0,0.0625,0.5625,0.5,0.0625,0.0,-0.0625
95,B-bin/A-base,116,0,0.0,0.0,0.0,0.0,0.25,0.5625,0.3125,0.0,0.0,0.0
95,A-bin/B-base,117,0,0.0,0.0,0.0,0.0,0.0,0.0625,0.0625,0.0625,0.0,-0.0625
95,B-bin/A-base,117,0,0.0,0.0,0.0,0.0,0.0,0.0625,0.0625,0.0625,0.0,-0.0625
95,A-bin/B-base,118,"(0,.25]",0.0625,0.0,0.0,0.0,0.375,0.6875,0.3125,0.125,0.0,-0.125
95,B-bin/A-base,118,0,0.0,0.0625,0.0,-0.0625,0.6875,0.6875,0.0,0.0625,0.0,-0.0625
95,A-bin/B-base,119,"(.25,.5]",0.375,0.25,0.75,0.5,0.3125,1.0,0.6875,0.625,0.75,0.125
95,B-bin/A-base,119,"(0,.25]",0.25,0.375,0.75,0.375,0.4375,1.0,0.5625,0.875,0.75,-0.125
95,A-bin/B-base,120,"(.25,.5]",0.375,0.25,0.5625,0.3125,0.375,0.875,0.5,0.4375,0.625,0.1875
95,B-bin/A-base,120,"(0,.25]",0.25,0.375,0.5625,0.1875,0.625,0.875,0.25,0.5,0.625,0.125
95,A-bin/B-base,121,0,0.0,0.0625,0.0,-0.0625,0.125,0.0625,-0.0625,0.3125,0.0625,-0.25
95,B-bin/A-base,121,"(0,.25]",0.0625,0.0,0.0,0.0,0.125,0.0625,-0.0625,0.0,0.0625,0.0625
95,A-bin/B-base,122,"(0,.25]",0.0625,0.125,0.5,0.375,0.1875,0.625,0.4375,0.25,0.5,0.25
95,B-bin/A-base,122,"(0,.25]",0.125,0.0625,0.5,0.4375,0.125,0.625,0.5,0.1875,0.5,0.3125
95,A-bin/B-base,123,"(0,.25]",0.1875,0.125,0.4375,0.3125,0.25,0.5,0.25,0.4375,0.6875,0.25
95,B-bin/A-base,123,"(0,.25]",0.125,0.1875,0.4375,0.25,0.1875,0.5,0.3125,0.4375,0.6875,0.25
95,A-bin/B-base,124,"(.25,.5]",0.3125,0.4375,0.5,0.0625,0.4375,0.625,0.1875,0.5625,0.5625,0.0
95,B-bin/A-base,124,"(.25,.5]",0.4375,0.3125,0.5,0.1875,0.375,0.625,0.25,0.4375,0.5625,0.125
95,A-bin/B-base,125,"(.5,.75]",0.5625,0.8125,0.9375,0.125,0.8125,1.0,0.1875,0.9375,0.9375,0.0
95,B-bin/A-base,125,"(.75,1)",0.8125,0.5625,0.9375,0.375,0.6875,1.0,0.3125,0.75,0.9375,0.1875
95,A-bin/B-base,126,"(.75,1)",0.8125,0.75,0.8125,0.0625,0.75,0.9375,0.1875,1.0,0.875,-0.125
95,B-bin/A-base,126,"(.5,.75]",0.75,0.8125,0.8125,0.0,0.8125,0.9375,0.125,0.9375,0.875,-0.0625
95,A-bin/B-base,127,"(.5,.75]",0.5625,0.5,0.75,0.25,0.5625,0.8125,0.25,0.6875,0.75,0.0625
95,B-bin/A-base,127,"(.25,.5]",0.5,0.5625,0.75,0.1875,0.5625,0.8125,0.25,0.8125,0.75,-0.0625
95,A-bin/B-base,128,"(0,.25]",0.125,0.1875,0.375,0.1875,0.375,0.625,0.25,0.4375,0.4375,0.0
95,B-bin/A-base,128,"(0,.25]",0.1875,0.125,0.375,0.25,0.1875,0.625,0.4375,0.375,0.4375,0.0625
95,A-bin/B-base,129,0,0.0,0.0625,0.0,-0.0625,0.25,0.625,0.375,0.0625,0.0,-0.0625
95,B-bin/A-base,129,"(0,.25]",0.0625,0.0,0.0,0.0,0.0625,0.625,0.5625,0.0,0.0,0.0
95,A-bin/B-base,130,"(.75,1)",0.9375,0.8125,1.0,0.1875,0.8125,1.0,0.1875,0.9375,1.0,0.0625
95,B-bin/A-base,130,"(.75,1)",0.8125,0.9375,1.0,0.0625,0.9375,1.0,0.0625,1.0,1.0,0.0
95,A-bin/B-base,131,"(0,.25]",0.125,0.1875,0.1875,0.0,0.1875,0.5625,0.375,0.1875,0.3125,0.125
95,B-bin/A-base,131,"(0,.25]",0.1875,0.125,0.1875,0.0625,0.1875,0.5625,0.375,0.125,0.3125,0.1875
95,A-bin/B-base,132,"(.5,.75]",0.75,0.4375,0.625,0.1875,0.5625,0.8125,0.25,0.6875,0.6875,0.0
95,B-bin/A-base,132,"(.25,.5]",0.4375,0.75,0.625,-0.125,0.75,0.8125,0.0625,0.75,0.6875,-0.0625
95,A-bin/B-base,133,"(.25,.5]",0.4375,0.375,0.8125,0.4375,0.375,0.875,0.5,0.75,0.8125,0.0625
95,B-bin/A-base,133,"(.25,.5]",0.375,0.4375,0.8125,0.375,0.5,0.875,0.375,0.6875,0.8125,0.125
95,A-bin/B-base,134,"(0,.25]",0.0625,0.0,0.0,0.0,0.4375,0.6875,0.25,0.0625,0.0625,0.0
95,B-bin/A-base,134,0,0.0,0.0625,0.0,-0.0625,0.4375,0.6875,0.25,0.0625,0.0625,0.0
95,A-bin/B-base,135,"(.5,.75]",0.6875,0.75,0.4375,-0.3125,0.75,0.9375,0.1875,0.875,0.4375,-0.4375
95,B-bin/A-base,135,"(.5,.75]",0.75,0.6875,0.4375,-0.25,0.75,0.9375,0.1875,0.75,0.4375,-0.3125
95,A-bin/B-base,136,"(0,.25]",0.25,0.125,0.5625,0.4375,0.1875,0.8125,0.625,0.5625,0.625,0.0625
95,B-bin/A-base,136,"(0,.25]",0.125,0.25,0.5625,0.3125,0.25,0.8125,0.5625,0.4375,0.625,0.1875
95,A-bin/B-base,137,"(.5,.75]",0.5625,0.3125,0.5,0.1875,0.375,0.6875,0.3125,0.5625,0.5,-0.0625
95,B-bin/A-base,137,"(.25,.5]",0.3125,0.5625,0.5,-0.0625,0.5625,0.6875,0.125,0.625,0.5,-0.125
95,A-bin/B-base,138,"(0,.25]",0.1875,0.0625,0.3125,0.25,0.0625,0.625,0.5625,0.4375,0.375,-0.0625
95,B-bin/A-base,138,"(0,.25]",0.0625,0.1875,0.3125,0.125,0.25,0.625,0.375,0.25,0.375,0.125
95,A-bin/B-base,139,0,0.0,0.125,0.4375,0.3125,0.1875,0.5625,0.375,0.5625,0.5625,0.0
95,B-bin/A-base,139,"(0,.25]",0.125,0.0,0.4375,0.4375,0.0,0.5625,0.5625,0.25,0.5625,0.3125
95,A-bin/B-base,140,"(.25,.5]",0.3125,0.25,0.3125,0.0625,0.25,0.5625,0.3125,0.4375,0.3125,-0.125
95,B-bin/A-base,140,"(0,.25]",0.25,0.3125,0.3125,0.0,0.3125,0.5625,0.25,0.5625,0.3125,-0.25
95,A-bin/B-base,141,"(0,.25]",0.1875,0.3125,0.625,0.3125,0.75,1.0,0.25,0.4375,0.625,0.1875
95,B-bin/A-base,141,"(.25,.5]",0.3125,0.1875,0.625,0.4375,0.1875,1.0,0.8125,0.4375,0.625,0.1875
95,A-bin/B-base,142,0,0.0,0.0625,0.0625,0.0,0.125,0.375,0.25,0.1875,0.125,-0.0625
95,B-bin/A-base,142,"(0,.25]",0.0625,0.0,0.0625,0.0625,0.125,0.375,0.25,0.125,0.125,0.0
95,A-bin/B-base,143,"(.25,.5]",0.3125,0.4375,0.1875,-0.25,0.5625,0.5,-0.0625,0.5,0.25,-0.25
95,B-bin/A-base,143,"(.25,.5]",0.4375,0.3125,0.1875,-0.125,0.5,0.5,0.0,0.4375,0.25,-0.1875
95,A-bin/B-base,144,"(0,.25]",0.25,0.1875,0.5,0.3125,0.25,0.5625,0.3125,0.5,0.5625,0.0625
95,B-bin/A-base,144,"(0,.25]",0.1875,0.25,0.5,0.25,0.3125,0.5625,0.25,0.5625,0.5625,0.0
95,A-bin/B-base,145,"(.5,.75]",0.6875,0.375,0.75,0.375,0.5,0.9375,0.4375,0.5625,0.75,0.1875
95,B-bin/A-base,145,"(.25,.5]",0.375,0.6875,0.75,0.0625,0.6875,0.9375,0.25,0.875,0.75,-0.125
95,A-bin/B-base,146,"(0,.25]",0.25,0.0625,0.375,0.3125,0.3125,1.0,0.6875,0.1875,0.375,0.1875
95,B-bin/A-base,146,"(0,.25]",0.0625,0.25,0.375,0.125,0.25,1.0,0.75,0.4375,0.375,-0.0625
95,A-bin/B-base,147,"(.75,1)",0.8125,0.6875,0.9375,0.25,0.6875,0.9375,0.25,0.875,1.0,0.125
95,B-bin/A-base,147,"(.5,.75]",0.6875,0.8125,0.9375,0.125,0.8125,0.9375,0.125,0.9375,1.0,0.0625
95,A-bin/B-base,148,"(.5,.75]",0.5625,0.1875,0.8125,0.625,0.3125,0.9375,0.625,0.5,0.8125,0.3125
95,B-bin/A-base,148,"(0,.25]",0.1875,0.5625,0.8125,0.25,0.625,0.9375,0.3125,0.75,0.8125,0.0625
95,A-bin/B-base,149,"(.5,.75]",0.5625,0.5,0.625,0.125,0.5625,0.6875,0.125,0.875,0.8125,-0.0625
95,B-bin/A-base,149,"(.25,.5]",0.5,0.5625,0.625,0.0625,0.625,0.6875,0.0625,0.625,0.8125,0.1875
95,A-bin/B-base,150,"(.5,.75]",0.75,0.4375,0.9375,0.5,0.5,0.9375,0.4375,0.75,1.0,0.25
95,B-bin/A-base,150,"(.25,.5]",0.4375,0.75,0.9375,0.1875,0.75,0.9375,0.1875,0.9375,1.0,0.0625
95,A-bin/B-base,151,"(.25,.5]",0.5,0.5625,0.8125,0.25,0.625,0.9375,0.3125,0.8125,0.8125,0.0
95,B-bin/A-base,151,"(.5,.75]",0.5625,0.5,0.8125,0.3125,0.75,0.9375,0.1875,0.5625,0.8125,0.25
95,A-bin/B-base,152,"(.5,.75]",0.6875,0.5625,0.6875,0.125,0.625,0.75,0.125,0.75,0.875,0.125
95,B-bin/A-base,152,"(.5,.75]",0.5625,0.6875,0.6875,0.0,0.75,0.75,0.0,0.8125,0.875,0.0625
95,A-bin/B-base,153,"(.25,.5]",0.3125,0.4375,0.4375,0.0,0.5625,0.9375,0.375,0.5,0.4375,-0.0625
95,B-bin/A-base,153,"(.25,.5]",0.4375,0.3125,0.4375,0.125,0.625,0.9375,0.3125,0.375,0.4375,0.0625
95,A-bin/B-base,154,"(.25,.5]",0.3125,0.4375,0.5625,0.125,0.5,0.9375,0.4375,0.625,0.625,0.0
95,B-bin/A-base,154,"(.25,.5]",0.4375,0.3125,0.5625,0.25,0.3125,0.9375,0.625,0.625,0.625,0.0
95,A-bin/B-base,155,"(.25,.5]",0.375,0.125,0.5625,0.4375,0.375,0.6875,0.3125,0.3125,0.5625,0.25
95,B-bin/A-base,155,"(0,.25]",0.125,0.375,0.5625,0.1875,0.4375,0.6875,0.25,0.4375,0.5625,0.125
95,A-bin/B-base,156,"(.5,.75]",0.5625,0.6875,0.875,0.1875,0.75,0.9375,0.1875,0.875,0.9375,0.0625
95,B-bin/A-base,156,"(.5,.75]",0.6875,0.5625,0.875,0.3125,0.5625,0.9375,0.375,0.9375,0.9375,0.0
95,A-bin/B-base,157,"(.25,.5]",0.3125,0.5,0.625,0.125,0.5,0.6875,0.1875,0.75,0.8125,0.0625
95,B-bin/A-base,157,"(.25,.5]",0.5,0.3125,0.625,0.3125,0.3125,0.6875,0.375,0.5,0.8125,0.3125
95,A-bin/B-base,158,"(.25,.5]",0.4375,0.0625,0.6875,0.625,0.1875,0.75,0.5625,0.5,0.75,0.25
95,B-bin/A-base,158,"(0,.25]",0.0625,0.4375,0.6875,0.25,0.5625,0.75,0.1875,0.625,0.75,0.125
95,A-bin/B-base,159,"(0,.25]",0.0625,0.0625,0.125,0.0625,0.3125,0.6875,0.375,0.125,0.1875,0.0625
95,B-bin/A-base,159,"(0,.25]",0.0625,0.0625,0.125,0.0625,0.25,0.6875,0.4375,0.125,0.1875,0.0625
95,A-bin/B-base,160,0,0.0,0.0,0.0,0.0,0.3125,0.75,0.4375,0.0,0.0,0.0
95,B-bin/A-base,160,0,0.0,0.0,0.0,0.0,0.375,0.75,0.375,0.0,0.0,0.0
95,A-bin/B-base,161,"(.75,1)",0.875,0.6875,0.6875,0.0,0.8125,0.9375,0.125,0.75,0.6875,-0.0625
95,B-bin/A-base,161,"(.5,.75]",0.6875,0.875,0.6875,-0.1875,0.9375,0.9375,0.0,0.875,0.6875,-0.1875
95,A-bin/B-base,162,"(0,.25]",0.0625,0.1875,0.125,-0.0625,0.375,1.0,0.625,0.1875,0.125,-0.0625
95,B-bin/A-base,162,"(0,.25]",0.1875,0.0625,0.125,0.0625,0.3125,1.0,0.6875,0.125,0.125,0.0
95,A-bin/B-base,163,"(.25,.5]",0.5,0.625,0.625,0.0,0.6875,0.75,0.0625,0.8125,0.75,-0.0625
95,B-bin/A-base,163,"(.5,.75]",0.625,0.5,0.625,0.125,0.625,0.75,0.125,0.75,0.75,0.0
95,A-bin/B-base,164,"(.5,.75]",0.5625,0.5,0.625,0.125,0.6875,0.75,0.0625,0.625,0.6875,0.0625
95,B-bin/A-base,164,"(.25,.5]",0.5,0.5625,0.625,0.0625,0.8125,0.75,-0.0625,0.6875,0.6875,0.0
95,A-bin/B-base,165,0,0.0,0.0,0.25,0.25,0.375,0.5625,0.1875,0.0,0.3125,0.3125
95,B-bin/A-base,165,0,0.0,0.0,0.25,0.25,0.0,0.5625,0.5625,0.0625,0.3125,0.25
95,A-bin/B-base,166,"(0,.25]",0.125,0.125,0.375,0.25,0.25,0.6875,0.4375,0.1875,0.4375,0.25
95,B-bin/A-base,166,"(0,.25]",0.125,0.125,0.375,0.25,0.125,0.6875,0.5625,0.5625,0.4375,-0.125
95,A-bin/B-base,167,0,0.0,0.0,0.0,0.0,0.5,0.8125,0.3125,0.0,0.0,0.0
95,B-bin/A-base,167,0,0.0,0.0,0.0,0.0,0.5,0.8125,0.3125,0.0,0.0,0.0
95,A-bin/B-base,168,"(.75,1)",0.8125,0.875,0.6875,-0.1875,0.875,0.8125,-0.0625,0.875,0.75,-0.125
95,B-bin/A-base,168,"(.75,1)",0.875,0.8125,0.6875,-0.125,0.875,0.8125,-0.0625,0.9375,0.75,-0.1875
95,A-bin/B-base,169,"(0,.25]",0.125,0.0,0.25,0.25,0.25,0.625,0.375,0.1875,0.3125,0.125
95,B-bin/A-base,169,0,0.0,0.125,0.25,0.125,0.25,0.625,0.375,0.25,0.3125,0.0625
95,A-bin/B-base,170,"(.5,.75]",0.5625,0.5625,1.0,0.4375,0.625,1.0,0.375,0.75,1.0,0.25
95,B-bin/A-base,170,"(.5,.75]",0.5625,0.5625,1.0,0.4375,0.5625,1.0,0.4375,0.75,1.0,0.25
95,A-bin/B-base,171,0,0.0,0.0625,0.3125,0.25,0.125,0.75,0.625,0.125,0.375,0.25
95,B-bin/A-base,171,"(0,.25]",0.0625,0.0,0.3125,0.3125,0.0625,0.75,0.6875,0.1875,0.375,0.1875
95,A-bin/B-base,172,"(.5,.75]",0.5625,0.5625,0.875,0.3125,0.5625,1.0,0.4375,0.8125,0.875,0.0625
95,B-bin/A-base,172,"(.5,.75]",0.5625,0.5625,0.875,0.3125,0.625,1.0,0.375,0.875,0.875,0.0
95,A-bin/B-base,173,"(0,.25]",0.125,0.0,0.125,0.125,0.0,0.125,0.125,0.0,0.1875,0.1875
95,B-bin/A-base,173,0,0.0,0.125,0.125,0.0,0.1875,0.125,-0.0625,0.25,0.1875,-0.0625
95,A-bin/B-base,174,"(.5,.75]",0.625,0.5,0.6875,0.1875,0.625,0.9375,0.3125,0.75,0.6875,-0.0625
95,B-bin/A-base,174,"(.25,.5]",0.5,0.625,0.6875,0.0625,0.6875,0.9375,0.25,0.8125,0.6875,-0.125
95,A-bin/B-base,175,"(0,.25]",0.0625,0.1875,0.3125,0.125,0.1875,0.5,0.3125,0.5,0.4375,-0.0625
95,B-bin/A-base,175,"(0,.25]",0.1875,0.0625,0.3125,0.25,0.0625,0.5,0.4375,0.4375,0.4375,0.0
95,A-bin/B-base,176,1,1.0,0.8125,0.9375,0.125,0.8125,0.9375,0.125,0.9375,1.0,0.0625
95,B-bin/A-base,176,"(.75,1)",0.8125,1.0,0.9375,-0.0625,1.0,0.9375,-0.0625,1.0,1.0,0.0
95,A-bin/B-base,177,"(.25,.5]",0.375,0.3125,0.25,-0.0625,0.375,0.75,0.375,0.375,0.3125,-0.0625
95,B-bin/A-base,177,"(.25,.5]",0.3125,0.375,0.25,-0.125,0.625,0.75,0.125,0.5625,0.3125,-0.25
95,A-bin/B-base,178,"(.25,.5]",0.5,0.5,0.5625,0.0625,0.5625,0.875,0.3125,0.6875,0.625,-0.0625
95,B-bin/A-base,178,"(.25,.5]",0.5,0.5,0.5625,0.0625,0.5625,0.875,0.3125,0.75,0.625,-0.125
95,A-bin/B-base,179,"(.25,.5]",0.3125,0.5625,0.8125,0.25,0.6875,0.8125,0.125,0.625,0.875,0.25
95,B-bin/A-base,179,"(.5,.75]",0.5625,0.3125,0.8125,0.5,0.375,0.8125,0.4375,0.6875,0.875,0.1875
95,A-bin/B-base,180,"(.75,1)",0.875,0.75,0.9375,0.1875,0.75,0.9375,0.1875,0.9375,1.0,0.0625
95,B-bin/A-base,180,"(.5,.75]",0.75,0.875,0.9375,0.0625,0.875,0.9375,0.0625,0.9375,1.0,0.0625
95,A-bin/B-base,181,"(0,.25]",0.125,0.0625,0.125,0.0625,0.125,0.1875,0.0625,0.125,0.125,0.0
95,B-bin/A-base,181,"(0,.25]",0.0625,0.125,0.125,0.0,0.25,0.1875,-0.0625,0.375,0.125,-0.25
95,A-bin/B-base,182,"(0,.25]",0.25,0.0625,0.25,0.1875,0.375,0.75,0.375,0.125,0.3125,0.1875
95,B-bin/A-base,182,"(0,.25]",0.0625,0.25,0.25,0.0,0.4375,0.75,0.3125,0.25,0.3125,0.0625
95,A-bin/B-base,183,"(0,.25]",0.0625,0.0625,0.5,0.4375,0.125,0.5,0.375,0.25,0.75,0.5
95,B-bin/A-base,183,"(0,.25]",0.0625,0.0625,0.5,0.4375,0.1875,0.5,0.3125,0.1875,0.75,0.5625
95,A-bin/B-base,184,0,0.0,0.125,0.3125,0.1875,0.4375,0.9375,0.5,0.125,0.375,0.25
95,B-bin/A-base,184,"(0,.25]",0.125,0.0,0.3125,0.3125,0.0625,0.9375,0.875,0.0625,0.375,0.3125
95,A-bin/B-base,185,"(.75,1)",0.8125,0.875,0.875,0.0,0.875,0.875,0.0,1.0,1.0,0.0
95,B-bin/A-base,185,"(.75,1)",0.875,0.8125,0.875,0.0625,0.8125,0.875,0.0625,0.9375,1.0,0.0625
95,A-bin/B-base,186,"(.5,.75]",0.625,0.625,0.8125,0.1875,0.6875,0.875,0.1875,0.8125,0.8125,0.0
95,B-bin/A-base,186,"(.5,.75]",0.625,0.625,0.8125,0.1875,0.6875,0.875,0.1875,0.9375,0.8125,-0.125
95,A-bin/B-base,187,"(0,.25]",0.0625,0.0,0.0,0.0,0.0625,0.3125,0.25,0.0625,0.0,-0.0625
95,B-bin/A-base,187,0,0.0,0.0625,0.0,-0.0625,0.0625,0.3125,0.25,0.0625,0.0,-0.0625
95,A-bin/B-base,188,"(.75,1)",0.875,0.9375,0.875,-0.0625,0.9375,0.9375,0.0,1.0,0.875,-0.125
95,B-bin/A-base,188,"(.75,1)",0.9375,0.875,0.875,0.0,0.875,0.9375,0.0625,1.0,0.875,-0.125
95,A-bin/B-base,189,"(0,.25]",0.25,0.1875,0.5,0.3125,0.3125,0.8125,0.5,0.5625,0.5,-0.0625
95,B-bin/A-base,189,"(0,.25]",0.1875,0.25,0.5,0.25,0.375,0.8125,0.4375,0.375,0.5,0.125
95,A-bin/B-base,190,"(0,.25]",0.125,0.0,0.1875,0.1875,0.125,0.875,0.75,0.0625,0.1875,0.125
95,B-bin/A-base,190,0,0.0,0.125,0.1875,0.0625,0.375,0.875,0.5,0.3125,0.1875,-0.125
95,A-bin/B-base,191,0,0.0,0.0,0.0,0.0,0.1875,0.4375,0.25,0.0625,0.0,-0.0625
95,B-bin/A-base,191,0,0.0,0.0,0.0,0.0,0.125,0.4375,0.3125,0.0625,0.0,-0.0625
95,A-bin/B-base,192,"(0,.25]",0.25,0.3125,0.375,0.0625,0.375,0.5,0.125,0.4375,0.5,0.0625
95,B-bin/A-base,192,"(.25,.5]",0.3125,0.25,0.375,0.125,0.25,0.5,0.25,0.625,0.5,-0.125
95,A-bin/B-base,193,"(.25,.5]",0.5,0.1875,0.375,0.1875,0.4375,0.8125,0.375,0.3125,0.4375,0.125
95,B-bin/A-base,193,"(0,.25]",0.1875,0.5,0.375,-0.125,0.5625,0.8125,0.25,0.5,0.4375,-0.0625
95,A-bin/B-base,194,"(0,.25]",0.25,0.25,0.75,0.5,0.5625,0.9375,0.375,0.375,0.75,0.375
95,B-bin/A-base,194,"(0,.25]",0.25,0.25,0.75,0.5,0.4375,0.9375,0.5,0.375,0.75,0.375
95,A-bin/B-base,195,"(.5,.75]",0.5625,0.6875,0.875,0.1875,0.6875,0.875,0.1875,0.9375,1.0,0.0625
95,B-bin/A-base,195,"(.5,.75]",0.6875,0.5625,0.875,0.3125,0.5625,0.875,0.3125,0.875,1.0,0.125
95,A-bin/B-base,196,"(.25,.5]",0.5,0.625,0.9375,0.3125,0.6875,0.9375,0.25,0.875,1.0,0.125
95,B-bin/A-base,196,"(.5,.75]",0.625,0.5,0.9375,0.4375,0.5625,0.9375,0.375,0.75,1.0,0.25
95,A-bin/B-base,197,"(0,.25]",0.1875,0.3125,0.625,0.3125,0.375,0.8125,0.4375,0.75,0.75,0.0
95,B-bin/A-base,197,"(.25,.5]",0.3125,0.1875,0.625,0.4375,0.1875,0.8125,0.625,0.5,0.75,0.25
95,A-bin/B-base,198,"(0,.25]",0.1875,0.125,0.3125,0.1875,0.1875,0.375,0.1875,0.125,0.4375,0.3125
95,B-bin/A-base,198,"(0,.25]",0.125,0.1875,0.3125,0.125,0.1875,0.375,0.1875,0.1875,0.4375,0.25
95,A-bin/B-base,199,"(0,.25]",0.1875,0.0,0.0625,0.0625,0.0,0.25,0.25,0.0,0.1875,0.1875
95,B-bin/A-base,199,0,0.0,0.1875,0.0625,-0.125,0.1875,0.25,0.0625,0.3125,0.1875,-0.125
95,A-bin/B-base,200,"(.25,.5]",0.375,0.6875,0.75,0.0625,0.6875,0.9375,0.25,0.8125,0.75,-0.0625
95,B-bin/A-base,200,"(.5,.75]",0.6875,0.375,0.75,0.375,0.4375,0.9375,0.5,0.625,0.75,0.125
95,A-bin/B-base,201,"(0,.25]",0.0625,0.0625,0.0625,0.0,0.1875,0.625,0.4375,0.125,0.0625,-0.0625
95,B-bin/A-base,201,"(0,.25]",0.0625,0.0625,0.0625,0.0,0.25,0.625,0.375,0.125,0.0625,-0.0625
95,A-bin/B-base,202,"(.75,1)",0.875,0.875,0.8125,-0.0625,0.9375,1.0,0.0625,0.9375,0.8125,-0.125
95,B-bin/A-base,202,"(.75,1)",0.875,0.875,0.8125,-0.0625,0.875,1.0,0.125,1.0,0.8125,-0.1875
95,A-bin/B-base,203,"(.75,1)",0.8125,0.8125,0.875,0.0625,0.8125,0.875,0.0625,0.9375,0.9375,0.0
95,B-bin/A-base,203,"(.75,1)",0.8125,0.8125,0.875,0.0625,0.875,0.875,0.0,0.9375,0.9375,0.0
95,A-bin/B-base,204,"(0,.25]",0.25,0.375,0.4375,0.0625,0.4375,0.6875,0.25,0.5,0.5625,0.0625
95,B-bin/A-base,204,"(.25,.5]",0.375,0.25,0.4375,0.1875,0.3125,0.6875,0.375,0.4375,0.5625,0.125
95,A-bin/B-base,205,"(0,.25]",0.125,0.25,0.1875,-0.0625,0.375,0.8125,0.4375,0.25,0.25,0.0
95,B-bin/A-base,205,"(0,.25]",0.25,0.125,0.1875,0.0625,0.375,0.8125,0.4375,0.125,0.25,0.125
95,A-bin/B-base,206,"(0,.25]",0.25,0.4375,0.75,0.3125,0.4375,0.8125,0.375,0.5625,0.8125,0.25
95,B-bin/A-base,206,"(.25,.5]",0.4375,0.25,0.75,0.5,0.25,0.8125,0.5625,0.6875,0.8125,0.125
95,A-bin/B-base,207,"(.25,.5]",0.5,0.5625,0.5625,0.0,0.625,0.8125,0.1875,0.75,0.6875,-0.0625
95,B-bin/A-base,207,"(.5,.75]",0.5625,0.5,0.5625,0.0625,0.5625,0.8125,0.25,0.6875,0.6875,0.0
95,A-bin/B-base,208,"(.5,.75]",0.6875,0.75,0.6875,-0.0625,0.75,0.8125,0.0625,0.9375,0.8125,-0.125
95,B-bin/A-base,208,"(.5,.75]",0.75,0.6875,0.6875,0.0,0.6875,0.8125,0.125,0.875,0.8125,-0.0625
95,A-bin/B-base,209,"(.5,.75]",0.5625,0.5,0.8125,0.3125,0.5,0.875,0.375,0.8125,0.9375,0.125
95,B-bin/A-base,209,"(.25,.5]",0.5,0.5625,0.8125,0.25,0.625,0.875,0.25,0.625,0.9375,0.3125
95,A-bin/B-base,210,"(.25,.5]",0.3125,0.25,0.625,0.375,0.375,0.6875,0.3125,0.6875,0.75,0.0625
95,B-bin/A-base,210,"(0,.25]",0.25,0.3125,0.625,0.3125,0.375,0.6875,0.3125,0.4375,0.75,0.3125
95,A-bin/B-base,211,"(0,.25]",0.0625,0.125,0.4375,0.3125,0.5,0.5625,0.0625,0.1875,0.4375,0.25
95,B-bin/A-base,211,"(0,.25]",0.125,0.0625,0.4375,0.375,0.4375,0.5625,0.125,0.3125,0.4375,0.125
95,A-bin/B-base,212,0,0.0,0.0,0.0,0.0,0.0,0.125,0.125,0.25,0.125,-0.125
95,B-bin/A-base,212,0,0.0,0.0,0.0,0.0,0.0625,0.125,0.0625,0.125,0.125,0.0
95,A-bin/B-base,213,"(.5,.75]",0.5625,0.625,0.9375,0.3125,0.6875,1.0,0.3125,0.8125,0.9375,0.125
95,B-bin/A-base,213,"(.5,.75]",0.625,0.5625,0.9375,0.375,0.5625,1.0,0.4375,0.75,0.9375,0.1875
95,A-bin/B-base,214,"(0,.25]",0.0625,0.0,0.125,0.125,0.375,0.5,0.125,0.0,0.125,0.125
95,B-bin/A-base,214,0,0.0,0.0625,0.125,0.0625,0.3125,0.5,0.1875,0.0625,0.125,0.0625
95,A-bin/B-base,215,"(.25,.5]",0.5,0.75,0.875,0.125,0.75,1.0,0.25,0.9375,0.875,-0.0625
95,B-bin/A-base,215,"(.5,.75]",0.75,0.5,0.875,0.375,0.5625,1.0,0.4375,0.875,0.875,0.0
95,A-bin/B-base,216,"(.5,.75]",0.75,0.5,0.5,0.0,0.5,0.5625,0.0625,0.8125,0.5625,-0.25
95,B-bin/A-base,216,"(.25,.5]",0.5,0.75,0.5,-0.25,0.75,0.5625,-0.1875,1.0,0.5625,-0.4375
95,A-bin/B-base,217,"(0,.25]",0.1875,0.0625,0.125,0.0625,0.0625,0.25,0.1875,0.3125,0.125,-0.1875
95,B-bin/A-base,217,"(0,.25]",0.0625,0.1875,0.125,-0.0625,0.1875,0.25,0.0625,0.375,0.125,-0.25
95,A-bin/B-base,218,"(0,.25]",0.125,0.125,0.125,0.0,0.75,0.8125,0.0625,0.1875,0.125,-0.0625
95,B-bin/A-base,218,"(0,.25]",0.125,0.125,0.125,0.0,0.4375,0.8125,0.375,0.1875,0.125,-0.0625
95,A-bin/B-base,219,"(0,.25]",0.0625,0.0,0.125,0.125,0.125,0.75,0.625,0.1875,0.125,-0.0625
95,B-bin/A-base,219,0,0.0,0.0625,0.125,0.0625,0.3125,0.75,0.4375,0.3125,0.125,-0.1875
95,A-bin/B-base,220,"(0,.25]",0.0625,0.125,0.375,0.25,0.125,0.75,0.625,0.3125,0.4375,0.125
95,B-bin/A-base,220,"(0,.25]",0.125,0.0625,0.375,0.3125,0.125,0.75,0.625,0.25,0.4375,0.1875
95,A-bin/B-base,221,"(.75,1)",0.875,0.875,0.875,0.0,0.875,0.9375,0.0625,0.9375,0.875,-0.0625
95,B-bin/A-base,221,"(.75,1)",0.875,0.875,0.875,0.0,0.875,0.9375,0.0625,1.0,0.875,-0.125
95,A-bin/B-base,222,"(0,.25]",0.25,0.4375,0.5,0.0625,0.5,0.75,0.25,0.5,0.625,0.125
95,B-bin/A-base,222,"(.25,.5]",0.4375,0.25,0.5,0.25,0.5,0.75,0.25,0.375,0.625,0.25
95,A-bin/B-base,223,"(0,.25]",0.125,0.0625,0.1875,0.125,0.125,0.4375,0.3125,0.3125,0.375,0.0625
95,B-bin/A-base,223,"(0,.25]",0.0625,0.125,0.1875,0.0625,0.3125,0.4375,0.125,0.1875,0.375,0.1875
95,A-bin/B-base,224,0,0.0,0.0,0.3125,0.3125,0.0,0.5625,0.5625,0.25,0.3125,0.0625
95,B-bin/A-base,224,0,0.0,0.0,0.3125,0.3125,0.1875,0.5625,0.375,0.0625,0.3125,0.25
95,A-bin/B-base,225,"(0,.25]",0.0625,0.0,0.25,0.25,0.0625,0.5,0.4375,0.1875,0.25,0.0625
95,B-bin/A-base,225,0,0.0,0.0625,0.25,0.1875,0.125,0.5,0.375,0.125,0.25,0.125
95,A-bin/B-base,226,"(0,.25]",0.1875,0.4375,0.625,0.1875,0.5625,0.875,0.3125,0.625,0.6875,0.0625
95,B-bin/A-base,226,"(.25,.5]",0.4375,0.1875,0.625,0.4375,0.3125,0.875,0.5625,0.25,0.6875,0.4375
95,A-bin/B-base,227,"(.5,.75]",0.625,0.75,0.75,0.0,0.8125,0.8125,0.0,0.875,0.75,-0.125
95,B-bin/A-base,227,"(.5,.75]",0.75,0.625,0.75,0.125,0.625,0.8125,0.1875,0.9375,0.75,-0.1875
95,A-bin/B-base,228,"(0,.25]",0.125,0.0,0.125,0.125,0.5625,0.9375,0.375,0.0625,0.125,0.0625
95,B-bin/A-base,228,0,0.0,0.125,0.125,0.0,0.6875,0.9375,0.25,0.1875,0.125,-0.0625
95,A-bin/B-base,229,"(0,.25]",0.1875,0.0625,0.25,0.1875,0.6875,0.9375,0.25,0.125,0.25,0.125
95,B-bin/A-base,229,"(0,.25]",0.0625,0.1875,0.25,0.0625,0.75,0.9375,0.1875,0.1875,0.25,0.0625
95,A-bin/B-base,230,"(0,.25]",0.125,0.0625,0.0,-0.0625,0.25,0.5,0.25,0.125,0.125,0.0
95,B-bin/A-base,230,"(0,.25]",0.0625,0.125,0.0,-0.125,0.4375,0.5,0.0625,0.125,0.125,0.0
95,A-bin/B-base,231,"(0,.25]",0.0625,0.125,0.125,0.0,0.1875,0.4375,0.25,0.125,0.25,0.125
95,B-bin/A-base,231,"(0,.25]",0.125,0.0625,0.125,0.0625,0.125,0.4375,0.3125,0.125,0.25,0.125
95,A-bin/B-base,232,0,0.0,0.0,0.0,0.0,0.4375,0.6875,0.25,0.0,0.0,0.0
95,B-bin/A-base,232,0,0.0,0.0,0.0,0.0,0.375,0.6875,0.3125,0.0,0.0,0.0
95,A-bin/B-base,233,"(.25,.5]",0.5,0.375,0.4375,0.0625,0.6875,0.8125,0.125,0.4375,0.5625,0.125
95,B-bin/A-base,233,"(.25,.5]",0.375,0.5,0.4375,-0.0625,0.75,0.8125,0.0625,0.625,0.5625,-0.0625
95,A-bin/B-base,234,0,0.0,0.0,0.0,0.0,0.125,0.5625,0.4375,0.0,0.1875,0.1875
95,B-bin/A-base,234,0,0.0,0.0,0.0,0.0,0.125,0.5625,0.4375,0.0,0.1875,0.1875
95,A-bin/B-base,235,"(0,.25]",0.0625,0.125,0.25,0.125,0.3125,0.375,0.0625,0.375,0.375,0.0
95,B-bin/A-base,235,"(0,.25]",0.125,0.0625,0.25,0.1875,0.0625,0.375,0.3125,0.1875,0.375,0.1875
95,A-bin/B-base,236,"(.75,1)",0.9375,0.75,0.875,0.125,0.75,0.9375,0.1875,0.8125,0.875,0.0625
95,B-bin/A-base,236,"(.5,.75]",0.75,0.9375,0.875,-0.0625,0.9375,0.9375,0.0,1.0,0.875,-0.125
95,A-bin/B-base,237,"(0,.25]",0.0625,0.0,0.0,0.0,0.125,0.25,0.125,0.0625,0.0,-0.0625
95,B-bin/A-base,237,0,0.0,0.0625,0.0,-0.0625,0.0625,0.25,0.1875,0.0625,0.0,-0.0625
95,A-bin/B-base,238,"(.25,.5]",0.375,0.4375,0.75,0.3125,0.5,0.75,0.25,0.75,0.8125,0.0625
95,B-bin/A-base,238,"(.25,.5]",0.4375,0.375,0.75,0.375,0.4375,0.75,0.3125,0.875,0.8125,-0.0625
95,A-bin/B-base,239,"(0,.25]",0.25,0.125,0.25,0.125,0.125,0.4375,0.3125,0.125,0.375,0.25
95,B-bin/A-base,239,"(0,.25]",0.125,0.25,0.25,0.0,0.25,0.4375,0.1875,0.375,0.375,0.0
95,A-bin/B-base,240,"(.25,.5]",0.5,0.625,0.875,0.25,0.625,0.875,0.25,1.0,1.0,0.0
95,B-bin/A-base,240,"(.5,.75]",0.625,0.5,0.875,0.375,0.5625,0.875,0.3125,0.8125,1.0,0.1875
95,A-bin/B-base,241,"(.5,.75]",0.625,0.3125,0.8125,0.5,0.3125,0.875,0.5625,0.6875,0.875,0.1875
95,B-bin/A-base,241,"(.25,.5]",0.3125,0.625,0.8125,0.1875,0.6875,0.875,0.1875,0.6875,0.875,0.1875
95,A-bin/B-base,242,"(.5,.75]",0.75,0.375,0.6875,0.3125,0.375,0.6875,0.3125,0.6875,0.8125,0.125
95,B-bin/A-base,242,"(.25,.5]",0.375,0.75,0.6875,-0.0625,0.8125,0.6875,-0.125,0.9375,0.8125,-0.125
95,A-bin/B-base,243,"(0,.25]",0.0625,0.0625,0.375,0.3125,0.125,0.625,0.5,0.0625,0.5,0.4375
95,B-bin/A-base,243,"(0,.25]",0.0625,0.0625,0.375,0.3125,0.4375,0.625,0.1875,0.1875,0.5,0.3125
95,A-bin/B-base,244,"(.75,1)",0.875,0.75,1.0,0.25,0.75,1.0,0.25,0.9375,1.0,0.0625
95,B-bin/A-base,244,"(.5,.75]",0.75,0.875,1.0,0.125,0.875,1.0,0.125,0.9375,1.0,0.0625
95,A-bin/B-base,245,"(.25,.5]",0.375,0.375,0.75,0.375,0.4375,0.875,0.4375,0.625,0.8125,0.1875
95,B-bin/A-base,245,"(.25,.5]",0.375,0.375,0.75,0.375,0.5,0.875,0.375,0.5625,0.8125,0.25
95,A-bin/B-base,246,"(0,.25]",0.0625,0.0625,0.0625,0.0,0.0625,0.375,0.3125,0.125,0.0625,-0.0625
95,B-bin/A-base,246,"(0,.25]",0.0625,0.0625,0.0625,0.0,0.125,0.375,0.25,0.125,0.0625,-0.0625
95,A-bin/B-base,247,0,0.0,0.0,0.0625,0.0625,0.25,0.1875,-0.0625,0.0625,0.1875,0.125
95,B-bin/A-base,247,0,0.0,0.0,0.0625,0.0625,0.25,0.1875,-0.0625,0.125,0.1875,0.0625
95,A-bin/B-base,248,0,0.0,0.0,0.125,0.125,0.0625,0.3125,0.25,0.0625,0.1875,0.125
95,B-bin/A-base,248,0,0.0,0.0,0.125,0.125,0.1875,0.3125,0.125,0.0625,0.1875,0.125
95,A-bin/B-base,249,"(.5,.75]",0.625,0.75,1.0,0.25,0.75,1.0,0.25,0.875,1.0,0.125
95,B-bin/A-base,249,"(.5,.75]",0.75,0.625,1.0,0.375,0.625,1.0,0.375,0.875,1.0,0.125
95,A-bin/B-base,250,0,0.0,0.125,0.25,0.125,0.4375,0.8125,0.375,0.3125,0.25,-0.0625
95,B-bin/A-base,250,"(0,.25]",0.125,0.0,0.25,0.25,0.25,0.8125,0.5625,0.0625,0.25,0.1875
95,A-bin/B-base,251,"(0,.25]",0.1875,0.125,0.125,0.0,0.375,0.75,0.375,0.125,0.125,0.0
95,B-bin/A-base,251,"(0,.25]",0.125,0.1875,0.125,-0.0625,0.4375,0.75,0.3125,0.3125,0.125,-0.1875
95,A-bin/B-base,252,"(.5,.75]",0.5625,0.8125,1.0,0.1875,0.8125,1.0,0.1875,1.0,1.0,0.0
95,B-bin/A-base,252,"(.75,1)",0.8125,0.5625,1.0,0.4375,0.5625,1.0,0.4375,0.8125,1.0,0.1875
95,A-bin/B-base,253,0,0.0,0.125,0.1875,0.0625,0.125,0.4375,0.3125,0.4375,0.375,-0.0625
95,B-bin/A-base,253,"(0,.25]",0.125,0.0,0.1875,0.1875,0.0,0.4375,0.4375,0.125,0.375,0.25
95,A-bin/B-base,254,"(.25,.5]",0.3125,0.25,0.6875,0.4375,0.3125,0.8125,0.5,0.625,0.75,0.125
95,B-bin/A-base,254,"(0,.25]",0.25,0.3125,0.6875,0.375,0.3125,0.8125,0.5,0.5625,0.75,0.1875
95,A-bin/B-base,255,"(.5,.75]",0.625,0.6875,0.8125,0.125,0.75,0.875,0.125,0.8125,0.875,0.0625
95,B-bin/A-base,255,"(.5,.75]",0.6875,0.625,0.8125,0.1875,0.75,0.875,0.125,0.8125,0.875,0.0625
100,A-bin/B-base,0,"(.75,1)",0.8125,0.875,0.9375,0.0625,0.875,1.0,0.125,0.9375,0.9375,0.0
100,B-bin/A-base,0,"(.75,1)",0.875,0.8125,0.9375,0.125,0.8125,1.0,0.1875,0.8125,0.9375,0.125
100,A-bin/B-base,1,"(0,.25]",0.25,0.3125,0.5625,0.25,0.5,0.6875,0.1875,0.5,0.625,0.125
100,B-bin/A-base,1,"(.25,.5]",0.3125,0.25,0.5625,0.3125,0.3125,0.6875,0.375,0.4375,0.625,0.1875
100,A-bin/B-base,2,"(0,.25]",0.125,0.4375,0.5625,0.125,0.5625,0.75,0.1875,0.5625,0.625,0.0625
100,B-bin/A-base,2,"(.25,.5]",0.4375,0.125,0.5625,0.4375,0.1875,0.75,0.5625,0.5,0.625,0.125
100,A-bin/B-base,3,"(.5,.75]",0.5625,0.6875,1.0,0.3125,0.6875,1.0,0.3125,0.875,1.0,0.125
100,B-bin/A-base,3,"(.5,.75]",0.6875,0.5625,1.0,0.4375,0.625,1.0,0.375,0.75,1.0,0.25
100,A-bin/B-base,4,"(0,.25]",0.125,0.375,0.3125,-0.0625,0.5,0.5,0.0,0.4375,0.375,-0.0625
100,B-bin/A-base,4,"(.25,.5]",0.375,0.125,0.3125,0.1875,0.4375,0.5,0.0625,0.1875,0.375,0.1875
100,A-bin/B-base,5,"(.25,.5]",0.375,0.625,0.75,0.125,0.6875,0.875,0.1875,0.8125,0.8125,0.0
100,B-bin/A-base,5,"(.5,.75]",0.625,0.375,0.75,0.375,0.4375,0.875,0.4375,0.6875,0.8125,0.125
100,A-bin/B-base,6,"(.5,.75]",0.6875,0.625,0.875,0.25,0.625,1.0,0.375,0.875,0.875,0.0
100,B-bin/A-base,6,"(.5,.75]",0.625,0.6875,0.875,0.1875,0.75,1.0,0.25,0.875,0.875,0.0
100,A-bin/B-base,7,0,0.0,0.0,0.0625,0.0625,0.125,0.4375,0.3125,0.0,0.0625,0.0625
100,B-bin/A-base,7,0,0.0,0.0,0.0625,0.0625,0.0,0.4375,0.4375,0.0,0.0625,0.0625
100,A-bin/B-base,8,"(0,.25]",0.1875,0.125,0.25,0.125,0.3125,0.5,0.1875,0.1875,0.375,0.1875
100,B-bin/A-base,8,"(0,.25]",0.125,0.1875,0.25,0.0625,0.375,0.5,0.125,0.3125,0.375,0.0625
100,A-bin/B-base,9,"(0,.25]",0.1875,0.0,0.125,0.125,0.25,0.5625,0.3125,0.0,0.125,0.125
100,B-bin/A-base,9,0,0.0,0.1875,0.125,-0.0625,0.5,0.5625,0.0625,0.25,0.125,-0.125
100,A-bin/B-base,10,0,0.0,0.0625,0.0,-0.0625,0.125,0.0,-0.125,0.125,0.125,0.0
100,B-bin/A-base,10,"(0,.25]",0.0625,0.0,0.0,0.0,0.0,0.0,0.0,0.0625,0.125,0.0625
100,A-bin/B-base,11,0,0.0,0.0625,0.1875,0.125,0.0625,0.25,0.1875,0.0625,0.25,0.1875
100,B-bin/A-base,11,"(0,.25]",0.0625,0.0,0.1875,0.1875,0.0,0.25,0.25,0.0,0.25,0.25
100,A-bin/B-base,12,"(.25,.5]",0.4375,0.625,1.0,0.375,0.625,1.0,0.375,0.8125,1.0,0.1875
100,B-bin/A-base,12,"(.5,.75]",0.625,0.4375,1.0,0.5625,0.4375,1.0,0.5625,0.875,1.0,0.125
100,A-bin/B-base,13,"(0,.25]",0.1875,0.0625,0.375,0.3125,0.25,0.75,0.5,0.25,0.4375,0.1875
100,B-bin/A-base,13,"(0,.25]",0.0625,0.1875,0.375,0.1875,0.4375,0.75,0.3125,0.3125,0.4375,0.125
100,A-bin/B-base,14,"(0,.25]",0.25,0.1875,0.625,0.4375,0.375,0.75,0.375,0.5625,0.8125,0.25
100,B-bin/A-base,14,"(0,.25]",0.1875,0.25,0.625,0.375,0.3125,0.75,0.4375,0.4375,0.8125,0.375
100,A-bin/B-base,15,0,0.0,0.0,0.0,0.0,0.5,0.375,-0.125,0.0,0.0,0.0
100,B-bin/A-base,15,0,0.0,0.0,0.0,0.0,0.0,0.375,0.375,0.0,0.0,0.0
100,A-bin/B-base,16,"(0,.25]",0.125,0.125,0.6875,0.5625,0.25,0.9375,0.6875,0.1875,0.6875,0.5
100,B-bin/A-base,16,"(0,.25]",0.125,0.125,0.6875,0.5625,0.125,0.9375,0.8125,0.1875,0.6875,0.5
100,A-bin/B-base,17,"(0,.25]",0.125,0.0625,0.1875,0.125,0.1875,0.5625,0.375,0.1875,0.1875,0.0
100,B-bin/A-base,17,"(0,.25]",0.0625,0.125,0.1875,0.0625,0.375,0.5625,0.1875,0.1875,0.1875,0.0
100,A-bin/B-base,18,"(0,.25]",0.1875,0.0,0.0,0.0,0.1875,0.6875,0.5,0.125,0.0,-0.125
100,B-bin/A-base,18,0,0.0,0.1875,0.0,-0.1875,0.25,0.6875,0.4375,0.3125,0.0,-0.3125
100,A-bin/B-base,19,"(0,.25]",0.25,0.1875,0.4375,0.25,0.25,0.75,0.5,0.375,0.5,0.125
100,B-bin/A-base,19,"(0,.25]",0.1875,0.25,0.4375,0.1875,0.375,0.75,0.375,0.5,0.5,0.0
100,A-bin/B-base,20,"(.75,1)",0.8125,0.875,0.8125,-0.0625,0.875,0.875,0.0,1.0,0.9375,-0.0625
100,B-bin/A-base,20,"(.75,1)",0.875,0.8125,0.8125,0.0,0.8125,0.875,0.0625,1.0,0.9375,-0.0625
100,A-bin/B-base,21,"(0,.25]",0.125,0.125,0.625,0.5,0.125,0.875,0.75,0.25,0.625,0.375
100,B-bin/A-base,21,"(0,.25]",0.125,0.125,0.625,0.5,0.1875,0.875,0.6875,0.125,0.625,0.5
100,A-bin/B-base,22,0,0.0,0.0,0.1875,0.1875,0.25,0.8125,0.5625,0.0625,0.1875,0.125
100,B-bin/A-base,22,0,0.0,0.0,0.1875,0.1875,0.1875,0.8125,0.625,0.25,0.1875,-0.0625
100,A-bin/B-base,23,"(.5,.75]",0.5625,0.5,0.625,0.125,0.5625,0.8125,0.25,0.8125,0.6875,-0.125
100,B-bin/A-base,23,"(.25,.5]",0.5,0.5625,0.625,0.0625,0.5625,0.8125,0.25,0.6875,0.6875,0.0
100,A-bin/B-base,24,"(.5,.75]",0.625,0.5625,0.8125,0.25,0.5625,1.0,0.4375,0.6875,0.8125,0.125
100,B-bin/A-base,24,"(.5,.75]",0.5625,0.625,0.8125,0.1875,0.625,1.0,0.375,0.625,0.8125,0.1875
100,A-bin/B-base,25,"(.25,.5]",0.375,0.3125,0.6875,0.375,0.4375,0.8125,0.375,0.5625,0.8125,0.25
100,B-bin/A-base,25,"(.25,.5]",0.3125,0.375,0.6875,0.3125,0.4375,0.8125,0.375,0.625,0.8125,0.1875
100,A-bin/B-base,26,"(.5,.75]",0.6875,0.625,0.6875,0.0625,0.75,0.875,0.125,0.8125,0.8125,0.0
100,B-bin/A-base,26,"(.5,.75]",0.625,0.6875,0.6875,0.0,0.6875,0.875,0.1875,1.0,0.8125,-0.1875
100,A-bin/B-base,27,"(0,.25]",0.0625,0.0625,0.1875,0.125,0.3125,0.5,0.1875,0.1875,0.1875,0.0
100,B-bin/A-base,27,"(0,.25]",0.0625,0.0625,0.1875,0.125,0.125,0.5,0.375,0.125,0.1875,0.0625
100,A-bin/B-base,28,"(.5,.75]",0.5625,0.5625,0.9375,0.375,0.5625,1.0,0.4375,0.9375,0.9375,0.0
100,B-bin/A-base,28,"(.5,.75]",0.5625,0.5625,0.9375,0.375,0.5625,1.0,0.4375,0.9375,0.9375,0.0
100,A-bin/B-base,29,"(0,.25]",0.125,0.1875,0.1875,0.0,0.3125,0.5,0.1875,0.3125,0.1875,-0.125
100,B-bin/A-base,29,"(0,.25]",0.1875,0.125,0.1875,0.0625,0.3125,0.5,0.1875,0.1875,0.1875,0.0
100,A-bin/B-base,30,"(0,.25]",0.0625,0.0625,0.125,0.0625,0.0625,0.375,0.3125,0.25,0.125,-0.125
100,B-bin/A-base,30,"(0,.25]",0.0625,0.0625,0.125,0.0625,0.1875,0.375,0.1875,0.1875,0.125,-0.0625
100,A-bin/B-base,31,"(.25,.5]",0.375,0.125,0.3125,0.1875,0.1875,0.75,0.5625,0.25,0.375,0.125
100,B-bin/A-base,31,"(0,.25]",0.125,0.375,0.3125,-0.0625,0.5625,0.75,0.1875,0.5,0.375,-0.125
100,A-bin/B-base,32,"(0,.25]",0.0625,0.25,0.5625,0.3125,0.3125,0.625,0.3125,0.5,0.625,0.125
100,B-bin/A-base,32,"(0,.25]",0.25,0.0625,0.5625,0.5,0.125,0.625,0.5,0.25,0.625,0.375
100,A-bin/B-base,33,"(.5,.75]",0.75,0.375,0.875,0.5,0.375,0.875,0.5,0.875,0.9375,0.0625
100,B-bin/A-base,33,"(.25,.5]",0.375,0.75,0.875,0.125,0.8125,0.875,0.0625,0.9375,0.9375,0.0
100,A-bin/B-base,34,"(.5,.75]",0.625,0.625,0.9375,0.3125,0.6875,0.9375,0.25,0.875,1.0,0.125
100,B-bin/A-base,34,"(.5,.75]",0.625,0.625,0.9375,0.3125,0.6875,0.9375,0.25,0.875,1.0,0.125
100,A-bin/B-base,35,"(.5,.75]",0.625,0.5625,0.75,0.1875,0.5625,0.75,0.1875,0.75,0.875,0.125
100,B-bin/A-base,35,"(.5,.75]",0.5625,0.625,0.75,0.125,0.875,0.75,-0.125,0.6875,0.875,0.1875
100,A-bin/B-base,36,"(.5,.75]",0.75,0.8125,0.6875,-0.125,0.8125,0.8125,0.0,0.875,0.75,-0.125
100,B-bin/A-base,36,"(.75,1)",0.8125,0.75,0.6875,-0.0625,0.8125,0.8125,0.0,0.875,0.75,-0.125
100,A-bin/B-base,37,"(.25,.5]",0.5,0.6875,0.8125,0.125,0.6875,0.9375,0.25,0.8125,0.8125,0.0
100,B-bin/A-base,37,"(.5,.75]",0.6875,0.5,0.8125,0.3125,0.625,0.9375,0.3125,0.5625,0.8125,0.25
100,A-bin/B-base,38,"(0,.25]",0.125,0.0,0.125,0.125,0.25,0.625,0.375,0.0,0.125,0.125
100,B-bin/A-base,38,0,0.0,0.125,0.125,0.0,0.375,0.625,0.25,0.125,0.125,0.0
100,A-bin/B-base,39,"(.25,.5]",0.5,0.4375,0.6875,0.25,0.4375,0.875,0.4375,0.75,0.8125,0.0625
100,B-bin/A-base,39,"(.25,.5]",0.4375,0.5,0.6875,0.1875,0.5,0.875,0.375,0.6875,0.8125,0.125
100,A-bin/B-base,40,0,0.0,0.125,0.1875,0.0625,0.3125,0.5625,0.25,0.25,0.3125,0.0625
100,B-bin/A-base,40,"(0,.25]",0.125,0.0,0.1875,0.1875,0.0,0.5625,0.5625,0.125,0.3125,0.1875
100,A-bin/B-base,41,"(.75,1)",0.8125,0.75,0.8125,0.0625,0.8125,0.8125,0.0,0.9375,0.9375,0.0
100,B-bin/A-base,41,"(.5,.75]",0.75,0.8125,0.8125,0.0,0.875,0.8125,-0.0625,0.9375,0.9375,0.0
100,A-bin/B-base,42,0,0.0,0.0625,0.125,0.0625,0.1875,0.1875,0.0,0.0625,0.125,0.0625
100,B-bin/A-base,42,"(0,.25]",0.0625,0.0,0.125,0.125,0.125,0.1875,0.0625,0.125,0.125,0.0
100,A-bin/B-base,43,0,0.0,0.0625,0.375,0.3125,0.375,0.6875,0.3125,0.3125,0.375,0.0625
100,B-bin/A-base,43,"(0,.25]",0.0625,0.0,0.375,0.375,0.375,0.6875,0.3125,0.0625,0.375,0.3125
100,A-bin/B-base,44,"(.5,.75]",0.625,0.75,0.625,-0.125,0.875,0.9375,0.0625,0.75,0.6875,-0.0625
100,B-bin/A-base,44,"(.5,.75]",0.75,0.625,0.625,0.0,0.6875,0.9375,0.25,0.8125,0.6875,-0.125
100,A-bin/B-base,45,"(.5,.75]",0.625,0.5,0.5625,0.0625,0.5625,1.0,0.4375,0.75,0.5625,-0.1875
100,B-bin/A-base,45,"(.25,.5]",0.5,0.625,0.5625,-0.0625,0.625,1.0,0.375,0.8125,0.5625,-0.25
100,A-bin/B-base,46,"(.25,.5]",0.5,0.375,0.75,0.375,0.625,0.875,0.25,0.625,0.75,0.125
100,B-bin/A-base,46,"(.25,.5]",0.375,0.5,0.75,0.25,0.6875,0.875,0.1875,0.75,0.75,0.0
100,A-bin/B-base,47,"(.25,.5]",0.5,0.75,0.875,0.125,0.75,0.875,0.125,0.9375,0.875,-0.0625
100,B-bin/A-base,47,"(.5,.75]",0.75,0.5,0.875,0.375,0.5,0.875,0.375,0.75,0.875,0.125
100,A-bin/B-base,48,"(.5,.75]",0.6875,0.6875,0.8125,0.125,0.6875,0.8125,0.125,1.0,0.9375,-0.0625
100,B-bin/A-base,48,"(.5,.75]",0.6875,0.6875,0.8125,0.125,0.6875,0.8125,0.125,0.9375,0.9375,0.0
100,A-bin/B-base,49,"(.5,.75]",0.6875,0.875,0.9375,0.0625,0.875,0.9375,0.0625,0.875,1.0,0.125
100,B-bin/A-base,49,"(.75,1)",0.875,0.6875,0.9375,0.25,0.75,0.9375,0.1875,0.8125,1.0,0.1875
100,A-bin/B-base,50,0,0.0,0.0,0.0,0.0,0.0625,0.625,0.5625,0.0,0.0,0.0
100,B-bin/A-base,50,0,0.0,0.0,0.0,0.0,0.375,0.625,0.25,0.0,0.0,0.0
100,A-bin/B-base,51,"(.5,.75]",0.625,0.5,0.875,0.375,0.5,0.875,0.375,0.6875,0.875,0.1875
100,B-bin/A-base,51,"(.25,.5]",0.5,0.625,0.875,0.25,0.625,0.875,0.25,0.6875,0.875,0.1875
100,A-bin/B-base,52,"(.5,.75]",0.6875,0.5,0.6875,0.1875,0.5625,0.9375,0.375,0.625,0.75,0.125
100,B-bin/A-base,52,"(.25,.5]",0.5,0.6875,0.6875,0.0,0.75,0.9375,0.1875,0.75,0.75,0.0
100,A-bin/B-base,53,"(.5,.75]",0.75,0.75,0.875,0.125,0.75,0.9375,0.1875,1.0,0.9375,-0.0625
100,B-bin/A-base,53,"(.5,.75]",0.75,0.75,0.875,0.125,0.8125,0.9375,0.125,0.9375,0.9375,0.0
100,A-bin/B-base,54,"(0,.25]",0.1875,0.1875,0.25,0.0625,0.375,0.6875,0.3125,0.1875,0.3125,0.125
100,B-bin/A-base,54,"(0,.25]",0.1875,0.1875,0.25,0.0625,0.5625,0.6875,0.125,0.3125,0.3125,0.0
100,A-bin/B-base,55,"(.5,.75]",0.75,0.8125,0.875,0.0625,0.875,0.9375,0.0625,0.875,0.9375,0.0625
100,B-bin/A-base,55,"(.75,1)",0.8125,0.75,0.875,0.125,0.9375,0.9375,0.0,0.8125,0.9375,0.125
100,A-bin/B-base,56,"(.5,.75]",0.6875,0.6875,0.8125,0.125,0.6875,0.875,0.1875,0.9375,0.9375,0.0
100,B-bin/A-base,56,"(.5,.75]",0.6875,0.6875,0.8125,0.125,0.75,0.875,0.125,0.875,0.9375,0.0625
100,A-bin/B-base,57,"(0,.25]",0.1875,0.3125,0.25,-0.0625,0.4375,0.6875,0.25,0.4375,0.25,-0.1875
100,B-bin/A-base,57,"(.25,.5]",0.3125,0.1875,0.25,0.0625,0.375,0.6875,0.3125,0.375,0.25,-0.125
100,A-bin/B-base,58,"(.25,.5]",0.375,0.5625,0.5625,0.0,0.625,0.875,0.25,0.6875,0.5625,-0.125
100,B-bin/A-base,58,"(.5,.75]",0.5625,0.375,0.5625,0.1875,0.5625,0.875,0.3125,0.625,0.5625,-0.0625
100,A-bin/B-base,59,"(.25,.5]",0.3125,0.3125,0.3125,0.0,0.5,0.9375,0.4375,0.4375,0.3125,-0.125
100,B-bin/A-base,59,"(.25,.5]",0.3125,0.3125,0.3125,0.0,0.5625,0.9375,0.375,0.375,0.3125,-0.0625
100,A-bin/B-base,60,"(0,.25]",0.25,0.125,0.4375,0.3125,0.25,0.6875,0.4375,0.1875,0.5,0.3125
100,B-bin/A-base,60,"(0,.25]",0.125,0.25,0.4375,0.1875,0.375,0.6875,0.3125,0.3125,0.5,0.1875
100,A-bin/B-base,61,"(.25,.5]",0.5,0.125,0.3125,0.1875,0.25,0.625,0.375,0.4375,0.3125,-0.125
100,B-bin/A-base,61,"(0,.25]",0.125,0.5,0.3125,-0.1875,0.625,0.625,0.0,0.625,0.3125,-0.3125
100,A-bin/B-base,62,"(.25,.5]",0.375,0.4375,0.4375,0.0,0.5625,0.6875,0.125,0.5625,0.4375,-0.125
100,B-bin/A-base,62,"(.25,.5]",0.4375,0.375,0.4375,0.0625,0.5,0.6875,0.1875,0.4375,0.4375,0.0
100,A-bin/B-base,63,0,0.0,0.0,0.0,0.0,0.125,0.6875,0.5625,0.0,0.0,0.0
100,B-bin/A-base,63,0,0.0,0.0,0.0,0.0,0.0,0.6875,0.6875,0.0,0.0,0.0
100,A-bin/B-base,64,"(.25,.5]",0.4375,0.5,1.0,0.5,0.5,1.0,0.5,0.6875,1.0,0.3125
100,B-bin/A-base,64,"(.25,.5]",0.5,0.4375,1.0,0.5625,0.5,1.0,0.5,0.6875,1.0,0.3125
100,A-bin/B-base,65,"(.25,.5]",0.4375,0.375,0.75,0.375,0.5,0.9375,0.4375,0.6875,0.75,0.0625
100,B-bin/A-base,65,"(.25,.5]",0.375,0.4375,0.75,0.3125,0.625,0.9375,0.3125,0.5625,0.75,0.1875
100,A-bin/B-base,66,"(0,.25]",0.125,0.0,0.125,0.125,0.125,0.6875,0.5625,0.25,0.1875,-0.0625
100,B-bin/A-base,66,0,0.0,0.125,0.125,0.0,0.125,0.6875,0.5625,0.3125,0.1875,-0.125
100,A-bin/B-base,67,"(0,.25]",0.1875,0.0625,0.25,0.1875,0.0625,0.5,0.4375,0.1875,0.3125,0.125
100,B-bin/A-base,67,"(0,.25]",0.0625,0.1875,0.25,0.0625,0.3125,0.5,0.1875,0.1875,0.3125,0.125
100,A-bin/B-base,68,"(.25,.5]",0.4375,0.25,0.6875,0.4375,0.25,0.75,0.5,0.3125,0.875,0.5625
100,B-bin/A-base,68,"(0,.25]",0.25,0.4375,0.6875,0.25,0.4375,0.75,0.3125,0.625,0.875,0.25
100,A-bin/B-base,69,"(.5,.75]",0.625,0.5625,0.875,0.3125,0.625,0.875,0.25,0.6875,1.0,0.3125
100,B-bin/A-base,69,"(.5,.75]",0.5625,0.625,0.875,0.25,0.6875,0.875,0.1875,0.75,1.0,0.25
100,A-bin/B-base,70,"(.5,.75]",0.75,0.9375,0.9375,0.0,0.9375,0.9375,0.0,1.0,1.0,0.0
100,B-bin/A-base,70,"(.75,1)",0.9375,0.75,0.9375,0.1875,0.8125,0.9375,0.125,0.875,1.0,0.125
100,A-bin/B-base,71,"(.5,.75]",0.75,0.75,0.8125,0.0625,0.9375,0.9375,0.0,0.8125,0.8125,0.0
100,B-bin/A-base,71,"(.5,.75]",0.75,0.75,0.8125,0.0625,0.875,0.9375,0.0625,0.875,0.8125,-0.0625
100,A-bin/B-base,72,"(0,.25]",0.25,0.25,0.75,0.5,0.5625,0.75,0.1875,0.375,0.875,0.5
100,B-bin/A-base,72,"(0,.25]",0.25,0.25,0.75,0.5,0.5,0.75,0.25,0.3125,0.875,0.5625
100,A-bin/B-base,73,"(.25,.5]",0.5,0.8125,0.6875,-0.125,0.8125,1.0,0.1875,1.0,0.6875,-0.3125
100,B-bin/A-base,73,"(.75,1)",0.8125,0.5,0.6875,0.1875,0.625,1.0,0.375,0.75,0.6875,-0.0625
100,A-bin/B-base,74,"(.25,.5]",0.4375,0.6875,0.625,-0.0625,0.75,0.8125,0.0625,0.875,0.625,-0.25
100,B-bin/A-base,74,"(.5,.75]",0.6875,0.4375,0.625,0.1875,0.5625,0.8125,0.25,0.5625,0.625,0.0625
100,A-bin/B-base,75,"(.25,.5]",0.5,0.3125,0.875,0.5625,0.3125,0.875,0.5625,0.625,1.0,0.375
100,B-bin/A-base,75,"(.25,.5]",0.3125,0.5,0.875,0.375,0.5625,0.875,0.3125,0.9375,1.0,0.0625
100,A-bin/B-base,76,"(0,.25]",0.0625,0.0625,0.125,0.0625,0.3125,0.5625,0.25,0.3125,0.1875,-0.125
100,B-bin/A-base,76,"(0,.25]",0.0625,0.0625,0.125,0.0625,0.3125,0.5625,0.25,0.3125,0.1875,-0.125
100,A-bin/B-base,77,"(0,.25]",0.1875,0.5,0.8125,0.3125,0.5625,0.8125,0.25,0.75,0.875,0.125
100,B-bin/A-base,77,"(.25,.5]",0.5,0.1875,0.8125,0.625,0.3125,0.8125,0.5,0.5,0.875,0.375
100,A-bin/B-base,78,"(0,.25]",0.1875,0.125,0.3125,0.1875,0.625,0.875,0.25,0.1875,0.375,0.1875
100,B-bin/A-base,78,"(0,.25]",0.125,0.1875,0.3125,0.125,0.5625,0.875,0.3125,0.25,0.375,0.125
100,A-bin/B-base,79,"(.75,1)",0.9375,0.75,1.0,0.25,0.8125,1.0,0.1875,0.9375,1.0,0.0625
100,B-bin/A-base,79,"(.5,.75]",0.75,0.9375,1.0,0.0625,0.9375,1.0,0.0625,0.9375,1.0,0.0625
100,A-bin/B-base,80,"(0,.25]",0.0625,0.1875,0.1875,0.0,0.1875,0.8125,0.625,0.5,0.25,-0.25
100,B-bin/A-base,80,"(0,.25]",0.1875,0.0625,0.1875,0.125,0.25,0.8125,0.5625,0.375,0.25,-0.125
100,A-bin/B-base,81,"(0,.25]",0.25,0.0625,0.25,0.1875,0.4375,0.75,0.3125,0.0625,0.3125,0.25
100,B-bin/A-base,81,"(0,.25]",0.0625,0.25,0.25,0.0,0.3125,0.75,0.4375,0.375,0.3125,-0.0625
100,A-bin/B-base,82,"(.25,.5]",0.375,0.375,0.5,0.125,0.4375,0.75,0.3125,0.5,0.625,0.125
100,B-bin/A-base,82,"(.25,.5]",0.375,0.375,0.5,0.125,0.5625,0.75,0.1875,0.375,0.625,0.25
100,A-bin/B-base,83,"(.25,.5]",0.375,0.375,0.6875,0.3125,0.4375,0.875,0.4375,0.5625,0.8125,0.25
100,B-bin/A-base,83,"(.25,.5]",0.375,0.375,0.6875,0.3125,0.4375,0.875,0.4375,0.6875,0.8125,0.125
100,A-bin/B-base,84,"(.25,.5]",0.3125,0.125,0.4375,0.3125,0.3125,0.8125,0.5,0.375,0.4375,0.0625
100,B-bin/A-base,84,"(0,.25]",0.125,0.3125,0.4375,0.125,0.3125,0.8125,0.5,0.5625,0.4375,-0.125
100,A-bin/B-base,85,"(.25,.5]",0.3125,0.4375,0.625,0.1875,0.5625,0.75,0.1875,0.625,0.6875,0.0625
100,B-bin/A-base,85,"(.25,.5]",0.4375,0.3125,0.625,0.3125,0.375,0.75,0.375,0.5,0.6875,0.1875
100,A-bin/B-base,86,"(.25,.5]",0.5,0.625,0.8125,0.1875,0.625,0.875,0.25,0.8125,0.875,0.0625
100,B-bin/A-base,86,"(.5,.75]",0.625,0.5,0.8125,0.3125,0.625,0.875,0.25,0.8125,0.875,0.0625
100,A-bin/B-base,87,"(0,.25]",0.25,0.25,0.5,0.25,0.5625,0.75,0.1875,0.375,0.625,0.25
100,B-bin/A-base,87,"(0,.25]",0.25,0.25,0.5,0.25,0.375,0.75,0.375,0.6875,0.625,-0.0625
100,A-bin/B-base,88,"(.25,.5]",0.4375,0.5,0.5625,0.0625,0.6875,0.9375,0.25,0.5625,0.5625,0.0
100,B-bin/A-base,88,"(.25,.5]",0.5,0.4375,0.5625,0.125,0.5625,0.9375,0.375,0.5625,0.5625,0.0
100,A-bin/B-base,89,"(0,.25]",0.125,0.1875,0.25,0.0625,0.375,0.6875,0.3125,0.3125,0.25,-0.0625
100,B-bin/A-base,89,"(0,.25]",0.1875,0.125,0.25,0.125,0.1875,0.6875,0.5,0.3125,0.25,-0.0625
100,A-bin/B-base,90,"(0,.25]",0.0625,0.0625,0.0,-0.0625,0.25,0.5,0.25,0.1875,0.125,-0.0625
100,B-bin/A-base,90,"(0,.25]",0.0625,0.0625,0.0,-0.0625,0.3125,0.5,0.1875,0.125,0.125,0.0
100,A-bin/B-base,91,"(0,.25]",0.125,0.125,0.6875,0.5625,0.125,0.875,0.75,0.375,0.6875,0.3125
100,B-bin/A-base,91,"(0,.25]",0.125,0.125,0.6875,0.5625,0.125,0.875,0.75,0.6875,0.6875,0.0
100,A-bin/B-base,92,"(0,.25]",0.125,0.3125,0.3125,0.0,0.5625,0.5,-0.0625,0.4375,0.4375,0.0
100,B-bin/A-base,92,"(.25,.5]",0.3125,0.125,0.3125,0.1875,0.3125,0.5,0.1875,0.1875,0.4375,0.25
100,A-bin/B-base,93,"(.5,.75]",0.75,0.375,0.875,0.5,0.4375,0.9375,0.5,0.75,0.9375,0.1875
100,B-bin/A-base,93,"(.25,.5]",0.375,0.75,0.875,0.125,0.75,0.9375,0.1875,1.0,0.9375,-0.0625
100,A-bin/B-base,94,"(.5,.75]",0.5625,0.5625,1.0,0.4375,0.5625,1.0,0.4375,0.9375,1.0,0.0625
100,B-bin/A-base,94,"(.5,.75]",0.5625,0.5625,1.0,0.4375,0.5625,1.0,0.4375,0.875,1.0,0.125
100,A-bin/B-base,95,"(0,.25]",0.125,0.0,0.0625,0.0625,0.3125,0.75,0.4375,0.0,0.0625,0.0625
100,B-bin/A-base,95,0,0.0,0.125,0.0625,-0.0625,0.25,0.75,0.5,0.125,0.0625,-0.0625
100,A-bin/B-base,96,"(.75,1)",0.8125,0.6875,0.8125,0.125,0.6875,1.0,0.3125,0.75,0.8125,0.0625
100,B-bin/A-base,96,"(.5,.75]",0.6875,0.8125,0.8125,0.0,0.8125,1.0,0.1875,0.875,0.8125,-0.0625
100,A-bin/B-base,97,0,0.0,0.0,0.0,0.0,0.1875,0.75,0.5625,0.0,0.0,0.0
100,B-bin/A-base,97,0,0.0,0.0,0.0,0.0,0.25,0.75,0.5,0.0,0.0,0.0
100,A-bin/B-base,98,"(.25,.5]",0.3125,0.375,0.5625,0.1875,0.6875,0.75,0.0625,0.375,0.5625,0.1875
100,B-bin/A-base,98,"(.25,.5]",0.375,0.3125,0.5625,0.25,0.5,0.75,0.25,0.375,0.5625,0.1875
100,A-bin/B-base,99,0,0.0,0.0,0.0625,0.0625,0.125,0.5,0.375,0.0625,0.0625,0.0
100,B-bin/A-base,99,0,0.0,0.0,0.0625,0.0625,0.0,0.5,0.5,0.0625,0.0625,0.0
100,A-bin/B-base,100,"(.25,.5]",0.375,0.25,0.6875,0.4375,0.375,0.9375,0.5625,0.4375,0.75,0.3125
100,B-bin/A-base,100,"(0,.25]",0.25,0.375,0.6875,0.3125,0.4375,0.9375,0.5,0.75,0.75,0.0
100,A-bin/B-base,101,"(0,.25]",0.25,0.3125,0.75,0.4375,0.5,1.0,0.5,0.625,0.75,0.125
100,B-bin/A-base,101,"(.25,.5]",0.3125,0.25,0.75,0.5,0.5,1.0,0.5,0.5,0.75,0.25
100,A-bin/B-base,102,"(0,.25]",0.1875,0.375,0.75,0.375,0.5625,0.8125,0.25,0.5625,0.8125,0.25
100,B-bin/A-base,102,"(.25,.5]",0.375,0.1875,0.75,0.5625,0.1875,0.8125,0.625,0.4375,0.8125,0.375
100,A-bin/B-base,103,0,0.0,0.0,0.0625,0.0625,0.0,0.1875,0.1875,0.0625,0.125,0.0625
100,B-bin/A-base,103,0,0.0,0.0,0.0625,0.0625,0.125,0.1875,0.0625,0.0,0.125,0.125
100,A-bin/B-base,104,"(.5,.75]",0.75,0.4375,0.6875,0.25,0.4375,0.8125,0.375,0.875,0.8125,-0.0625
100,B-bin/A-base,104,"(.25,.5]",0.4375,0.75,0.6875,-0.0625,0.8125,0.8125,0.0,0.8125,0.8125,0.0
100,A-bin/B-base,105,"(.5,.75]",0.5625,0.5625,0.75,0.1875,0.6875,0.9375,0.25,0.75,0.8125,0.0625
100,B-bin/A-base,105,"(.5,.75]",0.5625,0.5625,0.75,0.1875,0.6875,0.9375,0.25,0.75,0.8125,0.0625
100,A-bin/B-base,106,"(.5,.75]",0.75,0.8125,0.9375,0.125,0.875,1.0,0.125,0.875,0.9375,0.0625
100,B-bin/A-base,106,"(.75,1)",0.8125,0.75,0.9375,0.1875,0.75,1.0,0.25,1.0,0.9375,-0.0625
100,A-bin/B-base,107,"(0,.25]",0.125,0.125,0.4375,0.3125,0.4375,0.75,0.3125,0.25,0.5,0.25
100,B-bin/A-base,107,"(0,.25]",0.125,0.125,0.4375,0.3125,0.1875,0.75,0.5625,0.375,0.5,0.125
100,A-bin/B-base,108,"(.25,.5]",0.3125,0.1875,0.375,0.1875,0.375,0.75,0.375,0.375,0.4375,0.0625
100,B-bin/A-base,108,"(0,.25]",0.1875,0.3125,0.375,0.0625,0.5625,0.75,0.1875,0.5,0.4375,-0.0625
100,A-bin/B-base,109,"(.25,.5]",0.5,0.625,0.75,0.125,0.6875,0.875,0.1875,0.8125,0.875,0.0625
100,B-bin/A-base,109,"(.5,.75]",0.625,0.5,0.75,0.25,0.5,0.875,0.375,0.8125,0.875,0.0625
100,A-bin/B-base,110,"(.5,.75]",0.5625,0.4375,0.9375,0.5,0.5625,0.9375,0.375,0.8125,1.0,0.1875
100,B-bin/A-base,110,"(.25,.5]",0.4375,0.5625,0.9375,0.375,0.625,0.9375,0.3125,0.75,1.0,0.25
100,A-bin/B-base,111,"(.75,1)",0.8125,0.625,1.0,0.375,0.625,1.0,0.375,0.875,1.0,0.125
100,B-bin/A-base,111,"(.5,.75]",0.625,0.8125,1.0,0.1875,0.8125,1.0,0.1875,0.875,1.0,0.125
100,A-bin/B-base,112,"(.25,.5]",0.5,0.625,0.6875,0.0625,0.8125,0.875,0.0625,0.75,0.75,0.0
100,B-bin/A-base,112,"(.5,.75]",0.625,0.5,0.6875,0.1875,0.6875,0.875,0.1875,0.625,0.75,0.125
100,A-bin/B-base,113,"(.5,.75]",0.5625,0.75,0.5625,-0.1875,0.8125,0.75,-0.0625,0.9375,0.625,-0.3125
100,B-bin/A-base,113,"(.5,.75]",0.75,0.5625,0.5625,0.0,0.6875,0.75,0.0625,0.625,0.625,0.0
100,A-bin/B-base,114,"(.75,1)",0.8125,0.8125,1.0,0.1875,0.8125,1.0,0.1875,0.9375,1.0,0.0625
100,B-bin/A-base,114,"(.75,1)",0.8125,0.8125,1.0,0.1875,0.875,1.0,0.125,0.9375,1.0,0.0625
100,A-bin/B-base,115,"(.25,.5]",0.5,0.25,0.5,0.25,0.3125,0.5625,0.25,0.5,0.75,0.25
100,B-bin/A-base,115,"(0,.25]",0.25,0.5,0.5,0.0,0.625,0.5625,-0.0625,0.6875,0.75,0.0625
100,A-bin/B-base,116,0,0.0,0.0,0.0,0.0,0.0625,0.625,0.5625,0.0625,0.0,-0.0625
100,B-bin/A-base,116,0,0.0,0.0,0.0,0.0,0.25,0.625,0.375,0.0,0.0,0.0
100,A-bin/B-base,117,0,0.0,0.0,0.0,0.0,0.0,0.0625,0.0625,0.0625,0.0,-0.0625
100,B-bin/A-base,117,0,0.0,0.0,0.0,0.0,0.0,0.0625,0.0625,0.0625,0.0,-0.0625
100,A-bin/B-base,118,"(0,.25]",0.0625,0.0,0.0625,0.0625,0.375,0.5625,0.1875,0.125,0.0625,-0.0625
100,B-bin/A-base,118,0,0.0,0.0625,0.0625,0.0,0.6875,0.5625,-0.125,0.0625,0.0625,0.0
100,A-bin/B-base,119,"(.25,.5]",0.375,0.25,0.75,0.5,0.3125,0.9375,0.625,0.625,0.75,0.125
100,B-bin/A-base,119,"(0,.25]",0.25,0.375,0.75,0.375,0.4375,0.9375,0.5,0.875,0.75,-0.125
100,A-bin/B-base,120,"(.25,.5]",0.375,0.25,0.625,0.375,0.375,0.9375,0.5625,0.4375,0.625,0.1875
100,B-bin/A-base,120,"(0,.25]",0.25,0.375,0.625,0.25,0.625,0.9375,0.3125,0.5,0.625,0.125
100,A-bin/B-base,121,0,0.0,0.0625,0.0,-0.0625,0.125,0.25,0.125,0.3125,0.0,-0.3125
100,B-bin/A-base,121,"(0,.25]",0.0625,0.0,0.0,0.0,0.125,0.25,0.125,0.0,0.0,0.0
100,A-bin/B-base,122,"(0,.25]",0.0625,0.125,0.375,0.25,0.1875,0.625,0.4375,0.25,0.4375,0.1875
100,B-bin/A-base,122,"(0,.25]",0.125,0.0625,0.375,0.3125,0.125,0.625,0.5,0.1875,0.4375,0.25
100,A-bin/B-base,123,"(0,.25]",0.1875,0.125,0.375,0.25,0.25,0.4375,0.1875,0.4375,0.5625,0.125
100,B-bin/A-base,123,"(0,.25]",0.125,0.1875,0.375,0.1875,0.1875,0.4375,0.25,0.4375,0.5625,0.125
100,A-bin/B-base,124,"(.25,.5]",0.3125,0.4375,0.5625,0.125,0.4375,0.75,0.3125,0.5625,0.5625,0.0
100,B-bin/A-base,124,"(.25,.5]",0.4375,0.3125,0.5625,0.25,0.375,0.75,0.375,0.4375,0.5625,0.125
100,A-bin/B-base,125,"(.5,.75]",0.5625,0.8125,0.8125,0.0,0.8125,0.9375,0.125,0.9375,0.875,-0.0625
100,B-bin/A-base,125,"(.75,1)",0.8125,0.5625,0.8125,0.25,0.6875,0.9375,0.25,0.75,0.875,0.125
100,A-bin/B-base,126,"(.75,1)",0.8125,0.75,0.875,0.125,0.75,0.9375,0.1875,1.0,0.9375,-0.0625
100,B-bin/A-base,126,"(.5,.75]",0.75,0.8125,0.875,0.0625,0.8125,0.9375,0.125,0.9375,0.9375,0.0
100,A-bin/B-base,127,"(.5,.75]",0.5625,0.5,0.875,0.375,0.5625,0.875,0.3125,0.6875,0.9375,0.25
100,B-bin/A-base,127,"(.25,.5]",0.5,0.5625,0.875,0.3125,0.5625,0.875,0.3125,0.8125,0.9375,0.125
100,A-bin/B-base,128,"(0,.25]",0.125,0.1875,0.375,0.1875,0.375,0.625,0.25,0.4375,0.5,0.0625
100,B-bin/A-base,128,"(0,.25]",0.1875,0.125,0.375,0.25,0.1875,0.625,0.4375,0.375,0.5,0.125
100,A-bin/B-base,129,0,0.0,0.0625,0.0,-0.0625,0.25,0.3125,0.0625,0.0625,0.0,-0.0625
100,B-bin/A-base,129,"(0,.25]",0.0625,0.0,0.0,0.0,0.0625,0.3125,0.25,0.0,0.0,0.0
100,A-bin/B-base,130,"(.75,1)",0.9375,0.8125,0.875,0.0625,0.8125,0.9375,0.125,0.9375,0.875,-0.0625
100,B-bin/A-base,130,"(.75,1)",0.8125,0.9375,0.875,-0.0625,0.9375,0.9375,0.0,1.0,0.875,-0.125
100,A-bin/B-base,131,"(0,.25]",0.125,0.1875,0.4375,0.25,0.1875,0.75,0.5625,0.1875,0.5,0.3125
100,B-bin/A-base,131,"(0,.25]",0.1875,0.125,0.4375,0.3125,0.1875,0.75,0.5625,0.125,0.5,0.375
100,A-bin/B-base,132,"(.5,.75]",0.75,0.4375,0.625,0.1875,0.5625,0.75,0.1875,0.6875,0.6875,0.0
100,B-bin/A-base,132,"(.25,.5]",0.4375,0.75,0.625,-0.125,0.75,0.75,0.0,0.75,0.6875,-0.0625
100,A-bin/B-base,133,"(.25,.5]",0.4375,0.375,0.625,0.25,0.375,0.75,0.375,0.75,0.6875,-0.0625
100,B-bin/A-base,133,"(.25,.5]",0.375,0.4375,0.625,0.1875,0.5,0.75,0.25,0.6875,0.6875,0.0
100,A-bin/B-base,134,"(0,.25]",0.0625,0.0,0.0625,0.0625,0.4375,0.9375,0.5,0.0625,0.0625,0.0
100,B-bin/A-base,134,0,0.0,0.0625,0.0625,0.0,0.4375,0.9375,0.5,0.0625,0.0625,0.0
100,A-bin/B-base,135,"(.5,.75]",0.6875,0.75,0.875,0.125,0.75,1.0,0.25,0.875,0.875,0.0
100,B-bin/A-base,135,"(.5,.75]",0.75,0.6875,0.875,0.1875,0.75,1.0,0.25,0.75,0.875,0.125
100,A-bin/B-base,136,"(0,.25]",0.25,0.125,0.625,0.5,0.1875,0.75,0.5625,0.5625,0.75,0.1875
100,B-bin/A-base,136,"(0,.25]",0.125,0.25,0.625,0.375,0.25,0.75,0.5,0.4375,0.75,0.3125
100,A-bin/B-base,137,"(.5,.75]",0.5625,0.3125,0.5625,0.25,0.375,0.625,0.25,0.5625,0.5625,0.0
100,B-bin/A-base,137,"(.25,.5]",0.3125,0.5625,0.5625,0.0,0.5625,0.625,0.0625,0.625,0.5625,-0.0625
100,A-bin/B-base,138,"(0,.25]",0.1875,0.0625,0.4375,0.375,0.0625,0.625,0.5625,0.4375,0.5625,0.125
100,B-bin/A-base,138,"(0,.25]",0.0625,0.1875,0.4375,0.25,0.25,0.625,0.375,0.25,0.5625,0.3125
100,A-bin/B-base,139,0,0.0,0.125,0.625,0.5,0.1875,0.6875,0.5,0.5625,0.625,0.0625
100,B-bin/A-base,139,"(0,.25]",0.125,0.0,0.625,0.625,0.0,0.6875,0.6875,0.25,0.625,0.375
100,A-bin/B-base,140,"(.25,.5]",0.3125,0.25,0.5625,0.3125,0.25,0.8125,0.5625,0.4375,0.625,0.1875
100,B-bin/A-base,140,"(0,.25]",0.25,0.3125,0.5625,0.25,0.3125,0.8125,0.5,0.5625,0.625,0.0625
100,A-bin/B-base,141,"(0,.25]",0.1875,0.3125,0.75,0.4375,0.75,1.0,0.25,0.4375,0.75,0.3125
100,B-bin/A-base,141,"(.25,.5]",0.3125,0.1875,0.75,0.5625,0.1875,1.0,0.8125,0.4375,0.75,0.3125
100,A-bin/B-base,142,0,0.0,0.0625,0.1875,0.125,0.125,0.5,0.375,0.1875,0.1875,0.0
100,B-bin/A-base,142,"(0,.25]",0.0625,0.0,0.1875,0.1875,0.125,0.5,0.375,0.125,0.1875,0.0625
100,A-bin/B-base,143,"(.25,.5]",0.3125,0.4375,0.3125,-0.125,0.5625,0.625,0.0625,0.5,0.3125,-0.1875
100,B-bin/A-base,143,"(.25,.5]",0.4375,0.3125,0.3125,0.0,0.5,0.625,0.125,0.4375,0.3125,-0.125
100,A-bin/B-base,144,"(0,.25]",0.25,0.1875,0.5,0.3125,0.25,0.75,0.5,0.5,0.5625,0.0625
100,B-bin/A-base,144,"(0,.25]",0.1875,0.25,0.5,0.25,0.3125,0.75,0.4375,0.5625,0.5625,0.0
100,A-bin/B-base,145,"(.5,.75]",0.6875,0.375,0.8125,0.4375,0.5,0.9375,0.4375,0.5625,0.8125,0.25
100,B-bin/A-base,145,"(.25,.5]",0.375,0.6875,0.8125,0.125,0.6875,0.9375,0.25,0.875,0.8125,-0.0625
100,A-bin/B-base,146,"(0,.25]",0.25,0.0625,0.5,0.4375,0.3125,1.0,0.6875,0.1875,0.5,0.3125
100,B-bin/A-base,146,"(0,.25]",0.0625,0.25,0.5,0.25,0.25,1.0,0.75,0.4375,0.5,0.0625
100,A-bin/B-base,147,"(.75,1)",0.8125,0.6875,0.75,0.0625,0.6875,0.875,0.1875,0.875,0.875,0.0
100,B-bin/A-base,147,"(.5,.75]",0.6875,0.8125,0.75,-0.0625,0.8125,0.875,0.0625,0.9375,0.875,-0.0625
100,A-bin/B-base,148,"(.5,.75]",0.5625,0.1875,0.625,0.4375,0.3125,0.9375,0.625,0.5,0.625,0.125
100,B-bin/A-base,148,"(0,.25]",0.1875,0.5625,0.625,0.0625,0.625,0.9375,0.3125,0.75,0.625,-0.125
100,A-bin/B-base,149,"(.5,.75]",0.5625,0.5,0.6875,0.1875,0.5625,0.8125,0.25,0.875,0.75,-0.125
100,B-bin/A-base,149,"(.25,.5]",0.5,0.5625,0.6875,0.125,0.625,0.8125,0.1875,0.625,0.75,0.125
100,A-bin/B-base,150,"(.5,.75]",0.75,0.4375,0.875,0.4375,0.5,1.0,0.5,0.75,0.875,0.125
100,B-bin/A-base,150,"(.25,.5]",0.4375,0.75,0.875,0.125,0.75,1.0,0.25,0.9375,0.875,-0.0625
100,A-bin/B-base,151,"(.25,.5]",0.5,0.5625,0.5,-0.0625,0.625,0.8125,0.1875,0.8125,0.625,-0.1875
100,B-bin/A-base,151,"(.5,.75]",0.5625,0.5,0.5,0.0,0.75,0.8125,0.0625,0.5625,0.625,0.0625
100,A-bin/B-base,152,"(.5,.75]",0.6875,0.5625,0.5625,0.0,0.625,0.9375,0.3125,0.75,0.5625,-0.1875
100,B-bin/A-base,152,"(.5,.75]",0.5625,0.6875,0.5625,-0.125,0.75,0.9375,0.1875,0.8125,0.5625,-0.25
100,A-bin/B-base,153,"(.25,.5]",0.3125,0.4375,0.375,-0.0625,0.5625,0.875,0.3125,0.5,0.4375,-0.0625
100,B-bin/A-base,153,"(.25,.5]",0.4375,0.3125,0.375,0.0625,0.625,0.875,0.25,0.375,0.4375,0.0625
100,A-bin/B-base,154,"(.25,.5]",0.3125,0.4375,0.5,0.0625,0.5,0.9375,0.4375,0.625,0.5625,-0.0625
100,B-bin/A-base,154,"(.25,.5]",0.4375,0.3125,0.5,0.1875,0.3125,0.9375,0.625,0.625,0.5625,-0.0625
100,A-bin/B-base,155,"(.25,.5]",0.375,0.125,0.4375,0.3125,0.375,0.625,0.25,0.3125,0.5,0.1875
100,B-bin/A-base,155,"(0,.25]",0.125,0.375,0.4375,0.0625,0.4375,0.625,0.1875,0.4375,0.5,0.0625
100,A-bin/B-base,156,"(.5,.75]",0.5625,0.6875,0.875,0.1875,0.75,0.9375,0.1875,0.875,0.9375,0.0625
100,B-bin/A-base,156,"(.5,.75]",0.6875,0.5625,0.875,0.3125,0.5625,0.9375,0.375,0.9375,0.9375,0.0
100,A-bin/B-base,157,"(.25,.5]",0.3125,0.5,0.6875,0.1875,0.5,0.75,0.25,0.75,0.75,0.0
100,B-bin/A-base,157,"(.25,.5]",0.5,0.3125,0.6875,0.375,0.3125,0.75,0.4375,0.5,0.75,0.25
100,A-bin/B-base,158,"(.25,.5]",0.4375,0.0625,0.625,0.5625,0.1875,0.9375,0.75,0.5,0.625,0.125
100,B-bin/A-base,158,"(0,.25]",0.0625,0.4375,0.625,0.1875,0.5625,0.9375,0.375,0.625,0.625,0.0
100,A-bin/B-base,159,"(0,.25]",0.0625,0.0625,0.375,0.3125,0.3125,0.75,0.4375,0.125,0.375,0.25
100,B-bin/A-base,159,"(0,.25]",0.0625,0.0625,0.375,0.3125,0.25,0.75,0.5,0.125,0.375,0.25
100,A-bin/B-base,160,0,0.0,0.0,0.0,0.0,0.3125,0.875,0.5625,0.0,0.0,0.0
100,B-bin/A-base,160,0,0.0,0.0,0.0,0.0,0.375,0.875,0.5,0.0,0.0,0.0
100,A-bin/B-base,161,"(.75,1)",0.875,0.6875,0.6875,0.0,0.8125,0.875,0.0625,0.75,0.6875,-0.0625
100,B-bin/A-base,161,"(.5,.75]",0.6875,0.875,0.6875,-0.1875,0.9375,0.875,-0.0625,0.875,0.6875,-0.1875
100,A-bin/B-base,162,"(0,.25]",0.0625,0.1875,0.125,-0.0625,0.375,0.75,0.375,0.1875,0.125,-0.0625
100,B-bin/A-base,162,"(0,.25]",0.1875,0.0625,0.125,0.0625,0.3125,0.75,0.4375,0.125,0.125,0.0
100,A-bin/B-base,163,"(.25,.5]",0.5,0.625,0.875,0.25,0.6875,0.9375,0.25,0.8125,0.9375,0.125
100,B-bin/A-base,163,"(.5,.75]",0.625,0.5,0.875,0.375,0.625,0.9375,0.3125,0.75,0.9375,0.1875
100,A-bin/B-base,164,"(.5,.75]",0.5625,0.5,0.6875,0.1875,0.6875,0.9375,0.25,0.625,0.6875,0.0625
100,B-bin/A-base,164,"(.25,.5]",0.5,0.5625,0.6875,0.125,0.8125,0.9375,0.125,0.6875,0.6875,0.0
100,A-bin/B-base,165,0,0.0,0.0,0.125,0.125,0.375,0.5625,0.1875,0.0,0.125,0.125
100,B-bin/A-base,165,0,0.0,0.0,0.125,0.125,0.0,0.5625,0.5625,0.0625,0.125,0.0625
100,A-bin/B-base,166,"(0,.25]",0.125,0.125,0.4375,0.3125,0.25,0.625,0.375,0.1875,0.5625,0.375
100,B-bin/A-base,166,"(0,.25]",0.125,0.125,0.4375,0.3125,0.125,0.625,0.5,0.5625,0.5625,0.0
100,A-bin/B-base,167,0,0.0,0.0,0.0,0.0,0.5,0.8125,0.3125,0.0,0.0,0.0
100,B-bin/A-base,167,0,0.0,0.0,0.0,0.0,0.5,0.8125,0.3125,0.0,0.0,0.0
100,A-bin/B-base,168,"(.75,1)",0.8125,0.875,0.875,0.0,0.875,1.0,0.125,0.875,0.875,0.0
100,B-bin/A-base,168,"(.75,1)",0.875,0.8125,0.875,0.0625,0.875,1.0,0.125,0.9375,0.875,-0.0625
100,A-bin/B-base,169,"(0,.25]",0.125,0.0,0.5,0.5,0.25,0.75,0.5,0.1875,0.625,0.4375
100,B-bin/A-base,169,0,0.0,0.125,0.5,0.375,0.25,0.75,0.5,0.25,0.625,0.375
100,A-bin/B-base,170,"(.5,.75]",0.5625,0.5625,0.6875,0.125,0.625,0.875,0.25,0.75,0.75,0.0
100,B-bin/A-base,170,"(.5,.75]",0.5625,0.5625,0.6875,0.125,0.5625,0.875,0.3125,0.75,0.75,0.0
100,A-bin/B-base,171,0,0.0,0.0625,0.125,0.0625,0.125,0.5625,0.4375,0.125,0.25,0.125
100,B-bin/A-base,171,"(0,.25]",0.0625,0.0,0.125,0.125,0.0625,0.5625,0.5,0.1875,0.25,0.0625
100,A-bin/B-base,172,"(.5,.75]",0.5625,0.5625,0.875,0.3125,0.5625,0.9375,0.375,0.8125,0.9375,0.125
100,B-bin/A-base,172,"(.5,.75]",0.5625,0.5625,0.875,0.3125,0.625,0.9375,0.3125,0.875,0.9375,0.0625
100,A-bin/B-base,173,"(0,.25]",0.125,0.0,0.125,0.125,0.0,0.4375,0.4375,0.0,0.125,0.125
100,B-bin/A-base,173,0,0.0,0.125,0.125,0.0,0.1875,0.4375,0.25,0.25,0.125,-0.125
100,A-bin/B-base,174,"(.5,.75]",0.625,0.5,0.75,0.25,0.625,0.9375,0.3125,0.75,0.75,0.0
100,B-bin/A-base,174,"(.25,.5]",0.5,0.625,0.75,0.125,0.6875,0.9375,0.25,0.8125,0.75,-0.0625
100,A-bin/B-base,175,"(0,.25]",0.0625,0.1875,0.4375,0.25,0.1875,0.625,0.4375,0.5,0.4375,-0.0625
100,B-bin/A-base,175,"(0,.25]",0.1875,0.0625,0.4375,0.375,0.0625,0.625,0.5625,0.4375,0.4375,0.0
100,A-bin/B-base,176,1,1.0,0.8125,1.0,0.1875,0.8125,1.0,0.1875,0.9375,1.0,0.0625
100,B-bin/A-base,176,"(.75,1)",0.8125,1.0,1.0,0.0,1.0,1.0,0.0,1.0,1.0,0.0
100,A-bin/B-base,177,"(.25,.5]",0.375,0.3125,0.1875,-0.125,0.375,0.5625,0.1875,0.375,0.3125,-0.0625
100,B-bin/A-base,177,"(.25,.5]",0.3125,0.375,0.1875,-0.1875,0.625,0.5625,-0.0625,0.5625,0.3125,-0.25
100,A-bin/B-base,178,"(.25,.5]",0.5,0.5,0.625,0.125,0.5625,0.9375,0.375,0.6875,0.625,-0.0625
100,B-bin/A-base,178,"(.25,.5]",0.5,0.5,0.625,0.125,0.5625,0.9375,0.375,0.75,0.625,-0.125
100,A-bin/B-base,179,"(.25,.5]",0.3125,0.5625,0.6875,0.125,0.6875,0.8125,0.125,0.625,0.6875,0.0625
100,B-bin/A-base,179,"(.5,.75]",0.5625,0.3125,0.6875,0.375,0.375,0.8125,0.4375,0.6875,0.6875,0.0
100,A-bin/B-base,180,"(.75,1)",0.875,0.75,1.0,0.25,0.75,1.0,0.25,0.9375,1.0,0.0625
100,B-bin/A-base,180,"(.5,.75]",0.75,0.875,1.0,0.125,0.875,1.0,0.125,0.9375,1.0,0.0625
100,A-bin/B-base,181,"(0,.25]",0.125,0.0625,0.0625,0.0,0.125,0.3125,0.1875,0.125,0.125,0.0
100,B-bin/A-base,181,"(0,.25]",0.0625,0.125,0.0625,-0.0625,0.25,0.3125,0.0625,0.375,0.125,-0.25
100,A-bin/B-base,182,"(0,.25]",0.25,0.0625,0.3125,0.25,0.375,0.625,0.25,0.125,0.375,0.25
100,B-bin/A-base,182,"(0,.25]",0.0625,0.25,0.3125,0.0625,0.4375,0.625,0.1875,0.25,0.375,0.125
100,A-bin/B-base,183,"(0,.25]",0.0625,0.0625,0.4375,0.375,0.125,0.5,0.375,0.25,0.625,0.375
100,B-bin/A-base,183,"(0,.25]",0.0625,0.0625,0.4375,0.375,0.1875,0.5,0.3125,0.1875,0.625,0.4375
100,A-bin/B-base,184,0,0.0,0.125,0.0,-0.125,0.4375,0.5625,0.125,0.125,0.0625,-0.0625
100,B-bin/A-base,184,"(0,.25]",0.125,0.0,0.0,0.0,0.0625,0.5625,0.5,0.0625,0.0625,0.0
100,A-bin/B-base,185,"(.75,1)",0.8125,0.875,0.9375,0.0625,0.875,0.9375,0.0625,1.0,1.0,0.0
100,B-bin/A-base,185,"(.75,1)",0.875,0.8125,0.9375,0.125,0.8125,0.9375,0.125,0.9375,1.0,0.0625
100,A-bin/B-base,186,"(.5,.75]",0.625,0.625,0.9375,0.3125,0.6875,1.0,0.3125,0.8125,0.9375,0.125
100,B-bin/A-base,186,"(.5,.75]",0.625,0.625,0.9375,0.3125,0.6875,1.0,0.3125,0.9375,0.9375,0.0
100,A-bin/B-base,187,"(0,.25]",0.0625,0.0,0.0,0.0,0.0625,0.25,0.1875,0.0625,0.0,-0.0625
100,B-bin/A-base,187,0,0.0,0.0625,0.0,-0.0625,0.0625,0.25,0.1875,0.0625,0.0,-0.0625
100,A-bin/B-base,188,"(.75,1)",0.875,0.9375,0.9375,0.0,0.9375,1.0,0.0625,1.0,0.9375,-0.0625
100,B-bin/A-base,188,"(.75,1)",0.9375,0.875,0.9375,0.0625,0.875,1.0,0.125,1.0,0.9375,-0.0625
100,A-bin/B-base,189,"(0,.25]",0.25,0.1875,0.375,0.1875,0.3125,0.625,0.3125,0.5625,0.4375,-0.125
100,B-bin/A-base,189,"(0,.25]",0.1875,0.25,0.375,0.125,0.375,0.625,0.25,0.375,0.4375,0.0625
100,A-bin/B-base,190,"(0,.25]",0.125,0.0,0.1875,0.1875,0.125,0.625,0.5,0.0625,0.25,0.1875
100,B-bin/A-base,190,0,0.0,0.125,0.1875,0.0625,0.375,0.625,0.25,0.3125,0.25,-0.0625
100,A-bin/B-base,191,0,0.0,0.0,0.125,0.125,0.1875,0.5,0.3125,0.0625,0.125,0.0625
100,B-bin/A-base,191,0,0.0,0.0,0.125,0.125,0.125,0.5,0.375,0.0625,0.125,0.0625
100,A-bin/B-base,192,"(0,.25]",0.25,0.3125,0.4375,0.125,0.375,0.6875,0.3125,0.4375,0.5,0.0625
100,B-bin/A-base,192,"(.25,.5]",0.3125,0.25,0.4375,0.1875,0.25,0.6875,0.4375,0.625,0.5,-0.125
100,A-bin/B-base,193,"(.25,.5]",0.5,0.1875,0.3125,0.125,0.4375,0.6875,0.25,0.3125,0.375,0.0625
100,B-bin/A-base,193,"(0,.25]",0.1875,0.5,0.3125,-0.1875,0.5625,0.6875,0.125,0.5,0.375,-0.125
100,A-bin/B-base,194,"(0,.25]",0.25,0.25,0.875,0.625,0.5625,1.0,0.4375,0.375,0.875,0.5
100,B-bin/A-base,194,"(0,.25]",0.25,0.25,0.875,0.625,0.4375,1.0,0.5625,0.375,0.875,0.5
100,A-bin/B-base,195,"(.5,.75]",0.5625,0.6875,0.9375,0.25,0.6875,0.9375,0.25,0.9375,0.9375,0.0
100,B-bin/A-base,195,"(.5,.75]",0.6875,0.5625,0.9375,0.375,0.5625,0.9375,0.375,0.875,0.9375,0.0625
100,A-bin/B-base,196,"(.25,.5]",0.5,0.625,0.9375,0.3125,0.6875,1.0,0.3125,0.875,0.9375,0.0625
100,B-bin/A-base,196,"(.5,.75]",0.625,0.5,0.9375,0.4375,0.5625,1.0,0.4375,0.75,0.9375,0.1875
100,A-bin/B-base,197,"(0,.25]",0.1875,0.3125,0.625,0.3125,0.375,0.75,0.375,0.75,0.8125,0.0625
100,B-bin/A-base,197,"(.25,.5]",0.3125,0.1875,0.625,0.4375,0.1875,0.75,0.5625,0.5,0.8125,0.3125
100,A-bin/B-base,198,"(0,.25]",0.1875,0.125,0.375,0.25,0.1875,0.5,0.3125,0.125,0.375,0.25
100,B-bin/A-base,198,"(0,.25]",0.125,0.1875,0.375,0.1875,0.1875,0.5,0.3125,0.1875,0.375,0.1875
100,A-bin/B-base,199,"(0,.25]",0.1875,0.0,0.0625,0.0625,0.0,0.3125,0.3125,0.0,0.0625,0.0625
100,B-bin/A-base,199,0,0.0,0.1875,0.0625,-0.125,0.1875,0.3125,0.125,0.3125,0.0625,-0.25
100,A-bin/B-base,200,"(.25,.5]",0.375,0.6875,0.625,-0.0625,0.6875,0.875,0.1875,0.8125,0.625,-0.1875
100,B-bin/A-base,200,"(.5,.75]",0.6875,0.375,0.625,0.25,0.4375,0.875,0.4375,0.625,0.625,0.0
100,A-bin/B-base,201,"(0,.25]",0.0625,0.0625,0.25,0.1875,0.1875,0.5625,0.375,0.125,0.375,0.25
100,B-bin/A-base,201,"(0,.25]",0.0625,0.0625,0.25,0.1875,0.25,0.5625,0.3125,0.125,0.375,0.25
100,A-bin/B-base,202,"(.75,1)",0.875,0.875,0.9375,0.0625,0.9375,0.9375,0.0,0.9375,1.0,0.0625
100,B-bin/A-base,202,"(.75,1)",0.875,0.875,0.9375,0.0625,0.875,0.9375,0.0625,1.0,1.0,0.0
100,A-bin/B-base,203,"(.75,1)",0.8125,0.8125,0.8125,0.0,0.8125,0.8125,0.0,0.9375,0.9375,0.0
100,B-bin/A-base,203,"(.75,1)",0.8125,0.8125,0.8125,0.0,0.875,0.8125,-0.0625,0.9375,0.9375,0.0
100,A-bin/B-base,204,"(0,.25]",0.25,0.375,0.5625,0.1875,0.4375,0.8125,0.375,0.5,0.6875,0.1875
100,B-bin/A-base,204,"(.25,.5]",0.375,0.25,0.5625,0.3125,0.3125,0.8125,0.5,0.4375,0.6875,0.25
100,A-bin/B-base,205,"(0,.25]",0.125,0.25,0.125,-0.125,0.375,0.5,0.125,0.25,0.125,-0.125
100,B-bin/A-base,205,"(0,.25]",0.25,0.125,0.125,0.0,0.375,0.5,0.125,0.125,0.125,0.0
100,A-bin/B-base,206,"(0,.25]",0.25,0.4375,0.8125,0.375,0.4375,0.8125,0.375,0.5625,1.0,0.4375
100,B-bin/A-base,206,"(.25,.5]",0.4375,0.25,0.8125,0.5625,0.25,0.8125,0.5625,0.6875,1.0,0.3125
100,A-bin/B-base,207,"(.25,.5]",0.5,0.5625,0.75,0.1875,0.625,0.9375,0.3125,0.75,0.8125,0.0625
100,B-bin/A-base,207,"(.5,.75]",0.5625,0.5,0.75,0.25,0.5625,0.9375,0.375,0.6875,0.8125,0.125
100,A-bin/B-base,208,"(.5,.75]",0.6875,0.75,0.9375,0.1875,0.75,1.0,0.25,0.9375,0.9375,0.0
100,B-bin/A-base,208,"(.5,.75]",0.75,0.6875,0.9375,0.25,0.6875,1.0,0.3125,0.875,0.9375,0.0625
100,A-bin/B-base,209,"(.5,.75]",0.5625,0.5,0.8125,0.3125,0.5,0.875,0.375,0.8125,0.9375,0.125
100,B-bin/A-base,209,"(.25,.5]",0.5,0.5625,0.8125,0.25,0.625,0.875,0.25,0.625,0.9375,0.3125
100,A-bin/B-base,210,"(.25,.5]",0.3125,0.25,0.75,0.5,0.375,0.875,0.5,0.6875,0.8125,0.125
100,B-bin/A-base,210,"(0,.25]",0.25,0.3125,0.75,0.4375,0.375,0.875,0.5,0.4375,0.8125,0.375
100,A-bin/B-base,211,"(0,.25]",0.0625,0.125,0.1875,0.0625,0.5,0.6875,0.1875,0.1875,0.25,0.0625
100,B-bin/A-base,211,"(0,.25]",0.125,0.0625,0.1875,0.125,0.4375,0.6875,0.25,0.3125,0.25,-0.0625
100,A-bin/B-base,212,0,0.0,0.0,0.0,0.0,0.0,0.25,0.25,0.25,0.125,-0.125
100,B-bin/A-base,212,0,0.0,0.0,0.0,0.0,0.0625,0.25,0.1875,0.125,0.125,0.0
100,A-bin/B-base,213,"(.5,.75]",0.5625,0.625,0.6875,0.0625,0.6875,0.75,0.0625,0.8125,0.9375,0.125
100,B-bin/A-base,213,"(.5,.75]",0.625,0.5625,0.6875,0.125,0.5625,0.75,0.1875,0.75,0.9375,0.1875
100,A-bin/B-base,214,"(0,.25]",0.0625,0.0,0.0625,0.0625,0.375,0.4375,0.0625,0.0,0.0625,0.0625
100,B-bin/A-base,214,0,0.0,0.0625,0.0625,0.0,0.3125,0.4375,0.125,0.0625,0.0625,0.0
100,A-bin/B-base,215,"(.25,.5]",0.5,0.75,0.875,0.125,0.75,0.875,0.125,0.9375,1.0,0.0625
100,B-bin/A-base,215,"(.5,.75]",0.75,0.5,0.875,0.375,0.5625,0.875,0.3125,0.875,1.0,0.125
100,A-bin/B-base,216,"(.5,.75]",0.75,0.5,0.625,0.125,0.5,0.6875,0.1875,0.8125,0.75,-0.0625
100,B-bin/A-base,216,"(.25,.5]",0.5,0.75,0.625,-0.125,0.75,0.6875,-0.0625,1.0,0.75,-0.25
100,A-bin/B-base,217,"(0,.25]",0.1875,0.0625,0.125,0.0625,0.0625,0.25,0.1875,0.3125,0.25,-0.0625
100,B-bin/A-base,217,"(0,.25]",0.0625,0.1875,0.125,-0.0625,0.1875,0.25,0.0625,0.375,0.25,-0.125
100,A-bin/B-base,218,"(0,.25]",0.125,0.125,0.0625,-0.0625,0.75,0.8125,0.0625,0.1875,0.125,-0.0625
100,B-bin/A-base,218,"(0,.25]",0.125,0.125,0.0625,-0.0625,0.4375,0.8125,0.375,0.1875,0.125,-0.0625
100,A-bin/B-base,219,"(0,.25]",0.0625,0.0,0.1875,0.1875,0.125,0.5,0.375,0.1875,0.1875,0.0
100,B-bin/A-base,219,0,0.0,0.0625,0.1875,0.125,0.3125,0.5,0.1875,0.3125,0.1875,-0.125
100,A-bin/B-base,220,"(0,.25]",0.0625,0.125,0.3125,0.1875,0.125,0.625,0.5,0.3125,0.375,0.0625
100,B-bin/A-base,220,"(0,.25]",0.125,0.0625,0.3125,0.25,0.125,0.625,0.5,0.25,0.375,0.125
100,A-bin/B-base,221,"(.75,1)",0.875,0.875,1.0,0.125,0.875,1.0,0.125,0.9375,1.0,0.0625
100,B-bin/A-base,221,"(.75,1)",0.875,0.875,1.0,0.125,0.875,1.0,0.125,1.0,1.0,0.0
100,A-bin/B-base,222,"(0,.25]",0.25,0.4375,0.5625,0.125,0.5,0.625,0.125,0.5,0.6875,0.1875
100,B-bin/A-base,222,"(.25,.5]",0.4375,0.25,0.5625,0.3125,0.5,0.625,0.125,0.375,0.6875,0.3125
100,A-bin/B-base,223,"(0,.25]",0.125,0.0625,0.3125,0.25,0.125,0.5625,0.4375,0.3125,0.3125,0.0
100,B-bin/A-base,223,"(0,.25]",0.0625,0.125,0.3125,0.1875,0.3125,0.5625,0.25,0.1875,0.3125,0.125
100,A-bin/B-base,224,0,0.0,0.0,0.125,0.125,0.0,0.375,0.375,0.25,0.1875,-0.0625
100,B-bin/A-base,224,0,0.0,0.0,0.125,0.125,0.1875,0.375,0.1875,0.0625,0.1875,0.125
100,A-bin/B-base,225,"(0,.25]",0.0625,0.0,0.25,0.25,0.0625,0.5625,0.5,0.1875,0.25,0.0625
100,B-bin/A-base,225,0,0.0,0.0625,0.25,0.1875,0.125,0.5625,0.4375,0.125,0.25,0.125
100,A-bin/B-base,226,"(0,.25]",0.1875,0.4375,0.3125,-0.125,0.5625,0.6875,0.125,0.625,0.4375,-0.1875
100,B-bin/A-base,226,"(.25,.5]",0.4375,0.1875,0.3125,0.125,0.3125,0.6875,0.375,0.25,0.4375,0.1875
100,A-bin/B-base,227,"(.5,.75]",0.625,0.75,0.8125,0.0625,0.8125,0.9375,0.125,0.875,0.875,0.0
100,B-bin/A-base,227,"(.5,.75]",0.75,0.625,0.8125,0.1875,0.625,0.9375,0.3125,0.9375,0.875,-0.0625
100,A-bin/B-base,228,"(0,.25]",0.125,0.0,0.0625,0.0625,0.5625,0.625,0.0625,0.0625,0.125,0.0625
100,B-bin/A-base,228,0,0.0,0.125,0.0625,-0.0625,0.6875,0.625,-0.0625,0.1875,0.125,-0.0625
100,A-bin/B-base,229,"(0,.25]",0.1875,0.0625,0.1875,0.125,0.6875,0.875,0.1875,0.125,0.1875,0.0625
100,B-bin/A-base,229,"(0,.25]",0.0625,0.1875,0.1875,0.0,0.75,0.875,0.125,0.1875,0.1875,0.0
100,A-bin/B-base,230,"(0,.25]",0.125,0.0625,0.1875,0.125,0.25,0.5625,0.3125,0.125,0.25,0.125
100,B-bin/A-base,230,"(0,.25]",0.0625,0.125,0.1875,0.0625,0.4375,0.5625,0.125,0.125,0.25,0.125
100,A-bin/B-base,231,"(0,.25]",0.0625,0.125,0.0,-0.125,0.1875,0.0625,-0.125,0.125,0.0,-0.125
100,B-bin/A-base,231,"(0,.25]",0.125,0.0625,0.0,-0.0625,0.125,0.0625,-0.0625,0.125,0.0,-0.125
100,A-bin/B-base,232,0,0.0,0.0,0.0,0.0,0.4375,0.6875,0.25,0.0,0.0,0.0
100,B-bin/A-base,232,0,0.0,0.0,0.0,0.0,0.375,0.6875,0.3125,0.0,0.0,0.0
100,A-bin/B-base,233,"(.25,.5]",0.5,0.375,0.3125,-0.0625,0.6875,0.8125,0.125,0.4375,0.375,-0.0625
100,B-bin/A-base,233,"(.25,.5]",0.375,0.5,0.3125,-0.1875,0.75,0.8125,0.0625,0.625,0.375,-0.25
100,A-bin/B-base,234,0,0.0,0.0,0.0625,0.0625,0.125,0.375,0.25,0.0,0.125,0.125
100,B-bin/A-base,234,0,0.0,0.0,0.0625,0.0625,0.125,0.375,0.25,0.0,0.125,0.125
100,A-bin/B-base,235,"(0,.25]",0.0625,0.125,0.125,0.0,0.3125,0.4375,0.125,0.375,0.125,-0.25
100,B-bin/A-base,235,"(0,.25]",0.125,0.0625,0.125,0.0625,0.0625,0.4375,0.375,0.1875,0.125,-0.0625
100,A-bin/B-base,236,"(.75,1)",0.9375,0.75,0.875,0.125,0.75,0.9375,0.1875,0.8125,0.875,0.0625
100,B-bin/A-base,236,"(.5,.75]",0.75,0.9375,0.875,-0.0625,0.9375,0.9375,0.0,1.0,0.875,-0.125
100,A-bin/B-base,237,"(0,.25]",0.0625,0.0,0.0,0.0,0.125,0.25,0.125,0.0625,0.0625,0.0
100,B-bin/A-base,237,0,0.0,0.0625,0.0,-0.0625,0.0625,0.25,0.1875,0.0625,0.0625,0.0
100,A-bin/B-base,238,"(.25,.5]",0.375,0.4375,0.75,0.3125,0.5,0.75,0.25,0.75,0.8125,0.0625
100,B-bin/A-base,238,"(.25,.5]",0.4375,0.375,0.75,0.375,0.4375,0.75,0.3125,0.875,0.8125,-0.0625
100,A-bin/B-base,239,"(0,.25]",0.25,0.125,0.0625,-0.0625,0.125,0.625,0.5,0.125,0.0625,-0.0625
100,B-bin/A-base,239,"(0,.25]",0.125,0.25,0.0625,-0.1875,0.25,0.625,0.375,0.375,0.0625,-0.3125
100,A-bin/B-base,240,"(.25,.5]",0.5,0.625,0.9375,0.3125,0.625,0.9375,0.3125,1.0,0.9375,-0.0625
100,B-bin/A-base,240,"(.5,.75]",0.625,0.5,0.9375,0.4375,0.5625,0.9375,0.375,0.8125,0.9375,0.125
100,A-bin/B-base,241,"(.5,.75]",0.625,0.3125,0.6875,0.375,0.3125,0.8125,0.5,0.6875,0.75,0.0625
100,B-bin/A-base,241,"(.25,.5]",0.3125,0.625,0.6875,0.0625,0.6875,0.8125,0.125,0.6875,0.75,0.0625
100,A-bin/B-base,242,"(.5,.75]",0.75,0.375,0.5625,0.1875,0.375,0.625,0.25,0.6875,0.6875,0.0
100,B-bin/A-base,242,"(.25,.5]",0.375,0.75,0.5625,-0.1875,0.8125,0.625,-0.1875,0.9375,0.6875,-0.25
100,A-bin/B-base,243,"(0,.25]",0.0625,0.0625,0.3125,0.25,0.125,0.625,0.5,0.0625,0.375,0.3125
100,B-bin/A-base,243,"(0,.25]",0.0625,0.0625,0.3125,0.25,0.4375,0.625,0.1875,0.1875,0.375,0.1875
100,A-bin/B-base,244,"(.75,1)",0.875,0.75,1.0,0.25,0.75,1.0,0.25,0.9375,1.0,0.0625
100,B-bin/A-base,244,"(.5,.75]",0.75,0.875,1.0,0.125,0.875,1.0,0.125,0.9375,1.0,0.0625
100,A-bin/B-base,245,"(.25,.5]",0.375,0.375,0.875,0.5,0.4375,0.9375,0.5,0.625,0.9375,0.3125
100,B-bin/A-base,245,"(.25,.5]",0.375,0.375,0.875,0.5,0.5,0.9375,0.4375,0.5625,0.9375,0.375
100,A-bin/B-base,246,"(0,.25]",0.0625,0.0625,0.3125,0.25,0.0625,0.4375,0.375,0.125,0.3125,0.1875
100,B-bin/A-base,246,"(0,.25]",0.0625,0.0625,0.3125,0.25,0.125,0.4375,0.3125,0.125,0.3125,0.1875
100,A-bin/B-base,247,0,0.0,0.0,0.0625,0.0625,0.25,0.3125,0.0625,0.0625,0.125,0.0625
100,B-bin/A-base,247,0,0.0,0.0,0.0625,0.0625,0.25,0.3125,0.0625,0.125,0.125,0.0
100,A-bin/B-base,248,0,0.0,0.0,0.25,0.25,0.0625,0.5,0.4375,0.0625,0.25,0.1875
100,B-bin/A-base,248,0,0.0,0.0,0.25,0.25,0.1875,0.5,0.3125,0.0625,0.25,0.1875
100,A-bin/B-base,249,"(.5,.75]",0.625,0.75,0.875,0.125,0.75,0.875,0.125,0.875,1.0,0.125
100,B-bin/A-base,249,"(.5,.75]",0.75,0.625,0.875,0.25,0.625,0.875,0.25,0.875,1.0,0.125
100,A-bin/B-base,250,0,0.0,0.125,0.125,0.0,0.4375,0.625,0.1875,0.3125,0.1875,-0.125
100,B-bin/A-base,250,"(0,.25]",0.125,0.0,0.125,0.125,0.25,0.625,0.375,0.0625,0.1875,0.125
100,A-bin/B-base,251,"(0,.25]",0.1875,0.125,0.125,0.0,0.375,0.75,0.375,0.125,0.125,0.0
100,B-bin/A-base,251,"(0,.25]",0.125,0.1875,0.125,-0.0625,0.4375,0.75,0.3125,0.3125,0.125,-0.1875
100,A-bin/B-base,252,"(.5,.75]",0.5625,0.8125,0.875,0.0625,0.8125,1.0,0.1875,1.0,0.875,-0.125
100,B-bin/A-base,252,"(.75,1)",0.8125,0.5625,0.875,0.3125,0.5625,1.0,0.4375,0.8125,0.875,0.0625
100,A-bin/B-base,253,0,0.0,0.125,0.25,0.125,0.125,0.375,0.25,0.4375,0.4375,0.0
100,B-bin/A-base,253,"(0,.25]",0.125,0.0,0.25,0.25,0.0,0.375,0.375,0.125,0.4375,0.3125
100,A-bin/B-base,254,"(.25,.5]",0.3125,0.25,0.6875,0.4375,0.3125,0.9375,0.625,0.625,0.75,0.125
100,B-bin/A-base,254,"(0,.25]",0.25,0.3125,0.6875,0.375,0.3125,0.9375,0.625,0.5625,0.75,0.1875
100,A-bin/B-base,255,"(.5,.75]",0.625,0.6875,0.875,0.1875,0.75,1.0,0.25,0.8125,0.875,0.0625
100,B-bin/A-base,255,"(.5,.75]",0.6875,0.625,0.875,0.25,0.75,1.0,0.25,0.8125,0.875,0.0625
